
****** Vivado v2025.2 (64-bit)
  **** SW Build 6299465 on Fri Nov 14 12:34:56 MST 2025
  **** IP Build 6300035 on Fri Nov 14 10:48:45 MST 2025
  **** SharedData Build 6298862 on Thu Nov 13 04:50:51 MST 2025
  **** Start of session at: Fri Oct  9 12:00:11 2026
    ** Copyright 1986-2022 Xilinx, Inc. All Rights Reserved.
    ** Copyright 2022-2025 Advanced Micro Devices, Inc. All Rights Reserved.

source /home/researcher/projects/wally-game-console-research/experiments/transport-study-20261009/implement_incremental.tcl
# set current [lindex $argv 0]
# set reference [lindex $argv 1]
# set out [lindex $argv 2]
# set_param general.maxThreads 8
# file mkdir $out
# open_checkpoint $current
Command: open_checkpoint /home/researcher/projects/wally-game-console-research/build/transport-study-20261009/if17/source/fpga/generator/WallyFPGA.runs/impl_1/fpgaTop_opt.dcp

Starting open_checkpoint Task

Time (s): cpu = 00:00:00.02 ; elapsed = 00:00:00.02 . Memory (MB): peak = 1477.082 ; gain = 0.000 ; free physical = 26322 ; free virtual = 42821
INFO: [Device 21-403] Loading part xc7a200tsbg484-1
Netlist sorting complete. Time (s): cpu = 00:00:00.97 ; elapsed = 00:00:00.96 . Memory (MB): peak = 1999.773 ; gain = 0.000 ; free physical = 25839 ; free virtual = 42338
INFO: [Netlist 29-17] Analyzing 8224 Unisim elements for replacement
INFO: [Netlist 29-28] Unisim Transformation completed in 0 CPU seconds
INFO: [Project 1-479] Netlist was created with Vivado 2025.2
INFO: [Project 1-570] Preparing netlist for logic optimization
Read ShapeDB Complete: Time (s): cpu = 00:00:00.09 ; elapsed = 00:00:00.12 . Memory (MB): peak = 2165.836 ; gain = 0.000 ; free physical = 25682 ; free virtual = 42181
INFO: [Timing 38-478] Restoring timing data from binary archive.
INFO: [Timing 38-479] Binary timing data restore complete.
INFO: [Project 1-856] Restoring constraints from binary archive.
INFO: [Project 1-853] Binary constraint restore complete.
INFO: [Designutils 20-5722] Start Reading Physical Databases.
Reading placement.
Read Netlist Cache: Time (s): cpu = 00:00:00 ; elapsed = 00:00:00 . Memory (MB): peak = 2941.914 ; gain = 0.000 ; free physical = 24957 ; free virtual = 41456
Reading placer database...
Read Device Cache: Time (s): cpu = 00:00:00.01 ; elapsed = 00:00:00.01 . Memory (MB): peak = 2941.914 ; gain = 0.000 ; free physical = 24957 ; free virtual = 41456
Read PlaceDB: Time (s): cpu = 00:00:00 ; elapsed = 00:00:00 . Memory (MB): peak = 2941.914 ; gain = 0.000 ; free physical = 24957 ; free virtual = 41456
Read placeStorage: Time (s): cpu = 00:00:00 ; elapsed = 00:00:00.01 . Memory (MB): peak = 2941.914 ; gain = 0.000 ; free physical = 24957 ; free virtual = 41456
Read PulsedLatchDB: Time (s): cpu = 00:00:00 ; elapsed = 00:00:00 . Memory (MB): peak = 2941.914 ; gain = 0.000 ; free physical = 24957 ; free virtual = 41456
Reading routing.
Read RouteStorage: Time (s): cpu = 00:00:00.01 ; elapsed = 00:00:00 . Memory (MB): peak = 2941.914 ; gain = 0.000 ; free physical = 24957 ; free virtual = 41456
Read Physdb Files: Time (s): cpu = 00:00:00.02 ; elapsed = 00:00:00.02 . Memory (MB): peak = 2941.914 ; gain = 0.000 ; free physical = 24957 ; free virtual = 41456
Restored from archive | CPU: 0.040000 secs | Memory: 1.298676 MB |
Finished XDEF File Restore: Time (s): cpu = 00:00:00.04 ; elapsed = 00:00:00.04 . Memory (MB): peak = 2941.914 ; gain = 0.000 ; free physical = 24957 ; free virtual = 41456
Netlist sorting complete. Time (s): cpu = 00:00:00.02 ; elapsed = 00:00:00.01 . Memory (MB): peak = 2941.914 ; gain = 0.000 ; free physical = 24957 ; free virtual = 41456
INFO: [Project 1-111] Unisim Transformation Summary:
  A total of 425 instances were transformed.
  IOBUFDS_DIFF_OUT_INTERMDISABLE => IOBUFDS_DIFF_OUT_INTERMDISABLE (IBUFDS_INTERMDISABLE_INT(x2), INV, OBUFTDS(x2)): 2 instances
  IOBUF_INTERMDISABLE => IOBUF_INTERMDISABLE (IBUF_INTERMDISABLE, OBUFT): 16 instances
  LUT6_2 => LUT6_2 (LUT5, LUT6): 15 instances
  OBUFDS => OBUFDS_DUAL_BUF (INV, OBUFDS(x2)): 1 instance 
  RAM16X1D => RAM32X1D (RAMD32(x2)): 2 instances
  RAM32M => RAM32M (RAMD32(x6), RAMS32(x2)): 347 instances
  RAM32X1D => RAM32X1D (RAMD32(x2)): 37 instances
  RAM64M => RAM64M (RAMD64E(x4)): 2 instances
  RAM64X1D => RAM64X1D (RAMD64E(x2)): 2 instances
  SRLC32E => SRL16E: 1 instance 

INFO: [Project 1-604] Checkpoint was created with Vivado v2025.2 (64-bit) build 6299465
open_checkpoint: Time (s): cpu = 00:00:22 ; elapsed = 00:00:17 . Memory (MB): peak = 2941.949 ; gain = 1464.867 ; free physical = 24956 ; free virtual = 41455
# read_checkpoint -incremental $reference
Command: read_checkpoint -incremental /path/to/research/experiments/fifo-study-20261008/fresh-product/fpga/generator/WallyFPGA.runs/impl_1/fpgaTop_postroute_physopt.dcp
INFO: [Vivado 12-9151] Incremental flow is being run with directive 'RuntimeOptimized'. This will override place_design, post-place phys_opt_design and route_design directives.

Starting Incremental read checkpoint Task

Phase 1 Process Reference Checkpoint Netlist
INFO: [Netlist 29-17] Analyzing 8167 Unisim elements for replacement
INFO: [Netlist 29-28] Unisim Transformation completed in 0 CPU seconds

Time (s): cpu = 00:00:05 ; elapsed = 00:00:05 . Memory (MB): peak = 3159.258 ; gain = 217.309 ; free physical = 24760 ; free virtual = 41259

Phase 2 Initialization
Netlist sorting complete. Time (s): cpu = 00:00:00.02 ; elapsed = 00:00:00.02 . Memory (MB): peak = 3183.270 ; gain = 0.000 ; free physical = 24756 ; free virtual = 41255
Netlist sorting complete. Time (s): cpu = 00:00:00.01 ; elapsed = 00:00:00.01 . Memory (MB): peak = 3183.270 ; gain = 0.000 ; free physical = 24756 ; free virtual = 41255

Time (s): cpu = 00:00:08 ; elapsed = 00:00:07 . Memory (MB): peak = 3183.270 ; gain = 241.320 ; free physical = 24756 ; free virtual = 41255

Phase 3 Replay Physical Synthesis Transforms
INFO: [Physopt 32-721] Multithreading enabled for phys_opt_design using a maximum of 8 CPUs
INFO: [Physopt 32-665] Processed cell rasterixgen.rasterix/gpu/rixif/graphicCore/attributeInterpolator/interpolation/tex0MipmapComputeRecip/genblk1[0].newtonIteration/x1_reg. 31 registers were pushed out.
INFO: [Physopt 32-81] Processed net rasterixgen.rasterix/gpu/rixif/graphicCore/renderConfigsRegBank/registerMem_reg[12][13]_0[79]. Replicated 2 times.
INFO: [Physopt 32-81] Processed net wallypipelinedsoc/core/lsu/hptw.hptw/WalkerStateReg/IHAdrM[51]. Replicated 1 times.
INFO: [Physopt 32-81] Processed net rasterixgen.rasterix/memory/rasterixmem_i/interconnect/inst/s00_entry_pipeline/s00_mmu/inst/w_sreg/m_vector_i[0]. Replicated 2 times.
INFO: [Physopt 32-665] Processed cell rasterixgen.rasterix/gpu/rixif/graphicCore/attributeInterpolator/interpolation/tex0MipmapComputeRecip/genblk1[1].newtonIteration/x1_reg. 31 registers were pushed out.
INFO: [Physopt 32-1028] Processed net ddr3/u_ddr3_mig/temp_mon_enabled.u_tempmon/device_temp_lcl[11]. Inserted 1 hold fix buffers
INFO: [Physopt 32-1028] Processed net ddr3/u_ddr3_mig/temp_mon_enabled.u_tempmon/device_temp_lcl[3]. Inserted 1 hold fix buffers
INFO: [Physopt 32-1028] Processed net ddr3/u_ddr3_mig/temp_mon_enabled.u_tempmon/device_temp_lcl[4]. Inserted 1 hold fix buffers
INFO: [Physopt 32-1028] Processed net ddr3/u_ddr3_mig/temp_mon_enabled.u_tempmon/device_temp_lcl[2]. Inserted 1 hold fix buffers
INFO: [Physopt 32-1028] Processed net ddr3/u_ddr3_mig/temp_mon_enabled.u_tempmon/device_temp_lcl[5]. Inserted 1 hold fix buffers
INFO: [Physopt 32-1028] Processed net ddr3/u_ddr3_mig/temp_mon_enabled.u_tempmon/device_temp_lcl[7]. Inserted 1 hold fix buffers
INFO: [Physopt 32-1028] Processed net ddr3/u_ddr3_mig/temp_mon_enabled.u_tempmon/device_temp_lcl[9]. Inserted 1 hold fix buffers
INFO: [Physopt 32-1028] Processed net ddr3/u_ddr3_mig/temp_mon_enabled.u_tempmon/device_temp_lcl[10]. Inserted 1 hold fix buffers
INFO: [Physopt 32-1028] Processed net ddr3/u_ddr3_mig/temp_mon_enabled.u_tempmon/device_temp_lcl[8]. Inserted 1 hold fix buffers
INFO: [Physopt 32-1028] Processed net ddr3/u_ddr3_mig/temp_mon_enabled.u_tempmon/device_temp_lcl[1]. Inserted 1 hold fix buffers
INFO: [Physopt 32-1028] Processed net ddr3/u_ddr3_mig/temp_mon_enabled.u_tempmon/device_temp_lcl[0]. Inserted 1 hold fix buffers
INFO: [Physopt 32-1028] Processed net ddr3/u_ddr3_mig/temp_mon_enabled.u_tempmon/device_temp_lcl[6]. Inserted 1 hold fix buffers
INFO: [Physopt 32-1028] Processed net rasterixgen.rasterix/display/display/u_dvi/u_tmds_red/encoded_q_reg[8]_0[7]. Inserted 1 hold fix buffers
INFO: [Physopt 32-1028] Processed net rasterixgen.rasterix/display/display/u_dvi/u_tmds_red/encoded_q_reg[8]_0[1]. Inserted 1 hold fix buffers
INFO: [Physopt 32-1028] Processed net rasterixgen.rasterix/display/display/u_dvi/u_tmds_blue/encoded_q_reg[9]_0[0]. Inserted 1 hold fix buffers
INFO: [Physopt 32-1028] Processed net rasterixgen.rasterix/display/display/u_dvi/u_tmds_blue/encoded_q_reg[9]_0[5]. Inserted 1 hold fix buffers
INFO: [Physopt 32-1028] Processed net rasterixgen.rasterix/display/display/u_dvi/u_tmds_blue/encoded_q_reg[9]_0[6]. Inserted 1 hold fix buffers
INFO: [Physopt 32-1028] Processed net rasterixgen.rasterix/display/display/u_dvi/u_tmds_red/encoded_q_reg[8]_0[4]. Inserted 1 hold fix buffers
INFO: [Physopt 32-1028] Processed net rasterixgen.rasterix/display/display/u_dvi/u_tmds_red/encoded_q_reg[8]_0[6]. Inserted 1 hold fix buffers
INFO: [Physopt 32-1028] Processed net rasterixgen.rasterix/display/display/u_dvi/u_tmds_red/encoded_q_reg[8]_0[5]. Inserted 1 hold fix buffers
INFO: [Physopt 32-1028] Processed net rasterixgen.rasterix/display/display/u_dvi/u_tmds_red/encoded_q_reg[8]_0[0]. Inserted 1 hold fix buffers
INFO: [Physopt 32-1028] Processed net rasterixgen.rasterix/display/display/u_dvi/u_tmds_blue/encoded_q_reg[9]_0[4]. Inserted 1 hold fix buffers
INFO: [Physopt 32-1028] Processed net rasterixgen.rasterix/display/display/u_dvi/u_tmds_blue/encoded_q_reg[9]_0[2]. Inserted 1 hold fix buffers
INFO: [Physopt 32-1028] Processed net rasterixgen.rasterix/display/display/u_dvi/u_tmds_green/encoded_q_reg[9]_0[0]. Inserted 1 hold fix buffers
INFO: [Physopt 32-1028] Processed net rasterixgen.rasterix/display/display/u_dvi/u_tmds_red/encoded_q_reg[8]_0[8]. Inserted 1 hold fix buffers
INFO: [Physopt 32-1028] Processed net rasterixgen.rasterix/display/display/u_dvi/u_tmds_blue/encoded_q_reg[9]_0[1]. Inserted 1 hold fix buffers
INFO: [Physopt 32-1028] Processed net rasterixgen.rasterix/display/display/u_dvi/u_tmds_blue/encoded_q_reg[9]_0[3]. Inserted 1 hold fix buffers
INFO: [Physopt 32-1028] Processed net rasterixgen.rasterix/display/display/u_dvi/u_tmds_green/encoded_q_reg[9]_0[3]. Inserted 1 hold fix buffers
INFO: [Physopt 32-1028] Processed net rasterixgen.rasterix/display/display/u_dvi/u_tmds_green/encoded_q_reg[9]_0[4]. Inserted 1 hold fix buffers
INFO: [Physopt 32-1028] Processed net rasterixgen.rasterix/display/display/u_dvi/u_tmds_blue/encoded_q_reg[9]_0[7]. Inserted 1 hold fix buffers
INFO: [Physopt 32-1028] Processed net rasterixgen.rasterix/display/display/u_dvi/u_tmds_red/encoded_q_reg[8]_0[2]. Inserted 1 hold fix buffers
INFO: [Physopt 32-1028] Processed net rasterixgen.rasterix/display/display/u_dvi/u_tmds_green/encoded_q_reg[9]_0[5]. Inserted 1 hold fix buffers
INFO: [Physopt 32-1028] Processed net rasterixgen.rasterix/display/display/u_dvi/u_tmds_red/encoded_q_reg[8]_0[3]. Inserted 1 hold fix buffers
INFO: [Physopt 32-1028] Processed net rasterixgen.rasterix/display/display/u_dvi/u_tmds_blue/encoded_q_reg[9]_0[8]. Inserted 1 hold fix buffers
INFO: [Physopt 32-1028] Processed net rasterixgen.rasterix/display/display/u_dvi/u_tmds_green/encoded_q_reg[9]_0[7]. Inserted 1 hold fix buffers
INFO: [Physopt 32-1028] Processed net rasterixgen.rasterix/display/display/u_dvi/u_tmds_green/encoded_q_reg[9]_0[6]. Inserted 1 hold fix buffers
INFO: [Physopt 32-1028] Processed net rasterixgen.rasterix/display/display/u_dvi/u_tmds_blue/encoded_q_reg[9]_0[9]. Inserted 1 hold fix buffers
INFO: [Physopt 32-1028] Processed net rasterixgen.rasterix/display/display/u_dvi/u_tmds_green/encoded_q_reg[9]_0[1]. Inserted 1 hold fix buffers
INFO: [Physopt 32-1028] Processed net wallypipelinedsoc/core/ifu/bus.icache.ahbcacheinterface/fetchbufferbeat[2].fb/FetchBuffer[21]. Inserted 1 hold fix buffers
INFO: [Physopt 32-1028] Processed net wallypipelinedsoc/core/ifu/bus.icache.ahbcacheinterface/fetchbufferbeat[2].fb/FetchBuffer[49]. Inserted 1 hold fix buffers
INFO: [Physopt 32-1028] Processed net wallypipelinedsoc/core/ifu/bus.icache.ahbcacheinterface/fetchbufferbeat[3].fb/FetchBuffer[5]. Inserted 1 hold fix buffers
INFO: [Physopt 32-1028] Processed net wallypipelinedsoc/core/ifu/bus.icache.ahbcacheinterface/fetchbufferbeat[2].fb/FetchBuffer[11]. Inserted 1 hold fix buffers
INFO: [Physopt 32-1028] Processed net wallypipelinedsoc/core/ifu/bus.icache.ahbcacheinterface/fetchbufferbeat[2].fb/FetchBuffer[16]. Inserted 1 hold fix buffers
INFO: [Physopt 32-1028] Processed net wallypipelinedsoc/core/ifu/bus.icache.ahbcacheinterface/fetchbufferbeat[2].fb/FetchBuffer[48]. Inserted 1 hold fix buffers
INFO: [Physopt 32-1028] Processed net wallypipelinedsoc/core/ifu/bus.icache.ahbcacheinterface/fetchbufferbeat[3].fb/FetchBuffer[1]. Inserted 1 hold fix buffers
INFO: [Physopt 32-1028] Processed net wallypipelinedsoc/core/ifu/bus.icache.ahbcacheinterface/fetchbufferbeat[2].fb/FetchBuffer[63]. Inserted 1 hold fix buffers
INFO: [Physopt 32-1028] Processed net wallypipelinedsoc/core/ifu/bus.icache.ahbcacheinterface/fetchbufferbeat[2].fb/FetchBuffer[5]. Inserted 1 hold fix buffers
INFO: [Physopt 32-1028] Processed net rasterixgen.rasterix/display/display/u_dvi/toggle_q. Inserted 1 hold fix buffers
INFO: [Physopt 32-1028] Processed net wallypipelinedsoc/core/ifu/bus.icache.ahbcacheinterface/fetchbufferbeat[2].fb/FetchBuffer[3]. Inserted 1 hold fix buffers
INFO: [Physopt 32-1028] Processed net wallypipelinedsoc/core/ifu/bus.icache.ahbcacheinterface/fetchbufferbeat[2].fb/FetchBuffer[45]. Inserted 1 hold fix buffers
INFO: [Physopt 32-1028] Processed net wallypipelinedsoc/core/ifu/bus.icache.ahbcacheinterface/fetchbufferbeat[2].fb/FetchBuffer[51]. Inserted 1 hold fix buffers
INFO: [Physopt 32-1028] Processed net wallypipelinedsoc/core/ifu/bus.icache.ahbcacheinterface/fetchbufferbeat[2].fb/FetchBuffer[25]. Inserted 1 hold fix buffers
INFO: [Physopt 32-1028] Processed net wallypipelinedsoc/core/ifu/bus.icache.ahbcacheinterface/fetchbufferbeat[2].fb/FetchBuffer[29]. Inserted 1 hold fix buffers
INFO: [Physopt 32-1028] Processed net wallypipelinedsoc/core/ifu/bus.icache.ahbcacheinterface/fetchbufferbeat[2].fb/FetchBuffer[9]. Inserted 1 hold fix buffers
INFO: [Physopt 32-1028] Processed net wallypipelinedsoc/core/ifu/bus.icache.ahbcacheinterface/fetchbufferbeat[2].fb/FetchBuffer[57]. Inserted 1 hold fix buffers
INFO: [Vivado_Tcl 4-521] iPhys_opt_design summary: tried 60 changes and 60 changes are successfully applied

Time (s): cpu = 00:00:12 ; elapsed = 00:00:10 . Memory (MB): peak = 3218.254 ; gain = 276.305 ; free physical = 24751 ; free virtual = 41250

Phase 4 Build Reuse DB
INFO: [Physopt 32-721] Multithreading enabled for phys_opt_design using a maximum of 8 CPUs
Netlist sorting complete. Time (s): cpu = 00:00:00.25 ; elapsed = 00:00:00.24 . Memory (MB): peak = 3228.254 ; gain = 0.000 ; free physical = 24738 ; free virtual = 41237
INFO: [Designutils 20-5722] Start Reading Physical Databases.
Read Netlist Cache: Time (s): cpu = 00:00:00.11 ; elapsed = 00:00:00.12 . Memory (MB): peak = 3241.473 ; gain = 10.250 ; free physical = 24724 ; free virtual = 41224
Reading placer database...
Read Device Cache: Time (s): cpu = 00:00:00.01 ; elapsed = 00:00:00.01 . Memory (MB): peak = 3244.473 ; gain = 3.000 ; free physical = 24722 ; free virtual = 41221
Read PlaceDB: Time (s): cpu = 00:00:00 ; elapsed = 00:00:00 . Memory (MB): peak = 3244.473 ; gain = 0.000 ; free physical = 24722 ; free virtual = 41221
Read placeStorage: Time (s): cpu = 00:00:03 ; elapsed = 00:00:03 . Memory (MB): peak = 3308.473 ; gain = 64.000 ; free physical = 24608 ; free virtual = 41108
Read PulsedLatchDB: Time (s): cpu = 00:00:00 ; elapsed = 00:00:00 . Memory (MB): peak = 3309.473 ; gain = 0.000 ; free physical = 24608 ; free virtual = 41108
Read Physdb Files: Time (s): cpu = 00:00:03 ; elapsed = 00:00:03 . Memory (MB): peak = 3309.473 ; gain = 78.250 ; free physical = 24608 ; free virtual = 41108
Finished XDEF File Restore: Time (s): cpu = 00:00:11 ; elapsed = 00:00:11 . Memory (MB): peak = 3384.598 ; gain = 153.375 ; free physical = 24502 ; free virtual = 41018
INFO: [Designutils 20-2297] Reference Design: /path/to/research/experiments/fifo-study-20261008/fresh-product/fpga/generator/WallyFPGA.runs/impl_1/fpgaTop_postroute_physopt.dcp, Summary | WNS = 0.018 | WHS = 0.014 | State = POST_ROUTE |

Time (s): cpu = 00:00:55 ; elapsed = 00:00:51 . Memory (MB): peak = 3402.270 ; gain = 460.320 ; free physical = 24466 ; free virtual = 40995

Phase 5 Checking legality
INFO: [Designutils 20-5722] Start Reading Physical Databases.
Read Netlist Cache: Time (s): cpu = 00:00:00.08 ; elapsed = 00:00:00.09 . Memory (MB): peak = 3668.473 ; gain = 38.539 ; free physical = 24175 ; free virtual = 40728
Reading placer database...
Read Device Cache: Time (s): cpu = 00:00:00.01 ; elapsed = 00:00:00.01 . Memory (MB): peak = 3671.473 ; gain = 3.000 ; free physical = 24172 ; free virtual = 40725
Read RouteStorage: Time (s): cpu = 00:00:02 ; elapsed = 00:00:02 . Memory (MB): peak = 3744.371 ; gain = 72.898 ; free physical = 24099 ; free virtual = 40652
Read Physdb Files: Time (s): cpu = 00:00:02 ; elapsed = 00:00:03 . Memory (MB): peak = 3744.371 ; gain = 114.438 ; free physical = 24099 ; free virtual = 40652
Finished XDEF File Restore: Time (s): cpu = 00:00:03 ; elapsed = 00:00:03 . Memory (MB): peak = 3744.371 ; gain = 114.438 ; free physical = 24099 ; free virtual = 40652
Phase 5 Checking legality | Checksum: 1c52dcff5

Time (s): cpu = 00:01:47 ; elapsed = 00:01:21 . Memory (MB): peak = 3954.754 ; gain = 1012.805 ; free physical = 23877 ; free virtual = 40435

Phase 6 Reporting
Copyright 1986-2022 Xilinx, Inc. All Rights Reserved. Copyright 2022-2025 Advanced Micro Devices, Inc. All Rights Reserved.
---------------------------------------------------------------------------------------------------------------------------------------------
| Tool Version : Vivado v.2025.2 (lin64) Build 6299465 Fri Nov 14 12:34:56 MST 2025
| Date         : Fri Oct  9 12:01:55 2026
| Host         : RESEARCH-HOST running 64-bit Ubuntu 24.04.4 LTS
| Design       : fpgaTop
| Device       : xc7a200t
| Design State : Unknown
---------------------------------------------------------------------------------------------------------------------------------------------

Incremental Implementation Information

Table of Contents
-----------------
1. Incremental Flow Summary
2. Reuse Summary
3. Reference Checkpoint Information
4. Comparison with Reference Run
5. Optimization Comparison With Reference Run
5.1 iphys_opt_replay Optimizations
5.2 QoR Suggestion Optimizations
6. Command Comparison with Reference Run
6.1 Reference:
6.2 Incremental:
7. Non Reuse Information

1. Incremental Flow Summary
---------------------------

+-----------------------+------------------+
|    Flow Information   |       Value      |
+-----------------------+------------------+
| Synthesis Flow        |          Default |
| Auto Incremental      |               No |
| Incremental Directive | RuntimeOptimized |
| Target WNS            |              0.0 |
| QoR Suggestions       |                0 |
+-----------------------+------------------+


2. Reuse Summary
----------------

+-------+----------------------+----------------------------+--------------------+--------+
|  Type | Matched % (of Total) | Current Reuse % (of Total) | Fixed % (of Total) |  Total |
+-------+----------------------+----------------------------+--------------------+--------+
| Cells |                99.82 |                      99.81 |               0.14 | 141127 |
| Nets  |                99.20 |                      98.41 |               0.00 | 113372 |
| Pins  |                    - |                      97.41 |                  - | 628146 |
| Ports |               100.00 |                     100.00 |             100.00 |     82 |
+-------+----------------------+----------------------------+--------------------+--------+


3. Reference Checkpoint Information
-----------------------------------

+----------------+--------------------------------------------------------------------------------------------------------------------------------------+
| DCP Location:  | /path/to/research/experiments/fifo-study-20261008/fresh-product/fpga/generator/WallyFPGA.runs/impl_1/fpgaTop_postroute_physopt.dcp |
+----------------+--------------------------------------------------------------------------------------------------------------------------------------+


+--------------------------------+----------------------------+
|         DCP Information        |            Value           |
+--------------------------------+----------------------------+
| Vivado Version                 |                     2025.2 |
| DCP State                      |                 POST_ROUTE |
| Recorded WNS                   |                      0.018 |
| Recorded WHS                   |                      0.014 |
| Reference Speed File Version   | PRODUCTION 1.23 2018-06-13 |
| Incremental Speed File Version | PRODUCTION 1.23 2018-06-13 |
+--------------------------------+----------------------------+
* Recorded WNS/WHS timing numbers are estimated timing numbers. They may vary slightly from sign-off timing numbers.


4. Comparison with Reference Run
--------------------------------

+-----------------+---------------------------+---------------------------+---------------------------+
|                 |          WNS(ns)          |  Runtime(elapsed)(hh:mm)  |    Runtime(cpu)(hh:mm)    |
+-----------------+-------------+-------------+-------------+-------------+-------------+-------------+
|      Stage      |  Reference  | Incremental |  Reference  | Incremental |  Reference  | Incremental |
+-----------------+-------------+-------------+-------------+-------------+-------------+-------------+
| synth_design    |             |             |       00:05 |       00:04 |       00:07 |       00:06 |
| opt_design      |             |             |       00:02 |       00:01 |       00:02 |       00:02 |
| read_checkpoint |             |             |             |             |             |             |
| place_design    |      -0.456 |             |       00:07 |             |       00:15 |             |
| phys_opt_design |       0.067 |             |     < 1 min |             |       00:03 |             |
| route_design    |       0.018 |             |       00:27 |             |       00:57 |             |
| phys_opt_design |       0.018 |             |     < 1 min |             |     < 1 min |             |
+-----------------+-------------+-------------+-------------+-------------+-------------+-------------+


5. Optimization Comparison With Reference Run
---------------------------------------------

5.1 iphys_opt_replay Optimizations
----------------------------------

+-------------------------+--------+------------+
| iphys_opt_design replay | Reused | Not Reused |
+-------------------------+--------+------------+
| hold_fix                |     55 |          0 |
| fanout_opt              |      3 |          0 |
| dsp_register_opt        |      2 |          0 |
+-------------------------+--------+------------+


5.2 QoR Suggestion Optimizations
--------------------------------

+-------------------------------------+-------+
|           QoR Suggestions           | Value |
+-------------------------------------+-------+
| QoR Suggestions (Recommended)       |     0 |
|   Suggestions Included In Reference |     0 |
|     Yet to apply                    |     0 |
|     Applied                         |     0 |
|     Failed to apply                 |     0 |
|   New Suggestions (INCR_FRIENDLY=1) |     0 |
|     Yet to apply                    |     0 |
|     Applied                         |     0 |
|     Failed to apply                 |     0 |
| QoR Suggestions (Not Recommended)   |     0 |
|   New Suggestions (INCR_FRIENDLY=0) |     0 |
|     Yet to apply                    |     0 |
|     Applied                         |     0 |
|     Failed to apply                 |     0 |
| Disabled New Suggestions            |     0 |
+-------------------------------------+-------+


6. Command Comparison with Reference Run
----------------------------------------

6.1 Reference:
--------------
synth_design-global_retiming on -define default::[not_specified] -verilog_define default::[not_specified] -vhdl_define default::[not_specified] -top  fpgaTop -part  xc7a200tsbg484-1 
opt_design
place_design -directive WLDrivenBlockPlacement
phys_opt_design -directive AggressiveExplore
route_design -directive Explore
phys_opt_design -directive AggressiveExplore

6.2 Incremental:
----------------
synth_design-global_retiming on -define default::[not_specified] -verilog_define default::[not_specified] -vhdl_define default::[not_specified] -top  fpgaTop -part  xc7a200tsbg484-1 
opt_design
read_checkpoint -directive RuntimeOptimized  -incremental /path/to/research/experiments/fifo-study-20261008/fresh-product/fpga/generator/WallyFPGA.runs/impl_1/fpgaTop_postroute_physopt.dcp

7. Non Reuse Information
------------------------

+------------------------------------------------------+------+
|                         Type                         |   %  |
+------------------------------------------------------+------+
| Non-Reused Cells                                     | 0.18 |
|   New                                                | 0.14 |
|   Discarded illegal placement due to netlist changes | 0.03 |
| Partially reused nets                                | 0.23 |
| Non-Reused nets                                      | 1.35 |
| Non-Reused Ports                                     | 0.00 |
+------------------------------------------------------+------+



Time (s): cpu = 00:01:50 ; elapsed = 00:01:25 . Memory (MB): peak = 3954.754 ; gain = 1012.805 ; free physical = 23896 ; free virtual = 40448

Time (s): cpu = 00:01:52 ; elapsed = 00:01:27 . Memory (MB): peak = 3954.754 ; gain = 1012.805 ; free physical = 23903 ; free virtual = 40455
read_checkpoint: Time (s): cpu = 00:01:52 ; elapsed = 00:01:27 . Memory (MB): peak = 3954.754 ; gain = 1012.805 ; free physical = 23903 ; free virtual = 40455
# report_incremental_reuse -file $out/reuse_before.rpt
# place_design
Command: place_design
Attempting to get a license for feature 'Implementation' and/or device 'xc7a200t'
INFO: [Common 17-349] Got license for feature 'Implementation' and/or device 'xc7a200t'
INFO: [Common 17-83] Releasing license: Implementation

Starting Incremental Placer Task
INFO: [Vivado_Tcl 4-24] Running Incremental Placer flow for unplaced cells using reference design-checkpoint '/path/to/research/experiments/fifo-study-20261008/fresh-product/fpga/generator/WallyFPGA.runs/impl_1/fpgaTop_postroute_physopt.dcp'.
INFO: [Place 46-44] place_design is using directive Default with target WNS of 0 ns.

Phase 1 Placer Initialization

Phase 1.1 Placer Initialization Netlist Sorting
Netlist sorting complete. Time (s): cpu = 00:00:00.02 ; elapsed = 00:00:00.02 . Memory (MB): peak = 3954.754 ; gain = 0.000 ; free physical = 23905 ; free virtual = 40458
Phase 1.1 Placer Initialization Netlist Sorting | Checksum: 1c52dcff5

Time (s): cpu = 00:00:00.83 ; elapsed = 00:00:00.5 . Memory (MB): peak = 3954.754 ; gain = 0.000 ; free physical = 23906 ; free virtual = 40459

Phase 1.2 IO Placement/ Clock Placement/ Build Placer Device
Phase 1.2 IO Placement/ Clock Placement/ Build Placer Device | Checksum: 1c52dcff5

Time (s): cpu = 00:00:10 ; elapsed = 00:00:07 . Memory (MB): peak = 4065.145 ; gain = 110.391 ; free physical = 23826 ; free virtual = 40379

Phase 1.3 Build Placer Netlist Model
Phase 1.3 Build Placer Netlist Model | Checksum: 2cbfca037

Time (s): cpu = 00:01:31 ; elapsed = 00:00:37 . Memory (MB): peak = 4222.473 ; gain = 267.719 ; free physical = 23553 ; free virtual = 40168

Phase 1.4 Constrain Clocks/Macros
Phase 1.4 Constrain Clocks/Macros | Checksum: 2cbfca037

Time (s): cpu = 00:01:32 ; elapsed = 00:00:38 . Memory (MB): peak = 4222.473 ; gain = 267.719 ; free physical = 23553 ; free virtual = 40168
Phase 1 Placer Initialization | Checksum: 2cbfca037

Time (s): cpu = 00:01:33 ; elapsed = 00:00:39 . Memory (MB): peak = 4222.473 ; gain = 267.719 ; free physical = 23553 ; free virtual = 40168

Phase 2 Global Placement

Phase 2.1 Floorplanning
Phase 2.1 Floorplanning | Checksum: 25a5c44d2

Time (s): cpu = 00:02:06 ; elapsed = 00:00:47 . Memory (MB): peak = 4364.215 ; gain = 409.461 ; free physical = 23391 ; free virtual = 40006

Phase 2.2 Update Timing before SLR Path Opt
Phase 2.2 Update Timing before SLR Path Opt | Checksum: 27ffe9e9f

Time (s): cpu = 00:02:32 ; elapsed = 00:00:52 . Memory (MB): peak = 4364.215 ; gain = 409.461 ; free physical = 23496 ; free virtual = 40049

Phase 2.3 Post-Processing in Floorplanning
Phase 2.3 Post-Processing in Floorplanning | Checksum: 27ffe9e9f

Time (s): cpu = 00:02:34 ; elapsed = 00:00:53 . Memory (MB): peak = 4364.215 ; gain = 409.461 ; free physical = 23496 ; free virtual = 40049

Phase 2.4 Global Place Phase1
Phase 2.4 Global Place Phase1 | Checksum: 1f8cde219

Time (s): cpu = 00:04:35 ; elapsed = 00:01:39 . Memory (MB): peak = 4648.996 ; gain = 694.242 ; free physical = 23215 ; free virtual = 39768

Phase 2.5 Global Place Phase2
Phase 2.5 Global Place Phase2 | Checksum: 20f1ca467

Time (s): cpu = 00:04:49 ; elapsed = 00:01:43 . Memory (MB): peak = 4648.996 ; gain = 694.242 ; free physical = 23233 ; free virtual = 39786
Phase 2 Global Placement | Checksum: 20f1ca467

Time (s): cpu = 00:04:49 ; elapsed = 00:01:43 . Memory (MB): peak = 4648.996 ; gain = 694.242 ; free physical = 23233 ; free virtual = 39786

Phase 3 Detail Placement

Phase 3.1 Commit Multi Column Macros
Phase 3.1 Commit Multi Column Macros | Checksum: 25d21586d

Time (s): cpu = 00:04:56 ; elapsed = 00:01:49 . Memory (MB): peak = 4648.996 ; gain = 694.242 ; free physical = 23232 ; free virtual = 39785

Phase 3.2 Commit Most Macros & LUTRAMs
Phase 3.2 Commit Most Macros & LUTRAMs | Checksum: 2374d9d2c

Time (s): cpu = 00:05:09 ; elapsed = 00:01:55 . Memory (MB): peak = 4648.996 ; gain = 694.242 ; free physical = 23233 ; free virtual = 39786

Phase 3.3 Place Remaining
Phase 3.3 Place Remaining | Checksum: 24b7468ef

Time (s): cpu = 00:05:10 ; elapsed = 00:01:56 . Memory (MB): peak = 4648.996 ; gain = 694.242 ; free physical = 23233 ; free virtual = 39786
Phase 3 Detail Placement | Checksum: 307145640

Time (s): cpu = 00:05:38 ; elapsed = 00:02:02 . Memory (MB): peak = 4648.996 ; gain = 694.242 ; free physical = 23079 ; free virtual = 39784

Phase 4 Post Placement Optimization and Clean-Up

Phase 4.1 Post Commit Optimization

Phase 4.1.1 Post Placement Optimization
Post Placement Optimization Initialization | Checksum: 356043a4b

Phase 4.1.1.1 BUFG Insertion

Starting Physical Synthesis Task

Phase 1 Physical Synthesis Initialization
INFO: [Physopt 32-721] Multithreading enabled for phys_opt_design using a maximum of 8 CPUs
INFO: [Physopt 32-619] Estimated Timing Summary | WNS=-2.240 | TNS=-58.949 |
Phase 1 Physical Synthesis Initialization | Checksum: 234e6d434

Time (s): cpu = 00:00:04 ; elapsed = 00:00:00.99 . Memory (MB): peak = 4648.996 ; gain = 0.000 ; free physical = 23069 ; free virtual = 39787
INFO: [Place 46-33] Processed net wallypipelinedsoc/resetsync/reset, BUFG insertion was skipped due to placement/routing conflicts.
INFO: [Place 46-33] Processed net rasterixgen.rasterix/gpu/rixif/graphicCore/pixelPipeline/tmu0/samplerBroadcast/s_axis_tready_reg_reg_0, BUFG insertion was skipped due to placement/routing conflicts.
INFO: [Place 46-33] Processed net rasterixgen.rasterix/gpu/rixif/graphicCore/streamConcatFifo/stream0_fifo/w_wr0, BUFG insertion was skipped due to placement/routing conflicts.
INFO: [Place 46-56] BUFG insertion identified 3 candidate nets. Inserted BUFG: 0, Replicated BUFG Driver: 0, Skipped due to Placement/Routing Conflicts: 3, Skipped due to Timing Degradation: 0, Skipped due to netlist editing failed: 0.
Ending Physical Synthesis Task | Checksum: 2f406f023

Time (s): cpu = 00:00:07 ; elapsed = 00:00:02 . Memory (MB): peak = 4648.996 ; gain = 0.000 ; free physical = 23187 ; free virtual = 39793
Phase 4.1.1.1 BUFG Insertion | Checksum: 356043a4b

Time (s): cpu = 00:06:08 ; elapsed = 00:02:09 . Memory (MB): peak = 4648.996 ; gain = 694.242 ; free physical = 23187 ; free virtual = 39793

Phase 4.1.1.2 Post Placement Timing Optimization
INFO: [Place 30-746] Post Placement Timing Summary WNS=-1.444. For the most accurate timing information please run report_timing.
Phase 4.1.1.2 Post Placement Timing Optimization | Checksum: 2fab7fee7

Time (s): cpu = 00:06:57 ; elapsed = 00:02:29 . Memory (MB): peak = 4648.996 ; gain = 694.242 ; free physical = 23188 ; free virtual = 39795

Time (s): cpu = 00:06:58 ; elapsed = 00:02:29 . Memory (MB): peak = 4648.996 ; gain = 694.242 ; free physical = 23188 ; free virtual = 39795
Phase 4.1 Post Commit Optimization | Checksum: 2fab7fee7

Time (s): cpu = 00:06:58 ; elapsed = 00:02:29 . Memory (MB): peak = 4648.996 ; gain = 694.242 ; free physical = 23188 ; free virtual = 39795

Phase 4.2 Sweep Clock Roots: Post-Placement
Phase 4.2 Sweep Clock Roots: Post-Placement | Checksum: 2fab7fee7

Time (s): cpu = 00:06:58 ; elapsed = 00:02:29 . Memory (MB): peak = 4648.996 ; gain = 694.242 ; free physical = 23188 ; free virtual = 39795

Phase 4.3 Placer Reporting

Phase 4.3.1 Print Estimated Congestion
INFO: [Place 30-612] Post-Placement Estimated Congestion 
 ____________________________________________________
|           | Global Congestion | Short Congestion  |
| Direction | Region Size       | Region Size       |
|___________|___________________|___________________|
|      North|              64x64|              64x64|
|___________|___________________|___________________|
|      South|              64x64|              64x64|
|___________|___________________|___________________|
|       East|              64x64|              64x64|
|___________|___________________|___________________|
|       West|              64x64|              64x64|
|___________|___________________|___________________|

Phase 4.3.1 Print Estimated Congestion | Checksum: 38bbc2a45

Time (s): cpu = 00:07:33 ; elapsed = 00:02:38 . Memory (MB): peak = 4700.016 ; gain = 745.262 ; free physical = 23127 ; free virtual = 39734
Phase 4.3 Placer Reporting | Checksum: 38bbc2a45

Time (s): cpu = 00:07:34 ; elapsed = 00:02:38 . Memory (MB): peak = 4700.016 ; gain = 745.262 ; free physical = 23127 ; free virtual = 39734

Phase 4.4 Post Placement Cleanup
Phase 4.4 Post Placement Cleanup | Checksum: 38bbc2a45

Time (s): cpu = 00:07:34 ; elapsed = 00:02:39 . Memory (MB): peak = 4700.016 ; gain = 745.262 ; free physical = 23127 ; free virtual = 39734

Phase 4.5 Final Placement Cleanup
Netlist sorting complete. Time (s): cpu = 00:00:00.02 ; elapsed = 00:00:00.02 . Memory (MB): peak = 4700.016 ; gain = 0.000 ; free physical = 23127 ; free virtual = 39734

Time (s): cpu = 00:07:35 ; elapsed = 00:02:39 . Memory (MB): peak = 4700.016 ; gain = 745.262 ; free physical = 23127 ; free virtual = 39734
Phase 4 Post Placement Optimization and Clean-Up | Checksum: 3124dc68f

Time (s): cpu = 00:07:35 ; elapsed = 00:02:39 . Memory (MB): peak = 4700.016 ; gain = 745.262 ; free physical = 23127 ; free virtual = 39734
INFO: [Place 46-3] During incremental compilation, routing data from the original checkpoint is applied during place_design. As a result, dangling route segments and route conflicts may appear in the post place_design implementation due to changes between the original and incremental netlists. These routes can be ignored as they will be subsequently resolved by route_design. This issue will be cleaned up automatically in place_design in a future software release.

+-------------------------------------------------------------------------------+
|Incremental Placement Summary                                                  |
+-------------------------------------------------------------------------------+
|                          Type                           | Count  | Percentage |
+-------------------------------------------------------------------------------+
|  Total instances                                        | 141127 |     100.00 |
|  Reused instances                                       | 140231 |      99.36 |
|  Non-reused instances                                   |    896 |       0.63 |
|    New                                                  |    200 |       0.14 |
|    Discarded illegal placement due to netlist changes   |    100 |       0.07 |
|    Discarded to improve timing                          |    596 |       0.42 |
+-------------------------------------------------------------------------------+
|Incremental Placement Runtime Summary                                          |
+-------------------------------------------------------------------------------+
|  Initialization time(elapsed secs)                                   |  38.65 |
|  Incremental Placer time(elapsed secs)                               | 120.31 |
+-------------------------------------------------------------------------------+

Reference - Incremental Comparison Summary

1. Comparison with Reference Run
--------------------------------

+-----------------+---------------------------+---------------------------+---------------------------+
|                 |          WNS(ns)          |  Runtime(elapsed)(hh:mm)  |    Runtime(cpu)(hh:mm)    |
+-----------------+-------------+-------------+-------------+-------------+-------------+-------------+
|      Stage      |  Reference  | Incremental |  Reference  | Incremental |  Reference  | Incremental |
+-----------------+-------------+-------------+-------------+-------------+-------------+-------------+
| synth_design    |             |             |       00:05 |       00:04 |       00:07 |       00:06 |
| opt_design      |             |             |       00:02 |       00:01 |       00:02 |       00:02 |
| read_checkpoint |             |             |             |       00:01 |             |       00:01 |
| place_design    |      -0.456 |      -1.444 |       00:07 |       00:02 |       00:15 |       00:07 |
| phys_opt_design |       0.067 |             |     < 1 min |             |       00:03 |             |
| route_design    |       0.018 |             |       00:27 |             |       00:57 |             |
| phys_opt_design |       0.018 |             |     < 1 min |             |     < 1 min |             |
+-----------------+-------------+-------------+-------------+-------------+-------------+-------------+


Ending Incremental Placer Task | Checksum: 2246a269d

Time (s): cpu = 00:07:36 ; elapsed = 00:02:40 . Memory (MB): peak = 4700.016 ; gain = 745.262 ; free physical = 23127 ; free virtual = 39734
13 Infos, 0 Warnings, 0 Critical Warnings and 0 Errors encountered.
place_design completed successfully
place_design: Time (s): cpu = 00:07:37 ; elapsed = 00:02:41 . Memory (MB): peak = 4700.016 ; gain = 745.262 ; free physical = 23126 ; free virtual = 39734
# phys_opt_design -directive AggressiveExplore
Command: phys_opt_design -directive AggressiveExplore
Attempting to get a license for feature 'Implementation' and/or device 'xc7a200t'
INFO: [Common 17-349] Got license for feature 'Implementation' and/or device 'xc7a200t'

Starting Initial Update Timing Task

Time (s): cpu = 00:00:07 ; elapsed = 00:00:02 . Memory (MB): peak = 4700.016 ; gain = 0.000 ; free physical = 23125 ; free virtual = 39733
INFO: [Vivado_Tcl 4-1435] PhysOpt_Tcl_Interface Runtime Before Starting Physical Synthesis Task | CPU: 7.07s |  WALL: 1.95s
Netlist sorting complete. Time (s): cpu = 00:00:00.01 ; elapsed = 00:00:00.01 . Memory (MB): peak = 4700.016 ; gain = 0.000 ; free physical = 23125 ; free virtual = 39733

Starting Physical Synthesis Task

Phase 1 Physical Synthesis Initialization
INFO: [Physopt 32-673] Physical synthesis flow is being used in incremental compile flow
INFO: [Physopt 32-721] Multithreading enabled for phys_opt_design using a maximum of 8 CPUs
INFO: [Physopt 32-619] Estimated Timing Summary | WNS=-1.444 | TNS=-30.160 |
Phase 1 Physical Synthesis Initialization | Checksum: 140e8d4aa

Time (s): cpu = 00:00:12 ; elapsed = 00:00:08 . Memory (MB): peak = 4700.016 ; gain = 0.000 ; free physical = 23125 ; free virtual = 39733
INFO: [Physopt 32-673] Physical synthesis flow is being used in incremental compile flow
INFO: [Physopt 32-619] Estimated Timing Summary | WNS=-1.444 | TNS=-30.160 |

Phase 2 DSP Register Optimization
INFO: [Physopt 32-456] No candidate cells for DSP register optimization found in the design.
INFO: [Physopt 32-775] End 2 Pass. Optimized 0 net or cell. Created 0 new cell, deleted 0 existing cell and moved 0 existing cell
Phase 2 DSP Register Optimization | Checksum: 140e8d4aa

Time (s): cpu = 00:00:14 ; elapsed = 00:00:08 . Memory (MB): peak = 4700.016 ; gain = 0.000 ; free physical = 23125 ; free virtual = 39733

Phase 3 Critical Path Optimization
INFO: [Physopt 32-619] Estimated Timing Summary | WNS=-1.444 | TNS=-30.160 |
INFO: [Physopt 32-702] Processed net rasterixgen.rasterix/gpu/rixif/graphicCore/pixelPipeline/tmu0/texFilter/interpolatorS1/colorMixer/V11_reg[15]_bret__21_n_0. Optimizations did not improve timing on the net.
INFO: [Physopt 32-702] Processed net ddr3/u_ddr3_mig/u_ddr3_infrastructure/clk_pll_i. Optimizations did not improve timing on the net.
INFO: [Physopt 32-710] Processed net rasterixgen.rasterix/gpu/rixif/graphicCore/pixelPipeline/tmu0/textureReadConcat/stream1_fifo/mem_reg_0_87. Critical path length was reduced through logic transformation on cell rasterixgen.rasterix/gpu/rixif/graphicCore/pixelPipeline/tmu0/textureReadConcat/stream1_fifo/V11[15]_bret__21_i_1_comp.
INFO: [Physopt 32-735] Processed net rasterixgen.rasterix/gpu/rixif/graphicCore/pixelPipeline/tmu0/textureReadConcat/stream1_fifo/mem_reg_0_88. Optimization improves timing on the net.
INFO: [Physopt 32-619] Estimated Timing Summary | WNS=-1.180 | TNS=-32.749 |
INFO: [Physopt 32-663] Processed net rasterixgen.rasterix/gpu/rixif/graphicCore/pixelPipeline/tmu0/texFilter/interpolatorS1/colorMixer/V11_reg[15]_bret__15_n_0.  Re-placed instance rasterixgen.rasterix/gpu/rixif/graphicCore/pixelPipeline/tmu0/texFilter/interpolatorS1/colorMixer/V11_reg[15]_bret__15
INFO: [Physopt 32-735] Processed net rasterixgen.rasterix/gpu/rixif/graphicCore/pixelPipeline/tmu0/texFilter/interpolatorS1/colorMixer/V11_reg[15]_bret__15_n_0. Optimization improves timing on the net.
INFO: [Physopt 32-619] Estimated Timing Summary | WNS=-1.155 | TNS=-32.656 |
INFO: [Physopt 32-663] Processed net rasterixgen.rasterix/gpu/rixif/graphicCore/pixelPipeline/tmu0/texFilter/interpolatorS1/colorMixer/V12_reg[15]_bret__61_n_0.  Re-placed instance rasterixgen.rasterix/gpu/rixif/graphicCore/pixelPipeline/tmu0/texFilter/interpolatorS1/colorMixer/V12_reg[15]_bret__61
INFO: [Physopt 32-735] Processed net rasterixgen.rasterix/gpu/rixif/graphicCore/pixelPipeline/tmu0/texFilter/interpolatorS1/colorMixer/V12_reg[15]_bret__61_n_0. Optimization improves timing on the net.
INFO: [Physopt 32-619] Estimated Timing Summary | WNS=-1.107 | TNS=-32.563 |
INFO: [Physopt 32-663] Processed net rasterixgen.rasterix/gpu/rixif/graphicCore/pixelPipeline/tmu0/texFilter/interpolatorS1/colorMixer/V12_reg[15]_bret__15_n_0.  Re-placed instance rasterixgen.rasterix/gpu/rixif/graphicCore/pixelPipeline/tmu0/texFilter/interpolatorS1/colorMixer/V12_reg[15]_bret__15
INFO: [Physopt 32-735] Processed net rasterixgen.rasterix/gpu/rixif/graphicCore/pixelPipeline/tmu0/texFilter/interpolatorS1/colorMixer/V12_reg[15]_bret__15_n_0. Optimization improves timing on the net.
INFO: [Physopt 32-619] Estimated Timing Summary | WNS=-1.087 | TNS=-32.435 |
INFO: [Physopt 32-702] Processed net rasterixgen.rasterix/gpu/rixif/graphicCore/pixelPipeline/tmu0/texFilter/interpolatorS1/colorMixer/V11_reg[15]_bret__15_n_0. Optimizations did not improve timing on the net.
INFO: [Physopt 32-710] Processed net rasterixgen.rasterix/gpu/rixif/graphicCore/pixelPipeline/tmu0/textureReadConcat/stream1_fifo/REGISTERED_READ.bypass_data_reg[31]_43. Critical path length was reduced through logic transformation on cell rasterixgen.rasterix/gpu/rixif/graphicCore/pixelPipeline/tmu0/textureReadConcat/stream1_fifo/V11[15]_bret__15_i_1__0_comp.
INFO: [Physopt 32-735] Processed net rasterixgen.rasterix/gpu/rixif/graphicCore/pixelPipeline/tmu0/textureReadConcat/stream1_fifo/REGISTERED_READ.bypass_data_reg[31]_44. Optimization improves timing on the net.
INFO: [Physopt 32-619] Estimated Timing Summary | WNS=-1.074 | TNS=-31.176 |
INFO: [Physopt 32-663] Processed net rasterixgen.rasterix/gpu/rixif/graphicCore/pixelPipeline/tmu0/texFilter/interpolatorS1/colorMixer/V02_reg[15]_bret__20_n_0.  Re-placed instance rasterixgen.rasterix/gpu/rixif/graphicCore/pixelPipeline/tmu0/texFilter/interpolatorS1/colorMixer/V02_reg[15]_bret__20
INFO: [Physopt 32-735] Processed net rasterixgen.rasterix/gpu/rixif/graphicCore/pixelPipeline/tmu0/texFilter/interpolatorS1/colorMixer/V02_reg[15]_bret__20_n_0. Optimization improves timing on the net.
INFO: [Physopt 32-619] Estimated Timing Summary | WNS=-1.062 | TNS=-30.926 |
INFO: [Physopt 32-702] Processed net rasterixgen.rasterix/gpu/rixif/graphicCore/pixelPipeline/tmu0/texFilter/interpolatorS1/colorMixer/V12_reg[15]_bret__61_n_0. Optimizations did not improve timing on the net.
INFO: [Physopt 32-710] Processed net rasterixgen.rasterix/gpu/rixif/graphicCore/pixelPipeline/tmu0/textureReadConcat/stream1_fifo/mem_reg_0_99. Critical path length was reduced through logic transformation on cell rasterixgen.rasterix/gpu/rixif/graphicCore/pixelPipeline/tmu0/textureReadConcat/stream1_fifo/V12[15]_bret__20_i_1__0_comp.
INFO: [Physopt 32-735] Processed net rasterixgen.rasterix/gpu/rixif/graphicCore/pixelPipeline/tmu0/textureReadConcat/stream1_fifo/mem_reg_0_100. Optimization improves timing on the net.
INFO: [Physopt 32-619] Estimated Timing Summary | WNS=-1.000 | TNS=-29.258 |
INFO: [Physopt 32-663] Processed net rasterixgen.rasterix/gpu/rixif/graphicCore/pixelPipeline/tmu0/texFilter/interpolatorS1/colorMixer/V11_reg[15]_bret__62_n_0.  Re-placed instance rasterixgen.rasterix/gpu/rixif/graphicCore/pixelPipeline/tmu0/texFilter/interpolatorS1/colorMixer/V11_reg[15]_bret__62
INFO: [Physopt 32-735] Processed net rasterixgen.rasterix/gpu/rixif/graphicCore/pixelPipeline/tmu0/texFilter/interpolatorS1/colorMixer/V11_reg[15]_bret__62_n_0. Optimization improves timing on the net.
INFO: [Physopt 32-619] Estimated Timing Summary | WNS=-0.996 | TNS=-29.196 |
INFO: [Physopt 32-663] Processed net rasterixgen.rasterix/gpu/rixif/graphicCore/pixelPipeline/tmu0/texFilter/interpolatorS0/colorMixer/V02_reg[15]_bret__20_n_0.  Re-placed instance rasterixgen.rasterix/gpu/rixif/graphicCore/pixelPipeline/tmu0/texFilter/interpolatorS0/colorMixer/V02_reg[15]_bret__20
INFO: [Physopt 32-735] Processed net rasterixgen.rasterix/gpu/rixif/graphicCore/pixelPipeline/tmu0/texFilter/interpolatorS0/colorMixer/V02_reg[15]_bret__20_n_0. Optimization improves timing on the net.
INFO: [Physopt 32-619] Estimated Timing Summary | WNS=-0.992 | TNS=-29.137 |
INFO: [Physopt 32-663] Processed net rasterixgen.rasterix/gpu/rixif/graphicCore/pixelPipeline/tmu0/texFilter/interpolatorS0/colorMixer/V02_reg[15]_bret__61_n_0.  Re-placed instance rasterixgen.rasterix/gpu/rixif/graphicCore/pixelPipeline/tmu0/texFilter/interpolatorS0/colorMixer/V02_reg[15]_bret__61
INFO: [Physopt 32-735] Processed net rasterixgen.rasterix/gpu/rixif/graphicCore/pixelPipeline/tmu0/texFilter/interpolatorS0/colorMixer/V02_reg[15]_bret__61_n_0. Optimization improves timing on the net.
INFO: [Physopt 32-619] Estimated Timing Summary | WNS=-0.955 | TNS=-29.086 |
INFO: [Physopt 32-702] Processed net rasterixgen.rasterix/gpu/rixif/graphicCore/pixelPipeline/tmu0/texFilter/interpolatorS1/colorMixer/V02_reg[15]_bret__61_n_0. Optimizations did not improve timing on the net.
INFO: [Physopt 32-710] Processed net rasterixgen.rasterix/gpu/rixif/graphicCore/pixelPipeline/tmu0/textureReadConcat/stream1_fifo/mem_reg_0_94. Critical path length was reduced through logic transformation on cell rasterixgen.rasterix/gpu/rixif/graphicCore/pixelPipeline/tmu0/textureReadConcat/stream1_fifo/V02[15]_bret__20_i_1__0_comp.
INFO: [Physopt 32-735] Processed net rasterixgen.rasterix/gpu/rixif/graphicCore/pixelPipeline/tmu0/textureReadConcat/stream1_fifo/mem_reg_0_95. Optimization improves timing on the net.
INFO: [Physopt 32-619] Estimated Timing Summary | WNS=-0.945 | TNS=-27.579 |
INFO: [Physopt 32-702] Processed net rasterixgen.rasterix/gpu/rixif/graphicCore/pixelPipeline/tmu0/texFilter/interpolatorS0/colorMixer/V02_reg[15]_bret__20_n_0. Optimizations did not improve timing on the net.
INFO: [Physopt 32-710] Processed net rasterixgen.rasterix/gpu/rixif/graphicCore/pixelPipeline/tmu0/textureReadConcat/stream1_fifo/mem_reg_0_38. Critical path length was reduced through logic transformation on cell rasterixgen.rasterix/gpu/rixif/graphicCore/pixelPipeline/tmu0/textureReadConcat/stream1_fifo/V02[15]_bret__20_i_1_comp.
INFO: [Physopt 32-735] Processed net rasterixgen.rasterix/gpu/rixif/graphicCore/pixelPipeline/tmu0/textureReadConcat/stream1_fifo/mem_reg_0_39. Optimization improves timing on the net.
INFO: [Physopt 32-619] Estimated Timing Summary | WNS=-0.938 | TNS=-25.799 |
INFO: [Physopt 32-702] Processed net rasterixgen.rasterix/gpu/rixif/graphicCore/pixelPipeline/tmu0/texFilter/interpolatorS1/colorMixer/V11_reg[15]_bret__62_n_0. Optimizations did not improve timing on the net.
INFO: [Physopt 32-702] Processed net rasterixgen.rasterix/gpu/rixif/graphicCore/pixelPipeline/tmu0/texFilter/interpolatorS1/colorMixer/REGISTERED_READ.bypass_data_reg[26]_2[1]. Optimizations did not improve timing on the net.
INFO: [Physopt 32-702] Processed net rasterixgen.rasterix/gpu/rixif/graphicCore/pixelPipeline/tmu0/texFilter/interpolatorS1/colorMixer/V110__0_carry__0_n_0. Optimizations did not improve timing on the net.
INFO: [Physopt 32-608] Optimized 1 net.  Swapped 26 pins.
INFO: [Physopt 32-735] Processed net rasterixgen.rasterix/gpu/rixif/graphicCore/pixelPipeline/tmu0/textureReadConcat/stream1_fifo/mem_reg_0_151[0]. Optimization improves timing on the net.
INFO: [Physopt 32-619] Estimated Timing Summary | WNS=-0.890 | TNS=-23.444 |
INFO: [Physopt 32-663] Processed net rasterixgen.rasterix/gpu/rixif/graphicCore/pixelPipeline/tmu0/textureReadConcat/stream1_fifo/mem_reg_0_88_repN.  Re-placed instance rasterixgen.rasterix/gpu/rixif/graphicCore/pixelPipeline/tmu0/textureReadConcat/stream1_fifo/V11[15]_bret__26_i_1_comp
INFO: [Physopt 32-735] Processed net rasterixgen.rasterix/gpu/rixif/graphicCore/pixelPipeline/tmu0/textureReadConcat/stream1_fifo/mem_reg_0_88_repN. Optimization improves timing on the net.
INFO: [Physopt 32-619] Estimated Timing Summary | WNS=-0.885 | TNS=-23.434 |
INFO: [Physopt 32-710] Processed net rasterixgen.rasterix/gpu/rixif/graphicCore/pixelPipeline/tmu0/textureReadConcat/stream1_fifo/mem_reg_0_87. Critical path length was reduced through logic transformation on cell rasterixgen.rasterix/gpu/rixif/graphicCore/pixelPipeline/tmu0/textureReadConcat/stream1_fifo/V11[15]_bret__21_i_1_comp_1.
INFO: [Physopt 32-735] Processed net rasterixgen.rasterix/gpu/rixif/graphicCore/pixelPipeline/tmu0/textureReadConcat/stream1_fifo/mem_reg_0_88_repN. Optimization improves timing on the net.
INFO: [Physopt 32-619] Estimated Timing Summary | WNS=-0.840 | TNS=-22.938 |
INFO: [Physopt 32-663] Processed net rasterixgen.rasterix/gpu/rixif/graphicCore/pixelPipeline/tmu0/texFilter/interpolatorS1/colorMixer/V10_reg[15]_bret__47_n_0.  Re-placed instance rasterixgen.rasterix/gpu/rixif/graphicCore/pixelPipeline/tmu0/texFilter/interpolatorS1/colorMixer/V10_reg[15]_bret__47
INFO: [Physopt 32-735] Processed net rasterixgen.rasterix/gpu/rixif/graphicCore/pixelPipeline/tmu0/texFilter/interpolatorS1/colorMixer/V10_reg[15]_bret__47_n_0. Optimization improves timing on the net.
INFO: [Physopt 32-619] Estimated Timing Summary | WNS=-0.818 | TNS=-22.390 |
INFO: [Physopt 32-663] Processed net rasterixgen.rasterix/gpu/rixif/graphicCore/pixelPipeline/tmu0/texFilter/interpolatorS1/colorMixer/V10_reg[15]_bret_bret__9_n_0.  Re-placed instance rasterixgen.rasterix/gpu/rixif/graphicCore/pixelPipeline/tmu0/texFilter/interpolatorS1/colorMixer/V10_reg[15]_bret_bret__9
INFO: [Physopt 32-735] Processed net rasterixgen.rasterix/gpu/rixif/graphicCore/pixelPipeline/tmu0/texFilter/interpolatorS1/colorMixer/V10_reg[15]_bret_bret__9_n_0. Optimization improves timing on the net.
INFO: [Physopt 32-619] Estimated Timing Summary | WNS=-0.800 | TNS=-21.951 |
INFO: [Physopt 32-702] Processed net rasterixgen.rasterix/gpu/rixif/graphicCore/pixelPipeline/tmu0/texFilter/interpolatorS1/colorMixer/V12_reg[15]_bret__15_n_0. Optimizations did not improve timing on the net.
INFO: [Physopt 32-663] Processed net rasterixgen.rasterix/gpu/rixif/graphicCore/pixelPipeline/tmu0/textureReadConcat/stream1_fifo/REGISTERED_READ.bypass_data_reg[31]_42.  Re-placed instance rasterixgen.rasterix/gpu/rixif/graphicCore/pixelPipeline/tmu0/textureReadConcat/stream1_fifo/V12[15]_bret__17_i_1__0
INFO: [Physopt 32-735] Processed net rasterixgen.rasterix/gpu/rixif/graphicCore/pixelPipeline/tmu0/textureReadConcat/stream1_fifo/REGISTERED_READ.bypass_data_reg[31]_42. Optimization improves timing on the net.
INFO: [Physopt 32-619] Estimated Timing Summary | WNS=-0.785 | TNS=-21.787 |
INFO: [Physopt 32-663] Processed net rasterixgen.rasterix/gpu/rixif/graphicCore/pixelPipeline/tmu0/texFilter/interpolatorS1/colorMixer/V10_reg[15]_bret__57_n_0.  Re-placed instance rasterixgen.rasterix/gpu/rixif/graphicCore/pixelPipeline/tmu0/texFilter/interpolatorS1/colorMixer/V10_reg[15]_bret__57
INFO: [Physopt 32-735] Processed net rasterixgen.rasterix/gpu/rixif/graphicCore/pixelPipeline/tmu0/texFilter/interpolatorS1/colorMixer/V10_reg[15]_bret__57_n_0. Optimization improves timing on the net.
INFO: [Physopt 32-619] Estimated Timing Summary | WNS=-0.771 | TNS=-21.189 |
INFO: [Physopt 32-710] Processed net rasterixgen.rasterix/gpu/rixif/graphicCore/pixelPipeline/tmu0/textureReadConcat/stream1_fifo/REGISTERED_READ.bypass_data_reg[31]_41. Critical path length was reduced through logic transformation on cell rasterixgen.rasterix/gpu/rixif/graphicCore/pixelPipeline/tmu0/textureReadConcat/stream1_fifo/V12[15]_bret__15_i_1_comp.
INFO: [Physopt 32-735] Processed net rasterixgen.rasterix/gpu/rixif/graphicCore/pixelPipeline/tmu0/textureReadConcat/stream1_fifo/REGISTERED_READ.bypass_data_reg[31]_42. Optimization improves timing on the net.
INFO: [Physopt 32-619] Estimated Timing Summary | WNS=-0.703 | TNS=-20.280 |
INFO: [Physopt 32-663] Processed net rasterixgen.rasterix/gpu/rixif/graphicCore/pixelPipeline/tmu0/texFilter/interpolatorS0/colorMixer/V02_reg[15]_bret__62_n_0.  Re-placed instance rasterixgen.rasterix/gpu/rixif/graphicCore/pixelPipeline/tmu0/texFilter/interpolatorS0/colorMixer/V02_reg[15]_bret__62
INFO: [Physopt 32-735] Processed net rasterixgen.rasterix/gpu/rixif/graphicCore/pixelPipeline/tmu0/texFilter/interpolatorS0/colorMixer/V02_reg[15]_bret__62_n_0. Optimization improves timing on the net.
INFO: [Physopt 32-619] Estimated Timing Summary | WNS=-0.691 | TNS=-20.193 |
INFO: [Physopt 32-663] Processed net rasterixgen.rasterix/gpu/rixif/graphicCore/pixelPipeline/tmu0/texFilter/interpolatorS0/colorMixer/V02_reg[15]_bret__15_n_0.  Re-placed instance rasterixgen.rasterix/gpu/rixif/graphicCore/pixelPipeline/tmu0/texFilter/interpolatorS0/colorMixer/V02_reg[15]_bret__15
INFO: [Physopt 32-735] Processed net rasterixgen.rasterix/gpu/rixif/graphicCore/pixelPipeline/tmu0/texFilter/interpolatorS0/colorMixer/V02_reg[15]_bret__15_n_0. Optimization improves timing on the net.
INFO: [Physopt 32-619] Estimated Timing Summary | WNS=-0.686 | TNS=-20.160 |
INFO: [Physopt 32-663] Processed net rasterixgen.rasterix/gpu/rixif/graphicCore/pixelPipeline/tmu0/texFilter/interpolatorS1/colorMixer/V00_reg[15]_bret__57_n_0.  Re-placed instance rasterixgen.rasterix/gpu/rixif/graphicCore/pixelPipeline/tmu0/texFilter/interpolatorS1/colorMixer/V00_reg[15]_bret__57
INFO: [Physopt 32-735] Processed net rasterixgen.rasterix/gpu/rixif/graphicCore/pixelPipeline/tmu0/texFilter/interpolatorS1/colorMixer/V00_reg[15]_bret__57_n_0. Optimization improves timing on the net.
INFO: [Physopt 32-619] Estimated Timing Summary | WNS=-0.664 | TNS=-19.880 |
INFO: [Physopt 32-663] Processed net rasterixgen.rasterix/gpu/rixif/graphicCore/pixelPipeline/tmu0/texFilter/interpolatorS1/colorMixer/V11_reg[15]_bret__26_n_0.  Re-placed instance rasterixgen.rasterix/gpu/rixif/graphicCore/pixelPipeline/tmu0/texFilter/interpolatorS1/colorMixer/V11_reg[15]_bret__26
INFO: [Physopt 32-735] Processed net rasterixgen.rasterix/gpu/rixif/graphicCore/pixelPipeline/tmu0/texFilter/interpolatorS1/colorMixer/V11_reg[15]_bret__26_n_0. Optimization improves timing on the net.
INFO: [Physopt 32-619] Estimated Timing Summary | WNS=-0.661 | TNS=-19.443 |
INFO: [Physopt 32-663] Processed net rasterixgen.rasterix/gpu/rixif/graphicCore/pixelPipeline/tmu0/texFilter/interpolatorS1/colorMixer/V10_reg[15]_bret__77_n_0.  Re-placed instance rasterixgen.rasterix/gpu/rixif/graphicCore/pixelPipeline/tmu0/texFilter/interpolatorS1/colorMixer/V10_reg[15]_bret__77
INFO: [Physopt 32-735] Processed net rasterixgen.rasterix/gpu/rixif/graphicCore/pixelPipeline/tmu0/texFilter/interpolatorS1/colorMixer/V10_reg[15]_bret__77_n_0. Optimization improves timing on the net.
INFO: [Physopt 32-619] Estimated Timing Summary | WNS=-0.645 | TNS=-19.202 |
INFO: [Physopt 32-663] Processed net rasterixgen.rasterix/gpu/rixif/graphicCore/pixelPipeline/tmu0/texFilter/interpolatorS1/colorMixer/V10_reg[15]_bret__46_n_0.  Re-placed instance rasterixgen.rasterix/gpu/rixif/graphicCore/pixelPipeline/tmu0/texFilter/interpolatorS1/colorMixer/V10_reg[15]_bret__46
INFO: [Physopt 32-735] Processed net rasterixgen.rasterix/gpu/rixif/graphicCore/pixelPipeline/tmu0/texFilter/interpolatorS1/colorMixer/V10_reg[15]_bret__46_n_0. Optimization improves timing on the net.
INFO: [Physopt 32-619] Estimated Timing Summary | WNS=-0.643 | TNS=-19.109 |
INFO: [Physopt 32-702] Processed net rasterixgen.rasterix/gpu/rixif/graphicCore/pixelPipeline/tmu0/texFilter/interpolatorS0/colorMixer/V02_reg[15]_bret__15_n_0. Optimizations did not improve timing on the net.
INFO: [Physopt 32-710] Processed net rasterixgen.rasterix/gpu/rixif/graphicCore/pixelPipeline/tmu0/textureReadConcat/stream1_fifo/REGISTERED_READ.bypass_data_reg[31]_30. Critical path length was reduced through logic transformation on cell rasterixgen.rasterix/gpu/rixif/graphicCore/pixelPipeline/tmu0/textureReadConcat/stream1_fifo/V02[15]_bret__15_i_1__0_comp.
INFO: [Physopt 32-735] Processed net rasterixgen.rasterix/gpu/rixif/graphicCore/pixelPipeline/tmu0/textureReadConcat/stream1_fifo/REGISTERED_READ.bypass_data_reg[31]_31. Optimization improves timing on the net.
INFO: [Physopt 32-619] Estimated Timing Summary | WNS=-0.637 | TNS=-18.023 |
INFO: [Physopt 32-702] Processed net rasterixgen.rasterix/gpu/rixif/graphicCore/pixelPipeline/tmu0/texFilter/interpolatorS1/colorMixer/mem_reg_0_4[3]. Optimizations did not improve timing on the net.
INFO: [Physopt 32-702] Processed net rasterixgen.rasterix/gpu/rixif/graphicCore/pixelPipeline/tmu0/texFilter/interpolatorS1/colorMixer/V110__30_carry_n_0. Optimizations did not improve timing on the net.
INFO: [Physopt 32-702] Processed net rasterixgen.rasterix/gpu/rixif/graphicCore/pixelPipeline/tmu0/textureReadConcat/stream1_fifo/REGISTERED_READ.bypass_data_reg[29]_22[2]. Optimizations did not improve timing on the net.
INFO: [Physopt 32-710] Processed net rasterixgen.rasterix/gpu/rixif/graphicCore/pixelPipeline/tmu0/textureReadConcat/stream1_fifo/REGISTERED_READ.bypass_data_reg[29]_22[2]. Critical path length was reduced through logic transformation on cell rasterixgen.rasterix/gpu/rixif/graphicCore/pixelPipeline/tmu0/textureReadConcat/stream1_fifo/V110__30_carry_i_4__0_comp.
INFO: [Physopt 32-735] Processed net rasterixgen.rasterix/gpu/rixif/graphicCore/pixelPipeline/tmu0/textureReadConcat/stream1_fifo/REGISTERED_READ.bypass_data_reg[27]_2[2]. Optimization improves timing on the net.
INFO: [Physopt 32-619] Estimated Timing Summary | WNS=-0.630 | TNS=-17.658 |
INFO: [Physopt 32-663] Processed net rasterixgen.rasterix/gpu/rixif/graphicCore/pixelPipeline/tmu0/texFilter/interpolatorS1/colorMixer/V02_reg[15]_bret__15_n_0.  Re-placed instance rasterixgen.rasterix/gpu/rixif/graphicCore/pixelPipeline/tmu0/texFilter/interpolatorS1/colorMixer/V02_reg[15]_bret__15
INFO: [Physopt 32-735] Processed net rasterixgen.rasterix/gpu/rixif/graphicCore/pixelPipeline/tmu0/texFilter/interpolatorS1/colorMixer/V02_reg[15]_bret__15_n_0. Optimization improves timing on the net.
INFO: [Physopt 32-619] Estimated Timing Summary | WNS=-0.603 | TNS=-17.565 |
INFO: [Physopt 32-608] Optimized 1 net.  Swapped 24 pins.
INFO: [Physopt 32-735] Processed net rasterixgen.rasterix/gpu/rixif/graphicCore/pixelPipeline/tmu0/textureReadConcat/stream1_fifo/REGISTERED_READ.bypass_data_reg[27]_2[2]. Optimization improves timing on the net.
INFO: [Physopt 32-619] Estimated Timing Summary | WNS=-0.581 | TNS=-16.832 |
INFO: [Physopt 32-663] Processed net rasterixgen.rasterix/gpu/rixif/graphicCore/pixelPipeline/tmu0/textureReadConcat/stream1_fifo/mem_reg_0_100_repN.  Re-placed instance rasterixgen.rasterix/gpu/rixif/graphicCore/pixelPipeline/tmu0/textureReadConcat/stream1_fifo/V12[15]_bret__24_i_1__0_comp
INFO: [Physopt 32-735] Processed net rasterixgen.rasterix/gpu/rixif/graphicCore/pixelPipeline/tmu0/textureReadConcat/stream1_fifo/mem_reg_0_100_repN. Optimization improves timing on the net.
INFO: [Physopt 32-619] Estimated Timing Summary | WNS=-0.570 | TNS=-16.798 |
INFO: [Physopt 32-663] Processed net rasterixgen.rasterix/gpu/rixif/graphicCore/pixelPipeline/tmu0/textureReadConcat/stream1_fifo/mem_reg_0_95_repN.  Re-placed instance rasterixgen.rasterix/gpu/rixif/graphicCore/pixelPipeline/tmu0/textureReadConcat/stream1_fifo/V02[15]_bret__24_i_1__0_comp
INFO: [Physopt 32-735] Processed net rasterixgen.rasterix/gpu/rixif/graphicCore/pixelPipeline/tmu0/textureReadConcat/stream1_fifo/mem_reg_0_95_repN. Optimization improves timing on the net.
INFO: [Physopt 32-619] Estimated Timing Summary | WNS=-0.564 | TNS=-16.522 |
INFO: [Physopt 32-710] Processed net rasterixgen.rasterix/gpu/rixif/graphicCore/pixelPipeline/tmu0/textureReadConcat/stream1_fifo/mem_reg_0_99. Critical path length was reduced through logic transformation on cell rasterixgen.rasterix/gpu/rixif/graphicCore/pixelPipeline/tmu0/textureReadConcat/stream1_fifo/V12[15]_bret__20_i_1__0_comp_1.
INFO: [Physopt 32-735] Processed net rasterixgen.rasterix/gpu/rixif/graphicCore/pixelPipeline/tmu0/textureReadConcat/stream1_fifo/mem_reg_0_100_repN. Optimization improves timing on the net.
INFO: [Physopt 32-619] Estimated Timing Summary | WNS=-0.554 | TNS=-16.231 |
INFO: [Physopt 32-702] Processed net rasterixgen.rasterix/gpu/rixif/graphicCore/pixelPipeline/tmu0/texFilter/interpolatorS1/colorMixer/V10_reg[15]_bret__57_n_0. Optimizations did not improve timing on the net.
INFO: [Physopt 32-663] Processed net rasterixgen.rasterix/gpu/rixif/graphicCore/pixelPipeline/tmu0/textureReadConcat/stream1_fifo/REGISTERED_READ.bypass_data_reg[31]_81.  Re-placed instance rasterixgen.rasterix/gpu/rixif/graphicCore/pixelPipeline/tmu0/textureReadConcat/stream1_fifo/V10[15]_bret_bret__9_i_1__0
INFO: [Physopt 32-735] Processed net rasterixgen.rasterix/gpu/rixif/graphicCore/pixelPipeline/tmu0/textureReadConcat/stream1_fifo/REGISTERED_READ.bypass_data_reg[31]_81. Optimization improves timing on the net.
INFO: [Physopt 32-619] Estimated Timing Summary | WNS=-0.552 | TNS=-15.908 |
INFO: [Physopt 32-702] Processed net rasterixgen.rasterix/gpu/rixif/graphicCore/pixelPipeline/tmu0/texFilter/interpolatorS1/colorMixer/V10_reg[15]_bret__46_n_0. Optimizations did not improve timing on the net.
INFO: [Physopt 32-710] Processed net rasterixgen.rasterix/gpu/rixif/graphicCore/pixelPipeline/tmu0/textureReadConcat/stream1_fifo/mem_reg_0_75. Critical path length was reduced through logic transformation on cell rasterixgen.rasterix/gpu/rixif/graphicCore/pixelPipeline/tmu0/textureReadConcat/stream1_fifo/V10[15]_bret__46_i_1__0_comp.
INFO: [Physopt 32-735] Processed net rasterixgen.rasterix/gpu/rixif/graphicCore/pixelPipeline/tmu0/textureReadConcat/stream1_fifo/REGISTERED_READ.bypass_data_reg[31]_82. Optimization improves timing on the net.
INFO: [Physopt 32-619] Estimated Timing Summary | WNS=-0.541 | TNS=-15.682 |
INFO: [Physopt 32-663] Processed net rasterixgen.rasterix/gpu/rixif/graphicCore/pixelPipeline/tmu0/texFilter/interpolatorS1/colorMixer/V02_reg[15]_bret__24_n_0.  Re-placed instance rasterixgen.rasterix/gpu/rixif/graphicCore/pixelPipeline/tmu0/texFilter/interpolatorS1/colorMixer/V02_reg[15]_bret__24
INFO: [Physopt 32-735] Processed net rasterixgen.rasterix/gpu/rixif/graphicCore/pixelPipeline/tmu0/texFilter/interpolatorS1/colorMixer/V02_reg[15]_bret__24_n_0. Optimization improves timing on the net.
INFO: [Physopt 32-619] Estimated Timing Summary | WNS=-0.537 | TNS=-15.290 |
INFO: [Physopt 32-702] Processed net rasterixgen.rasterix/gpu/rixif/graphicCore/pixelPipeline/tmu0/texFilter/interpolatorS1/colorMixer/V02_reg[15]_bret__15_n_0. Optimizations did not improve timing on the net.
INFO: [Physopt 32-710] Processed net rasterixgen.rasterix/gpu/rixif/graphicCore/pixelPipeline/tmu0/textureReadConcat/stream1_fifo/REGISTERED_READ.bypass_data_reg[31]_26. Critical path length was reduced through logic transformation on cell rasterixgen.rasterix/gpu/rixif/graphicCore/pixelPipeline/tmu0/textureReadConcat/stream1_fifo/V02[15]_bret__15_i_1_comp.
INFO: [Physopt 32-735] Processed net rasterixgen.rasterix/gpu/rixif/graphicCore/pixelPipeline/tmu0/textureReadConcat/stream1_fifo/REGISTERED_READ.bypass_data_reg[31]_27. Optimization improves timing on the net.
INFO: [Physopt 32-619] Estimated Timing Summary | WNS=-0.527 | TNS=-14.353 |
INFO: [Physopt 32-702] Processed net rasterixgen.rasterix/gpu/rixif/graphicCore/pixelPipeline/tmu0/texFilter/interpolatorS1/colorMixer/REGISTERED_READ.bypass_data_reg[26]_0[1]. Optimizations did not improve timing on the net.
INFO: [Physopt 32-702] Processed net rasterixgen.rasterix/gpu/rixif/graphicCore/pixelPipeline/tmu0/texFilter/interpolatorS1/colorMixer/V100__0_carry__0_n_0. Optimizations did not improve timing on the net.
INFO: [Physopt 32-608] Optimized 1 net.  Swapped 22 pins.
INFO: [Physopt 32-735] Processed net rasterixgen.rasterix/gpu/rixif/graphicCore/pixelPipeline/tmu0/textureReadConcat/stream0_fifo/V100__0_carry_i_1[0]. Optimization improves timing on the net.
INFO: [Physopt 32-619] Estimated Timing Summary | WNS=-0.526 | TNS=-14.311 |
INFO: [Physopt 32-663] Processed net rasterixgen.rasterix/gpu/rixif/graphicCore/pixelPipeline/tmu0/texFilter/interpolatorS1/colorMixer/V00_reg[15]_bret_bret__9_n_0.  Re-placed instance rasterixgen.rasterix/gpu/rixif/graphicCore/pixelPipeline/tmu0/texFilter/interpolatorS1/colorMixer/V00_reg[15]_bret_bret__9
INFO: [Physopt 32-735] Processed net rasterixgen.rasterix/gpu/rixif/graphicCore/pixelPipeline/tmu0/texFilter/interpolatorS1/colorMixer/V00_reg[15]_bret_bret__9_n_0. Optimization improves timing on the net.
INFO: [Physopt 32-619] Estimated Timing Summary | WNS=-0.506 | TNS=-13.500 |
INFO: [Physopt 32-608] Optimized 1 net.  Swapped 22 pins.
INFO: [Physopt 32-735] Processed net rasterixgen.rasterix/gpu/rixif/graphicCore/pixelPipeline/tmu0/textureReadConcat/stream1_fifo/mem_reg_0_143[0]. Optimization improves timing on the net.
INFO: [Physopt 32-619] Estimated Timing Summary | WNS=-0.477 | TNS=-13.260 |
INFO: [Physopt 32-702] Processed net rasterixgen.rasterix/gpu/rixif/graphicCore/pixelPipeline/tmu0/texFilter/interpolatorS1/colorMixer/V110__0_carry_n_0. Optimizations did not improve timing on the net.
INFO: [Physopt 32-608] Optimized 1 net.  Swapped 23 pins.
INFO: [Physopt 32-735] Processed net rasterixgen.rasterix/gpu/rixif/graphicCore/pixelPipeline/tmu0/textureReadConcat/stream1_fifo/REGISTERED_READ.bypass_data_reg[26]_21[2]. Optimization improves timing on the net.
INFO: [Physopt 32-619] Estimated Timing Summary | WNS=-0.472 | TNS=-13.250 |
INFO: [Physopt 32-608] Optimized 1 net.  Swapped 26 pins.
INFO: [Physopt 32-735] Processed net rasterixgen.rasterix/gpu/rixif/graphicCore/pixelPipeline/tmu0/textureReadConcat/stream1_fifo/mem_reg_0_151[1]. Optimization improves timing on the net.
INFO: [Physopt 32-619] Estimated Timing Summary | WNS=-0.470 | TNS=-13.187 |
INFO: [Physopt 32-702] Processed net rasterixgen.rasterix/gpu/rixif/graphicCore/pixelPipeline/tmu0/textureReadConcat/stream1_fifo/REGISTERED_READ.bypass_data_reg[27]_2[2]. Optimizations did not improve timing on the net.
INFO: [Physopt 32-81] Processed net rasterixgen.rasterix/gpu/rixif/graphicCore/pixelPipeline/tmu0/textureReadConcat/stream0_fifo/mem_reg_6. Replicated 1 times.
INFO: [Physopt 32-735] Processed net rasterixgen.rasterix/gpu/rixif/graphicCore/pixelPipeline/tmu0/textureReadConcat/stream0_fifo/mem_reg_6. Optimization improves timing on the net.
INFO: [Physopt 32-619] Estimated Timing Summary | WNS=-0.448 | TNS=-12.428 |
INFO: [Physopt 32-663] Processed net rasterixgen.rasterix/gpu/rixif/graphicCore/pixelPipeline/tmu0/texFilter/interpolatorS1/colorMixer/V10_reg[15]_bret_bret__9_n_0.  Re-placed instance rasterixgen.rasterix/gpu/rixif/graphicCore/pixelPipeline/tmu0/texFilter/interpolatorS1/colorMixer/V10_reg[15]_bret_bret__9
INFO: [Physopt 32-735] Processed net rasterixgen.rasterix/gpu/rixif/graphicCore/pixelPipeline/tmu0/texFilter/interpolatorS1/colorMixer/V10_reg[15]_bret_bret__9_n_0. Optimization improves timing on the net.
INFO: [Physopt 32-619] Estimated Timing Summary | WNS=-0.438 | TNS=-11.980 |
INFO: [Physopt 32-663] Processed net rasterixgen.rasterix/gpu/rixif/graphicCore/pixelPipeline/tmu0/textureReadConcat/stream1_fifo/mem_reg_0_39_repN.  Re-placed instance rasterixgen.rasterix/gpu/rixif/graphicCore/pixelPipeline/tmu0/textureReadConcat/stream1_fifo/V02[15]_bret__24_i_1_comp
INFO: [Physopt 32-735] Processed net rasterixgen.rasterix/gpu/rixif/graphicCore/pixelPipeline/tmu0/textureReadConcat/stream1_fifo/mem_reg_0_39_repN. Optimization improves timing on the net.
INFO: [Physopt 32-619] Estimated Timing Summary | WNS=-0.432 | TNS=-11.818 |
INFO: [Physopt 32-710] Processed net rasterixgen.rasterix/gpu/rixif/graphicCore/pixelPipeline/tmu0/textureReadConcat/stream1_fifo/mem_reg_0_94. Critical path length was reduced through logic transformation on cell rasterixgen.rasterix/gpu/rixif/graphicCore/pixelPipeline/tmu0/textureReadConcat/stream1_fifo/V02[15]_bret__20_i_1__0_comp_1.
INFO: [Physopt 32-735] Processed net rasterixgen.rasterix/gpu/rixif/graphicCore/pixelPipeline/tmu0/textureReadConcat/stream1_fifo/mem_reg_0_95_repN. Optimization improves timing on the net.
INFO: [Physopt 32-619] Estimated Timing Summary | WNS=-0.413 | TNS=-11.258 |
INFO: [Physopt 32-710] Processed net rasterixgen.rasterix/gpu/rixif/graphicCore/pixelPipeline/tmu0/textureReadConcat/stream0_fifo/REGISTERED_READ.bypass_data_reg[48]_4. Critical path length was reduced through logic transformation on cell rasterixgen.rasterix/gpu/rixif/graphicCore/pixelPipeline/tmu0/textureReadConcat/stream0_fifo/V10[15]_bret__57_i_1__0_comp.
INFO: [Physopt 32-735] Processed net rasterixgen.rasterix/gpu/rixif/graphicCore/pixelPipeline/tmu0/textureReadConcat/stream1_fifo/REGISTERED_READ.bypass_data_reg[31]_81. Optimization improves timing on the net.
INFO: [Physopt 32-619] Estimated Timing Summary | WNS=-0.407 | TNS=-10.792 |
INFO: [Physopt 32-702] Processed net rasterixgen.rasterix/gpu/rixif/graphicCore/pixelPipeline/tmu0/texFilter/interpolatorS1/colorMixer/V00_reg[15]_bret__57_n_0. Optimizations did not improve timing on the net.
INFO: [Physopt 32-702] Processed net rasterixgen.rasterix/gpu/rixif/graphicCore/pixelPipeline/tmu0/textureReadConcat/stream1_fifo/REGISTERED_READ.bypass_data_reg[31]_73. Optimizations did not improve timing on the net.
INFO: [Physopt 32-702] Processed net rasterixgen.rasterix/gpu/rixif/graphicCore/pixelPipeline/tmu0/texFilter/interpolatorS1/colorMixer/mem_reg_0_1[0]. Optimizations did not improve timing on the net.
INFO: [Physopt 32-702] Processed net rasterixgen.rasterix/gpu/rixif/graphicCore/pixelPipeline/tmu0/texFilter/interpolatorS1/colorMixer/V000__30_carry_n_0. Optimizations did not improve timing on the net.
INFO: [Physopt 32-702] Processed net rasterixgen.rasterix/gpu/rixif/graphicCore/pixelPipeline/tmu0/textureReadConcat/stream0_fifo/REGISTERED_READ.bypass_data_reg[29]_10[1]. Optimizations did not improve timing on the net.
INFO: [Physopt 32-663] Processed net rasterixgen.rasterix/gpu/rixif/graphicCore/pixelPipeline/tmu0/textureReadConcat/stream0_fifo/REGISTERED_READ.bypass_data_reg[32]_5[0].  Re-placed instance rasterixgen.rasterix/gpu/rixif/graphicCore/pixelPipeline/tmu0/textureReadConcat/stream0_fifo/V000__30_carry_i_1__0
INFO: [Physopt 32-735] Processed net rasterixgen.rasterix/gpu/rixif/graphicCore/pixelPipeline/tmu0/textureReadConcat/stream0_fifo/REGISTERED_READ.bypass_data_reg[32]_5[0]. Optimization improves timing on the net.
INFO: [Physopt 32-619] Estimated Timing Summary | WNS=-0.386 | TNS=-9.478 |
INFO: [Physopt 32-702] Processed net rasterixgen.rasterix/gpu/rixif/graphicCore/pixelPipeline/tmu0/texFilter/interpolatorS1/colorMixer/mem_reg_0_2[1]. Optimizations did not improve timing on the net.
INFO: [Physopt 32-608] Optimized 1 net.  Swapped 22 pins.
INFO: [Physopt 32-735] Processed net rasterixgen.rasterix/gpu/rixif/graphicCore/pixelPipeline/tmu0/textureReadConcat/stream1_fifo/mem_reg_0_145[0]. Optimization improves timing on the net.
INFO: [Physopt 32-619] Estimated Timing Summary | WNS=-0.381 | TNS=-9.325 |
INFO: [Physopt 32-702] Processed net rasterixgen.rasterix/gpu/rixif/graphicCore/pixelPipeline/tmu0/texFilter/interpolatorS1/colorMixer/REGISTERED_READ.bypass_data_reg[26]_9[0]. Optimizations did not improve timing on the net.
INFO: [Physopt 32-702] Processed net rasterixgen.rasterix/gpu/rixif/graphicCore/pixelPipeline/tmu0/texFilter/interpolatorS1/colorMixer/V120__0_carry__0_n_0. Optimizations did not improve timing on the net.
INFO: [Physopt 32-608] Optimized 1 net.  Swapped 26 pins.
INFO: [Physopt 32-735] Processed net rasterixgen.rasterix/gpu/rixif/graphicCore/pixelPipeline/tmu0/textureReadConcat/stream1_fifo/mem_reg_0_159[0]. Optimization improves timing on the net.
INFO: [Physopt 32-619] Estimated Timing Summary | WNS=-0.378 | TNS=-9.215 |
INFO: [Physopt 32-702] Processed net rasterixgen.rasterix/gpu/rixif/depthBuffer/internalFramebufferRam/ramTile/genblk1[1].xpm_memory_sdpram_inst/xpm_memory_base_inst/doutb[11]. Optimizations did not improve timing on the net.
INFO: [Physopt 32-663] Processed net rasterixgen.rasterix/gpu/rixif/graphicCore/renderConfigsRegBank/registerMem_reg[3][14]_0.  Re-placed instance rasterixgen.rasterix/gpu/rixif/graphicCore/renderConfigsRegBank/genblk1[0].xpm_memory_sdpram_inst_i_46
INFO: [Physopt 32-735] Processed net rasterixgen.rasterix/gpu/rixif/graphicCore/renderConfigsRegBank/registerMem_reg[3][14]_0. Optimization improves timing on the net.
INFO: [Physopt 32-619] Estimated Timing Summary | WNS=-0.357 | TNS=-8.555 |
INFO: [Physopt 32-710] Processed net rasterixgen.rasterix/gpu/rixif/graphicCore/pixelPipeline/tmu0/textureReadConcat/stream1_fifo/mem_reg_0_38. Critical path length was reduced through logic transformation on cell rasterixgen.rasterix/gpu/rixif/graphicCore/pixelPipeline/tmu0/textureReadConcat/stream1_fifo/V02[15]_bret__20_i_1_comp_1.
INFO: [Physopt 32-735] Processed net rasterixgen.rasterix/gpu/rixif/graphicCore/pixelPipeline/tmu0/textureReadConcat/stream1_fifo/mem_reg_0_39_repN. Optimization improves timing on the net.
INFO: [Physopt 32-619] Estimated Timing Summary | WNS=-0.344 | TNS=-8.207 |
INFO: [Physopt 32-702] Processed net rasterixgen.rasterix/gpu/rixif/graphicCore/pixelPipeline/tmu0/texFilter/interpolatorS1/colorMixer/V100__30_carry_n_0. Optimizations did not improve timing on the net.
INFO: [Physopt 32-608] Optimized 1 net.  Swapped 24 pins.
INFO: [Physopt 32-735] Processed net rasterixgen.rasterix/gpu/rixif/graphicCore/pixelPipeline/tmu0/textureReadConcat/stream1_fifo/REGISTERED_READ.bypass_data_reg[29]_4[1]. Optimization improves timing on the net.
INFO: [Physopt 32-619] Estimated Timing Summary | WNS=-0.341 | TNS=-7.926 |
INFO: [Physopt 32-608] Optimized 1 net.  Swapped 26 pins.
INFO: [Physopt 32-735] Processed net rasterixgen.rasterix/gpu/rixif/graphicCore/pixelPipeline/tmu0/textureReadConcat/stream1_fifo/mem_reg_0_151[3]. Optimization improves timing on the net.
INFO: [Physopt 32-619] Estimated Timing Summary | WNS=-0.319 | TNS=-7.882 |
INFO: [Physopt 32-608] Optimized 1 net.  Swapped 26 pins.
INFO: [Physopt 32-735] Processed net rasterixgen.rasterix/gpu/rixif/graphicCore/pixelPipeline/tmu0/textureReadConcat/stream1_fifo/mem_reg_0_151[2]. Optimization improves timing on the net.
INFO: [Physopt 32-619] Estimated Timing Summary | WNS=-0.318 | TNS=-7.544 |
INFO: [Physopt 32-702] Processed net rasterixgen.rasterix/gpu/rixif/graphicCore/pixelPipeline/tmu0/texFilter/interpolatorS1/colorMixer/V120__0_carry_n_0. Optimizations did not improve timing on the net.
INFO: [Physopt 32-608] Optimized 1 net.  Swapped 23 pins.
INFO: [Physopt 32-735] Processed net rasterixgen.rasterix/gpu/rixif/graphicCore/pixelPipeline/tmu0/textureReadConcat/stream1_fifo/REGISTERED_READ.bypass_data_reg[26]_23[2]. Optimization improves timing on the net.
INFO: [Physopt 32-619] Estimated Timing Summary | WNS=-0.313 | TNS=-7.472 |
INFO: [Physopt 32-702] Processed net rasterixgen.rasterix/gpu/rixif/graphicCore/pixelPipeline/tmu0/texFilter/interpolatorS1/colorMixer/V100__0_carry_n_0. Optimizations did not improve timing on the net.
INFO: [Physopt 32-608] Optimized 1 net.  Swapped 24 pins.
INFO: [Physopt 32-735] Processed net rasterixgen.rasterix/gpu/rixif/graphicCore/pixelPipeline/tmu0/textureReadConcat/stream1_fifo/REGISTERED_READ.bypass_data_reg[26]_3[1]. Optimization improves timing on the net.
INFO: [Physopt 32-619] Estimated Timing Summary | WNS=-0.301 | TNS=-7.408 |
INFO: [Physopt 32-702] Processed net rasterixgen.rasterix/gpu/rixif/graphicCore/pixelPipeline/tmu0/texFilter/interpolatorS0/colorMixer/V12_reg[15]_bret__61_n_0. Optimizations did not improve timing on the net.
INFO: [Physopt 32-702] Processed net rasterixgen.rasterix/gpu/rixif/graphicCore/pixelPipeline/tmu0/textureReadConcat/stream1_fifo/mem_reg_0_44. Optimizations did not improve timing on the net.
INFO: [Physopt 32-702] Processed net rasterixgen.rasterix/gpu/rixif/graphicCore/pixelPipeline/tmu0/texFilter/interpolatorS0/colorMixer/REGISTERED_READ.bypass_data_reg[26]_8[0]. Optimizations did not improve timing on the net.
INFO: [Physopt 32-702] Processed net rasterixgen.rasterix/gpu/rixif/graphicCore/pixelPipeline/tmu0/texFilter/interpolatorS0/colorMixer/V120__0_carry__0_n_0. Optimizations did not improve timing on the net.
INFO: [Physopt 32-608] Optimized 1 net.  Swapped 26 pins.
INFO: [Physopt 32-735] Processed net rasterixgen.rasterix/gpu/rixif/graphicCore/pixelPipeline/tmu0/textureReadConcat/stream1_fifo/mem_reg_0_135[0]. Optimization improves timing on the net.
INFO: [Physopt 32-619] Estimated Timing Summary | WNS=-0.296 | TNS=-7.116 |
INFO: [Physopt 32-663] Processed net rasterixgen.rasterix/gpu/rixif/graphicCore/pixelPipeline/tmu0/texFilter/interpolatorS0/colorMixer/V12_reg[15]_bret__15_n_0.  Re-placed instance rasterixgen.rasterix/gpu/rixif/graphicCore/pixelPipeline/tmu0/texFilter/interpolatorS0/colorMixer/V12_reg[15]_bret__15
INFO: [Physopt 32-735] Processed net rasterixgen.rasterix/gpu/rixif/graphicCore/pixelPipeline/tmu0/texFilter/interpolatorS0/colorMixer/V12_reg[15]_bret__15_n_0. Optimization improves timing on the net.
INFO: [Physopt 32-619] Estimated Timing Summary | WNS=-0.283 | TNS=-6.975 |
INFO: [Physopt 32-608] Optimized 1 net.  Swapped 22 pins.
INFO: [Physopt 32-735] Processed net rasterixgen.rasterix/gpu/rixif/graphicCore/pixelPipeline/tmu0/textureReadConcat/stream1_fifo/mem_reg_0_143[1]. Optimization improves timing on the net.
INFO: [Physopt 32-619] Estimated Timing Summary | WNS=-0.255 | TNS=-6.780 |
INFO: [Physopt 32-702] Processed net rasterixgen.rasterix/gpu/rixif/graphicCore/pixelPipeline/tmu0/texFilter/interpolatorS1/colorMixer/V00_reg[15]_bret__77_n_0. Optimizations did not improve timing on the net.
INFO: [Physopt 32-702] Processed net rasterixgen.rasterix/gpu/rixif/graphicCore/pixelPipeline/tmu0/texFilter/interpolatorS1/colorMixer/REGISTERED_READ.bypass_data_reg[26][1]. Optimizations did not improve timing on the net.
INFO: [Physopt 32-702] Processed net rasterixgen.rasterix/gpu/rixif/graphicCore/pixelPipeline/tmu0/texFilter/interpolatorS1/colorMixer/V000__0_carry__0_n_0. Optimizations did not improve timing on the net.
INFO: [Physopt 32-608] Optimized 1 net.  Swapped 22 pins.
INFO: [Physopt 32-735] Processed net rasterixgen.rasterix/gpu/rixif/graphicCore/pixelPipeline/tmu0/textureReadConcat/stream0_fifo/V000__0_carry_i_1__0_0[0]. Optimization improves timing on the net.
INFO: [Physopt 32-619] Estimated Timing Summary | WNS=-0.246 | TNS=-6.489 |
INFO: [Physopt 32-702] Processed net rasterixgen.rasterix/gpu/rixif/graphicCore/pixelPipeline/tmu0/texFilter/interpolatorS1/colorMixer/mem_reg_0_10[3]. Optimizations did not improve timing on the net.
INFO: [Physopt 32-702] Processed net rasterixgen.rasterix/gpu/rixif/graphicCore/pixelPipeline/tmu0/texFilter/interpolatorS1/colorMixer/V120__30_carry_n_0. Optimizations did not improve timing on the net.
INFO: [Physopt 32-663] Processed net rasterixgen.rasterix/gpu/rixif/graphicCore/pixelPipeline/tmu0/textureReadConcat/stream1_fifo/REGISTERED_READ.bypass_data_reg[27]_1[0].  Re-placed instance rasterixgen.rasterix/gpu/rixif/graphicCore/pixelPipeline/tmu0/textureReadConcat/stream1_fifo/V120__30_carry_i_3__1
INFO: [Physopt 32-735] Processed net rasterixgen.rasterix/gpu/rixif/graphicCore/pixelPipeline/tmu0/textureReadConcat/stream1_fifo/REGISTERED_READ.bypass_data_reg[27]_1[0]. Optimization improves timing on the net.
INFO: [Physopt 32-619] Estimated Timing Summary | WNS=-0.245 | TNS=-6.486 |
INFO: [Physopt 32-608] Optimized 1 net.  Swapped 26 pins.
INFO: [Physopt 32-735] Processed net rasterixgen.rasterix/gpu/rixif/graphicCore/pixelPipeline/tmu0/textureReadConcat/stream1_fifo/mem_reg_0_161[0]. Optimization improves timing on the net.
INFO: [Physopt 32-619] Estimated Timing Summary | WNS=-0.242 | TNS=-6.171 |
INFO: [Physopt 32-710] Processed net rasterixgen.rasterix/gpu/rixif/graphicCore/fragmentBroadcast/writeMaskPort_reg[1][0]. Critical path length was reduced through logic transformation on cell rasterixgen.rasterix/gpu/rixif/graphicCore/fragmentBroadcast/genblk1[1].xpm_memory_sdpram_inst_i_1__1_comp.
INFO: [Physopt 32-735] Processed net rasterixgen.rasterix/gpu/rixif/graphicCore/renderConfigsRegBank/registerMem_reg[3][14]_0. Optimization improves timing on the net.
INFO: [Physopt 32-619] Estimated Timing Summary | WNS=-0.241 | TNS=-5.948 |
INFO: [Physopt 32-663] Processed net rasterixgen.rasterix/gpu/rixif/graphicCore/pixelPipeline/tmu0/texFilter/interpolatorS1/colorMixer/V13_reg[15]_bret__27_n_0.  Re-placed instance rasterixgen.rasterix/gpu/rixif/graphicCore/pixelPipeline/tmu0/texFilter/interpolatorS1/colorMixer/V13_reg[15]_bret__27
INFO: [Physopt 32-735] Processed net rasterixgen.rasterix/gpu/rixif/graphicCore/pixelPipeline/tmu0/texFilter/interpolatorS1/colorMixer/V13_reg[15]_bret__27_n_0. Optimization improves timing on the net.
INFO: [Physopt 32-619] Estimated Timing Summary | WNS=-0.237 | TNS=-5.849 |
INFO: [Physopt 32-663] Processed net rasterixgen.rasterix/gpu/rixif/graphicCore/pixelPipeline/tmu0/texFilter/interpolatorS0/colorMixer/V10_reg[15]_bret__47_n_0.  Re-placed instance rasterixgen.rasterix/gpu/rixif/graphicCore/pixelPipeline/tmu0/texFilter/interpolatorS0/colorMixer/V10_reg[15]_bret__47
INFO: [Physopt 32-735] Processed net rasterixgen.rasterix/gpu/rixif/graphicCore/pixelPipeline/tmu0/texFilter/interpolatorS0/colorMixer/V10_reg[15]_bret__47_n_0. Optimization improves timing on the net.
INFO: [Physopt 32-619] Estimated Timing Summary | WNS=-0.233 | TNS=-5.722 |
INFO: [Physopt 32-702] Processed net rasterixgen.rasterix/gpu/rixif/depthBuffer/internalFramebufferRam/ramTile/genblk1[3].xpm_memory_sdpram_inst/xpm_memory_base_inst/doutb[7]. Optimizations did not improve timing on the net.
INFO: [Physopt 32-663] Processed net rasterixgen.rasterix/gpu/rixif/graphicCore/renderConfigsRegBank/registerMem_reg[3][14]_0.  Re-placed instance rasterixgen.rasterix/gpu/rixif/graphicCore/renderConfigsRegBank/genblk1[0].xpm_memory_sdpram_inst_i_46
INFO: [Physopt 32-735] Processed net rasterixgen.rasterix/gpu/rixif/graphicCore/renderConfigsRegBank/registerMem_reg[3][14]_0. Optimization improves timing on the net.
INFO: [Physopt 32-619] Estimated Timing Summary | WNS=-0.223 | TNS=-5.448 |
INFO: [Physopt 32-663] Processed net rasterixgen.rasterix/gpu/rixif/graphicCore/pixelPipeline/tmu0/texFilter/interpolatorS0/colorMixer/V10_reg[15]_bret__77_n_0.  Re-placed instance rasterixgen.rasterix/gpu/rixif/graphicCore/pixelPipeline/tmu0/texFilter/interpolatorS0/colorMixer/V10_reg[15]_bret__77
INFO: [Physopt 32-735] Processed net rasterixgen.rasterix/gpu/rixif/graphicCore/pixelPipeline/tmu0/texFilter/interpolatorS0/colorMixer/V10_reg[15]_bret__77_n_0. Optimization improves timing on the net.
INFO: [Physopt 32-619] Estimated Timing Summary | WNS=-0.205 | TNS=-5.361 |
INFO: [Physopt 32-663] Processed net rasterixgen.rasterix/gpu/rixif/graphicCore/pixelPipeline/tmu0/texFilter/interpolatorS1/colorMixer/V02_reg[15]_bret__17_n_0.  Re-placed instance rasterixgen.rasterix/gpu/rixif/graphicCore/pixelPipeline/tmu0/texFilter/interpolatorS1/colorMixer/V02_reg[15]_bret__17
INFO: [Physopt 32-735] Processed net rasterixgen.rasterix/gpu/rixif/graphicCore/pixelPipeline/tmu0/texFilter/interpolatorS1/colorMixer/V02_reg[15]_bret__17_n_0. Optimization improves timing on the net.
INFO: [Physopt 32-619] Estimated Timing Summary | WNS=-0.197 | TNS=-5.156 |
INFO: [Physopt 32-702] Processed net rasterixgen.rasterix/gpu/rixif/graphicCore/pixelPipeline/tmu0/textureReadConcat/stream0_fifo/V000__0_carry_i_1__0_0[0]. Optimizations did not improve timing on the net.
INFO: [Physopt 32-663] Processed net rasterixgen.rasterix/gpu/rixif/graphicCore/pixelPipeline/tmu0/textureReadConcat/stream1_fifo/mem_reg_0_59.  Re-placed instance rasterixgen.rasterix/gpu/rixif/graphicCore/pixelPipeline/tmu0/textureReadConcat/stream1_fifo/V000__0_carry__0_i_9__0
INFO: [Physopt 32-735] Processed net rasterixgen.rasterix/gpu/rixif/graphicCore/pixelPipeline/tmu0/textureReadConcat/stream1_fifo/mem_reg_0_59. Optimization improves timing on the net.
INFO: [Physopt 32-619] Estimated Timing Summary | WNS=-0.196 | TNS=-5.134 |
INFO: [Physopt 32-702] Processed net rasterixgen.rasterix/gpu/rixif/graphicCore/pixelPipeline/tmu0/texFilter/interpolatorS1/colorMixer/REGISTERED_READ.bypass_data_reg[29]_4[0]. Optimizations did not improve timing on the net.
INFO: [Physopt 32-702] Processed net rasterixgen.rasterix/gpu/rixif/graphicCore/pixelPipeline/tmu0/texFilter/interpolatorS1/colorMixer/V110__30_carry__0_n_0. Optimizations did not improve timing on the net.
INFO: [Physopt 32-608] Optimized 1 net.  Swapped 26 pins.
INFO: [Physopt 32-735] Processed net rasterixgen.rasterix/gpu/rixif/graphicCore/pixelPipeline/tmu0/textureReadConcat/stream1_fifo/mem_reg_0_153[3]. Optimization improves timing on the net.
INFO: [Physopt 32-619] Estimated Timing Summary | WNS=-0.194 | TNS=-5.043 |
INFO: [Physopt 32-663] Processed net rasterixgen.rasterix/gpu/rixif/graphicCore/pixelPipeline/tmu0/texFilter/interpolatorS0/colorMixer/V12_reg[15]_bret__17_n_0.  Re-placed instance rasterixgen.rasterix/gpu/rixif/graphicCore/pixelPipeline/tmu0/texFilter/interpolatorS0/colorMixer/V12_reg[15]_bret__17
INFO: [Physopt 32-735] Processed net rasterixgen.rasterix/gpu/rixif/graphicCore/pixelPipeline/tmu0/texFilter/interpolatorS0/colorMixer/V12_reg[15]_bret__17_n_0. Optimization improves timing on the net.
INFO: [Physopt 32-619] Estimated Timing Summary | WNS=-0.192 | TNS=-4.849 |
INFO: [Physopt 32-663] Processed net rasterixgen.rasterix/gpu/rixif/graphicCore/pixelPipeline/tmu0/texFilter/interpolatorS1/colorMixer/V03_reg[15]_bret__62_n_0.  Re-placed instance rasterixgen.rasterix/gpu/rixif/graphicCore/pixelPipeline/tmu0/texFilter/interpolatorS1/colorMixer/V03_reg[15]_bret__62
INFO: [Physopt 32-735] Processed net rasterixgen.rasterix/gpu/rixif/graphicCore/pixelPipeline/tmu0/texFilter/interpolatorS1/colorMixer/V03_reg[15]_bret__62_n_0. Optimization improves timing on the net.
INFO: [Physopt 32-619] Estimated Timing Summary | WNS=-0.191 | TNS=-4.759 |
INFO: [Physopt 32-663] Processed net rasterixgen.rasterix/gpu/rixif/graphicCore/pixelPipeline/tmu0/texFilter/interpolatorS0/colorMixer/V01_reg[15]_bret__15_n_0.  Re-placed instance rasterixgen.rasterix/gpu/rixif/graphicCore/pixelPipeline/tmu0/texFilter/interpolatorS0/colorMixer/V01_reg[15]_bret__15
INFO: [Physopt 32-735] Processed net rasterixgen.rasterix/gpu/rixif/graphicCore/pixelPipeline/tmu0/texFilter/interpolatorS0/colorMixer/V01_reg[15]_bret__15_n_0. Optimization improves timing on the net.
INFO: [Physopt 32-619] Estimated Timing Summary | WNS=-0.188 | TNS=-4.666 |
INFO: [Physopt 32-663] Processed net rasterixgen.rasterix/gpu/rixif/graphicCore/pixelPipeline/tmu0/texFilter/interpolatorS0/colorMixer/V10_reg[15]_bret__57_n_0.  Re-placed instance rasterixgen.rasterix/gpu/rixif/graphicCore/pixelPipeline/tmu0/texFilter/interpolatorS0/colorMixer/V10_reg[15]_bret__57
INFO: [Physopt 32-735] Processed net rasterixgen.rasterix/gpu/rixif/graphicCore/pixelPipeline/tmu0/texFilter/interpolatorS0/colorMixer/V10_reg[15]_bret__57_n_0. Optimization improves timing on the net.
INFO: [Physopt 32-619] Estimated Timing Summary | WNS=-0.186 | TNS=-4.534 |
INFO: [Physopt 32-608] Optimized 1 net.  Swapped 22 pins.
INFO: [Physopt 32-735] Processed net rasterixgen.rasterix/gpu/rixif/graphicCore/pixelPipeline/tmu0/textureReadConcat/stream0_fifo/V100__30_carry_i_1[0]. Optimization improves timing on the net.
INFO: [Physopt 32-619] Estimated Timing Summary | WNS=-0.183 | TNS=-4.288 |
INFO: [Physopt 32-663] Processed net rasterixgen.rasterix/gpu/rixif/graphicCore/pixelPipeline/tmu0/texFilter/interpolatorS0/colorMixer/V02_reg[15]_bret__24_n_0.  Re-placed instance rasterixgen.rasterix/gpu/rixif/graphicCore/pixelPipeline/tmu0/texFilter/interpolatorS0/colorMixer/V02_reg[15]_bret__24
INFO: [Physopt 32-735] Processed net rasterixgen.rasterix/gpu/rixif/graphicCore/pixelPipeline/tmu0/texFilter/interpolatorS0/colorMixer/V02_reg[15]_bret__24_n_0. Optimization improves timing on the net.
INFO: [Physopt 32-619] Estimated Timing Summary | WNS=-0.183 | TNS=-4.105 |
INFO: [Physopt 32-702] Processed net rasterixgen.rasterix/gpu/rixif/graphicCore/pixelPipeline/tmu0/texFilter/interpolatorS0/colorMixer/REGISTERED_READ.bypass_data_reg[26]_6[0]. Optimizations did not improve timing on the net.
INFO: [Physopt 32-702] Processed net rasterixgen.rasterix/gpu/rixif/graphicCore/pixelPipeline/tmu0/texFilter/interpolatorS0/colorMixer/V020__0_carry__0_n_0. Optimizations did not improve timing on the net.
INFO: [Physopt 32-608] Optimized 1 net.  Swapped 26 pins.
INFO: [Physopt 32-735] Processed net rasterixgen.rasterix/gpu/rixif/graphicCore/pixelPipeline/tmu0/textureReadConcat/stream1_fifo/mem_reg_0_131[0]. Optimization improves timing on the net.
INFO: [Physopt 32-619] Estimated Timing Summary | WNS=-0.181 | TNS=-4.021 |
INFO: [Physopt 32-608] Optimized 1 net.  Swapped 18 pins.
INFO: [Physopt 32-735] Processed net rasterixgen.rasterix/gpu/rixif/graphicCore/pixelPipeline/tmu0/textureReadConcat/stream1_fifo/REGISTERED_READ.bypass_data_reg[27]_1[0]. Optimization improves timing on the net.
INFO: [Physopt 32-619] Estimated Timing Summary | WNS=-0.177 | TNS=-3.860 |
INFO: [Physopt 32-663] Processed net rasterixgen.rasterix/gpu/rixif/graphicCore/pixelPipeline/tmu0/texFilter/interpolatorS1/colorMixer/V01_reg[15]_bret__15_n_0.  Re-placed instance rasterixgen.rasterix/gpu/rixif/graphicCore/pixelPipeline/tmu0/texFilter/interpolatorS1/colorMixer/V01_reg[15]_bret__15
INFO: [Physopt 32-735] Processed net rasterixgen.rasterix/gpu/rixif/graphicCore/pixelPipeline/tmu0/texFilter/interpolatorS1/colorMixer/V01_reg[15]_bret__15_n_0. Optimization improves timing on the net.
INFO: [Physopt 32-619] Estimated Timing Summary | WNS=-0.175 | TNS=-3.682 |
INFO: [Physopt 32-702] Processed net rasterixgen.rasterix/gpu/rixif/graphicCore/pixelPipeline/tmu0/texFilter/interpolatorS1/colorMixer/V00_reg[15]_bret__77_n_0. Optimizations did not improve timing on the net.
INFO: [Physopt 32-702] Processed net ddr3/u_ddr3_mig/u_ddr3_infrastructure/clk_pll_i. Optimizations did not improve timing on the net.
INFO: [Physopt 32-702] Processed net rasterixgen.rasterix/gpu/rixif/graphicCore/pixelPipeline/tmu0/texFilter/interpolatorS1/colorMixer/REGISTERED_READ.bypass_data_reg[26][1]. Optimizations did not improve timing on the net.
INFO: [Physopt 32-608] Optimized 1 net.  Swapped 22 pins.
INFO: [Physopt 32-735] Processed net rasterixgen.rasterix/gpu/rixif/graphicCore/pixelPipeline/tmu0/textureReadConcat/stream0_fifo/V000__0_carry_i_1__0_0[1]. Optimization improves timing on the net.
INFO: [Physopt 32-619] Estimated Timing Summary | WNS=-0.168 | TNS=-3.623 |
INFO: [Physopt 32-663] Processed net rasterixgen.rasterix/gpu/rixif/graphicCore/pixelPipeline/tmu0/texFilter/interpolatorS0/colorMixer/V02_reg[15]_bret__17_n_0.  Re-placed instance rasterixgen.rasterix/gpu/rixif/graphicCore/pixelPipeline/tmu0/texFilter/interpolatorS0/colorMixer/V02_reg[15]_bret__17
INFO: [Physopt 32-735] Processed net rasterixgen.rasterix/gpu/rixif/graphicCore/pixelPipeline/tmu0/texFilter/interpolatorS0/colorMixer/V02_reg[15]_bret__17_n_0. Optimization improves timing on the net.
INFO: [Physopt 32-619] Estimated Timing Summary | WNS=-0.155 | TNS=-3.455 |
INFO: [Physopt 32-702] Processed net rasterixgen.rasterix/gpu/rixif/graphicCore/pixelPipeline/tmu0/texFilter/interpolatorS0/colorMixer/V12_reg[15]_bret__61_n_0. Optimizations did not improve timing on the net.
INFO: [Physopt 32-702] Processed net rasterixgen.rasterix/gpu/rixif/graphicCore/pixelPipeline/tmu0/textureReadConcat/stream1_fifo/mem_reg_0_44. Optimizations did not improve timing on the net.
INFO: [Physopt 32-702] Processed net rasterixgen.rasterix/gpu/rixif/graphicCore/pixelPipeline/tmu0/texFilter/interpolatorS0/colorMixer/mem_reg_0_9[3]. Optimizations did not improve timing on the net.
INFO: [Physopt 32-608] Optimized 1 net.  Swapped 26 pins.
INFO: [Physopt 32-735] Processed net rasterixgen.rasterix/gpu/rixif/graphicCore/pixelPipeline/tmu0/textureReadConcat/stream1_fifo/mem_reg_0_137[0]. Optimization improves timing on the net.
INFO: [Physopt 32-619] Estimated Timing Summary | WNS=-0.152 | TNS=-3.233 |
INFO: [Physopt 32-702] Processed net rasterixgen.rasterix/gpu/rixif/graphicCore/pixelPipeline/tmu0/texFilter/interpolatorS1/colorMixer/V02_reg[15]_bret__61_n_0. Optimizations did not improve timing on the net.
INFO: [Physopt 32-702] Processed net rasterixgen.rasterix/gpu/rixif/graphicCore/pixelPipeline/tmu0/texFilter/interpolatorS1/colorMixer/REGISTERED_READ.bypass_data_reg[26]_7[0]. Optimizations did not improve timing on the net.
INFO: [Physopt 32-702] Processed net rasterixgen.rasterix/gpu/rixif/graphicCore/pixelPipeline/tmu0/texFilter/interpolatorS1/colorMixer/V020__0_carry__0_n_0. Optimizations did not improve timing on the net.
INFO: [Physopt 32-608] Optimized 1 net.  Swapped 26 pins.
INFO: [Physopt 32-735] Processed net rasterixgen.rasterix/gpu/rixif/graphicCore/pixelPipeline/tmu0/textureReadConcat/stream1_fifo/mem_reg_0_155[1]. Optimization improves timing on the net.
INFO: [Physopt 32-619] Estimated Timing Summary | WNS=-0.150 | TNS=-2.989 |
INFO: [Physopt 32-702] Processed net rasterixgen.rasterix/gpu/rixif/graphicCore/pixelPipeline/tmu0/texFilter/interpolatorS1/colorMixer/V00_reg[15]_bret__57_n_0. Optimizations did not improve timing on the net.
INFO: [Physopt 32-702] Processed net rasterixgen.rasterix/gpu/rixif/graphicCore/pixelPipeline/tmu0/textureReadConcat/stream1_fifo/REGISTERED_READ.bypass_data_reg[31]_73. Optimizations did not improve timing on the net.
INFO: [Physopt 32-702] Processed net rasterixgen.rasterix/gpu/rixif/graphicCore/pixelPipeline/tmu0/texFilter/interpolatorS1/colorMixer/mem_reg_0_1[0]. Optimizations did not improve timing on the net.
INFO: [Physopt 32-702] Processed net rasterixgen.rasterix/gpu/rixif/graphicCore/pixelPipeline/tmu0/textureReadConcat/stream0_fifo/REGISTERED_READ.bypass_data_reg[29]_10[1]. Optimizations did not improve timing on the net.
INFO: [Physopt 32-608] Optimized 1 net.  Swapped 24 pins.
INFO: [Physopt 32-735] Processed net rasterixgen.rasterix/gpu/rixif/graphicCore/pixelPipeline/tmu0/textureReadConcat/stream0_fifo/REGISTERED_READ.bypass_data_reg[32]_5[0]. Optimization improves timing on the net.
INFO: [Physopt 32-619] Estimated Timing Summary | WNS=-0.149 | TNS=-2.876 |
INFO: [Physopt 32-663] Processed net rasterixgen.rasterix/gpu/rixif/graphicCore/pixelPipeline/tmu0/texFilter/interpolatorS1/colorMixer/V02_reg[15]_bret__24_n_0.  Re-placed instance rasterixgen.rasterix/gpu/rixif/graphicCore/pixelPipeline/tmu0/texFilter/interpolatorS1/colorMixer/V02_reg[15]_bret__24
INFO: [Physopt 32-735] Processed net rasterixgen.rasterix/gpu/rixif/graphicCore/pixelPipeline/tmu0/texFilter/interpolatorS1/colorMixer/V02_reg[15]_bret__24_n_0. Optimization improves timing on the net.
INFO: [Physopt 32-619] Estimated Timing Summary | WNS=-0.148 | TNS=-2.875 |
INFO: [Physopt 32-702] Processed net rasterixgen.rasterix/gpu/rixif/graphicCore/pixelPipeline/tmu0/texFilter/interpolatorS1/colorMixer/V02_reg[15]_bret__24_n_0. Optimizations did not improve timing on the net.
INFO: [Physopt 32-702] Processed net rasterixgen.rasterix/gpu/rixif/graphicCore/pixelPipeline/tmu0/texFilter/interpolatorS1/colorMixer/mem_reg_0_8[3]. Optimizations did not improve timing on the net.
INFO: [Physopt 32-702] Processed net rasterixgen.rasterix/gpu/rixif/graphicCore/pixelPipeline/tmu0/textureReadConcat/stream0_fifo/REGISTERED_READ.bypass_data_reg[29]_15[0]. Optimizations did not improve timing on the net.
INFO: [Physopt 32-608] Optimized 1 net.  Swapped 23 pins.
INFO: [Physopt 32-735] Processed net rasterixgen.rasterix/gpu/rixif/graphicCore/pixelPipeline/tmu0/textureReadConcat/stream0_fifo/REGISTERED_READ.bypass_data_reg[43]_3[0]. Optimization improves timing on the net.
INFO: [Physopt 32-619] Estimated Timing Summary | WNS=-0.141 | TNS=-2.867 |
INFO: [Physopt 32-702] Processed net rasterixgen.rasterix/gpu/rixif/graphicCore/pixelPipeline/tmu0/texFilter/interpolatorS1/colorMixer/V13_reg[15]_bret__27_n_0. Optimizations did not improve timing on the net.
INFO: [Physopt 32-608] Optimized 1 net.  Swapped 21 pins.
INFO: [Physopt 32-735] Processed net rasterixgen.rasterix/gpu/rixif/graphicCore/pixelPipeline/tmu0/textureReadConcat/stream1_fifo/mem_reg_0_112. Optimization improves timing on the net.
INFO: [Physopt 32-619] Estimated Timing Summary | WNS=-0.141 | TNS=-2.715 |
INFO: [Physopt 32-702] Processed net rasterixgen.rasterix/gpu/rixif/graphicCore/pixelPipeline/tmu0/texFilter/interpolatorS0/colorMixer/V02_reg[15]_bret__20_n_0. Optimizations did not improve timing on the net.
INFO: [Physopt 32-702] Processed net rasterixgen.rasterix/gpu/rixif/graphicCore/pixelPipeline/tmu0/texFilter/interpolatorS0/colorMixer/mem_reg_0_7[3]. Optimizations did not improve timing on the net.
INFO: [Physopt 32-608] Optimized 1 net.  Swapped 26 pins.
INFO: [Physopt 32-735] Processed net rasterixgen.rasterix/gpu/rixif/graphicCore/pixelPipeline/tmu0/textureReadConcat/stream1_fifo/mem_reg_0_133[0]. Optimization improves timing on the net.
INFO: [Physopt 32-619] Estimated Timing Summary | WNS=-0.140 | TNS=-2.534 |
INFO: [Physopt 32-702] Processed net rasterixgen.rasterix/gpu/rixif/graphicCore/pixelPipeline/tmu0/texFilter/interpolatorS0/colorMixer/REGISTERED_READ.bypass_data_reg[26]_6[0]. Optimizations did not improve timing on the net.
INFO: [Physopt 32-663] Processed net rasterixgen.rasterix/gpu/rixif/graphicCore/pixelPipeline/tmu0/textureReadConcat/stream1_fifo/REGISTERED_READ.bypass_data_reg[25]_5[0].  Re-placed instance rasterixgen.rasterix/gpu/rixif/graphicCore/pixelPipeline/tmu0/textureReadConcat/stream1_fifo/V020__0_carry_i_3__0
INFO: [Physopt 32-735] Processed net rasterixgen.rasterix/gpu/rixif/graphicCore/pixelPipeline/tmu0/textureReadConcat/stream1_fifo/REGISTERED_READ.bypass_data_reg[25]_5[0]. Optimization improves timing on the net.
INFO: [Physopt 32-619] Estimated Timing Summary | WNS=-0.140 | TNS=-2.441 |
INFO: [Physopt 32-702] Processed net rasterixgen.rasterix/gpu/rixif/graphicCore/pixelPipeline/tmu0/textureReadConcat/stream0_fifo/REGISTERED_READ.bypass_data_reg[43]_3[0]. Optimizations did not improve timing on the net.
INFO: [Physopt 32-608] Optimized 1 net.  Swapped 24 pins.
INFO: [Physopt 32-735] Processed net rasterixgen.rasterix/gpu/rixif/graphicCore/pixelPipeline/tmu0/textureReadConcat/stream0_fifo/registerMem_reg[12][12]_19. Optimization improves timing on the net.
INFO: [Physopt 32-619] Estimated Timing Summary | WNS=-0.136 | TNS=-2.429 |
INFO: [Physopt 32-702] Processed net rasterixgen.rasterix/gpu/rixif/graphicCore/pixelPipeline/tmu0/texFilter/interpolatorS0/colorMixer/V10_reg[15]_bret__77_n_0. Optimizations did not improve timing on the net.
INFO: [Physopt 32-702] Processed net rasterixgen.rasterix/gpu/rixif/graphicCore/pixelPipeline/tmu0/textureReadConcat/stream1_fifo/REGISTERED_READ.bypass_data_reg[31]_14. Optimizations did not improve timing on the net.
INFO: [Physopt 32-702] Processed net rasterixgen.rasterix/gpu/rixif/graphicCore/pixelPipeline/tmu0/texFilter/interpolatorS0/colorMixer/REGISTERED_READ.bypass_data_reg[26]_3[0]. Optimizations did not improve timing on the net.
INFO: [Physopt 32-608] Optimized 1 net.  Swapped 24 pins.
INFO: [Physopt 32-735] Processed net rasterixgen.rasterix/gpu/rixif/graphicCore/pixelPipeline/tmu0/textureReadConcat/stream1_fifo/REGISTERED_READ.bypass_data_reg[26]_2[1]. Optimization improves timing on the net.
INFO: [Physopt 32-619] Estimated Timing Summary | WNS=-0.128 | TNS=-2.272 |
INFO: [Physopt 32-608] Optimized 1 net.  Swapped 26 pins.
INFO: [Physopt 32-735] Processed net rasterixgen.rasterix/gpu/rixif/graphicCore/pixelPipeline/tmu0/textureReadConcat/stream1_fifo/mem_reg_0_157[0]. Optimization improves timing on the net.
INFO: [Physopt 32-619] Estimated Timing Summary | WNS=-0.127 | TNS=-2.148 |
INFO: [Physopt 32-702] Processed net rasterixgen.rasterix/gpu/rixif/graphicCore/pixelPipeline/tmu0/texFilter/interpolatorS1/colorMixer/V12_reg[15]_bret__61_n_0. Optimizations did not improve timing on the net.
INFO: [Physopt 32-702] Processed net rasterixgen.rasterix/gpu/rixif/graphicCore/pixelPipeline/tmu0/texFilter/interpolatorS1/colorMixer/REGISTERED_READ.bypass_data_reg[26]_9[0]. Optimizations did not improve timing on the net.
INFO: [Physopt 32-608] Optimized 1 net.  Swapped 26 pins.
INFO: [Physopt 32-735] Processed net rasterixgen.rasterix/gpu/rixif/graphicCore/pixelPipeline/tmu0/textureReadConcat/stream1_fifo/mem_reg_0_159[1]. Optimization improves timing on the net.
INFO: [Physopt 32-619] Estimated Timing Summary | WNS=-0.123 | TNS=-2.133 |
INFO: [Physopt 32-608] Optimized 1 net.  Swapped 22 pins.
INFO: [Physopt 32-735] Processed net rasterixgen.rasterix/gpu/rixif/graphicCore/pixelPipeline/tmu0/textureReadConcat/stream1_fifo/mem_reg_0_119[0]. Optimization improves timing on the net.
INFO: [Physopt 32-619] Estimated Timing Summary | WNS=-0.120 | TNS=-2.074 |
INFO: [Physopt 32-663] Processed net rasterixgen.rasterix/gpu/rixif/graphicCore/pixelPipeline/tmu0/texFilter/interpolatorS0/colorMixer/V00_reg[15]_bret__46_n_0.  Re-placed instance rasterixgen.rasterix/gpu/rixif/graphicCore/pixelPipeline/tmu0/texFilter/interpolatorS0/colorMixer/V00_reg[15]_bret__46
INFO: [Physopt 32-735] Processed net rasterixgen.rasterix/gpu/rixif/graphicCore/pixelPipeline/tmu0/texFilter/interpolatorS0/colorMixer/V00_reg[15]_bret__46_n_0. Optimization improves timing on the net.
INFO: [Physopt 32-619] Estimated Timing Summary | WNS=-0.115 | TNS=-1.954 |
INFO: [Physopt 32-702] Processed net rasterixgen.rasterix/gpu/rixif/graphicCore/pixelPipeline/tmu0/textureReadConcat/stream0_fifo/V000__0_carry_i_1__0_0[1]. Optimizations did not improve timing on the net.
INFO: [Physopt 32-663] Processed net rasterixgen.rasterix/gpu/rixif/graphicCore/pixelPipeline/tmu0/textureReadConcat/stream0_fifo/REGISTERED_READ.bypass_data_reg[32]_2[3].  Re-placed instance rasterixgen.rasterix/gpu/rixif/graphicCore/pixelPipeline/tmu0/textureReadConcat/stream0_fifo/V000__0_carry__0_i_1
INFO: [Physopt 32-735] Processed net rasterixgen.rasterix/gpu/rixif/graphicCore/pixelPipeline/tmu0/textureReadConcat/stream0_fifo/REGISTERED_READ.bypass_data_reg[32]_2[3]. Optimization improves timing on the net.
INFO: [Physopt 32-619] Estimated Timing Summary | WNS=-0.112 | TNS=-1.839 |
INFO: [Common 17-14] Message 'Physopt 32-619' appears 100 times and further instances of the messages will be disabled. Use the Tcl command set_msg_config to change the current settings.
INFO: [Physopt 32-702] Processed net rasterixgen.rasterix/gpu/rixif/graphicCore/pixelPipeline/tmu0/texFilter/interpolatorS1/colorMixer/mem_reg_0_10[3]. Optimizations did not improve timing on the net.
INFO: [Physopt 32-702] Processed net rasterixgen.rasterix/gpu/rixif/graphicCore/pixelPipeline/tmu0/texFilter/interpolatorS1/colorMixer/V120__30_carry_n_0. Optimizations did not improve timing on the net.
INFO: [Physopt 32-608] Optimized 1 net.  Swapped 23 pins.
INFO: [Physopt 32-735] Processed net rasterixgen.rasterix/gpu/rixif/graphicCore/pixelPipeline/tmu0/textureReadConcat/stream1_fifo/REGISTERED_READ.bypass_data_reg[29]_24[2]. Optimization improves timing on the net.
INFO: [Physopt 32-702] Processed net rasterixgen.rasterix/gpu/rixif/graphicCore/pixelPipeline/tmu0/texFilter/interpolatorS1/colorMixer/V11_reg[15]_bret__15_n_0. Optimizations did not improve timing on the net.
INFO: [Physopt 32-702] Processed net rasterixgen.rasterix/gpu/rixif/graphicCore/pixelPipeline/tmu0/texFilter/interpolatorS1/colorMixer/REGISTERED_READ.bypass_data_reg[29]_4[0]. Optimizations did not improve timing on the net.
INFO: [Physopt 32-608] Optimized 1 net.  Swapped 26 pins.
INFO: [Physopt 32-735] Processed net rasterixgen.rasterix/gpu/rixif/graphicCore/pixelPipeline/tmu0/textureReadConcat/stream1_fifo/mem_reg_0_153[2]. Optimization improves timing on the net.
INFO: [Physopt 32-702] Processed net rasterixgen.rasterix/gpu/rixif/graphicCore/pixelPipeline/tmu0/texFilter/interpolatorS1/colorMixer/V01_reg[15]_bret__20_n_0. Optimizations did not improve timing on the net.
INFO: [Physopt 32-608] Optimized 1 net.  Swapped 24 pins.
INFO: [Physopt 32-735] Processed net rasterixgen.rasterix/gpu/rixif/graphicCore/pixelPipeline/tmu0/textureReadConcat/stream1_fifo/mem_reg_0_81. Optimization improves timing on the net.
INFO: [Common 17-14] Message 'Physopt 32-735' appears 100 times and further instances of the messages will be disabled. Use the Tcl command set_msg_config to change the current settings.
INFO: [Physopt 32-663] Processed net rasterixgen.rasterix/gpu/rixif/graphicCore/pixelPipeline/tmu0/texFilter/interpolatorS1/colorMixer/V03_reg[15]_bret__62_n_0.  Re-placed instance rasterixgen.rasterix/gpu/rixif/graphicCore/pixelPipeline/tmu0/texFilter/interpolatorS1/colorMixer/V03_reg[15]_bret__62
INFO: [Physopt 32-702] Processed net rasterixgen.rasterix/gpu/rixif/graphicCore/pixelPipeline/tmu0/texFilter/interpolatorS0/colorMixer/REGISTERED_READ.bypass_data_reg[26]_8[0]. Optimizations did not improve timing on the net.
INFO: [Physopt 32-702] Processed net rasterixgen.rasterix/gpu/rixif/graphicCore/pixelPipeline/tmu0/textureReadConcat/stream1_fifo/mem_reg_0_135[0]. Optimizations did not improve timing on the net.
INFO: [Physopt 32-663] Processed net rasterixgen.rasterix/gpu/rixif/graphicCore/pixelPipeline/tmu0/textureReadConcat/stream0_fifo/REGISTERED_READ.bypass_data_reg[25]_1[0].  Re-placed instance rasterixgen.rasterix/gpu/rixif/graphicCore/pixelPipeline/tmu0/textureReadConcat/stream0_fifo/V120__0_carry__0_i_4__1
INFO: [Physopt 32-608] Optimized 1 net.  Swapped 21 pins.
INFO: [Physopt 32-702] Processed net rasterixgen.rasterix/gpu/rixif/graphicCore/pixelPipeline/tmu0/texFilter/interpolatorS0/colorMixer/V01_reg[15]_bret__15_n_0. Optimizations did not improve timing on the net.
INFO: [Physopt 32-702] Processed net rasterixgen.rasterix/gpu/rixif/graphicCore/pixelPipeline/tmu0/textureReadConcat/stream1_fifo/REGISTERED_READ.bypass_data_reg[31]_19. Optimizations did not improve timing on the net.
INFO: [Physopt 32-702] Processed net rasterixgen.rasterix/gpu/rixif/graphicCore/pixelPipeline/tmu0/texFilter/interpolatorS0/colorMixer/REGISTERED_READ.bypass_data_reg[29]_2[1]. Optimizations did not improve timing on the net.
INFO: [Physopt 32-608] Optimized 1 net.  Swapped 26 pins.
INFO: [Physopt 32-702] Processed net rasterixgen.rasterix/gpu/rixif/graphicCore/pixelPipeline/tmu0/texFilter/interpolatorS1/colorMixer/V11_reg[15]_bret__21_n_0. Optimizations did not improve timing on the net.
INFO: [Physopt 32-702] Processed net rasterixgen.rasterix/gpu/rixif/graphicCore/pixelPipeline/tmu0/texFilter/interpolatorS1/colorMixer/mem_reg_0_4[3]. Optimizations did not improve timing on the net.
INFO: [Physopt 32-608] Optimized 1 net.  Swapped 26 pins.
INFO: [Physopt 32-702] Processed net rasterixgen.rasterix/gpu/rixif/graphicCore/pixelPipeline/tmu0/textureReadConcat/stream0_fifo/REGISTERED_READ.bypass_data_reg[26]_7[0]. Optimizations did not improve timing on the net.
INFO: [Physopt 32-608] Optimized 1 net.  Swapped 24 pins.
INFO: [Physopt 32-702] Processed net rasterixgen.rasterix/gpu/rixif/graphicCore/pixelPipeline/tmu0/textureReadConcat/stream1_fifo/REGISTERED_READ.bypass_data_reg[26]_2[1]. Optimizations did not improve timing on the net.
INFO: [Physopt 32-663] Processed net rasterixgen.rasterix/gpu/rixif/graphicCore/pixelPipeline/tmu0/textureReadConcat/stream1_fifo/REGISTERED_READ.bypass_data_reg[24]_7[2].  Re-placed instance rasterixgen.rasterix/gpu/rixif/graphicCore/pixelPipeline/tmu0/textureReadConcat/stream1_fifo/V100__0_carry_i_1__0
INFO: [Physopt 32-663] Processed net rasterixgen.rasterix/gpu/rixif/graphicCore/pixelPipeline/tmu0/texFilter/interpolatorS0/colorMixer/V11_reg[15]_bret__62_n_0.  Re-placed instance rasterixgen.rasterix/gpu/rixif/graphicCore/pixelPipeline/tmu0/texFilter/interpolatorS0/colorMixer/V11_reg[15]_bret__62
INFO: [Physopt 32-702] Processed net rasterixgen.rasterix/gpu/rixif/graphicCore/pixelPipeline/tmu0/texFilter/interpolatorS1/colorMixer/V10_reg[15]_bret__46_n_0. Optimizations did not improve timing on the net.
INFO: [Physopt 32-702] Processed net rasterixgen.rasterix/gpu/rixif/graphicCore/pixelPipeline/tmu0/texFilter/interpolatorS1/colorMixer/REGISTERED_READ.bypass_data_reg[26]_0[1]. Optimizations did not improve timing on the net.
INFO: [Physopt 32-702] Processed net rasterixgen.rasterix/gpu/rixif/graphicCore/pixelPipeline/tmu0/textureReadConcat/stream1_fifo/mem_reg_0_143[0]. Optimizations did not improve timing on the net.
INFO: [Physopt 32-663] Processed net rasterixgen.rasterix/gpu/rixif/graphicCore/pixelPipeline/tmu0/textureReadConcat/stream0_fifo/REGISTERED_READ.bypass_data_reg[48]_1[0].  Re-placed instance rasterixgen.rasterix/gpu/rixif/graphicCore/pixelPipeline/tmu0/textureReadConcat/stream0_fifo/V100__0_carry__0_i_4
INFO: [Physopt 32-702] Processed net rasterixgen.rasterix/gpu/rixif/graphicCore/pixelPipeline/tmu0/texFilter/interpolatorS1/colorMixer/V11_reg[15]_bret__62_n_0. Optimizations did not improve timing on the net.
INFO: [Physopt 32-702] Processed net rasterixgen.rasterix/gpu/rixif/graphicCore/pixelPipeline/tmu0/texFilter/interpolatorS1/colorMixer/REGISTERED_READ.bypass_data_reg[26]_2[1]. Optimizations did not improve timing on the net.
INFO: [Physopt 32-702] Processed net rasterixgen.rasterix/gpu/rixif/graphicCore/pixelPipeline/tmu0/textureReadConcat/stream1_fifo/mem_reg_0_151[0]. Optimizations did not improve timing on the net.
INFO: [Physopt 32-702] Processed net rasterixgen.rasterix/gpu/rixif/graphicCore/pixelPipeline/tmu0/textureReadConcat/stream0_fifo/registerMem_reg[12][12]_33[0]. Optimizations did not improve timing on the net.
INFO: [Physopt 32-663] Processed net rasterixgen.rasterix/gpu/rixif/graphicCore/pixelPipeline/tmu0/textureReadConcat/stream0_fifo/mem_reg_6_repN.  Re-placed instance rasterixgen.rasterix/gpu/rixif/graphicCore/pixelPipeline/tmu0/textureReadConcat/stream0_fifo/V11[15]_bret_bret__16_i_1__0_replica
INFO: [Physopt 32-663] Processed net rasterixgen.rasterix/gpu/rixif/graphicCore/pixelPipeline/tmu0/texFilter/interpolatorS0/colorMixer/V00_reg[15]_bret__57_n_0.  Re-placed instance rasterixgen.rasterix/gpu/rixif/graphicCore/pixelPipeline/tmu0/texFilter/interpolatorS0/colorMixer/V00_reg[15]_bret__57
INFO: [Physopt 32-702] Processed net rasterixgen.rasterix/gpu/rixif/graphicCore/pixelPipeline/tmu0/texFilter/interpolatorS0/colorMixer/mem_reg_0_1[2]. Optimizations did not improve timing on the net.
INFO: [Physopt 32-663] Processed net rasterixgen.rasterix/gpu/rixif/graphicCore/pixelPipeline/tmu0/textureReadConcat/stream1_fifo/REGISTERED_READ.bypass_data_reg[27]_7[2].  Re-placed instance rasterixgen.rasterix/gpu/rixif/graphicCore/pixelPipeline/tmu0/textureReadConcat/stream1_fifo/V100__30_carry_i_1__0
INFO: [Physopt 32-608] Optimized 1 net.  Swapped 26 pins.
INFO: [Physopt 32-702] Processed net rasterixgen.rasterix/gpu/rixif/graphicCore/pixelPipeline/tmu0/texFilter/interpolatorS0/colorMixer/V13_reg[15]_bret__69_n_0. Optimizations did not improve timing on the net.
INFO: [Physopt 32-663] Processed net rasterixgen.rasterix/gpu/rixif/graphicCore/pixelPipeline/tmu0/textureReadConcat/stream1_fifo/mem_reg_0_55.  Re-placed instance rasterixgen.rasterix/gpu/rixif/graphicCore/pixelPipeline/tmu0/textureReadConcat/stream1_fifo/V13[15]_bret__36_i_1
INFO: [Physopt 32-608] Optimized 1 net.  Swapped 11 pins.
INFO: [Physopt 32-702] Processed net rasterixgen.rasterix/gpu/rixif/graphicCore/pixelPipeline/tmu0/textureReadConcat/stream0_fifo/REGISTERED_READ.bypass_data_reg[11]_2[0]. Optimizations did not improve timing on the net.
INFO: [Physopt 32-608] Optimized 1 net.  Swapped 24 pins.
INFO: [Physopt 32-608] Optimized 1 net.  Swapped 24 pins.
INFO: [Physopt 32-702] Processed net rasterixgen.rasterix/gpu/rixif/graphicCore/pixelPipeline/tmu0/textureReadConcat/stream0_fifo/V100__0_carry_i_1[0]. Optimizations did not improve timing on the net.
INFO: [Physopt 32-663] Processed net rasterixgen.rasterix/gpu/rixif/graphicCore/pixelPipeline/tmu0/textureReadConcat/stream1_fifo/mem_reg_0_68.  Re-placed instance rasterixgen.rasterix/gpu/rixif/graphicCore/pixelPipeline/tmu0/textureReadConcat/stream1_fifo/V100__0_carry__0_i_9__0
INFO: [Physopt 32-663] Processed net rasterixgen.rasterix/gpu/rixif/graphicCore/pixelPipeline/tmu0/textureReadConcat/stream1_fifo/REGISTERED_READ.bypass_data_reg[24]_5[0].  Re-placed instance rasterixgen.rasterix/gpu/rixif/graphicCore/pixelPipeline/tmu0/textureReadConcat/stream1_fifo/V120__0_carry_i_3__0
INFO: [Physopt 32-663] Processed net rasterixgen.rasterix/gpu/rixif/graphicCore/pixelPipeline/tmu0/texFilter/interpolatorS0/colorMixer/V11_reg[15]_bret__61_n_0.  Re-placed instance rasterixgen.rasterix/gpu/rixif/graphicCore/pixelPipeline/tmu0/texFilter/interpolatorS0/colorMixer/V11_reg[15]_bret__61
INFO: [Physopt 32-702] Processed net rasterixgen.rasterix/gpu/rixif/graphicCore/pixelPipeline/tmu0/textureReadConcat/stream0_fifo/REGISTERED_READ.bypass_data_reg[32]_5[0]. Optimizations did not improve timing on the net.
INFO: [Physopt 32-663] Processed net rasterixgen.rasterix/gpu/rixif/graphicCore/pixelPipeline/tmu0/textureReadConcat/stream0_fifo/REGISTERED_READ.bypass_data_reg[33]_0.  Re-placed instance rasterixgen.rasterix/gpu/rixif/graphicCore/pixelPipeline/tmu0/textureReadConcat/stream0_fifo/V00[15]_bret__9_i_1
INFO: [Physopt 32-702] Processed net rasterixgen.rasterix/gpu/rixif/graphicCore/pixelPipeline/tmu0/textureReadConcat/stream1_fifo/mem_reg_0_137[0]. Optimizations did not improve timing on the net.
INFO: [Physopt 32-663] Processed net rasterixgen.rasterix/gpu/rixif/graphicCore/pixelPipeline/tmu0/textureReadConcat/stream0_fifo/REGISTERED_READ.bypass_data_reg[25]_2[0].  Re-placed instance rasterixgen.rasterix/gpu/rixif/graphicCore/pixelPipeline/tmu0/textureReadConcat/stream0_fifo/V120__30_carry__0_i_4__1
INFO: [Physopt 32-702] Processed net rasterixgen.rasterix/gpu/rixif/graphicCore/pixelPipeline/tmu0/texFilter/interpolatorS0/colorMixer/V12_reg[15]_bret__15_n_0. Optimizations did not improve timing on the net.
INFO: [Physopt 32-702] Processed net rasterixgen.rasterix/gpu/rixif/graphicCore/pixelPipeline/tmu0/textureReadConcat/stream1_fifo/REGISTERED_READ.bypass_data_reg[31]_46. Optimizations did not improve timing on the net.
INFO: [Physopt 32-702] Processed net rasterixgen.rasterix/gpu/rixif/graphicCore/pixelPipeline/tmu0/texFilter/interpolatorS0/colorMixer/REGISTERED_READ.bypass_data_reg[29]_8[1]. Optimizations did not improve timing on the net.
INFO: [Physopt 32-608] Optimized 1 net.  Swapped 24 pins.
INFO: [Physopt 32-702] Processed net rasterixgen.rasterix/gpu/rixif/graphicCore/pixelPipeline/tmu0/textureReadConcat/stream0_fifo/REGISTERED_READ.bypass_data_reg[29]_13[0]. Optimizations did not improve timing on the net.
INFO: [Physopt 32-608] Optimized 1 net.  Swapped 24 pins.
INFO: [Physopt 32-702] Processed net rasterixgen.rasterix/gpu/rixif/depthBuffer/internalFramebufferRam/ramTile/genblk1[3].xpm_memory_sdpram_inst/xpm_memory_base_inst/doutb[7]. Optimizations did not improve timing on the net.
INFO: [Physopt 32-608] Optimized 1 net.  Swapped 12 pins.
INFO: [Physopt 32-702] Processed net rasterixgen.rasterix/gpu/rixif/graphicCore/pixelPipeline/tmu0/textureReadConcat/stream1_fifo/mem_reg_0_159[0]. Optimizations did not improve timing on the net.
INFO: [Physopt 32-608] Optimized 1 net.  Swapped 14 pins.
INFO: [Physopt 32-663] Processed net rasterixgen.rasterix/gpu/rixif/graphicCore/pixelPipeline/tmu0/textureReadConcat/stream0_fifo/REGISTERED_READ.bypass_data_reg[48]_1[1].  Re-placed instance rasterixgen.rasterix/gpu/rixif/graphicCore/pixelPipeline/tmu0/textureReadConcat/stream0_fifo/V100__0_carry__0_i_3
INFO: [Physopt 32-702] Processed net rasterixgen.rasterix/gpu/rixif/graphicCore/pixelPipeline/tmu0/textureReadConcat/stream0_fifo/V100__0_carry_i_1[1]. Optimizations did not improve timing on the net.
INFO: [Physopt 32-663] Processed net rasterixgen.rasterix/gpu/rixif/graphicCore/pixelPipeline/tmu0/textureReadConcat/stream0_fifo/REGISTERED_READ.bypass_data_reg[48]_1[3].  Re-placed instance rasterixgen.rasterix/gpu/rixif/graphicCore/pixelPipeline/tmu0/textureReadConcat/stream0_fifo/V100__0_carry__0_i_1
INFO: [Physopt 32-702] Processed net rasterixgen.rasterix/gpu/rixif/graphicCore/pixelPipeline/tmu0/textureReadConcat/stream1_fifo/mem_reg_0_119[0]. Optimizations did not improve timing on the net.
INFO: [Physopt 32-663] Processed net rasterixgen.rasterix/gpu/rixif/graphicCore/pixelPipeline/tmu0/textureReadConcat/stream0_fifo/REGISTERED_READ.bypass_data_reg[16]_2[0].  Re-placed instance rasterixgen.rasterix/gpu/rixif/graphicCore/pixelPipeline/tmu0/textureReadConcat/stream0_fifo/V100__0_carry__0_i_4__0
INFO: [Physopt 32-663] Processed net rasterixgen.rasterix/gpu/rixif/graphicCore/pixelPipeline/tmu0/textureReadConcat/stream0_fifo/mem_reg_6_repN.  Re-placed instance rasterixgen.rasterix/gpu/rixif/graphicCore/pixelPipeline/tmu0/textureReadConcat/stream0_fifo/V11[15]_bret_bret__16_i_1__0_replica
Netlist sorting complete. Time (s): cpu = 00:00:00.04 ; elapsed = 00:00:00.04 . Memory (MB): peak = 4708.020 ; gain = 0.000 ; free physical = 26431 ; free virtual = 43061
Phase 3 Critical Path Optimization | Checksum: 147b901de

Time (s): cpu = 00:06:19 ; elapsed = 00:01:36 . Memory (MB): peak = 4708.020 ; gain = 8.004 ; free physical = 26431 ; free virtual = 43061

Phase 4 Critical Path Optimization
Netlist sorting complete. Time (s): cpu = 00:00:00.01 ; elapsed = 00:00:00.01 . Memory (MB): peak = 4708.020 ; gain = 0.000 ; free physical = 26431 ; free virtual = 43061
Phase 4 Critical Path Optimization | Checksum: 147b901de

Time (s): cpu = 00:06:19 ; elapsed = 00:01:36 . Memory (MB): peak = 4708.020 ; gain = 8.004 ; free physical = 26431 ; free virtual = 43061
Netlist sorting complete. Time (s): cpu = 00:00:00.02 ; elapsed = 00:00:00.01 . Memory (MB): peak = 4708.020 ; gain = 0.000 ; free physical = 26431 ; free virtual = 43061
INFO: [Physopt 32-603] Post Physical Optimization Timing Summary | WNS=0.002 | TNS=0.000 |

Summary of Physical Synthesis Optimizations
============================================


-------------------------------------------------------------------------------------------------------------------------------------------------------------
|  Optimization   |  WNS Gain (ns)  |  TNS Gain (ns)  |  Added Cells  |  Removed Cells  |  Optimized Cells/Nets  |  Dont Touch  |  Iterations  |  Elapsed   |
-------------------------------------------------------------------------------------------------------------------------------------------------------------
|  DSP Register   |          0.000  |          0.000  |            0  |              0  |                     0  |           0  |           1  |  00:00:00  |
|  Critical Path  |          1.446  |         30.160  |            1  |              0  |                   130  |           0  |           2  |  00:01:28  |
|  Total          |          1.446  |         30.160  |            1  |              0  |                   130  |           0  |           3  |  00:01:28  |
-------------------------------------------------------------------------------------------------------------------------------------------------------------


Netlist sorting complete. Time (s): cpu = 00:00:00.02 ; elapsed = 00:00:00.02 . Memory (MB): peak = 4708.020 ; gain = 0.000 ; free physical = 26431 ; free virtual = 43061
Ending Physical Synthesis Task | Checksum: 1c952b253

Time (s): cpu = 00:06:20 ; elapsed = 00:01:37 . Memory (MB): peak = 4708.020 ; gain = 8.004 ; free physical = 26431 ; free virtual = 43061

Reference - Incremental Comparison Summary

1. Comparison with Reference Run
--------------------------------

+-----------------+---------------------------+---------------------------+---------------------------+
|                 |          WNS(ns)          |  Runtime(elapsed)(hh:mm)  |    Runtime(cpu)(hh:mm)    |
+-----------------+-------------+-------------+-------------+-------------+-------------+-------------+
|      Stage      |  Reference  | Incremental |  Reference  | Incremental |  Reference  | Incremental |
+-----------------+-------------+-------------+-------------+-------------+-------------+-------------+
| synth_design    |             |             |       00:05 |       00:04 |       00:07 |       00:06 |
| opt_design      |             |             |       00:02 |       00:01 |       00:02 |       00:02 |
| read_checkpoint |             |             |             |       00:01 |             |       00:01 |
| place_design    |      -0.456 |      -1.444 |       00:07 |       00:02 |       00:15 |       00:07 |
| phys_opt_design |       0.067 |       0.002 |     < 1 min |       00:01 |       00:03 |       00:06 |
| route_design    |       0.018 |             |       00:27 |             |       00:57 |             |
| phys_opt_design |       0.018 |             |     < 1 min |             |     < 1 min |             |
+-----------------+-------------+-------------+-------------+-------------+-------------+-------------+


INFO: [Common 17-83] Releasing license: Implementation
451 Infos, 0 Warnings, 0 Critical Warnings and 0 Errors encountered.
phys_opt_design completed successfully
phys_opt_design: Time (s): cpu = 00:06:27 ; elapsed = 00:01:39 . Memory (MB): peak = 4708.020 ; gain = 8.004 ; free physical = 26431 ; free virtual = 43061
# write_checkpoint $out/placed.dcp
INFO: [Timing 38-480] Writing timing data to binary archive.
Wrote PlaceDB: Time (s): cpu = 00:00:00 ; elapsed = 00:00:00 . Memory (MB): peak = 4732.031 ; gain = 0.000 ; free physical = 26430 ; free virtual = 43060
Wrote PulsedLatchDB: Time (s): cpu = 00:00:00 ; elapsed = 00:00:00 . Memory (MB): peak = 4732.031 ; gain = 0.000 ; free physical = 26430 ; free virtual = 43060
Writing XDEF routing.
Writing XDEF routing logical nets.
Write ShapeDB Complete: Time (s): cpu = 00:00:00.66 ; elapsed = 00:00:00.13 . Memory (MB): peak = 4732.031 ; gain = 0.000 ; free physical = 26420 ; free virtual = 43060
Writing XDEF routing special nets.
Wrote RouteStorage: Time (s): cpu = 00:00:09 ; elapsed = 00:00:02 . Memory (MB): peak = 4732.031 ; gain = 0.000 ; free physical = 26357 ; free virtual = 43057
Wrote PlaceStorage: Time (s): cpu = 00:00:05 ; elapsed = 00:00:03 . Memory (MB): peak = 4732.031 ; gain = 0.000 ; free physical = 26282 ; free virtual = 43055
Wrote Netlist Cache: Time (s): cpu = 00:00:00.12 ; elapsed = 00:00:00.13 . Memory (MB): peak = 4732.031 ; gain = 0.000 ; free physical = 26272 ; free virtual = 43055
Wrote Device Cache: Time (s): cpu = 00:00:00 ; elapsed = 00:00:00.01 . Memory (MB): peak = 4732.031 ; gain = 0.000 ; free physical = 26271 ; free virtual = 43055
Write Physdb Complete: Time (s): cpu = 00:00:14 ; elapsed = 00:00:05 . Memory (MB): peak = 4732.031 ; gain = 0.000 ; free physical = 26271 ; free virtual = 43055
INFO: [Common 17-1381] The checkpoint '/home/researcher/projects/wally-game-console-research/build/transport-study-20261009/if17-incremental/placed.dcp' has been generated.
write_checkpoint: Time (s): cpu = 00:00:19 ; elapsed = 00:00:10 . Memory (MB): peak = 4732.031 ; gain = 24.012 ; free physical = 26369 ; free virtual = 43051
# route_design -directive Explore
Command: route_design -directive Explore
Attempting to get a license for feature 'Implementation' and/or device 'xc7a200t'
INFO: [Common 17-349] Got license for feature 'Implementation' and/or device 'xc7a200t'
INFO: [DRC 23-27] Running DRC with 8 threads
INFO: [Vivado_Tcl 4-198] DRC finished with 0 Errors
INFO: [Vivado_Tcl 4-199] Please refer to the DRC report (report_drc) for more information.
cleanRouteStorageTime (s): cpu = 00:00:31 ; elapsed = 00:00:12 . Memory (MB): peak = 4732.031 ; gain = 0.000 ; free physical = 26319 ; free virtual = 43002
INFO: [Route 72-6] Incremental Directive "RuntimeOptimized" has been set. This will overwrite route_design -directive "Explore" which was called in this command.
INFO: [Route 35-254] Multithreading enabled for route_design using a maximum of 8 CPUs

Starting Incremental Route Task

Phase 1 Build RT Design
Checksum: PlaceDB: 682f1b87 ConstDB: 0 ShapeSum: 3d520f2c RouteDB: 2c276fb6
Phase 1 Build RT Design | Checksum: 35a171c26

Time (s): cpu = 00:01:15 ; elapsed = 00:00:34 . Memory (MB): peak = 4732.031 ; gain = 0.000 ; free physical = 26492 ; free virtual = 43176
Post Restoration Checksum: NetGraph: 2c908374 | NumContArr: 7cbccdd1 | Constraints: c2a8fa9d | Timing: c2a8fa9d

Phase 2 Router Initialization

Phase 2.1 Fix Topology Constraints
Phase 2.1 Fix Topology Constraints | Checksum: 22e9f467f

Time (s): cpu = 00:01:26 ; elapsed = 00:00:39 . Memory (MB): peak = 4732.031 ; gain = 0.000 ; free physical = 26492 ; free virtual = 43177

Phase 2.2 Pre Route Cleanup
Phase 2.2 Pre Route Cleanup | Checksum: 26e0b3513

Time (s): cpu = 00:01:27 ; elapsed = 00:00:39 . Memory (MB): peak = 4732.031 ; gain = 0.000 ; free physical = 26492 ; free virtual = 43177
--------------------------------------------------------
|Incremental Routing Reuse Summary                      |
--------------------------------------------------------
|Type                     | Count    | Percentage       |
--------------------------------------------------------
|Fully reused nets        |    117995|            97.91 |
|Partially reused nets    |       614|             0.51 |
|Non-reused nets          |      1902|             1.58 |
--------------------------------------------------------
INFO: [Route 35-559] route_design is using directive Default with target WNS of 0.0ns
 Number of Nodes with overlaps = 0

Phase 2.3 Disable Unchanged Timing Paths
Phase 2.3 Disable Unchanged Timing Paths | Checksum: 1f9891d7a

Time (s): cpu = 00:01:39 ; elapsed = 00:00:46 . Memory (MB): peak = 4732.031 ; gain = 0.000 ; free physical = 26489 ; free virtual = 43173

Phase 2.4 Enable Unchanged Timing Paths
Phase 2.4 Enable Unchanged Timing Paths | Checksum: 1f9891d7a

Time (s): cpu = 00:01:40 ; elapsed = 00:00:47 . Memory (MB): peak = 4732.031 ; gain = 0.000 ; free physical = 26489 ; free virtual = 43173

Phase 2.5 Update Timing
Phase 2.5 Update Timing | Checksum: 15be2dae0

Time (s): cpu = 00:02:38 ; elapsed = 00:01:04 . Memory (MB): peak = 4732.031 ; gain = 0.000 ; free physical = 26492 ; free virtual = 43176
INFO: [Route 35-416] Intermediate Timing Summary | WNS=-0.080 | TNS=-0.099 | WHS=-0.487 | THS=-1301.444|


Phase 2.6 Update Timing for Bus Skew

Phase 2.6.1 Update Timing
Phase 2.6.1 Update Timing | Checksum: 1ce34cd9f

Time (s): cpu = 00:03:06 ; elapsed = 00:01:12 . Memory (MB): peak = 4732.031 ; gain = 0.000 ; free physical = 26487 ; free virtual = 43171
INFO: [Route 35-416] Intermediate Timing Summary | WNS=-0.080 | TNS=-0.253 | WHS=-0.051 | THS=-0.097 |

Phase 2.6 Update Timing for Bus Skew | Checksum: 139d94108

Time (s): cpu = 00:03:06 ; elapsed = 00:01:12 . Memory (MB): peak = 4732.031 ; gain = 0.000 ; free physical = 26487 ; free virtual = 43171

Phase 2.7 Soft Constraint Pins - Fast Budgeting
Phase 2.7 Soft Constraint Pins - Fast Budgeting | Checksum: 139d94108

Time (s): cpu = 00:03:07 ; elapsed = 00:01:13 . Memory (MB): peak = 4732.031 ; gain = 0.000 ; free physical = 26487 ; free virtual = 43171

Router Utilization Summary
  Global Vertical Routing Utilization    = 0.00813848 %
  Global Horizontal Routing Utilization  = 0.0127892 %
  Routable Net Status*
  *Does not include unroutable nets such as driverless and loadless.
  Run report_route_status for detailed report.
  Number of Failed Nets               = 2516
    (Failed Nets is the sum of unrouted and partially routed nets)
  Number of Unrouted Nets             = 1902
  Number of Partially Routed Nets     = 614
  Number of Node Overlaps             = 0

Phase 2 Router Initialization | Checksum: 13dfc9b76

Time (s): cpu = 00:03:09 ; elapsed = 00:01:13 . Memory (MB): peak = 4732.031 ; gain = 0.000 ; free physical = 26487 ; free virtual = 43171

Phase 3 Global Routing
Phase 3 Global Routing | Checksum: 13dfc9b76

Time (s): cpu = 00:03:09 ; elapsed = 00:01:13 . Memory (MB): peak = 4732.031 ; gain = 0.000 ; free physical = 26487 ; free virtual = 43171

Phase 4 Initial Routing

Phase 4.1 Initial Net Routing Pass
Phase 4.1 Initial Net Routing Pass | Checksum: 1c0368699

Time (s): cpu = 00:04:32 ; elapsed = 00:01:39 . Memory (MB): peak = 4896.031 ; gain = 164.000 ; free physical = 26322 ; free virtual = 43007
Phase 4 Initial Routing | Checksum: 1c0368699

Time (s): cpu = 00:04:33 ; elapsed = 00:01:40 . Memory (MB): peak = 4896.031 ; gain = 164.000 ; free physical = 26322 ; free virtual = 43007

Phase 5 Initial Route for Timing

Phase 5.1 Update Timing
Phase 5.1 Update Timing | Checksum: 223bdddc2

Time (s): cpu = 00:04:42 ; elapsed = 00:01:43 . Memory (MB): peak = 4896.031 ; gain = 164.000 ; free physical = 26322 ; free virtual = 43006
INFO: [Route 35-416] Intermediate Timing Summary | WNS=0.051  | TNS=0.000  | WHS=N/A    | THS=N/A    |


Phase 5.2 Fast Budgeting
Phase 5.2 Fast Budgeting | Checksum: 1cb0e2c59

Time (s): cpu = 00:04:47 ; elapsed = 00:01:45 . Memory (MB): peak = 4896.031 ; gain = 164.000 ; free physical = 26322 ; free virtual = 43006
Phase 5 Initial Route for Timing | Checksum: 2b443ae77

Time (s): cpu = 00:04:49 ; elapsed = 00:01:46 . Memory (MB): peak = 4896.031 ; gain = 164.000 ; free physical = 26322 ; free virtual = 43006
INFO: [Route 35-580] Design has 1 pins with tight setup and hold constraints.

The top 5 pins with tight setup and hold constraints:

+====================+===================+==========================================================================================+
| Launch Setup Clock | Launch Hold Clock | Pin                                                                                      |
+====================+===================+==========================================================================================+
| clk_pll_i          | clk_pll_i         | rasterixgen.rasterix/gpu/rixif/graphicCore/attributeInterpolator/cmd/reg_tex0_s_reg[3]/D |
+--------------------+-------------------+------------------------------------------------------------------------------------------+

File with complete list of pins: tight_setup_hold_pins.txt


Phase 6 Rip-up And Reroute

Phase 6.1 Global Iteration 0
 Number of Nodes with overlaps = 1927
 Number of Nodes with overlaps = 1797
 Number of Nodes with overlaps = 539
 Number of Nodes with overlaps = 153
 Number of Nodes with overlaps = 41
 Number of Nodes with overlaps = 15
 Number of Nodes with overlaps = 2
 Number of Nodes with overlaps = 2
 Number of Nodes with overlaps = 0
INFO: [Route 35-416] Intermediate Timing Summary | WNS=-0.255 | TNS=-1.287 | WHS=N/A    | THS=N/A    |

Phase 6.1 Global Iteration 0 | Checksum: 2d27d6a12

Time (s): cpu = 00:07:05 ; elapsed = 00:02:57 . Memory (MB): peak = 4896.031 ; gain = 164.000 ; free physical = 26329 ; free virtual = 43013

Phase 6.2 Global Iteration 1
 Number of Nodes with overlaps = 11925
 Number of Nodes with overlaps = 4198
 Number of Nodes with overlaps = 2014
 Number of Nodes with overlaps = 806
 Number of Nodes with overlaps = 381
 Number of Nodes with overlaps = 248
 Number of Nodes with overlaps = 74
 Number of Nodes with overlaps = 38
 Number of Nodes with overlaps = 40
 Number of Nodes with overlaps = 27
 Number of Nodes with overlaps = 5
 Number of Nodes with overlaps = 7
 Number of Nodes with overlaps = 2
 Number of Nodes with overlaps = 1
 Number of Nodes with overlaps = 0
INFO: [Route 35-416] Intermediate Timing Summary | WNS=-0.134 | TNS=-0.160 | WHS=N/A    | THS=N/A    |

Phase 6.2 Global Iteration 1 | Checksum: 1c1889b6d

Time (s): cpu = 00:08:44 ; elapsed = 00:03:46 . Memory (MB): peak = 4896.031 ; gain = 164.000 ; free physical = 26312 ; free virtual = 42997

Phase 6.3 Global Iteration 2
 Number of Nodes with overlaps = 5
 Number of Nodes with overlaps = 61
 Number of Nodes with overlaps = 162
 Number of Nodes with overlaps = 229
 Number of Nodes with overlaps = 47
 Number of Nodes with overlaps = 45
 Number of Nodes with overlaps = 32
 Number of Nodes with overlaps = 20
 Number of Nodes with overlaps = 4
 Number of Nodes with overlaps = 4
 Number of Nodes with overlaps = 4
 Number of Nodes with overlaps = 2
 Number of Nodes with overlaps = 3
 Number of Nodes with overlaps = 3
 Number of Nodes with overlaps = 3
 Number of Nodes with overlaps = 3
 Number of Nodes with overlaps = 1
 Number of Nodes with overlaps = 2
 Number of Nodes with overlaps = 1
 Number of Nodes with overlaps = 1
 Number of Nodes with overlaps = 0
INFO: [Route 35-416] Intermediate Timing Summary | WNS=-0.093 | TNS=-0.093 | WHS=N/A    | THS=N/A    |

Phase 6.3 Global Iteration 2 | Checksum: 1eb7a99e8

Time (s): cpu = 00:09:37 ; elapsed = 00:04:16 . Memory (MB): peak = 4896.031 ; gain = 164.000 ; free physical = 26320 ; free virtual = 43004

Phase 6.4 Global Iteration 3
 Number of Nodes with overlaps = 1
 Number of Nodes with overlaps = 1277
 Number of Nodes with overlaps = 702
 Number of Nodes with overlaps = 382
 Number of Nodes with overlaps = 190
 Number of Nodes with overlaps = 137
 Number of Nodes with overlaps = 61
 Number of Nodes with overlaps = 96
 Number of Nodes with overlaps = 79
 Number of Nodes with overlaps = 27
 Number of Nodes with overlaps = 23
 Number of Nodes with overlaps = 69
 Number of Nodes with overlaps = 31
 Number of Nodes with overlaps = 17
 Number of Nodes with overlaps = 20
 Number of Nodes with overlaps = 8
 Number of Nodes with overlaps = 10
 Number of Nodes with overlaps = 3
 Number of Nodes with overlaps = 4
 Number of Nodes with overlaps = 2
 Number of Nodes with overlaps = 6
 Number of Nodes with overlaps = 4
 Number of Nodes with overlaps = 5
 Number of Nodes with overlaps = 2
 Number of Nodes with overlaps = 3
 Number of Nodes with overlaps = 3
 Number of Nodes with overlaps = 0
INFO: [Route 35-416] Intermediate Timing Summary | WNS=-0.065 | TNS=-0.137 | WHS=N/A    | THS=N/A    |

Phase 6.4 Global Iteration 3 | Checksum: 246788dce

Time (s): cpu = 00:11:37 ; elapsed = 00:05:29 . Memory (MB): peak = 4896.031 ; gain = 164.000 ; free physical = 26332 ; free virtual = 43017

Phase 6.5 Global Iteration 4
 Number of Nodes with overlaps = 9
 Number of Nodes with overlaps = 151
 Number of Nodes with overlaps = 531
 Number of Nodes with overlaps = 193
 Number of Nodes with overlaps = 103
 Number of Nodes with overlaps = 67
 Number of Nodes with overlaps = 21
 Number of Nodes with overlaps = 9
 Number of Nodes with overlaps = 6
 Number of Nodes with overlaps = 2
 Number of Nodes with overlaps = 1
 Number of Nodes with overlaps = 0
INFO: [Route 35-416] Intermediate Timing Summary | WNS=-0.065 | TNS=-0.065 | WHS=N/A    | THS=N/A    |

Phase 6.5 Global Iteration 4 | Checksum: 29d481dd9

Time (s): cpu = 00:12:23 ; elapsed = 00:05:51 . Memory (MB): peak = 4896.031 ; gain = 164.000 ; free physical = 26327 ; free virtual = 43012
Phase 6 Rip-up And Reroute | Checksum: 29d481dd9

Time (s): cpu = 00:12:23 ; elapsed = 00:05:51 . Memory (MB): peak = 4896.031 ; gain = 164.000 ; free physical = 26327 ; free virtual = 43012

Phase 7 Delay and Skew Optimization

Phase 7.1 Delay CleanUp

Phase 7.1.1 Update Timing
Phase 7.1.1 Update Timing | Checksum: 223ec846b

Time (s): cpu = 00:12:30 ; elapsed = 00:05:53 . Memory (MB): peak = 4896.031 ; gain = 164.000 ; free physical = 26327 ; free virtual = 43012
INFO: [Route 35-416] Intermediate Timing Summary | WNS=-0.049 | TNS=-0.049 | WHS=N/A    | THS=N/A    |

 Number of Nodes with overlaps = 0
Phase 7.1 Delay CleanUp | Checksum: 24a4b81ad

Time (s): cpu = 00:12:32 ; elapsed = 00:05:53 . Memory (MB): peak = 4896.031 ; gain = 164.000 ; free physical = 26327 ; free virtual = 43012

Phase 7.2 Clock Skew Optimization
Phase 7.2 Clock Skew Optimization | Checksum: 24a4b81ad

Time (s): cpu = 00:12:32 ; elapsed = 00:05:53 . Memory (MB): peak = 4896.031 ; gain = 164.000 ; free physical = 26327 ; free virtual = 43012
Phase 7 Delay and Skew Optimization | Checksum: 24a4b81ad

Time (s): cpu = 00:12:32 ; elapsed = 00:05:53 . Memory (MB): peak = 4896.031 ; gain = 164.000 ; free physical = 26327 ; free virtual = 43012

Phase 8 Post Hold Fix

Phase 8.1 Hold Fix Iter
INFO: [Route 35-416] Intermediate Timing Summary | WNS=-0.049 | TNS=-0.049 | WHS=0.013  | THS=0.000  |

Phase 8.1 Hold Fix Iter | Checksum: 224ee604d

Time (s): cpu = 00:12:42 ; elapsed = 00:05:55 . Memory (MB): peak = 4896.031 ; gain = 164.000 ; free physical = 26327 ; free virtual = 43012
Phase 8 Post Hold Fix | Checksum: 224ee604d

Time (s): cpu = 00:12:42 ; elapsed = 00:05:56 . Memory (MB): peak = 4896.031 ; gain = 164.000 ; free physical = 26327 ; free virtual = 43012

Phase 9 Route finalize

Router Utilization Summary
  Global Vertical Routing Utilization    = 21.9913 %
  Global Horizontal Routing Utilization  = 25.4622 %
  Routable Net Status*
  *Does not include unroutable nets such as driverless and loadless.
  Run report_route_status for detailed report.
  Number of Failed Nets               = 0
    (Failed Nets is the sum of unrouted and partially routed nets)
  Number of Unrouted Nets             = 0
  Number of Partially Routed Nets     = 0
  Number of Node Overlaps             = 0


--GLOBAL Congestion:
Utilization threshold used for congestion level computation: 0.85
Congestion Report
North Dir 4x4 Area, Max Cong = 88.8514%, Congestion bounded by tiles (Lower Left Tile -> Upper Right Tile):
   INT_L_X32Y50 -> INT_R_X35Y53
South Dir 2x2 Area, Max Cong = 92.3423%, Congestion bounded by tiles (Lower Left Tile -> Upper Right Tile):
   INT_L_X34Y128 -> INT_R_X35Y129
   INT_L_X36Y126 -> INT_R_X37Y127
   INT_L_X40Y124 -> INT_R_X41Y125
   INT_L_X32Y122 -> INT_R_X33Y123
   INT_L_X34Y122 -> INT_R_X35Y123
East Dir 4x4 Area, Max Cong = 94.3015%, Congestion bounded by tiles (Lower Left Tile -> Upper Right Tile):
   INT_L_X32Y126 -> INT_R_X35Y129
   INT_L_X32Y122 -> INT_R_X35Y125
   INT_L_X32Y118 -> INT_R_X35Y121
   INT_L_X32Y110 -> INT_R_X35Y113
   INT_L_X32Y106 -> INT_R_X35Y109
West Dir 4x4 Area, Max Cong = 86.3971%, Congestion bounded by tiles (Lower Left Tile -> Upper Right Tile):
   INT_L_X72Y114 -> INT_R_X75Y117

------------------------------
Reporting congestion hotspots
------------------------------
Direction: North
----------------
Congested clusters found at Level 1
Effective congestion level: 3 Aspect Ratio: 0.4 Sparse Ratio: 0.5625
Direction: South
----------------
Congested clusters found at Level 1
Effective congestion level: 3 Aspect Ratio: 0.8 Sparse Ratio: 0.625
Direction: East
----------------
Congested clusters found at Level 2
Effective congestion level: 4 Aspect Ratio: 0.5 Sparse Ratio: 1.0625
Direction: West
----------------
Congested clusters found at Level 2
Effective congestion level: 2 Aspect Ratio: 1 Sparse Ratio: 1

Phase 9 Route finalize | Checksum: 224ee604d

Time (s): cpu = 00:12:43 ; elapsed = 00:05:56 . Memory (MB): peak = 4896.031 ; gain = 164.000 ; free physical = 26327 ; free virtual = 43012

Phase 10 Verifying routed nets

 Verification completed successfully
Phase 10 Verifying routed nets | Checksum: 224ee604d

Time (s): cpu = 00:12:44 ; elapsed = 00:05:56 . Memory (MB): peak = 4896.031 ; gain = 164.000 ; free physical = 26327 ; free virtual = 43012

Phase 11 Depositing Routes
Phase 11 Depositing Routes | Checksum: 27bc9ed89

Time (s): cpu = 00:12:52 ; elapsed = 00:06:01 . Memory (MB): peak = 4896.031 ; gain = 164.000 ; free physical = 26327 ; free virtual = 43012

Phase 12 Post Router Timing
INFO: [Route 35-57] Estimated Timing Summary | WNS=-0.049 | TNS=-0.049 | WHS=0.013  | THS=0.000  |

WARNING: [Route 35-328] Router estimated timing not met.
Resolution: For a complete and accurate timing signoff, report_timing_summary must be run after route_design. Alternatively, route_design can be run with the -timing_summary option to enable a complete timing signoff at the end of route_design.
Phase 12 Post Router Timing | Checksum: 27bc9ed89

Time (s): cpu = 00:12:57 ; elapsed = 00:06:02 . Memory (MB): peak = 4896.031 ; gain = 164.000 ; free physical = 26327 ; free virtual = 43012
--------------------------------------------------------
|Incremental Routing Reuse Summary                      |
--------------------------------------------------------
|Type                     | Count    | Percentage       |
--------------------------------------------------------
|Fully reused nets        |    104554|            86.76 |
|Partially reused nets    |         0|             0.00 |
|Non-reused nets          |     15957|            13.24 |
--------------------------------------------------------
INFO: [Route 35-16] Router Completed Successfully
------------------------------------
Incremental Router Runtime Summary: 
------------------------------------
   Initialization time: 367.33 Secs
   Incremental Router time: 0 Secs
Ending Incremental Route Task | Checksum: 1ab45767a

Time (s): cpu = 00:13:11 ; elapsed = 00:06:07 . Memory (MB): peak = 4896.031 ; gain = 164.000 ; free physical = 26323 ; free virtual = 43007
antenna Cleanup:Time (s): cpu = 00:00:00.01 ; elapsed = 00:00:00.01 . Memory (MB): peak = 4896.031 ; gain = 0.000 ; free physical = 26323 ; free virtual = 43007

Reference - Incremental Comparison Summary

1. Comparison with Reference Run
--------------------------------

+-----------------+---------------------------+---------------------------+---------------------------+
|                 |          WNS(ns)          |  Runtime(elapsed)(hh:mm)  |    Runtime(cpu)(hh:mm)    |
+-----------------+-------------+-------------+-------------+-------------+-------------+-------------+
|      Stage      |  Reference  | Incremental |  Reference  | Incremental |  Reference  | Incremental |
+-----------------+-------------+-------------+-------------+-------------+-------------+-------------+
| synth_design    |             |             |       00:05 |       00:04 |       00:07 |       00:06 |
| opt_design      |             |             |       00:02 |       00:01 |       00:02 |       00:02 |
| read_checkpoint |             |             |             |       00:01 |             |       00:01 |
| place_design    |      -0.456 |      -1.444 |       00:07 |       00:02 |       00:15 |       00:07 |
| phys_opt_design |       0.067 |       0.002 |     < 1 min |       00:01 |       00:03 |       00:06 |
| route_design    |       0.018 |      -0.049 |       00:27 |       00:06 |       00:57 |       00:14 |
| phys_opt_design |       0.018 |             |     < 1 min |             |     < 1 min |             |
+-----------------+-------------+-------------+-------------+-------------+-------------+-------------+


INFO: [Common 17-83] Releasing license: Implementation
21 Infos, 1 Warnings, 0 Critical Warnings and 0 Errors encountered.
route_design completed successfully
route_design: Time (s): cpu = 00:14:01 ; elapsed = 00:06:25 . Memory (MB): peak = 4896.031 ; gain = 164.000 ; free physical = 26323 ; free virtual = 43007
# phys_opt_design -directive AggressiveExplore
Command: phys_opt_design -directive AggressiveExplore
Attempting to get a license for feature 'Implementation' and/or device 'xc7a200t'
INFO: [Common 17-349] Got license for feature 'Implementation' and/or device 'xc7a200t'

Starting Initial Update Timing Task

Time (s): cpu = 00:00:28 ; elapsed = 00:00:05 . Memory (MB): peak = 4896.031 ; gain = 0.000 ; free physical = 26320 ; free virtual = 43006
INFO: [Vivado_Tcl 4-1435] PhysOpt_Tcl_Interface Runtime Before Starting Physical Synthesis Task | CPU: 28.98s |  WALL: 5.56s
INFO: [DRC 23-27] Running DRC with 8 threads
INFO: [Vivado_Tcl 4-198] DRC finished with 0 Errors
INFO: [Vivado_Tcl 4-199] Please refer to the DRC report (report_drc) for more information.
Netlist sorting complete. Time (s): cpu = 00:00:00.02 ; elapsed = 00:00:00.01 . Memory (MB): peak = 4896.031 ; gain = 0.000 ; free physical = 26319 ; free virtual = 43005

Starting Physical Synthesis Task

Phase 1 Physical Synthesis Initialization
INFO: [Physopt 32-673] Physical synthesis flow is being used in incremental compile flow
INFO: [Physopt 32-721] Multithreading enabled for phys_opt_design using a maximum of 8 CPUs
INFO: [Physopt 32-668] Current Timing Summary | WNS=-0.046 | TNS=-0.046 | WHS=0.014 | THS=0.000 |
Phase 1 Physical Synthesis Initialization | Checksum: 1a4f09148

Time (s): cpu = 00:00:14 ; elapsed = 00:00:06 . Memory (MB): peak = 4896.031 ; gain = 0.000 ; free physical = 26322 ; free virtual = 43009
INFO: [Physopt 32-673] Physical synthesis flow is being used in incremental compile flow

Phase 2 Critical Path Optimization
INFO: [Physopt 32-668] Current Timing Summary | WNS=-0.046 | TNS=-0.046 | WHS=0.014 | THS=0.000 |
INFO: [Physopt 32-663] Processed net rasterixgen.rasterix/gpu/rixif/graphicCore/pixelPipeline/tmu0/texFilter/interpolatorS1/colorMixer/V10_reg[15]_bret__46_n_0.  Re-placed instance rasterixgen.rasterix/gpu/rixif/graphicCore/pixelPipeline/tmu0/texFilter/interpolatorS1/colorMixer/V10_reg[15]_bret__46
INFO: [Physopt 32-735] Processed net rasterixgen.rasterix/gpu/rixif/graphicCore/pixelPipeline/tmu0/texFilter/interpolatorS1/colorMixer/V10_reg[15]_bret__46_n_0. Optimization improves timing on the net.
INFO: [Physopt 32-668] Current Timing Summary | WNS=0.081 | TNS=0.000 | WHS=0.014 | THS=0.000 |
INFO: [Physopt 32-668] Current Timing Summary | WNS=0.081 | TNS=0.000 | WHS=0.014 | THS=0.000 |
Netlist sorting complete. Time (s): cpu = 00:00:00.01 ; elapsed = 00:00:00.02 . Memory (MB): peak = 4896.031 ; gain = 0.000 ; free physical = 26321 ; free virtual = 43008
Phase 2 Critical Path Optimization | Checksum: 1a4f09148

Time (s): cpu = 00:00:42 ; elapsed = 00:00:15 . Memory (MB): peak = 4896.031 ; gain = 0.000 ; free physical = 26321 ; free virtual = 43008
Netlist sorting complete. Time (s): cpu = 00:00:00.01 ; elapsed = 00:00:00.02 . Memory (MB): peak = 4896.031 ; gain = 0.000 ; free physical = 26321 ; free virtual = 43008
INFO: [Physopt 32-669] Post Physical Optimization Timing Summary | WNS=0.081 | TNS=0.000 | WHS=0.014 | THS=0.000 |

Summary of Physical Synthesis Optimizations
============================================


-------------------------------------------------------------------------------------------------------------------------------------------------------------
|  Optimization   |  WNS Gain (ns)  |  TNS Gain (ns)  |  Added Cells  |  Removed Cells  |  Optimized Cells/Nets  |  Dont Touch  |  Iterations  |  Elapsed   |
-------------------------------------------------------------------------------------------------------------------------------------------------------------
|  Critical Path  |          0.126  |          0.046  |            0  |              0  |                     1  |           0  |           1  |  00:00:08  |
-------------------------------------------------------------------------------------------------------------------------------------------------------------


Netlist sorting complete. Time (s): cpu = 00:00:00.03 ; elapsed = 00:00:00.02 . Memory (MB): peak = 4896.031 ; gain = 0.000 ; free physical = 26321 ; free virtual = 43008
Ending Physical Synthesis Task | Checksum: 16c490cf4

Time (s): cpu = 00:00:42 ; elapsed = 00:00:15 . Memory (MB): peak = 4896.031 ; gain = 0.000 ; free physical = 26321 ; free virtual = 43008

Reference - Incremental Comparison Summary

1. Comparison with Reference Run
--------------------------------

+-----------------+---------------------------+---------------------------+---------------------------+
|                 |          WNS(ns)          |  Runtime(elapsed)(hh:mm)  |    Runtime(cpu)(hh:mm)    |
+-----------------+-------------+-------------+-------------+-------------+-------------+-------------+
|      Stage      |  Reference  | Incremental |  Reference  | Incremental |  Reference  | Incremental |
+-----------------+-------------+-------------+-------------+-------------+-------------+-------------+
| synth_design    |             |             |       00:05 |       00:04 |       00:07 |       00:06 |
| opt_design      |             |             |       00:02 |       00:01 |       00:02 |       00:02 |
| read_checkpoint |             |             |             |       00:01 |             |       00:01 |
| place_design    |      -0.456 |      -1.444 |       00:07 |       00:02 |       00:15 |       00:07 |
| phys_opt_design |       0.067 |       0.002 |     < 1 min |       00:01 |       00:03 |       00:06 |
| route_design    |       0.018 |      -0.049 |       00:27 |       00:06 |       00:57 |       00:14 |
| phys_opt_design |       0.018 |       0.081 |     < 1 min |     < 1 min |     < 1 min |     < 1 min |
+-----------------+-------------+-------------+-------------+-------------+-------------+-------------+


INFO: [Common 17-83] Releasing license: Implementation
16 Infos, 0 Warnings, 0 Critical Warnings and 0 Errors encountered.
phys_opt_design completed successfully
phys_opt_design: Time (s): cpu = 00:01:12 ; elapsed = 00:00:21 . Memory (MB): peak = 4896.031 ; gain = 0.000 ; free physical = 26321 ; free virtual = 43007
# write_checkpoint $out/routed.dcp
INFO: [Timing 38-480] Writing timing data to binary archive.
Wrote PlaceDB: Time (s): cpu = 00:00:00 ; elapsed = 00:00:00 . Memory (MB): peak = 4896.031 ; gain = 0.000 ; free physical = 26320 ; free virtual = 43007
Wrote PulsedLatchDB: Time (s): cpu = 00:00:00 ; elapsed = 00:00:00 . Memory (MB): peak = 4896.031 ; gain = 0.000 ; free physical = 26320 ; free virtual = 43007
Writing XDEF routing.
Writing XDEF routing logical nets.
Write ShapeDB Complete: Time (s): cpu = 00:00:00.74 ; elapsed = 00:00:00.15 . Memory (MB): peak = 4896.031 ; gain = 0.000 ; free physical = 26312 ; free virtual = 43007
Writing XDEF routing special nets.
Wrote RouteStorage: Time (s): cpu = 00:00:08 ; elapsed = 00:00:02 . Memory (MB): peak = 4896.031 ; gain = 0.000 ; free physical = 26254 ; free virtual = 43011
Wrote PlaceStorage: Time (s): cpu = 00:00:05 ; elapsed = 00:00:03 . Memory (MB): peak = 4896.031 ; gain = 0.000 ; free physical = 26177 ; free virtual = 43008
Wrote Netlist Cache: Time (s): cpu = 00:00:00.11 ; elapsed = 00:00:00.11 . Memory (MB): peak = 4896.031 ; gain = 0.000 ; free physical = 26166 ; free virtual = 43008
Wrote Device Cache: Time (s): cpu = 00:00:00.01 ; elapsed = 00:00:00 . Memory (MB): peak = 4896.031 ; gain = 0.000 ; free physical = 26165 ; free virtual = 43008
Write Physdb Complete: Time (s): cpu = 00:00:13 ; elapsed = 00:00:05 . Memory (MB): peak = 4896.031 ; gain = 0.000 ; free physical = 26165 ; free virtual = 43008
INFO: [Common 17-1381] The checkpoint '/home/researcher/projects/wally-game-console-research/build/transport-study-20261009/if17-incremental/routed.dcp' has been generated.
write_checkpoint: Time (s): cpu = 00:00:20 ; elapsed = 00:00:12 . Memory (MB): peak = 4896.031 ; gain = 0.000 ; free physical = 26269 ; free virtual = 43008
# report_incremental_reuse -file $out/reuse_after.rpt
# report_timing_summary -delay_type min_max -report_unconstrained -file $out/timing_summary.rpt
INFO: [Timing 38-91] UpdateTimingParams: Speed grade: -1, Delay Type: min_max.
INFO: [Timing 38-191] Multithreading enabled for timing update using a maximum of 8 CPUs
WARNING: [Timing 38-436] There are set_bus_skew constraint(s) in this design. Please run report_bus_skew to ensure that bus skew requirements are met.
report_timing_summary: Time (s): cpu = 00:00:48 ; elapsed = 00:00:10 . Memory (MB): peak = 4896.031 ; gain = 0.000 ; free physical = 26263 ; free virtual = 43002
# report_drc -file $out/drc.rpt
Command: report_drc -file /home/researcher/projects/wally-game-console-research/build/transport-study-20261009/if17-incremental/drc.rpt
INFO: [IP_Flow 19-234] Refreshing IP repositories
INFO: [IP_Flow 19-1704] No user IP repositories specified
INFO: [IP_Flow 19-2313] Loaded Vivado IP repository '/home/researcher/AMD/2025.2/data/ip'.
INFO: [DRC 23-27] Running DRC with 8 threads
INFO: [Vivado_Tcl 2-168] The results of DRC are in file /home/researcher/projects/wally-game-console-research/build/transport-study-20261009/if17-incremental/drc.rpt.
report_drc completed successfully
report_drc: Time (s): cpu = 00:00:28 ; elapsed = 00:00:07 . Memory (MB): peak = 4896.031 ; gain = 0.000 ; free physical = 26260 ; free virtual = 43000
# report_route_status -file $out/route_status.rpt
# report_bus_skew -warn_on_violation -file $out/bus_skew.rpt
INFO: [Timing 38-91] UpdateTimingParams: Speed grade: -1, Delay Type: min_max.
INFO: [Timing 38-191] Multithreading enabled for timing update using a maximum of 8 CPUs
# report_cdc -details -file $out/cdc.rpt
INFO: [Timing 38-91] UpdateTimingParams: Speed grade: -1, Delay Type: min_max.
INFO: [Timing 38-191] Multithreading enabled for timing update using a maximum of 8 CPUs
INFO: [Timing 38-314] The report_cdc command only analyzes and reports clock domain crossing paths where clocks have been defined on both source and destination sides. Ports with no input delay constraint are skipped. Please run check_timing to verify there are no missing clock definitions in your design, nor any unconstrained input port.
# report_clocks -file $out/clocks.rpt
# check_timing -verbose -file $out/check_timing.rpt
# report_utilization -file $out/utilization.rpt
# report_utilization -hierarchical -file $out/utilization_hierarchical.rpt
# report_exceptions -file $out/exceptions.rpt
INFO: [Timing 38-91] UpdateTimingParams: Speed grade: -1, Delay Type: min_max.
INFO: [Timing 38-191] Multithreading enabled for timing update using a maximum of 8 CPUs
INFO: [Timing 38-35] Done setting XDC timing constraints.
report_exceptions: Time (s): cpu = 00:00:21 ; elapsed = 00:00:06 . Memory (MB): peak = 4896.031 ; gain = 0.000 ; free physical = 26215 ; free virtual = 42956
INFO: [Timing 38-35] Done setting XDC timing constraints.
# set setup [get_timing_paths -delay_type max -max_paths 1]
# set hold [get_timing_paths -delay_type min -max_paths 1]
# if {[llength $setup]!=1 || [llength $hold]!=1} {error "Missing timing paths"}
# set wns [get_property SLACK $setup]
# set whs [get_property SLACK $hold]
# puts "QUALIFY_WNS=$wns QUALIFY_WHS=$whs"
QUALIFY_WNS=0.081 QUALIFY_WHS=0.014
# if {$wns<0 || $whs<0} {error "Timing has not closed"}
# if {[llength [get_drc_violations -quiet -filter {SEVERITY == Error}]]} {error "DRC errors remain"}
# write_bitstream $out/fpgaTop.bit
Command: write_bitstream /home/researcher/projects/wally-game-console-research/build/transport-study-20261009/if17-incremental/fpgaTop.bit
Attempting to get a license for feature 'Implementation' and/or device 'xc7a200t'
INFO: [Common 17-349] Got license for feature 'Implementation' and/or device 'xc7a200t'
Running DRC as a precondition to command write_bitstream
INFO: [IP_Flow 19-1839] IP Catalog is up to date.
INFO: [DRC 23-27] Running DRC with 8 threads
INFO: [Vivado 12-3199] DRC finished with 0 Errors
INFO: [Vivado 12-3200] Please refer to the DRC report (report_drc) for more information.
Integrating Hard IP ELF/MEM with the PDI.
INFO: [Designutils 20-2272] Running write_bitstream with 8 threads.
Loading data files...
Loading site data...
Loading route data...
Processing options...
Creating bitmap...
Creating bitstream...
Bitstream compression saved 31298336 bits.
Writing bitstream /home/researcher/projects/wally-game-console-research/build/transport-study-20261009/if17-incremental/fpgaTop.bit...
INFO: [Vivado 12-1842] Bitgen Completed Successfully.
INFO: [Common 17-83] Releasing license: Implementation
8 Infos, 0 Warnings, 0 Critical Warnings and 0 Errors encountered.
write_bitstream completed successfully
write_bitstream: Time (s): cpu = 00:01:30 ; elapsed = 00:00:40 . Memory (MB): peak = 4896.031 ; gain = 0.000 ; free physical = 26250 ; free virtual = 42996
# puts "TIMING_DRC_QUALIFIED"
TIMING_DRC_QUALIFIED
# close_design
# exit
INFO: [Common 17-206] Exiting Vivado at Fri Oct  9 12:14:47 2026...
