Copyright 1986-2022 Xilinx, Inc. All Rights Reserved. Copyright 2022-2025 Advanced Micro Devices, Inc. All Rights Reserved.
------------------------------------------------------------------------------------------------------------------------------------------------------------------------------------------------------------------------
| Tool Version : Vivado v.2025.2 (lin64) Build 6299465 Fri Nov 14 12:34:56 MST 2025
| Date         : Fri Oct  9 12:04:17 2026
| Host         : RESEARCH-HOST running 64-bit Ubuntu 24.04.4 LTS
| Command      : report_timing_summary -delay_type min_max -report_unconstrained -file /home/researcher/projects/wally-game-console-research/build/transport-study-20261009/buffered-parser-incremental/timing_summary.rpt
| Design       : fpgaTop
| Device       : 7a200t-sbg484
| Speed File   : -1  PRODUCTION 1.23 2018-06-13
| Design State : Physopt postRoute
------------------------------------------------------------------------------------------------------------------------------------------------------------------------------------------------------------------------

Timing Summary Report

------------------------------------------------------------------------------------------------
| Timer Settings
| --------------
------------------------------------------------------------------------------------------------

  Enable Multi Corner Analysis               :  Yes
  Enable Pessimism Removal                   :  Yes
  Pessimism Removal Resolution               :  Nearest Common Node
  Enable Input Delay Default Clock           :  No
  Enable Preset / Clear Arcs                 :  No
  Disable Flight Delays                      :  No
  Ignore I/O Paths                           :  No
  Timing Early Launch at Borrowing Latches   :  No
  Borrow Time for Max Delay Exceptions       :  Yes
  Merge Timing Exceptions                    :  Yes
  Inter-SLR Compensation                     :  Conservative

  Corner  Analyze    Analyze    
  Name    Max Paths  Min Paths  
  ------  ---------  ---------  
  Slow    Yes        Yes        
  Fast    Yes        Yes        


------------------------------------------------------------------------------------------------
| Report Methodology
| ------------------
------------------------------------------------------------------------------------------------

No report available as report_methodology has not been run prior. Run report_methodology on the current design for the summary of methodology violations.



check_timing report

Table of Contents
-----------------
1. checking no_clock (0)
2. checking constant_clock (0)
3. checking pulse_width_clock (0)
4. checking unconstrained_internal_endpoints (0)
5. checking no_input_delay (11)
6. checking no_output_delay (14)
7. checking multiple_clock (0)
8. checking generated_clocks (0)
9. checking loops (0)
10. checking partial_input_delay (0)
11. checking partial_output_delay (0)
12. checking latch_loops (0)

1. checking no_clock (0)
------------------------
 There are 0 register/latch pins with no clock.


2. checking constant_clock (0)
------------------------------
 There are 0 register/latch pins with constant_clock.


3. checking pulse_width_clock (0)
---------------------------------
 There are 0 register/latch pins which need pulse_width check


4. checking unconstrained_internal_endpoints (0)
------------------------------------------------
 There are 0 pins that are not constrained for maximum delay.

 There are 0 pins that are not constrained for maximum delay due to constant clock.


5. checking no_input_delay (11)
-------------------------------
 There are 0 input ports with no input delay specified.

 There are 11 input ports with no input delay but user has a false path constraint. (MEDIUM)


6. checking no_output_delay (14)
--------------------------------
 There are 0 ports with no output delay specified.

 There are 14 ports with no output delay but user has a false path constraint (MEDIUM)

 There are 0 ports with no output delay but with a timing clock defined on it or propagating through it


7. checking multiple_clock (0)
------------------------------
 There are 0 register/latch pins with multiple clocks.


8. checking generated_clocks (0)
--------------------------------
 There are 0 generated clocks that are not connected to a clock source.


9. checking loops (0)
---------------------
 There are 0 combinational loops in the design.


10. checking partial_input_delay (0)
------------------------------------
 There are 0 input ports with partial input delay specified.


11. checking partial_output_delay (0)
-------------------------------------
 There are 0 ports with partial output delay specified.


12. checking latch_loops (0)
----------------------------
 There are 0 combinational latch loops in the design through latch input



------------------------------------------------------------------------------------------------
| Design Timing Summary
| ---------------------
------------------------------------------------------------------------------------------------

    WNS(ns)      TNS(ns)  TNS Failing Endpoints  TNS Total Endpoints      WHS(ns)      THS(ns)  THS Failing Endpoints  THS Total Endpoints     WPWS(ns)     TPWS(ns)  TPWS Failing Endpoints  TPWS Total Endpoints  
    -------      -------  ---------------------  -------------------      -------      -------  ---------------------  -------------------     --------     --------  ----------------------  --------------------  
      0.020        0.000                      0               157746        0.014        0.000                      0               157601        0.000        0.000                       0                 55622  


All user specified timing constraints are met.


------------------------------------------------------------------------------------------------
| Clock Summary
| -------------
------------------------------------------------------------------------------------------------

Clock                                                                                                                                                            Waveform(ns)         Period(ns)      Frequency(MHz)
-----                                                                                                                                                            ------------         ----------      --------------
clk                                                                                                                                                              {0.000 5.000}        10.000          100.000         
  clk_out1_mmcm                                                                                                                                                  {0.000 5.000}        10.000          100.000         
    clk_out1_videoclock                                                                                                                                          {0.000 19.841}       39.683          25.200          
    clk_out2_videoclock                                                                                                                                          {0.000 3.968}        7.937           126.000         
    clkfbout_videoclock                                                                                                                                          {0.000 25.000}       50.000          20.000          
    freq_refclk                                                                                                                                                  {0.000 0.625}        1.250           800.000         
      u_memc_ui_top_axi/mem_intfc0/ddr_phy_top0/u_ddr_mc_phy_wrapper/u_ddr_mc_phy/ddr_phy_4lanes_0.u_ddr_phy_4lanes/ddr_byte_lane_C.ddr_byte_lane_C/iserdes_clk  {0.000 1.250}        2.500           400.000         
        iserdes_clkdiv                                                                                                                                           {0.000 5.000}        10.000          100.000         
      u_memc_ui_top_axi/mem_intfc0/ddr_phy_top0/u_ddr_mc_phy_wrapper/u_ddr_mc_phy/ddr_phy_4lanes_0.u_ddr_phy_4lanes/ddr_byte_lane_D.ddr_byte_lane_D/iserdes_clk  {0.000 1.250}        2.500           400.000         
        iserdes_clkdiv_1                                                                                                                                         {0.000 5.000}        10.000          100.000         
    mem_refclk                                                                                                                                                   {0.000 1.250}        2.500           400.000         
      oserdes_clk                                                                                                                                                {0.000 1.250}        2.500           400.000         
        oserdes_clkdiv                                                                                                                                           {0.000 5.000}        10.000          100.000         
      oserdes_clk_1                                                                                                                                              {0.000 1.250}        2.500           400.000         
        oserdes_clkdiv_1                                                                                                                                         {0.000 5.000}        10.000          100.000         
      oserdes_clk_2                                                                                                                                              {0.000 1.250}        2.500           400.000         
        oserdes_clkdiv_2                                                                                                                                         {0.000 2.500}        5.000           200.000         
      oserdes_clk_3                                                                                                                                              {0.000 1.250}        2.500           400.000         
        oserdes_clkdiv_3                                                                                                                                         {0.000 2.500}        5.000           200.000         
    pll_clk3_out                                                                                                                                                 {0.000 5.000}        10.000          100.000         
      clk_pll_i                                                                                                                                                  {0.000 5.000}        10.000          100.000         
    pll_clkfbout                                                                                                                                                 {0.000 5.000}        10.000          100.000         
    sync_pulse                                                                                                                                                   {1.094 3.594}        40.000          25.000          
  clk_out2_mmcm                                                                                                                                                  {0.000 2.500}        5.000           200.000         
  clk_out3_mmcm                                                                                                                                                  {0.000 25.000}       50.000          20.000          
  clkfbout_mmcm                                                                                                                                                  {0.000 5.000}        10.000          100.000         


------------------------------------------------------------------------------------------------
| Intra Clock Table
| -----------------
------------------------------------------------------------------------------------------------

Clock                                                                                                                                                                WNS(ns)      TNS(ns)  TNS Failing Endpoints  TNS Total Endpoints      WHS(ns)      THS(ns)  THS Failing Endpoints  THS Total Endpoints     WPWS(ns)     TPWS(ns)  TPWS Failing Endpoints  TPWS Total Endpoints  
-----                                                                                                                                                                -------      -------  ---------------------  -------------------      -------      -------  ---------------------  -------------------     --------     --------  ----------------------  --------------------  
clk                                                                                                                                                                                                                                                                                                                3.000        0.000                       0                     1  
  clk_out1_mmcm                                                                                                                                                                                                                                                                                                    3.000        0.000                       0                     4  
    clk_out1_videoclock                                                                                                                                               29.405        0.000                      0                 2144        0.082        0.000                      0                 2144       18.591        0.000                       0                   870  
    clk_out2_videoclock                                                                                                                                                3.644        0.000                      0                   80        0.128        0.000                      0                   80        3.468        0.000                       0                    79  
    clkfbout_videoclock                                                                                                                                                                                                                                                                                           47.845        0.000                       0                     3  
    freq_refclk                                                                                                                                                                                                                                                                                                    0.000        0.000                       0                     8  
      u_memc_ui_top_axi/mem_intfc0/ddr_phy_top0/u_ddr_mc_phy_wrapper/u_ddr_mc_phy/ddr_phy_4lanes_0.u_ddr_phy_4lanes/ddr_byte_lane_C.ddr_byte_lane_C/iserdes_clk                                                                                                                                                    0.833        0.000                       0                    16  
        iserdes_clkdiv                                                                                                                                                 7.809        0.000                      0                   33        0.071        0.000                      0                   33        2.850        0.000                       0                     9  
      u_memc_ui_top_axi/mem_intfc0/ddr_phy_top0/u_ddr_mc_phy_wrapper/u_ddr_mc_phy/ddr_phy_4lanes_0.u_ddr_phy_4lanes/ddr_byte_lane_D.ddr_byte_lane_D/iserdes_clk                                                                                                                                                    0.833        0.000                       0                    16  
        iserdes_clkdiv_1                                                                                                                                               7.927        0.000                      0                   33        0.071        0.000                      0                   33        2.850        0.000                       0                     9  
    mem_refclk                                                                                                                                                         1.330        0.000                      0                    1        0.336        0.000                      0                    1        0.625        0.000                       0                     8  
      oserdes_clk                                                                                                                                                                                                                                                                                                  0.833        0.000                       0                    12  
        oserdes_clkdiv                                                                                                                                                 8.040        0.000                      0                   44        0.090        0.000                      0                   44        2.850        0.000                       0                    12  
      oserdes_clk_1                                                                                                                                                                                                                                                                                                0.833        0.000                       0                    12  
        oserdes_clkdiv_1                                                                                                                                               8.563        0.000                      0                   48        0.094        0.000                      0                   48        2.850        0.000                       0                    13  
      oserdes_clk_2                                                                                                                                                    0.912        0.000                      0                    4        0.413        0.000                      0                    4        0.833        0.000                       0                    12  
        oserdes_clkdiv_2                                                                                                                                               3.552        0.000                      0                   36        0.092        0.000                      0                   36        0.000        0.000                       0                    11  
      oserdes_clk_3                                                                                                                                                    0.928        0.000                      0                    4        0.408        0.000                      0                    4        0.833        0.000                       0                    12  
        oserdes_clkdiv_3                                                                                                                                               3.586        0.000                      0                   36        0.086        0.000                      0                   36        0.000        0.000                       0                    11  
    pll_clk3_out                                                                                                                                                                                                                                                                                                   3.000        0.000                       0                     3  
      clk_pll_i                                                                                                                                                        0.020        0.000                      0                70264        0.032        0.000                      0                70264        2.850        0.000                       0                 26481  
    pll_clkfbout                                                                                                                                                                                                                                                                                                   8.751        0.000                       0                     2  
    sync_pulse                                                                                                                                                                                                                                                                                                     1.250        0.000                       0                     8  
  clk_out2_mmcm                                                                                                                                                        1.986        0.000                      0                  126        0.131        0.000                      0                  126        0.264        0.000                       0                    64  
  clk_out3_mmcm                                                                                                                                                        0.557        0.000                      0                84007        0.014        0.000                      0                84004       23.750        0.000                       0                 27943  
  clkfbout_mmcm                                                                                                                                                                                                                                                                                                    7.845        0.000                       0                     3  


------------------------------------------------------------------------------------------------
| Inter Clock Table
| -----------------
------------------------------------------------------------------------------------------------

From Clock                                                                                                                                                 To Clock                                                                                                                                                       WNS(ns)      TNS(ns)  TNS Failing Endpoints  TNS Total Endpoints      WHS(ns)      THS(ns)  THS Failing Endpoints  THS Total Endpoints  
----------                                                                                                                                                 --------                                                                                                                                                       -------      -------  ---------------------  -------------------      -------      -------  ---------------------  -------------------  
clk_pll_i                                                                                                                                                  clk_out1_videoclock                                                                                                                                              7.510        0.000                      0                  112                                                                        
clk_out1_videoclock                                                                                                                                        clk_out2_videoclock                                                                                                                                              3.886        0.000                      0                   30        0.071        0.000                      0                   30  
clk_pll_i                                                                                                                                                  u_memc_ui_top_axi/mem_intfc0/ddr_phy_top0/u_ddr_mc_phy_wrapper/u_ddr_mc_phy/ddr_phy_4lanes_0.u_ddr_phy_4lanes/ddr_byte_lane_C.ddr_byte_lane_C/iserdes_clk        6.753        0.000                      0                    8       38.175        0.000                      0                    8  
clk_pll_i                                                                                                                                                  u_memc_ui_top_axi/mem_intfc0/ddr_phy_top0/u_ddr_mc_phy_wrapper/u_ddr_mc_phy/ddr_phy_4lanes_0.u_ddr_phy_4lanes/ddr_byte_lane_D.ddr_byte_lane_D/iserdes_clk        5.010        0.000                      0                    8       38.785        0.000                      0                    8  
sync_pulse                                                                                                                                                 mem_refclk                                                                                                                                                       0.970        0.000                      0                    1        0.666        0.000                      0                    1  
oserdes_clk                                                                                                                                                oserdes_clkdiv                                                                                                                                                   1.593        0.000                      0                   12        0.095        0.000                      0                   12  
oserdes_clk_1                                                                                                                                              oserdes_clkdiv_1                                                                                                                                                 1.593        0.000                      0                   13        0.095        0.000                      0                   13  
oserdes_clk_2                                                                                                                                              oserdes_clkdiv_2                                                                                                                                                 1.220        0.000                      0                   15        0.082        0.000                      0                   15  
oserdes_clk_3                                                                                                                                              oserdes_clkdiv_3                                                                                                                                                 1.299        0.000                      0                   15        0.095        0.000                      0                   15  
clk_out1_videoclock                                                                                                                                        clk_pll_i                                                                                                                                                        8.421        0.000                      0                   84                                                                        
clk_out2_mmcm                                                                                                                                              clk_pll_i                                                                                                                                                       14.280        0.000                      0                   12        0.435        0.000                      0                   12  
clk_out3_mmcm                                                                                                                                              clk_pll_i                                                                                                                                                       48.467        0.000                      0                   38                                                                        
clk_pll_i                                                                                                                                                  clk_out2_mmcm                                                                                                                                                   14.524        0.000                      0                    1                                                                        
clk_pll_i                                                                                                                                                  clk_out3_mmcm                                                                                                                                                    3.387        0.000                      0                   73        0.486        0.000                      0                   35  


------------------------------------------------------------------------------------------------
| Other Path Groups Table
| -----------------------
------------------------------------------------------------------------------------------------

Path Group           From Clock           To Clock                 WNS(ns)      TNS(ns)  TNS Failing Endpoints  TNS Total Endpoints      WHS(ns)      THS(ns)  THS Failing Endpoints  THS Total Endpoints  
----------           ----------           --------                 -------      -------  ---------------------  -------------------      -------      -------  ---------------------  -------------------  
**async_default**    clk_out1_videoclock  clk_out1_videoclock       33.230        0.000                      0                  217        1.357        0.000                      0                  217  
**async_default**    clk_out1_videoclock  clk_out2_videoclock        1.826        0.000                      0                   73        0.333        0.000                      0                   73  
**async_default**    clk_out3_mmcm        clk_out3_mmcm             47.925        0.000                      0                  111        0.361        0.000                      0                  111  
**async_default**    clk_pll_i            clk_pll_i                  6.391        0.000                      0                  195        0.387        0.000                      0                  195  
**default**          clk_pll_i                                       0.733        0.000                      0                    1                                                                        


------------------------------------------------------------------------------------------------
| User Ignored Path Table
| -----------------------
------------------------------------------------------------------------------------------------

Path Group           From Clock           To Clock           
----------           ----------           --------           
(none)               clk_out2_videoclock                       
(none)               clk_out3_mmcm                             
(none)               clk_pll_i                                 
(none)               clk_out1_videoclock  clk_out1_videoclock  
(none)               clk_pll_i            clk_out1_videoclock  
(none)                                    clk_out2_mmcm        
(none)               clk_pll_i            clk_out2_mmcm        
(none)                                    clk_out3_mmcm        
(none)               clk_out3_mmcm        clk_out3_mmcm        
(none)               clk_pll_i            clk_out3_mmcm        
(none)                                    clk_pll_i            
(none)               clk_out1_videoclock  clk_pll_i            
(none)               clk_out3_mmcm        clk_pll_i            
(none)               clk_pll_i            clk_pll_i            
(none)               mem_refclk           clk_pll_i            


------------------------------------------------------------------------------------------------
| Unconstrained Path Table
| ------------------------
------------------------------------------------------------------------------------------------

Path Group           From Clock           To Clock           
----------           ----------           --------           
(none)                                    clk_out1_videoclock  
(none)                                    clk_pll_i            


------------------------------------------------------------------------------------------------
| Timing Details
| --------------
------------------------------------------------------------------------------------------------


---------------------------------------------------------------------------------------------------
From Clock:  clk
  To Clock:  clk

Setup :           NA  Failing Endpoints,  Worst Slack           NA  ,  Total Violation           NA
Hold  :           NA  Failing Endpoints,  Worst Slack           NA  ,  Total Violation           NA
PW    :            0  Failing Endpoints,  Worst Slack        3.000ns,  Total Violation        0.000ns
---------------------------------------------------------------------------------------------------


Pulse Width Checks
--------------------------------------------------------------------------------------
Clock Name:         clk
Waveform(ns):       { 0.000 5.000 }
Period(ns):         10.000
Sources:            { clk }

Check Type        Corner  Lib Pin            Reference Pin  Required(ns)  Actual(ns)  Slack(ns)  Location         Pin
Min Period        n/a     MMCME2_ADV/CLKIN1  n/a            1.249         10.000      8.751      MMCME2_ADV_X1Y2  mmcm/inst/mmcm_adv_inst/CLKIN1
Max Period        n/a     MMCME2_ADV/CLKIN1  n/a            100.000       10.000      90.000     MMCME2_ADV_X1Y2  mmcm/inst/mmcm_adv_inst/CLKIN1
Low Pulse Width   Slow    MMCME2_ADV/CLKIN1  n/a            2.000         5.000       3.000      MMCME2_ADV_X1Y2  mmcm/inst/mmcm_adv_inst/CLKIN1
High Pulse Width  Slow    MMCME2_ADV/CLKIN1  n/a            2.000         5.000       3.000      MMCME2_ADV_X1Y2  mmcm/inst/mmcm_adv_inst/CLKIN1



---------------------------------------------------------------------------------------------------
From Clock:  clk_out1_mmcm
  To Clock:  clk_out1_mmcm

Setup :           NA  Failing Endpoints,  Worst Slack           NA  ,  Total Violation           NA
Hold  :           NA  Failing Endpoints,  Worst Slack           NA  ,  Total Violation           NA
PW    :            0  Failing Endpoints,  Worst Slack        3.000ns,  Total Violation        0.000ns
---------------------------------------------------------------------------------------------------


Pulse Width Checks
--------------------------------------------------------------------------------------
Clock Name:         clk_out1_mmcm
Waveform(ns):       { 0.000 5.000 }
Period(ns):         10.000
Sources:            { mmcm/inst/mmcm_adv_inst/CLKOUT0 }

Check Type        Corner  Lib Pin           Reference Pin  Required(ns)  Actual(ns)  Slack(ns)  Location        Pin
Min Period        n/a     BUFG/I            n/a            2.155         10.000      7.845      BUFGCTRL_X0Y2   mmcm/inst/clkout1_buf/I
Max Period        n/a     PLLE2_ADV/CLKIN1  n/a            52.633        10.000      42.633     PLLE2_ADV_X1Y3  ddr3/u_ddr3_mig/u_ddr3_infrastructure/plle2_i/CLKIN1
Low Pulse Width   Slow    PLLE2_ADV/CLKIN1  n/a            2.000         5.000       3.000      PLLE2_ADV_X1Y3  ddr3/u_ddr3_mig/u_ddr3_infrastructure/plle2_i/CLKIN1
High Pulse Width  Slow    PLLE2_ADV/CLKIN1  n/a            2.000         5.000       3.000      PLLE2_ADV_X1Y3  ddr3/u_ddr3_mig/u_ddr3_infrastructure/plle2_i/CLKIN1



---------------------------------------------------------------------------------------------------
From Clock:  clk_out1_videoclock
  To Clock:  clk_out1_videoclock

Setup :            0  Failing Endpoints,  Worst Slack       29.405ns,  Total Violation        0.000ns
Hold  :            0  Failing Endpoints,  Worst Slack        0.082ns,  Total Violation        0.000ns
PW    :            0  Failing Endpoints,  Worst Slack       18.591ns,  Total Violation        0.000ns
---------------------------------------------------------------------------------------------------


Max Delay Paths
--------------------------------------------------------------------------------------
Slack (MET) :             29.405ns  (required time - arrival time)
  Source:                 rasterixgen.rasterix/display/display/u_fifo/u_ram/ram_reg_0/CLKBWRCLK
                            (rising edge-triggered cell RAMB36E1 clocked by clk_out1_videoclock  {rise@0.000ns fall@19.841ns period=39.683ns})
  Destination:            rasterixgen.rasterix/display/display/u_dvi/u_tmds_red/encoded_q_reg[0]/D
                            (rising edge-triggered cell FDCE clocked by clk_out1_videoclock  {rise@0.000ns fall@19.841ns period=39.683ns})
  Path Group:             clk_out1_videoclock
  Path Type:              Setup (Max at Slow Process Corner)
  Requirement:            39.683ns  (clk_out1_videoclock rise@39.683ns - clk_out1_videoclock rise@0.000ns)
  Data Path Delay:        9.776ns  (logic 3.198ns (32.714%)  route 6.578ns (67.286%))
  Logic Levels:           6  (LUT3=1 LUT4=1 LUT5=1 LUT6=3)
  Clock Path Skew:        -0.067ns (DCD - SCD + CPR)
    Destination Clock Delay (DCD):    -1.739ns = ( 37.943 - 39.683 ) 
    Source Clock Delay      (SCD):    -1.120ns
    Clock Pessimism Removal (CPR):    0.552ns
  Clock Uncertainty:      0.467ns  ((TSJ^2 + DJ^2)^1/2) / 2 + PE
    Total System Jitter     (TSJ):    0.071ns
    Discrete Jitter          (DJ):    0.930ns
    Phase Error              (PE):    0.000ns

    Pin Reuse     Location             Delay type                Incr(ns)  Path(ns)    Netlist Resource(s)
  ---------------------------------------------------------------------------------    -------------------
                                       (clock clk_out1_videoclock rise edge)
                                                                    0.000     0.000 r  
                  R4                                                0.000     0.000 r  clk (IN)
                                       net (fo=0)                   0.000     0.000    mmcm/inst/clk_in1
                  R4                                                                r  mmcm/inst/clkin1_ibufg/I
                  R4                   IBUF (Prop_ibuf_I_O)         1.475     1.475 r  mmcm/inst/clkin1_ibufg/O
                                       net (fo=1, routed)           1.233     2.708    mmcm/inst/clk_in1_mmcm
                  MMCME2_ADV_X1Y2                                                   r  mmcm/inst/mmcm_adv_inst/CLKIN1
                  MMCME2_ADV_X1Y2      MMCME2_ADV (Prop_mmcme2_adv_CLKIN1_CLKOUT0)
                                                                   -7.432    -4.724 r  mmcm/inst/mmcm_adv_inst/CLKOUT0
                                       net (fo=1, routed)           1.808    -2.915    mmcm/inst/clk_out1_mmcm
                  BUFGCTRL_X0Y2                                                     r  mmcm/inst/clkout1_buf/I
                  BUFGCTRL_X0Y2        BUFG (Prop_bufg_I_O)         0.096    -2.819 r  mmcm/inst/clkout1_buf/O
                                       net (fo=2, routed)           2.106    -0.713    rasterixgen.videoclock/inst/clk_in1
                  MMCME2_ADV_X1Y0                                                   r  rasterixgen.videoclock/inst/mmcm_adv_inst/CLKIN1
                  MMCME2_ADV_X1Y0      MMCME2_ADV (Prop_mmcme2_adv_CLKIN1_CLKOUT0)
                                                                   -4.900    -5.613 r  rasterixgen.videoclock/inst/mmcm_adv_inst/CLKOUT0
                                       net (fo=1, routed)           2.697    -2.915    rasterixgen.videoclock/inst/clk_out1_videoclock
                  BUFGCTRL_X0Y4                                                     r  rasterixgen.videoclock/inst/clkout1_buf/I
                  BUFGCTRL_X0Y4        BUFG (Prop_bufg_I_O)         0.096    -2.819 r  rasterixgen.videoclock/inst/clkout1_buf/O
                                       net (fo=868, routed)         1.699    -1.120    rasterixgen.rasterix/display/display/u_fifo/u_ram/PixelCLK
                  RAMB36_X6Y33         RAMB36E1                                     r  rasterixgen.rasterix/display/display/u_fifo/u_ram/ram_reg_0/CLKBWRCLK
  ---------------------------------------------------------------------------------    -------------------
    Routing       RAMB36_X6Y33         RAMB36E1 (Prop_ramb36e1_CLKBWRCLK_DOBDO[14])
                                                                    2.454     1.334 r  rasterixgen.rasterix/display/display/u_fifo/u_ram/ram_reg_0/DOBDO[14]
                                       net (fo=2, routed)           1.598     2.932    rasterixgen.rasterix/display/display/u_fifo/u_ram/data_out_w[14]
    Routing       SLICE_X109Y159                                                    r  rasterixgen.rasterix/display/display/u_fifo/u_ram/dc_bias_q[3]_i_20__0/I2
    Routing       SLICE_X109Y159       LUT3 (Prop_lut3_I2_O)        0.124     3.056 r  rasterixgen.rasterix/display/display/u_fifo/u_ram/dc_bias_q[3]_i_20__0/O
                                       net (fo=1, routed)           0.813     3.869    rasterixgen.rasterix/display/display/u_fifo/u_ram/dc_bias_q[3]_i_20__0_n_0
    Routing       SLICE_X110Y160                                                    r  rasterixgen.rasterix/display/display/u_fifo/u_ram/dc_bias_q[3]_i_14/I1
    Routing       SLICE_X110Y160       LUT6 (Prop_lut6_I1_O)        0.124     3.993 f  rasterixgen.rasterix/display/display/u_fifo/u_ram/dc_bias_q[3]_i_14/O
                                       net (fo=11, routed)          1.450     5.443    rasterixgen.rasterix/display/display/u_fifo/u_ram/dc_bias_q[3]_i_14_n_0
    Routing       SLICE_X116Y163                                                    f  rasterixgen.rasterix/display/display/u_fifo/u_ram/dc_bias_q[0]_i_2/I4
    Routing       SLICE_X116Y163       LUT5 (Prop_lut5_I4_O)        0.124     5.567 r  rasterixgen.rasterix/display/display/u_fifo/u_ram/dc_bias_q[0]_i_2/O
                                       net (fo=21, routed)          0.872     6.440    rasterixgen.rasterix/display/display/u_fifo/u_ram/dc_bias_q[0]_i_2_n_0
    Routing       SLICE_X115Y163                                                    r  rasterixgen.rasterix/display/display/u_fifo/u_ram/dc_bias_q[3]_i_9__1/I5
    Routing       SLICE_X115Y163       LUT6 (Prop_lut6_I5_O)        0.124     6.564 f  rasterixgen.rasterix/display/display/u_fifo/u_ram/dc_bias_q[3]_i_9__1/O
                                       net (fo=1, routed)           0.815     7.379    rasterixgen.rasterix/display/display/u_dvi/u_tmds_red/dc_bias_q_reg[3]_7
    Routing       SLICE_X115Y162                                                    f  rasterixgen.rasterix/display/display/u_dvi/u_tmds_red/dc_bias_q[3]_i_3/I1
    Routing       SLICE_X115Y162       LUT6 (Prop_lut6_I1_O)        0.124     7.503 r  rasterixgen.rasterix/display/display/u_dvi/u_tmds_red/dc_bias_q[3]_i_3/O
                                       net (fo=12, routed)          1.029     8.532    rasterixgen.rasterix/display/display/u_fifo/u_ram/encoded_q_reg[4]_0
    Routing       SLICE_X117Y161                                                    r  rasterixgen.rasterix/display/display/u_fifo/u_ram/encoded_q[0]_i_1__0/I1
    Routing       SLICE_X117Y161       LUT4 (Prop_lut4_I1_O)        0.124     8.656 r  rasterixgen.rasterix/display/display/u_fifo/u_ram/encoded_q[0]_i_1__0/O
                                       net (fo=1, routed)           0.000     8.656    rasterixgen.rasterix/display/display/u_dvi/u_tmds_red/encoded_q_reg[8]_1[0]
    Routing       SLICE_X117Y161       FDCE                                         r  rasterixgen.rasterix/display/display/u_dvi/u_tmds_red/encoded_q_reg[0]/D
  ---------------------------------------------------------------------------------    -------------------

                                       (clock clk_out1_videoclock rise edge)
                                                                   39.683    39.683 r  
                  R4                                                0.000    39.683 r  clk (IN)
                                       net (fo=0)                   0.000    39.683    mmcm/inst/clk_in1
                  R4                                                                r  mmcm/inst/clkin1_ibufg/I
                  R4                   IBUF (Prop_ibuf_I_O)         1.405    41.087 r  mmcm/inst/clkin1_ibufg/O
                                       net (fo=1, routed)           1.162    42.249    mmcm/inst/clk_in1_mmcm
                  MMCME2_ADV_X1Y2                                                   r  mmcm/inst/mmcm_adv_inst/CLKIN1
                  MMCME2_ADV_X1Y2      MMCME2_ADV (Prop_mmcme2_adv_CLKIN1_CLKOUT0)
                                                                   -7.674    34.576 r  mmcm/inst/mmcm_adv_inst/CLKOUT0
                                       net (fo=1, routed)           1.723    36.299    mmcm/inst/clk_out1_mmcm
                  BUFGCTRL_X0Y2                                                     r  mmcm/inst/clkout1_buf/I
                  BUFGCTRL_X0Y2        BUFG (Prop_bufg_I_O)         0.091    36.390 r  mmcm/inst/clkout1_buf/O
                                       net (fo=2, routed)           1.972    38.361    rasterixgen.videoclock/inst/clk_in1
                  MMCME2_ADV_X1Y0                                                   r  rasterixgen.videoclock/inst/mmcm_adv_inst/CLKIN1
                  MMCME2_ADV_X1Y0      MMCME2_ADV (Prop_mmcme2_adv_CLKIN1_CLKOUT0)
                                                                   -4.637    33.725 r  rasterixgen.videoclock/inst/mmcm_adv_inst/CLKOUT0
                                       net (fo=1, routed)           2.574    36.299    rasterixgen.videoclock/inst/clk_out1_videoclock
                  BUFGCTRL_X0Y4                                                     r  rasterixgen.videoclock/inst/clkout1_buf/I
                  BUFGCTRL_X0Y4        BUFG (Prop_bufg_I_O)         0.091    36.390 r  rasterixgen.videoclock/inst/clkout1_buf/O
                                       net (fo=868, routed)         1.554    37.943    rasterixgen.rasterix/display/display/u_dvi/u_tmds_red/PixelCLK
                  SLICE_X117Y161       FDCE                                         r  rasterixgen.rasterix/display/display/u_dvi/u_tmds_red/encoded_q_reg[0]/C
                                       clock pessimism              0.552    38.495    
                                       clock uncertainty           -0.467    38.029    
                  SLICE_X117Y161       FDCE (Setup_fdce_C_D)        0.032    38.061    rasterixgen.rasterix/display/display/u_dvi/u_tmds_red/encoded_q_reg[0]
  ---------------------------------------------------------------------------------
                                       required time                         38.061    
                                       arrival time                          -8.656    
  ---------------------------------------------------------------------------------
                                       slack                                 29.405    





Min Delay Paths
--------------------------------------------------------------------------------------
Slack (MET) :             0.082ns  (arrival time - required time)
  Source:                 rasterixgen.rasterix/memory/rasterixmem_i/interconnect/inst/s02_nodes/s02_ar_node/inst/inst_mi_handler/gen_normal_area.inst_fifo_node_payld/gen_xpm_memory_fifo.inst_fifo/gen_mem_rep[0].inst_wr_addra/count_r_reg[1]/C
                            (rising edge-triggered cell FDRE clocked by clk_out1_videoclock  {rise@0.000ns fall@19.841ns period=39.683ns})
  Destination:            rasterixgen.rasterix/memory/rasterixmem_i/interconnect/inst/s02_nodes/s02_ar_node/inst/inst_mi_handler/gen_normal_area.inst_fifo_node_payld/gen_xpm_memory_fifo.inst_fifo/gen_mem_rep[0].inst_xpm_memory/xpm_memory_base_inst/gen_wr_a.gen_word_narrow.mem_reg_0_31_72_77/RAMA/WADR1
                            (rising edge-triggered cell RAMD32 clocked by clk_out1_videoclock  {rise@0.000ns fall@19.841ns period=39.683ns})
  Path Group:             clk_out1_videoclock
  Path Type:              Hold (Min at Fast Process Corner)
  Requirement:            0.000ns  (clk_out1_videoclock rise@0.000ns - clk_out1_videoclock rise@0.000ns)
  Data Path Delay:        0.426ns  (logic 0.141ns (33.117%)  route 0.285ns (66.883%))
  Logic Levels:           0  
  Clock Path Skew:        0.035ns (DCD - SCD - CPR)
    Destination Clock Delay (DCD):    -0.904ns
    Source Clock Delay      (SCD):    -0.659ns
    Clock Pessimism Removal (CPR):    -0.280ns

    Pin Reuse     Location             Delay type                Incr(ns)  Path(ns)    Netlist Resource(s)
  ---------------------------------------------------------------------------------    -------------------
                                       (clock clk_out1_videoclock rise edge)
                                                                    0.000     0.000 r  
                  R4                                                0.000     0.000 r  clk (IN)
                                       net (fo=0)                   0.000     0.000    mmcm/inst/clk_in1
                  R4                                                                r  mmcm/inst/clkin1_ibufg/I
                  R4                   IBUF (Prop_ibuf_I_O)         0.243     0.243 r  mmcm/inst/clkin1_ibufg/O
                                       net (fo=1, routed)           0.440     0.683    mmcm/inst/clk_in1_mmcm
                  MMCME2_ADV_X1Y2                                                   r  mmcm/inst/mmcm_adv_inst/CLKIN1
                  MMCME2_ADV_X1Y2      MMCME2_ADV (Prop_mmcme2_adv_CLKIN1_CLKOUT0)
                                                                   -2.540    -1.856 r  mmcm/inst/mmcm_adv_inst/CLKOUT0
                                       net (fo=1, routed)           0.531    -1.325    mmcm/inst/clk_out1_mmcm
                  BUFGCTRL_X0Y2                                                     r  mmcm/inst/clkout1_buf/I
                  BUFGCTRL_X0Y2        BUFG (Prop_bufg_I_O)         0.026    -1.299 r  mmcm/inst/clkout1_buf/O
                                       net (fo=2, routed)           0.745    -0.555    rasterixgen.videoclock/inst/clk_in1
                  MMCME2_ADV_X1Y0                                                   r  rasterixgen.videoclock/inst/mmcm_adv_inst/CLKIN1
                  MMCME2_ADV_X1Y0      MMCME2_ADV (Prop_mmcme2_adv_CLKIN1_CLKOUT0)
                                                                   -1.683    -2.237 r  rasterixgen.videoclock/inst/mmcm_adv_inst/CLKOUT0
                                       net (fo=1, routed)           0.912    -1.325    rasterixgen.videoclock/inst/clk_out1_videoclock
                  BUFGCTRL_X0Y4                                                     r  rasterixgen.videoclock/inst/clkout1_buf/I
                  BUFGCTRL_X0Y4        BUFG (Prop_bufg_I_O)         0.026    -1.299 r  rasterixgen.videoclock/inst/clkout1_buf/O
                                       net (fo=868, routed)         0.641    -0.659    rasterixgen.rasterix/memory/rasterixmem_i/interconnect/inst/s02_nodes/s02_ar_node/inst/inst_mi_handler/gen_normal_area.inst_fifo_node_payld/gen_xpm_memory_fifo.inst_fifo/gen_mem_rep[0].inst_wr_addra/s_sc_aclk
                  SLICE_X161Y131       FDRE                                         r  rasterixgen.rasterix/memory/rasterixmem_i/interconnect/inst/s02_nodes/s02_ar_node/inst/inst_mi_handler/gen_normal_area.inst_fifo_node_payld/gen_xpm_memory_fifo.inst_fifo/gen_mem_rep[0].inst_wr_addra/count_r_reg[1]/C
  ---------------------------------------------------------------------------------    -------------------
    Routing       SLICE_X161Y131       FDRE (Prop_fdre_C_Q)         0.141    -0.518 r  rasterixgen.rasterix/memory/rasterixmem_i/interconnect/inst/s02_nodes/s02_ar_node/inst/inst_mi_handler/gen_normal_area.inst_fifo_node_payld/gen_xpm_memory_fifo.inst_fifo/gen_mem_rep[0].inst_wr_addra/count_r_reg[1]/Q
                                       net (fo=102, routed)         0.285    -0.233    rasterixgen.rasterix/memory/rasterixmem_i/interconnect/inst/s02_nodes/s02_ar_node/inst/inst_mi_handler/gen_normal_area.inst_fifo_node_payld/gen_xpm_memory_fifo.inst_fifo/gen_mem_rep[0].inst_xpm_memory/xpm_memory_base_inst/gen_wr_a.gen_word_narrow.mem_reg_0_31_72_77/ADDRD1
    Routing       SLICE_X158Y130       RAMD32                                       r  rasterixgen.rasterix/memory/rasterixmem_i/interconnect/inst/s02_nodes/s02_ar_node/inst/inst_mi_handler/gen_normal_area.inst_fifo_node_payld/gen_xpm_memory_fifo.inst_fifo/gen_mem_rep[0].inst_xpm_memory/xpm_memory_base_inst/gen_wr_a.gen_word_narrow.mem_reg_0_31_72_77/RAMA/WADR1
  ---------------------------------------------------------------------------------    -------------------

                                       (clock clk_out1_videoclock rise edge)
                                                                    0.000     0.000 r  
                  R4                                                0.000     0.000 r  clk (IN)
                                       net (fo=0)                   0.000     0.000    mmcm/inst/clk_in1
                  R4                                                                r  mmcm/inst/clkin1_ibufg/I
                  R4                   IBUF (Prop_ibuf_I_O)         0.431     0.431 r  mmcm/inst/clkin1_ibufg/O
                                       net (fo=1, routed)           0.480     0.911    mmcm/inst/clk_in1_mmcm
                  MMCME2_ADV_X1Y2                                                   r  mmcm/inst/mmcm_adv_inst/CLKIN1
                  MMCME2_ADV_X1Y2      MMCME2_ADV (Prop_mmcme2_adv_CLKIN1_CLKOUT0)
                                                                   -3.332    -2.421 r  mmcm/inst/mmcm_adv_inst/CLKOUT0
                                       net (fo=1, routed)           0.579    -1.843    mmcm/inst/clk_out1_mmcm
                  BUFGCTRL_X0Y2                                                     r  mmcm/inst/clkout1_buf/I
                  BUFGCTRL_X0Y2        BUFG (Prop_bufg_I_O)         0.029    -1.814 r  mmcm/inst/clkout1_buf/O
                                       net (fo=2, routed)           1.022    -0.792    rasterixgen.videoclock/inst/clk_in1
                  MMCME2_ADV_X1Y0                                                   r  rasterixgen.videoclock/inst/mmcm_adv_inst/CLKIN1
                  MMCME2_ADV_X1Y0      MMCME2_ADV (Prop_mmcme2_adv_CLKIN1_CLKOUT0)
                                                                   -2.040    -2.832 r  rasterixgen.videoclock/inst/mmcm_adv_inst/CLKOUT0
                                       net (fo=1, routed)           0.989    -1.843    rasterixgen.videoclock/inst/clk_out1_videoclock
                  BUFGCTRL_X0Y4                                                     r  rasterixgen.videoclock/inst/clkout1_buf/I
                  BUFGCTRL_X0Y4        BUFG (Prop_bufg_I_O)         0.029    -1.814 r  rasterixgen.videoclock/inst/clkout1_buf/O
                                       net (fo=868, routed)         0.910    -0.904    rasterixgen.rasterix/memory/rasterixmem_i/interconnect/inst/s02_nodes/s02_ar_node/inst/inst_mi_handler/gen_normal_area.inst_fifo_node_payld/gen_xpm_memory_fifo.inst_fifo/gen_mem_rep[0].inst_xpm_memory/xpm_memory_base_inst/gen_wr_a.gen_word_narrow.mem_reg_0_31_72_77/WCLK
                  SLICE_X158Y130       RAMD32                                       r  rasterixgen.rasterix/memory/rasterixmem_i/interconnect/inst/s02_nodes/s02_ar_node/inst/inst_mi_handler/gen_normal_area.inst_fifo_node_payld/gen_xpm_memory_fifo.inst_fifo/gen_mem_rep[0].inst_xpm_memory/xpm_memory_base_inst/gen_wr_a.gen_word_narrow.mem_reg_0_31_72_77/RAMA/CLK
                                       clock pessimism              0.280    -0.624    
                  SLICE_X158Y130       RAMD32 (Hold_ramd32_CLK_WADR1)
                                                                    0.309    -0.315    rasterixgen.rasterix/memory/rasterixmem_i/interconnect/inst/s02_nodes/s02_ar_node/inst/inst_mi_handler/gen_normal_area.inst_fifo_node_payld/gen_xpm_memory_fifo.inst_fifo/gen_mem_rep[0].inst_xpm_memory/xpm_memory_base_inst/gen_wr_a.gen_word_narrow.mem_reg_0_31_72_77/RAMA
  ---------------------------------------------------------------------------------
                                       required time                          0.315    
                                       arrival time                          -0.233    
  ---------------------------------------------------------------------------------
                                       slack                                  0.082    





Pulse Width Checks
--------------------------------------------------------------------------------------
Clock Name:         clk_out1_videoclock
Waveform(ns):       { 0.000 19.841 }
Period(ns):         39.683
Sources:            { rasterixgen.videoclock/inst/mmcm_adv_inst/CLKOUT0 }

Check Type        Corner  Lib Pin             Reference Pin  Required(ns)  Actual(ns)  Slack(ns)  Location         Pin
Min Period        n/a     RAMB36E1/CLKARDCLK  n/a            2.944         39.683      36.739     RAMB36_X6Y33     rasterixgen.rasterix/display/display/u_fifo/u_ram/ram_reg_0/CLKARDCLK
Max Period        n/a     MMCME2_ADV/CLKOUT0  n/a            213.360       39.683      173.677    MMCME2_ADV_X1Y0  rasterixgen.videoclock/inst/mmcm_adv_inst/CLKOUT0
Low Pulse Width   Slow    RAMD32/CLK          n/a            1.250         19.841      18.591     SLICE_X158Y126   rasterixgen.rasterix/memory/rasterixmem_i/interconnect/inst/s02_nodes/s02_ar_node/inst/inst_mi_handler/gen_normal_area.inst_fifo_node_payld/gen_xpm_memory_fifo.inst_fifo/gen_mem_rep[0].inst_xpm_memory/xpm_memory_base_inst/gen_wr_a.gen_word_narrow.mem_reg_0_31_0_5/RAMA/CLK
High Pulse Width  Slow    RAMD32/CLK          n/a            1.250         19.841      18.591     SLICE_X158Y126   rasterixgen.rasterix/memory/rasterixmem_i/interconnect/inst/s02_nodes/s02_ar_node/inst/inst_mi_handler/gen_normal_area.inst_fifo_node_payld/gen_xpm_memory_fifo.inst_fifo/gen_mem_rep[0].inst_xpm_memory/xpm_memory_base_inst/gen_wr_a.gen_word_narrow.mem_reg_0_31_0_5/RAMA/CLK



---------------------------------------------------------------------------------------------------
From Clock:  clk_out2_videoclock
  To Clock:  clk_out2_videoclock

Setup :            0  Failing Endpoints,  Worst Slack        3.644ns,  Total Violation        0.000ns
Hold  :            0  Failing Endpoints,  Worst Slack        0.128ns,  Total Violation        0.000ns
PW    :            0  Failing Endpoints,  Worst Slack        3.468ns,  Total Violation        0.000ns
---------------------------------------------------------------------------------------------------


Max Delay Paths
--------------------------------------------------------------------------------------
Slack (MET) :             3.644ns  (required time - arrival time)
  Source:                 rasterixgen.rasterix/display/display/u_dvi/dvi_strobe_q_reg/C
                            (rising edge-triggered cell FDCE clocked by clk_out2_videoclock  {rise@0.000ns fall@3.968ns period=7.937ns})
  Destination:            rasterixgen.rasterix/display/display/u_dvi/dvi_red_q_reg[3]/D
                            (rising edge-triggered cell FDCE clocked by clk_out2_videoclock  {rise@0.000ns fall@3.968ns period=7.937ns})
  Path Group:             clk_out2_videoclock
  Path Type:              Setup (Max at Slow Process Corner)
  Requirement:            7.937ns  (clk_out2_videoclock rise@7.937ns - clk_out2_videoclock rise@0.000ns)
  Data Path Delay:        3.831ns  (logic 0.580ns (15.139%)  route 3.251ns (84.861%))
  Logic Levels:           1  (LUT3=1)
  Clock Path Skew:        -0.280ns (DCD - SCD + CPR)
    Destination Clock Delay (DCD):    -1.739ns = ( 6.197 - 7.937 ) 
    Source Clock Delay      (SCD):    -0.986ns
    Clock Pessimism Removal (CPR):    0.474ns
  Clock Uncertainty:      0.212ns  ((TSJ^2 + DJ^2)^1/2) / 2 + PE
    Total System Jitter     (TSJ):    0.071ns
    Discrete Jitter          (DJ):    0.419ns
    Phase Error              (PE):    0.000ns

    Pin Reuse     Location             Delay type                Incr(ns)  Path(ns)    Netlist Resource(s)
  ---------------------------------------------------------------------------------    -------------------
                                       (clock clk_out2_videoclock rise edge)
                                                                    0.000     0.000 r  
                  R4                                                0.000     0.000 r  clk (IN)
                                       net (fo=0)                   0.000     0.000    mmcm/inst/clk_in1
                  R4                                                                r  mmcm/inst/clkin1_ibufg/I
                  R4                   IBUF (Prop_ibuf_I_O)         1.475     1.475 r  mmcm/inst/clkin1_ibufg/O
                                       net (fo=1, routed)           1.233     2.708    mmcm/inst/clk_in1_mmcm
                  MMCME2_ADV_X1Y2                                                   r  mmcm/inst/mmcm_adv_inst/CLKIN1
                  MMCME2_ADV_X1Y2      MMCME2_ADV (Prop_mmcme2_adv_CLKIN1_CLKOUT0)
                                                                   -7.432    -4.724 r  mmcm/inst/mmcm_adv_inst/CLKOUT0
                                       net (fo=1, routed)           1.808    -2.915    mmcm/inst/clk_out1_mmcm
                  BUFGCTRL_X0Y2                                                     r  mmcm/inst/clkout1_buf/I
                  BUFGCTRL_X0Y2        BUFG (Prop_bufg_I_O)         0.096    -2.819 r  mmcm/inst/clkout1_buf/O
                                       net (fo=2, routed)           2.106    -0.713    rasterixgen.videoclock/inst/clk_in1
                  MMCME2_ADV_X1Y0                                                   r  rasterixgen.videoclock/inst/mmcm_adv_inst/CLKIN1
                  MMCME2_ADV_X1Y0      MMCME2_ADV (Prop_mmcme2_adv_CLKIN1_CLKOUT1)
                                                                   -4.900    -5.613 r  rasterixgen.videoclock/inst/mmcm_adv_inst/CLKOUT1
                                       net (fo=1, routed)           2.697    -2.915    rasterixgen.videoclock/inst/clk_out2_videoclock
                  BUFGCTRL_X0Y0                                                     r  rasterixgen.videoclock/inst/clkout2_buf/I
                  BUFGCTRL_X0Y0        BUFG (Prop_bufg_I_O)         0.096    -2.819 r  rasterixgen.videoclock/inst/clkout2_buf/O
                                       net (fo=77, routed)          1.833    -0.986    rasterixgen.rasterix/display/display/u_dvi/SerialCLK
                  SLICE_X163Y147       FDCE                                         r  rasterixgen.rasterix/display/display/u_dvi/dvi_strobe_q_reg/C
  ---------------------------------------------------------------------------------    -------------------
    Routing       SLICE_X163Y147       FDCE (Prop_fdce_C_Q)         0.456    -0.530 r  rasterixgen.rasterix/display/display/u_dvi/dvi_strobe_q_reg/Q
                                       net (fo=30, routed)          3.251     2.721    rasterixgen.rasterix/display/display/u_dvi/dvi_strobe_q
    Routing       SLICE_X118Y161                                                    r  rasterixgen.rasterix/display/display/u_dvi/dvi_red_q[3]_i_1/I1
    Routing       SLICE_X118Y161       LUT3 (Prop_lut3_I1_O)        0.124     2.845 r  rasterixgen.rasterix/display/display/u_dvi/dvi_red_q[3]_i_1/O
                                       net (fo=1, routed)           0.000     2.845    rasterixgen.rasterix/display/display/u_dvi/dvi_red_q[3]_i_1_n_0
    Routing       SLICE_X118Y161       FDCE                                         r  rasterixgen.rasterix/display/display/u_dvi/dvi_red_q_reg[3]/D
  ---------------------------------------------------------------------------------    -------------------

                                       (clock clk_out2_videoclock rise edge)
                                                                    7.937     7.937 r  
                  R4                                                0.000     7.937 r  clk (IN)
                                       net (fo=0)                   0.000     7.937    mmcm/inst/clk_in1
                  R4                                                                r  mmcm/inst/clkin1_ibufg/I
                  R4                   IBUF (Prop_ibuf_I_O)         1.405     9.341 r  mmcm/inst/clkin1_ibufg/O
                                       net (fo=1, routed)           1.162    10.503    mmcm/inst/clk_in1_mmcm
                  MMCME2_ADV_X1Y2                                                   r  mmcm/inst/mmcm_adv_inst/CLKIN1
                  MMCME2_ADV_X1Y2      MMCME2_ADV (Prop_mmcme2_adv_CLKIN1_CLKOUT0)
                                                                   -7.674     2.830 r  mmcm/inst/mmcm_adv_inst/CLKOUT0
                                       net (fo=1, routed)           1.723     4.553    mmcm/inst/clk_out1_mmcm
                  BUFGCTRL_X0Y2                                                     r  mmcm/inst/clkout1_buf/I
                  BUFGCTRL_X0Y2        BUFG (Prop_bufg_I_O)         0.091     4.644 r  mmcm/inst/clkout1_buf/O
                                       net (fo=2, routed)           1.972     6.615    rasterixgen.videoclock/inst/clk_in1
                  MMCME2_ADV_X1Y0                                                   r  rasterixgen.videoclock/inst/mmcm_adv_inst/CLKIN1
                  MMCME2_ADV_X1Y0      MMCME2_ADV (Prop_mmcme2_adv_CLKIN1_CLKOUT1)
                                                                   -4.637     1.979 r  rasterixgen.videoclock/inst/mmcm_adv_inst/CLKOUT1
                                       net (fo=1, routed)           2.574     4.553    rasterixgen.videoclock/inst/clk_out2_videoclock
                  BUFGCTRL_X0Y0                                                     r  rasterixgen.videoclock/inst/clkout2_buf/I
                  BUFGCTRL_X0Y0        BUFG (Prop_bufg_I_O)         0.091     4.644 r  rasterixgen.videoclock/inst/clkout2_buf/O
                                       net (fo=77, routed)          1.554     6.197    rasterixgen.rasterix/display/display/u_dvi/SerialCLK
                  SLICE_X118Y161       FDCE                                         r  rasterixgen.rasterix/display/display/u_dvi/dvi_red_q_reg[3]/C
                                       clock pessimism              0.474     6.671    
                                       clock uncertainty           -0.212     6.459    
                  SLICE_X118Y161       FDCE (Setup_fdce_C_D)        0.031     6.490    rasterixgen.rasterix/display/display/u_dvi/dvi_red_q_reg[3]
  ---------------------------------------------------------------------------------
                                       required time                          6.490    
                                       arrival time                          -2.845    
  ---------------------------------------------------------------------------------
                                       slack                                  3.644    





Min Delay Paths
--------------------------------------------------------------------------------------
Slack (MET) :             0.128ns  (arrival time - required time)
  Source:                 rasterixgen.rasterix/display/display/u_dvi/u_resync/sync_ms_reg/C
                            (rising edge-triggered cell FDCE clocked by clk_out2_videoclock  {rise@0.000ns fall@3.968ns period=7.937ns})
  Destination:            rasterixgen.rasterix/display/display/u_dvi/u_resync/sync_q_reg/D
                            (rising edge-triggered cell FDCE clocked by clk_out2_videoclock  {rise@0.000ns fall@3.968ns period=7.937ns})
  Path Group:             clk_out2_videoclock
  Path Type:              Hold (Min at Fast Process Corner)
  Requirement:            0.000ns  (clk_out2_videoclock rise@0.000ns - clk_out2_videoclock rise@0.000ns)
  Data Path Delay:        0.199ns  (logic 0.141ns (70.953%)  route 0.058ns (29.047%))
  Logic Levels:           0  
  Clock Path Skew:        0.000ns (DCD - SCD - CPR)
    Destination Clock Delay (DCD):    -0.954ns
    Source Clock Delay      (SCD):    -0.711ns
    Clock Pessimism Removal (CPR):    -0.243ns

    Pin Reuse     Location             Delay type                Incr(ns)  Path(ns)    Netlist Resource(s)
  ---------------------------------------------------------------------------------    -------------------
                                       (clock clk_out2_videoclock rise edge)
                                                                    0.000     0.000 r  
                  R4                                                0.000     0.000 r  clk (IN)
                                       net (fo=0)                   0.000     0.000    mmcm/inst/clk_in1
                  R4                                                                r  mmcm/inst/clkin1_ibufg/I
                  R4                   IBUF (Prop_ibuf_I_O)         0.243     0.243 r  mmcm/inst/clkin1_ibufg/O
                                       net (fo=1, routed)           0.440     0.683    mmcm/inst/clk_in1_mmcm
                  MMCME2_ADV_X1Y2                                                   r  mmcm/inst/mmcm_adv_inst/CLKIN1
                  MMCME2_ADV_X1Y2      MMCME2_ADV (Prop_mmcme2_adv_CLKIN1_CLKOUT0)
                                                                   -2.540    -1.856 r  mmcm/inst/mmcm_adv_inst/CLKOUT0
                                       net (fo=1, routed)           0.531    -1.325    mmcm/inst/clk_out1_mmcm
                  BUFGCTRL_X0Y2                                                     r  mmcm/inst/clkout1_buf/I
                  BUFGCTRL_X0Y2        BUFG (Prop_bufg_I_O)         0.026    -1.299 r  mmcm/inst/clkout1_buf/O
                                       net (fo=2, routed)           0.745    -0.555    rasterixgen.videoclock/inst/clk_in1
                  MMCME2_ADV_X1Y0                                                   r  rasterixgen.videoclock/inst/mmcm_adv_inst/CLKIN1
                  MMCME2_ADV_X1Y0      MMCME2_ADV (Prop_mmcme2_adv_CLKIN1_CLKOUT1)
                                                                   -1.683    -2.237 r  rasterixgen.videoclock/inst/mmcm_adv_inst/CLKOUT1
                                       net (fo=1, routed)           0.912    -1.325    rasterixgen.videoclock/inst/clk_out2_videoclock
                  BUFGCTRL_X0Y0                                                     r  rasterixgen.videoclock/inst/clkout2_buf/I
                  BUFGCTRL_X0Y0        BUFG (Prop_bufg_I_O)         0.026    -1.299 r  rasterixgen.videoclock/inst/clkout2_buf/O
                                       net (fo=77, routed)          0.589    -0.711    rasterixgen.rasterix/display/display/u_dvi/u_resync/SerialCLK
                  SLICE_X118Y160       FDCE                                         r  rasterixgen.rasterix/display/display/u_dvi/u_resync/sync_ms_reg/C
  ---------------------------------------------------------------------------------    -------------------
    Routing       SLICE_X118Y160       FDCE (Prop_fdce_C_Q)         0.141    -0.570 r  rasterixgen.rasterix/display/display/u_dvi/u_resync/sync_ms_reg/Q
                                       net (fo=1, routed)           0.058    -0.512    rasterixgen.rasterix/display/display/u_dvi/u_resync/sync_ms
    Routing       SLICE_X118Y160       FDCE                                         r  rasterixgen.rasterix/display/display/u_dvi/u_resync/sync_q_reg/D
  ---------------------------------------------------------------------------------    -------------------

                                       (clock clk_out2_videoclock rise edge)
                                                                    0.000     0.000 r  
                  R4                                                0.000     0.000 r  clk (IN)
                                       net (fo=0)                   0.000     0.000    mmcm/inst/clk_in1
                  R4                                                                r  mmcm/inst/clkin1_ibufg/I
                  R4                   IBUF (Prop_ibuf_I_O)         0.431     0.431 r  mmcm/inst/clkin1_ibufg/O
                                       net (fo=1, routed)           0.480     0.911    mmcm/inst/clk_in1_mmcm
                  MMCME2_ADV_X1Y2                                                   r  mmcm/inst/mmcm_adv_inst/CLKIN1
                  MMCME2_ADV_X1Y2      MMCME2_ADV (Prop_mmcme2_adv_CLKIN1_CLKOUT0)
                                                                   -3.332    -2.421 r  mmcm/inst/mmcm_adv_inst/CLKOUT0
                                       net (fo=1, routed)           0.579    -1.843    mmcm/inst/clk_out1_mmcm
                  BUFGCTRL_X0Y2                                                     r  mmcm/inst/clkout1_buf/I
                  BUFGCTRL_X0Y2        BUFG (Prop_bufg_I_O)         0.029    -1.814 r  mmcm/inst/clkout1_buf/O
                                       net (fo=2, routed)           1.022    -0.792    rasterixgen.videoclock/inst/clk_in1
                  MMCME2_ADV_X1Y0                                                   r  rasterixgen.videoclock/inst/mmcm_adv_inst/CLKIN1
                  MMCME2_ADV_X1Y0      MMCME2_ADV (Prop_mmcme2_adv_CLKIN1_CLKOUT1)
                                                                   -2.040    -2.832 r  rasterixgen.videoclock/inst/mmcm_adv_inst/CLKOUT1
                                       net (fo=1, routed)           0.989    -1.843    rasterixgen.videoclock/inst/clk_out2_videoclock
                  BUFGCTRL_X0Y0                                                     r  rasterixgen.videoclock/inst/clkout2_buf/I
                  BUFGCTRL_X0Y0        BUFG (Prop_bufg_I_O)         0.029    -1.814 r  rasterixgen.videoclock/inst/clkout2_buf/O
                                       net (fo=77, routed)          0.860    -0.954    rasterixgen.rasterix/display/display/u_dvi/u_resync/SerialCLK
                  SLICE_X118Y160       FDCE                                         r  rasterixgen.rasterix/display/display/u_dvi/u_resync/sync_q_reg/C
                                       clock pessimism              0.243    -0.711    
                  SLICE_X118Y160       FDCE (Hold_fdce_C_D)         0.071    -0.640    rasterixgen.rasterix/display/display/u_dvi/u_resync/sync_q_reg
  ---------------------------------------------------------------------------------
                                       required time                          0.640    
                                       arrival time                          -0.512    
  ---------------------------------------------------------------------------------
                                       slack                                  0.128    





Pulse Width Checks
--------------------------------------------------------------------------------------
Clock Name:         clk_out2_videoclock
Waveform(ns):       { 0.000 3.968 }
Period(ns):         7.937
Sources:            { rasterixgen.videoclock/inst/mmcm_adv_inst/CLKOUT1 }

Check Type        Corner  Lib Pin             Reference Pin  Required(ns)  Actual(ns)  Slack(ns)  Location         Pin
Min Period        n/a     BUFG/I              n/a            2.155         7.937       5.781      BUFGCTRL_X0Y0    rasterixgen.videoclock/inst/clkout2_buf/I
Max Period        n/a     MMCME2_ADV/CLKOUT1  n/a            213.360       7.937       205.423    MMCME2_ADV_X1Y0  rasterixgen.videoclock/inst/mmcm_adv_inst/CLKOUT1
Low Pulse Width   Slow    FDCE/C              n/a            0.500         3.968       3.468      SLICE_X120Y161   rasterixgen.rasterix/display/display/u_dvi/dvi_blue_q_reg[0]/C
High Pulse Width  Slow    FDCE/C              n/a            0.500         3.968       3.468      SLICE_X120Y161   rasterixgen.rasterix/display/display/u_dvi/dvi_blue_q_reg[0]/C



---------------------------------------------------------------------------------------------------
From Clock:  clkfbout_videoclock
  To Clock:  clkfbout_videoclock

Setup :           NA  Failing Endpoints,  Worst Slack           NA  ,  Total Violation           NA
Hold  :           NA  Failing Endpoints,  Worst Slack           NA  ,  Total Violation           NA
PW    :            0  Failing Endpoints,  Worst Slack       47.845ns,  Total Violation        0.000ns
---------------------------------------------------------------------------------------------------


Pulse Width Checks
--------------------------------------------------------------------------------------
Clock Name:         clkfbout_videoclock
Waveform(ns):       { 0.000 25.000 }
Period(ns):         50.000
Sources:            { rasterixgen.videoclock/inst/mmcm_adv_inst/CLKFBOUT }

Check Type  Corner  Lib Pin             Reference Pin  Required(ns)  Actual(ns)  Slack(ns)  Location         Pin
Min Period  n/a     BUFG/I              n/a            2.155         50.000      47.845     BUFGCTRL_X0Y6    rasterixgen.videoclock/inst/clkf_buf/I
Max Period  n/a     MMCME2_ADV/CLKFBIN  n/a            100.000       50.000      50.000     MMCME2_ADV_X1Y0  rasterixgen.videoclock/inst/mmcm_adv_inst/CLKFBIN



---------------------------------------------------------------------------------------------------
From Clock:  freq_refclk
  To Clock:  freq_refclk

Setup :           NA  Failing Endpoints,  Worst Slack           NA  ,  Total Violation           NA
Hold  :           NA  Failing Endpoints,  Worst Slack           NA  ,  Total Violation           NA
PW    :            0  Failing Endpoints,  Worst Slack        0.000ns,  Total Violation        0.000ns
---------------------------------------------------------------------------------------------------


Pulse Width Checks
--------------------------------------------------------------------------------------
Clock Name:         freq_refclk
Waveform(ns):       { 0.000 0.625 }
Period(ns):         1.250
Sources:            { ddr3/u_ddr3_mig/u_ddr3_infrastructure/plle2_i/CLKOUT0 }

Check Type        Corner  Lib Pin                    Reference Pin  Required(ns)  Actual(ns)  Slack(ns)  Location              Pin
Min Period        n/a     PHASER_OUT_PHY/FREQREFCLK  n/a            1.250         1.250       0.000      PHASER_OUT_PHY_X1Y12  ddr3/u_ddr3_mig/u_memc_ui_top_axi/mem_intfc0/ddr_phy_top0/u_ddr_mc_phy_wrapper/u_ddr_mc_phy/ddr_phy_4lanes_0.u_ddr_phy_4lanes/ddr_byte_lane_A.ddr_byte_lane_A/phaser_out/FREQREFCLK
Max Period        n/a     PHASER_OUT_PHY/FREQREFCLK  n/a            2.500         1.250       1.250      PHASER_OUT_PHY_X1Y12  ddr3/u_ddr3_mig/u_memc_ui_top_axi/mem_intfc0/ddr_phy_top0/u_ddr_mc_phy_wrapper/u_ddr_mc_phy/ddr_phy_4lanes_0.u_ddr_phy_4lanes/ddr_byte_lane_A.ddr_byte_lane_A/phaser_out/FREQREFCLK
Low Pulse Width   Slow    PHASER_REF/CLKIN           n/a            0.562         0.625       0.063      PHASER_REF_X1Y3       ddr3/u_ddr3_mig/u_memc_ui_top_axi/mem_intfc0/ddr_phy_top0/u_ddr_mc_phy_wrapper/u_ddr_mc_phy/ddr_phy_4lanes_0.u_ddr_phy_4lanes/phaser_ref_i/CLKIN
High Pulse Width  Slow    PHASER_OUT_PHY/FREQREFCLK  n/a            0.563         0.625       0.062      PHASER_OUT_PHY_X1Y12  ddr3/u_ddr3_mig/u_memc_ui_top_axi/mem_intfc0/ddr_phy_top0/u_ddr_mc_phy_wrapper/u_ddr_mc_phy/ddr_phy_4lanes_0.u_ddr_phy_4lanes/ddr_byte_lane_A.ddr_byte_lane_A/phaser_out/FREQREFCLK



---------------------------------------------------------------------------------------------------
From Clock:  u_memc_ui_top_axi/mem_intfc0/ddr_phy_top0/u_ddr_mc_phy_wrapper/u_ddr_mc_phy/ddr_phy_4lanes_0.u_ddr_phy_4lanes/ddr_byte_lane_C.ddr_byte_lane_C/iserdes_clk
  To Clock:  u_memc_ui_top_axi/mem_intfc0/ddr_phy_top0/u_ddr_mc_phy_wrapper/u_ddr_mc_phy/ddr_phy_4lanes_0.u_ddr_phy_4lanes/ddr_byte_lane_C.ddr_byte_lane_C/iserdes_clk

Setup :           NA  Failing Endpoints,  Worst Slack           NA  ,  Total Violation           NA
Hold  :           NA  Failing Endpoints,  Worst Slack           NA  ,  Total Violation           NA
PW    :            0  Failing Endpoints,  Worst Slack        0.833ns,  Total Violation        0.000ns
---------------------------------------------------------------------------------------------------


Pulse Width Checks
--------------------------------------------------------------------------------------
Clock Name:         u_memc_ui_top_axi/mem_intfc0/ddr_phy_top0/u_ddr_mc_phy_wrapper/u_ddr_mc_phy/ddr_phy_4lanes_0.u_ddr_phy_4lanes/ddr_byte_lane_C.ddr_byte_lane_C/iserdes_clk
Waveform(ns):       { 0.000 1.250 }
Period(ns):         2.500
Sources:            { ddr3/u_ddr3_mig/u_memc_ui_top_axi/mem_intfc0/ddr_phy_top0/u_ddr_mc_phy_wrapper/u_ddr_mc_phy/ddr_phy_4lanes_0.u_ddr_phy_4lanes/ddr_byte_lane_C.ddr_byte_lane_C/phaser_in_gen.phaser_in/ICLK }

Check Type  Corner  Lib Pin        Reference Pin  Required(ns)  Actual(ns)  Slack(ns)  Location       Pin
Min Period  n/a     ISERDESE2/CLK  n/a            1.667         2.500       0.833      ILOGIC_X1Y176  ddr3/u_ddr3_mig/u_memc_ui_top_axi/mem_intfc0/ddr_phy_top0/u_ddr_mc_phy_wrapper/u_ddr_mc_phy/ddr_phy_4lanes_0.u_ddr_phy_4lanes/ddr_byte_lane_C.ddr_byte_lane_C/ddr_byte_group_io/input_[1].iserdes_dq_.iserdesdq/CLK



---------------------------------------------------------------------------------------------------
From Clock:  iserdes_clkdiv
  To Clock:  iserdes_clkdiv

Setup :            0  Failing Endpoints,  Worst Slack        7.809ns,  Total Violation        0.000ns
Hold  :            0  Failing Endpoints,  Worst Slack        0.071ns,  Total Violation        0.000ns
PW    :            0  Failing Endpoints,  Worst Slack        2.850ns,  Total Violation        0.000ns
---------------------------------------------------------------------------------------------------


Max Delay Paths
--------------------------------------------------------------------------------------
Slack (MET) :             7.809ns  (required time - arrival time)
  Source:                 ddr3/u_ddr3_mig/u_memc_ui_top_axi/mem_intfc0/ddr_phy_top0/u_ddr_mc_phy_wrapper/u_ddr_mc_phy/ddr_phy_4lanes_0.u_ddr_phy_4lanes/ddr_byte_lane_C.ddr_byte_lane_C/ddr_byte_group_io/input_[1].iserdes_dq_.iserdesdq/CLKDIVP
                            (rising edge-triggered cell ISERDESE2 clocked by iserdes_clkdiv  {rise@0.000ns fall@5.000ns period=10.000ns})
  Destination:            ddr3/u_ddr3_mig/u_memc_ui_top_axi/mem_intfc0/ddr_phy_top0/u_ddr_mc_phy_wrapper/u_ddr_mc_phy/ddr_phy_4lanes_0.u_ddr_phy_4lanes/ddr_byte_lane_C.ddr_byte_lane_C/in_fifo_gen.in_fifo/D1[2]
                            (rising edge-triggered cell IN_FIFO clocked by iserdes_clkdiv  {rise@0.000ns fall@5.000ns period=10.000ns})
  Path Group:             iserdes_clkdiv
  Path Type:              Setup (Max at Slow Process Corner)
  Requirement:            10.000ns  (iserdes_clkdiv rise@10.000ns - iserdes_clkdiv rise@0.000ns)
  Data Path Delay:        1.109ns  (logic 0.425ns (38.317%)  route 0.684ns (61.683%))
  Logic Levels:           0  
  Clock Path Skew:        -0.450ns (DCD - SCD + CPR)
    Destination Clock Delay (DCD):    0.619ns = ( 10.619 - 10.000 ) 
    Source Clock Delay      (SCD):    1.745ns
    Clock Pessimism Removal (CPR):    0.676ns
  Clock Uncertainty:      0.060ns  ((TSJ^2 + DJ^2)^1/2) / 2 + PE
    Total System Jitter     (TSJ):    0.071ns
    Discrete Jitter          (DJ):    0.098ns
    Phase Error              (PE):    0.000ns

    Pin Reuse     Location             Delay type                Incr(ns)  Path(ns)    Netlist Resource(s)
  ---------------------------------------------------------------------------------    -------------------
                                       (clock iserdes_clkdiv rise edge)
                                                                    0.000     0.000 r  
                  R4                                                0.000     0.000 r  clk (IN)
                                       net (fo=0)                   0.000     0.000    mmcm/inst/clk_in1
                  R4                                                                r  mmcm/inst/clkin1_ibufg/I
                  R4                   IBUF (Prop_ibuf_I_O)         1.475     1.475 r  mmcm/inst/clkin1_ibufg/O
                                       net (fo=1, routed)           1.233     2.708    mmcm/inst/clk_in1_mmcm
                  MMCME2_ADV_X1Y2                                                   r  mmcm/inst/mmcm_adv_inst/CLKIN1
                  MMCME2_ADV_X1Y2      MMCME2_ADV (Prop_mmcme2_adv_CLKIN1_CLKOUT0)
                                                                   -7.432    -4.724 r  mmcm/inst/mmcm_adv_inst/CLKOUT0
                                       net (fo=1, routed)           1.808    -2.915    mmcm/inst/clk_out1_mmcm
                  BUFGCTRL_X0Y2                                                     r  mmcm/inst/clkout1_buf/I
                  BUFGCTRL_X0Y2        BUFG (Prop_bufg_I_O)         0.096    -2.819 r  mmcm/inst/clkout1_buf/O
                                       net (fo=2, routed)           1.754    -1.065    ddr3/u_ddr3_mig/u_ddr3_infrastructure/mmcm_clk
                  PLLE2_ADV_X1Y3                                                    r  ddr3/u_ddr3_mig/u_ddr3_infrastructure/plle2_i/CLKIN1
                  PLLE2_ADV_X1Y3       PLLE2_ADV (Prop_plle2_adv_CLKIN1_CLKOUT0)
                                                                    0.088    -0.977 r  ddr3/u_ddr3_mig/u_ddr3_infrastructure/plle2_i/CLKOUT0
                                       net (fo=7, routed)           0.607    -0.370    ddr3/u_ddr3_mig/u_memc_ui_top_axi/mem_intfc0/ddr_phy_top0/u_ddr_mc_phy_wrapper/u_ddr_mc_phy/ddr_phy_4lanes_0.u_ddr_phy_4lanes/ddr_byte_lane_C.ddr_byte_lane_C/freq_refclk
                  PHASER_IN_PHY_X1Y14                                               r  ddr3/u_ddr3_mig/u_memc_ui_top_axi/mem_intfc0/ddr_phy_top0/u_ddr_mc_phy_wrapper/u_ddr_mc_phy/ddr_phy_4lanes_0.u_ddr_phy_4lanes/ddr_byte_lane_C.ddr_byte_lane_C/phaser_in_gen.phaser_in/FREQREFCLK
                  PHASER_IN_PHY_X1Y14  PHASER_IN_PHY (Prop_phaser_in_phy_FREQREFCLK_ICLK)
                                                                    1.493     1.122 r  ddr3/u_ddr3_mig/u_memc_ui_top_axi/mem_intfc0/ddr_phy_top0/u_ddr_mc_phy_wrapper/u_ddr_mc_phy/ddr_phy_4lanes_0.u_ddr_phy_4lanes/ddr_byte_lane_C.ddr_byte_lane_C/phaser_in_gen.phaser_in/ICLK
                  PHASER_IN_PHY_X1Y14  PHASER_IN_PHY (Prop_phaser_in_phy_ICLK_ICLKDIV)
                                                                    0.173     1.295 r  ddr3/u_ddr3_mig/u_memc_ui_top_axi/mem_intfc0/ddr_phy_top0/u_ddr_mc_phy_wrapper/u_ddr_mc_phy/ddr_phy_4lanes_0.u_ddr_phy_4lanes/ddr_byte_lane_C.ddr_byte_lane_C/phaser_in_gen.phaser_in/ICLKDIV
                                       net (fo=9, routed)           0.450     1.745    ddr3/u_ddr3_mig/u_memc_ui_top_axi/mem_intfc0/ddr_phy_top0/u_ddr_mc_phy_wrapper/u_ddr_mc_phy/ddr_phy_4lanes_0.u_ddr_phy_4lanes/ddr_byte_lane_C.ddr_byte_lane_C/ddr_byte_group_io/iserdes_clkdiv
                  ILOGIC_X1Y176        ISERDESE2                                    r  ddr3/u_ddr3_mig/u_memc_ui_top_axi/mem_intfc0/ddr_phy_top0/u_ddr_mc_phy_wrapper/u_ddr_mc_phy/ddr_phy_4lanes_0.u_ddr_phy_4lanes/ddr_byte_lane_C.ddr_byte_lane_C/ddr_byte_group_io/input_[1].iserdes_dq_.iserdesdq/CLKDIVP
  ---------------------------------------------------------------------------------    -------------------
    Routing       ILOGIC_X1Y176        ISERDESE2 (Prop_iserdese2_CLKDIVP_Q2)
                                                                    0.425     2.170 r  ddr3/u_ddr3_mig/u_memc_ui_top_axi/mem_intfc0/ddr_phy_top0/u_ddr_mc_phy_wrapper/u_ddr_mc_phy/ddr_phy_4lanes_0.u_ddr_phy_4lanes/ddr_byte_lane_C.ddr_byte_lane_C/ddr_byte_group_io/input_[1].iserdes_dq_.iserdesdq/Q2
                                       net (fo=1, routed)           0.684     2.855    ddr3/u_ddr3_mig/u_memc_ui_top_axi/mem_intfc0/ddr_phy_top0/u_ddr_mc_phy_wrapper/u_ddr_mc_phy/ddr_phy_4lanes_0.u_ddr_phy_4lanes/ddr_byte_lane_C.ddr_byte_lane_C/if_d1[2]
    Routing       IN_FIFO_X1Y14        IN_FIFO                                      r  ddr3/u_ddr3_mig/u_memc_ui_top_axi/mem_intfc0/ddr_phy_top0/u_ddr_mc_phy_wrapper/u_ddr_mc_phy/ddr_phy_4lanes_0.u_ddr_phy_4lanes/ddr_byte_lane_C.ddr_byte_lane_C/in_fifo_gen.in_fifo/D1[2]
  ---------------------------------------------------------------------------------    -------------------

                                       (clock iserdes_clkdiv rise edge)
                                                                   10.000    10.000 r  
                  R4                                                0.000    10.000 r  clk (IN)
                                       net (fo=0)                   0.000    10.000    mmcm/inst/clk_in1
                  R4                                                                r  mmcm/inst/clkin1_ibufg/I
                  R4                   IBUF (Prop_ibuf_I_O)         1.405    11.405 r  mmcm/inst/clkin1_ibufg/O
                                       net (fo=1, routed)           1.162    12.567    mmcm/inst/clk_in1_mmcm
                  MMCME2_ADV_X1Y2                                                   r  mmcm/inst/mmcm_adv_inst/CLKIN1
                  MMCME2_ADV_X1Y2      MMCME2_ADV (Prop_mmcme2_adv_CLKIN1_CLKOUT0)
                                                                   -7.674     4.893 r  mmcm/inst/mmcm_adv_inst/CLKOUT0
                                       net (fo=1, routed)           1.723     6.616    mmcm/inst/clk_out1_mmcm
                  BUFGCTRL_X0Y2                                                     r  mmcm/inst/clkout1_buf/I
                  BUFGCTRL_X0Y2        BUFG (Prop_bufg_I_O)         0.091     6.707 r  mmcm/inst/clkout1_buf/O
                                       net (fo=2, routed)           1.636     8.343    ddr3/u_ddr3_mig/u_ddr3_infrastructure/mmcm_clk
                  PLLE2_ADV_X1Y3                                                    r  ddr3/u_ddr3_mig/u_ddr3_infrastructure/plle2_i/CLKIN1
                  PLLE2_ADV_X1Y3       PLLE2_ADV (Prop_plle2_adv_CLKIN1_CLKOUT0)
                                                                    0.083     8.426 r  ddr3/u_ddr3_mig/u_ddr3_infrastructure/plle2_i/CLKOUT0
                                       net (fo=7, routed)           0.576     9.002    ddr3/u_ddr3_mig/u_memc_ui_top_axi/mem_intfc0/ddr_phy_top0/u_ddr_mc_phy_wrapper/u_ddr_mc_phy/ddr_phy_4lanes_0.u_ddr_phy_4lanes/ddr_byte_lane_C.ddr_byte_lane_C/freq_refclk
                  PHASER_IN_PHY_X1Y14                                               r  ddr3/u_ddr3_mig/u_memc_ui_top_axi/mem_intfc0/ddr_phy_top0/u_ddr_mc_phy_wrapper/u_ddr_mc_phy/ddr_phy_4lanes_0.u_ddr_phy_4lanes/ddr_byte_lane_C.ddr_byte_lane_C/phaser_in_gen.phaser_in/FREQREFCLK
                  PHASER_IN_PHY_X1Y14  PHASER_IN_PHY (Prop_phaser_in_phy_FREQREFCLK_ICLK)
                                                                    1.455    10.456 r  ddr3/u_ddr3_mig/u_memc_ui_top_axi/mem_intfc0/ddr_phy_top0/u_ddr_mc_phy_wrapper/u_ddr_mc_phy/ddr_phy_4lanes_0.u_ddr_phy_4lanes/ddr_byte_lane_C.ddr_byte_lane_C/phaser_in_gen.phaser_in/ICLK
                  PHASER_IN_PHY_X1Y14  PHASER_IN_PHY (Prop_phaser_in_phy_ICLK_ICLKDIV)
                                                                    0.163    10.619 r  ddr3/u_ddr3_mig/u_memc_ui_top_axi/mem_intfc0/ddr_phy_top0/u_ddr_mc_phy_wrapper/u_ddr_mc_phy/ddr_phy_4lanes_0.u_ddr_phy_4lanes/ddr_byte_lane_C.ddr_byte_lane_C/phaser_in_gen.phaser_in/ICLKDIV
                                       net (fo=9, routed)           0.000    10.619    ddr3/u_ddr3_mig/u_memc_ui_top_axi/mem_intfc0/ddr_phy_top0/u_ddr_mc_phy_wrapper/u_ddr_mc_phy/ddr_phy_4lanes_0.u_ddr_phy_4lanes/ddr_byte_lane_C.ddr_byte_lane_C/iserdes_clkdiv
                  IN_FIFO_X1Y14        IN_FIFO                                      r  ddr3/u_ddr3_mig/u_memc_ui_top_axi/mem_intfc0/ddr_phy_top0/u_ddr_mc_phy_wrapper/u_ddr_mc_phy/ddr_phy_4lanes_0.u_ddr_phy_4lanes/ddr_byte_lane_C.ddr_byte_lane_C/in_fifo_gen.in_fifo/WRCLK
                                       clock pessimism              0.676    11.295    
                                       clock uncertainty           -0.060    11.235    
                  IN_FIFO_X1Y14        IN_FIFO (Setup_in_fifo_WRCLK_D1[2])
                                                                   -0.571    10.664    ddr3/u_ddr3_mig/u_memc_ui_top_axi/mem_intfc0/ddr_phy_top0/u_ddr_mc_phy_wrapper/u_ddr_mc_phy/ddr_phy_4lanes_0.u_ddr_phy_4lanes/ddr_byte_lane_C.ddr_byte_lane_C/in_fifo_gen.in_fifo
  ---------------------------------------------------------------------------------
                                       required time                         10.664    
                                       arrival time                          -2.855    
  ---------------------------------------------------------------------------------
                                       slack                                  7.809    





Min Delay Paths
--------------------------------------------------------------------------------------
Slack (MET) :             0.071ns  (arrival time - required time)
  Source:                 ddr3/u_ddr3_mig/u_memc_ui_top_axi/mem_intfc0/ddr_phy_top0/u_ddr_mc_phy_wrapper/u_ddr_mc_phy/ddr_phy_4lanes_0.u_ddr_phy_4lanes/ddr_byte_lane_C.ddr_byte_lane_C/phaser_in_gen.phaser_in/ICLKDIV
                            (rising edge-triggered cell PHASER_IN_PHY clocked by iserdes_clkdiv  {rise@0.000ns fall@5.000ns period=10.000ns})
  Destination:            ddr3/u_ddr3_mig/u_memc_ui_top_axi/mem_intfc0/ddr_phy_top0/u_ddr_mc_phy_wrapper/u_ddr_mc_phy/ddr_phy_4lanes_0.u_ddr_phy_4lanes/ddr_byte_lane_C.ddr_byte_lane_C/in_fifo_gen.in_fifo/WREN
                            (rising edge-triggered cell IN_FIFO clocked by iserdes_clkdiv  {rise@0.000ns fall@5.000ns period=10.000ns})
  Path Group:             iserdes_clkdiv
  Path Type:              Hold (Min at Fast Process Corner)
  Requirement:            0.000ns  (iserdes_clkdiv rise@0.000ns - iserdes_clkdiv rise@0.000ns)
  Data Path Delay:        0.058ns  (logic 0.058ns (100.000%)  route 0.000ns (0.000%))
  Logic Levels:           0  
  Clock Path Skew:        0.000ns (DCD - SCD - CPR)
    Destination Clock Delay (DCD):    0.646ns
    Source Clock Delay      (SCD):    0.839ns
    Clock Pessimism Removal (CPR):    -0.192ns

    Pin Reuse     Location             Delay type                Incr(ns)  Path(ns)    Netlist Resource(s)
  ---------------------------------------------------------------------------------    -------------------
                                       (clock iserdes_clkdiv rise edge)
                                                                    0.000     0.000 r  
                  R4                                                0.000     0.000 r  clk (IN)
                                       net (fo=0)                   0.000     0.000    mmcm/inst/clk_in1
                  R4                                                                r  mmcm/inst/clkin1_ibufg/I
                  R4                   IBUF (Prop_ibuf_I_O)         0.243     0.243 r  mmcm/inst/clkin1_ibufg/O
                                       net (fo=1, routed)           0.440     0.683    mmcm/inst/clk_in1_mmcm
                  MMCME2_ADV_X1Y2                                                   r  mmcm/inst/mmcm_adv_inst/CLKIN1
                  MMCME2_ADV_X1Y2      MMCME2_ADV (Prop_mmcme2_adv_CLKIN1_CLKOUT0)
                                                                   -2.540    -1.856 r  mmcm/inst/mmcm_adv_inst/CLKOUT0
                                       net (fo=1, routed)           0.531    -1.325    mmcm/inst/clk_out1_mmcm
                  BUFGCTRL_X0Y2                                                     r  mmcm/inst/clkout1_buf/I
                  BUFGCTRL_X0Y2        BUFG (Prop_bufg_I_O)         0.026    -1.299 r  mmcm/inst/clkout1_buf/O
                                       net (fo=2, routed)           0.606    -0.694    ddr3/u_ddr3_mig/u_ddr3_infrastructure/mmcm_clk
                  PLLE2_ADV_X1Y3                                                    r  ddr3/u_ddr3_mig/u_ddr3_infrastructure/plle2_i/CLKIN1
                  PLLE2_ADV_X1Y3       PLLE2_ADV (Prop_plle2_adv_CLKIN1_CLKOUT0)
                                                                    0.050    -0.644 r  ddr3/u_ddr3_mig/u_ddr3_infrastructure/plle2_i/CLKOUT0
                                       net (fo=7, routed)           0.197    -0.447    ddr3/u_ddr3_mig/u_memc_ui_top_axi/mem_intfc0/ddr_phy_top0/u_ddr_mc_phy_wrapper/u_ddr_mc_phy/ddr_phy_4lanes_0.u_ddr_phy_4lanes/ddr_byte_lane_C.ddr_byte_lane_C/freq_refclk
                  PHASER_IN_PHY_X1Y14                                               r  ddr3/u_ddr3_mig/u_memc_ui_top_axi/mem_intfc0/ddr_phy_top0/u_ddr_mc_phy_wrapper/u_ddr_mc_phy/ddr_phy_4lanes_0.u_ddr_phy_4lanes/ddr_byte_lane_C.ddr_byte_lane_C/phaser_in_gen.phaser_in/FREQREFCLK
                  PHASER_IN_PHY_X1Y14  PHASER_IN_PHY (Prop_phaser_in_phy_FREQREFCLK_ICLK)
                                                                    1.195     0.749 r  ddr3/u_ddr3_mig/u_memc_ui_top_axi/mem_intfc0/ddr_phy_top0/u_ddr_mc_phy_wrapper/u_ddr_mc_phy/ddr_phy_4lanes_0.u_ddr_phy_4lanes/ddr_byte_lane_C.ddr_byte_lane_C/phaser_in_gen.phaser_in/ICLK
                  PHASER_IN_PHY_X1Y14  PHASER_IN_PHY (Prop_phaser_in_phy_ICLK_ICLKDIV)
                                                                    0.090     0.839 r  ddr3/u_ddr3_mig/u_memc_ui_top_axi/mem_intfc0/ddr_phy_top0/u_ddr_mc_phy_wrapper/u_ddr_mc_phy/ddr_phy_4lanes_0.u_ddr_phy_4lanes/ddr_byte_lane_C.ddr_byte_lane_C/phaser_in_gen.phaser_in/ICLKDIV
  ---------------------------------------------------------------------------------    -------------------
    Routing       PHASER_IN_PHY_X1Y14  PHASER_IN_PHY (Prop_phaser_in_phy_ICLKDIV_WRENABLE)
                                                                    0.058     0.897 r  ddr3/u_ddr3_mig/u_memc_ui_top_axi/mem_intfc0/ddr_phy_top0/u_ddr_mc_phy_wrapper/u_ddr_mc_phy/ddr_phy_4lanes_0.u_ddr_phy_4lanes/ddr_byte_lane_C.ddr_byte_lane_C/phaser_in_gen.phaser_in/WRENABLE
                                       net (fo=1, routed)           0.000     0.897    ddr3/u_ddr3_mig/u_memc_ui_top_axi/mem_intfc0/ddr_phy_top0/u_ddr_mc_phy_wrapper/u_ddr_mc_phy/ddr_phy_4lanes_0.u_ddr_phy_4lanes/ddr_byte_lane_C.ddr_byte_lane_C/ififo_wr_enable
    Routing       IN_FIFO_X1Y14        IN_FIFO                                      r  ddr3/u_ddr3_mig/u_memc_ui_top_axi/mem_intfc0/ddr_phy_top0/u_ddr_mc_phy_wrapper/u_ddr_mc_phy/ddr_phy_4lanes_0.u_ddr_phy_4lanes/ddr_byte_lane_C.ddr_byte_lane_C/in_fifo_gen.in_fifo/WREN
  ---------------------------------------------------------------------------------    -------------------

                                       (clock iserdes_clkdiv rise edge)
                                                                    0.000     0.000 r  
                  R4                                                0.000     0.000 r  clk (IN)
                                       net (fo=0)                   0.000     0.000    mmcm/inst/clk_in1
                  R4                                                                r  mmcm/inst/clkin1_ibufg/I
                  R4                   IBUF (Prop_ibuf_I_O)         0.431     0.431 r  mmcm/inst/clkin1_ibufg/O
                                       net (fo=1, routed)           0.480     0.911    mmcm/inst/clk_in1_mmcm
                  MMCME2_ADV_X1Y2                                                   r  mmcm/inst/mmcm_adv_inst/CLKIN1
                  MMCME2_ADV_X1Y2      MMCME2_ADV (Prop_mmcme2_adv_CLKIN1_CLKOUT0)
                                                                   -3.332    -2.421 r  mmcm/inst/mmcm_adv_inst/CLKOUT0
                                       net (fo=1, routed)           0.579    -1.843    mmcm/inst/clk_out1_mmcm
                  BUFGCTRL_X0Y2                                                     r  mmcm/inst/clkout1_buf/I
                  BUFGCTRL_X0Y2        BUFG (Prop_bufg_I_O)         0.029    -1.814 r  mmcm/inst/clkout1_buf/O
                                       net (fo=2, routed)           0.875    -0.939    ddr3/u_ddr3_mig/u_ddr3_infrastructure/mmcm_clk
                  PLLE2_ADV_X1Y3                                                    r  ddr3/u_ddr3_mig/u_ddr3_infrastructure/plle2_i/CLKIN1
                  PLLE2_ADV_X1Y3       PLLE2_ADV (Prop_plle2_adv_CLKIN1_CLKOUT0)
                                                                    0.053    -0.886 r  ddr3/u_ddr3_mig/u_ddr3_infrastructure/plle2_i/CLKOUT0
                                       net (fo=7, routed)           0.217    -0.669    ddr3/u_ddr3_mig/u_memc_ui_top_axi/mem_intfc0/ddr_phy_top0/u_ddr_mc_phy_wrapper/u_ddr_mc_phy/ddr_phy_4lanes_0.u_ddr_phy_4lanes/ddr_byte_lane_C.ddr_byte_lane_C/freq_refclk
                  PHASER_IN_PHY_X1Y14                                               r  ddr3/u_ddr3_mig/u_memc_ui_top_axi/mem_intfc0/ddr_phy_top0/u_ddr_mc_phy_wrapper/u_ddr_mc_phy/ddr_phy_4lanes_0.u_ddr_phy_4lanes/ddr_byte_lane_C.ddr_byte_lane_C/phaser_in_gen.phaser_in/FREQREFCLK
                  PHASER_IN_PHY_X1Y14  PHASER_IN_PHY (Prop_phaser_in_phy_FREQREFCLK_ICLK)
                                                                    1.219     0.550 r  ddr3/u_ddr3_mig/u_memc_ui_top_axi/mem_intfc0/ddr_phy_top0/u_ddr_mc_phy_wrapper/u_ddr_mc_phy/ddr_phy_4lanes_0.u_ddr_phy_4lanes/ddr_byte_lane_C.ddr_byte_lane_C/phaser_in_gen.phaser_in/ICLK
                  PHASER_IN_PHY_X1Y14  PHASER_IN_PHY (Prop_phaser_in_phy_ICLK_ICLKDIV)
                                                                    0.096     0.646 r  ddr3/u_ddr3_mig/u_memc_ui_top_axi/mem_intfc0/ddr_phy_top0/u_ddr_mc_phy_wrapper/u_ddr_mc_phy/ddr_phy_4lanes_0.u_ddr_phy_4lanes/ddr_byte_lane_C.ddr_byte_lane_C/phaser_in_gen.phaser_in/ICLKDIV
                                       net (fo=9, routed)           0.000     0.646    ddr3/u_ddr3_mig/u_memc_ui_top_axi/mem_intfc0/ddr_phy_top0/u_ddr_mc_phy_wrapper/u_ddr_mc_phy/ddr_phy_4lanes_0.u_ddr_phy_4lanes/ddr_byte_lane_C.ddr_byte_lane_C/iserdes_clkdiv
                  IN_FIFO_X1Y14        IN_FIFO                                      r  ddr3/u_ddr3_mig/u_memc_ui_top_axi/mem_intfc0/ddr_phy_top0/u_ddr_mc_phy_wrapper/u_ddr_mc_phy/ddr_phy_4lanes_0.u_ddr_phy_4lanes/ddr_byte_lane_C.ddr_byte_lane_C/in_fifo_gen.in_fifo/WRCLK
                                       clock pessimism              0.192     0.839    
                  IN_FIFO_X1Y14        IN_FIFO (Hold_in_fifo_WRCLK_WREN)
                                                                   -0.013     0.826    ddr3/u_ddr3_mig/u_memc_ui_top_axi/mem_intfc0/ddr_phy_top0/u_ddr_mc_phy_wrapper/u_ddr_mc_phy/ddr_phy_4lanes_0.u_ddr_phy_4lanes/ddr_byte_lane_C.ddr_byte_lane_C/in_fifo_gen.in_fifo
  ---------------------------------------------------------------------------------
                                       required time                         -0.826    
                                       arrival time                           0.897    
  ---------------------------------------------------------------------------------
                                       slack                                  0.071    





Pulse Width Checks
--------------------------------------------------------------------------------------
Clock Name:         iserdes_clkdiv
Waveform(ns):       { 0.000 5.000 }
Period(ns):         10.000
Sources:            { ddr3/u_ddr3_mig/u_memc_ui_top_axi/mem_intfc0/ddr_phy_top0/u_ddr_mc_phy_wrapper/u_ddr_mc_phy/ddr_phy_4lanes_0.u_ddr_phy_4lanes/ddr_byte_lane_C.ddr_byte_lane_C/phaser_in_gen.phaser_in/ICLKDIV }

Check Type        Corner  Lib Pin        Reference Pin  Required(ns)  Actual(ns)  Slack(ns)  Location       Pin
Min Period        n/a     IN_FIFO/WRCLK  n/a            5.000         10.000      5.000      IN_FIFO_X1Y14  ddr3/u_ddr3_mig/u_memc_ui_top_axi/mem_intfc0/ddr_phy_top0/u_ddr_mc_phy_wrapper/u_ddr_mc_phy/ddr_phy_4lanes_0.u_ddr_phy_4lanes/ddr_byte_lane_C.ddr_byte_lane_C/in_fifo_gen.in_fifo/WRCLK
Low Pulse Width   Slow    IN_FIFO/WRCLK  n/a            2.150         5.000       2.850      IN_FIFO_X1Y14  ddr3/u_ddr3_mig/u_memc_ui_top_axi/mem_intfc0/ddr_phy_top0/u_ddr_mc_phy_wrapper/u_ddr_mc_phy/ddr_phy_4lanes_0.u_ddr_phy_4lanes/ddr_byte_lane_C.ddr_byte_lane_C/in_fifo_gen.in_fifo/WRCLK
High Pulse Width  Slow    IN_FIFO/WRCLK  n/a            2.150         5.000       2.850      IN_FIFO_X1Y14  ddr3/u_ddr3_mig/u_memc_ui_top_axi/mem_intfc0/ddr_phy_top0/u_ddr_mc_phy_wrapper/u_ddr_mc_phy/ddr_phy_4lanes_0.u_ddr_phy_4lanes/ddr_byte_lane_C.ddr_byte_lane_C/in_fifo_gen.in_fifo/WRCLK



---------------------------------------------------------------------------------------------------
From Clock:  u_memc_ui_top_axi/mem_intfc0/ddr_phy_top0/u_ddr_mc_phy_wrapper/u_ddr_mc_phy/ddr_phy_4lanes_0.u_ddr_phy_4lanes/ddr_byte_lane_D.ddr_byte_lane_D/iserdes_clk
  To Clock:  u_memc_ui_top_axi/mem_intfc0/ddr_phy_top0/u_ddr_mc_phy_wrapper/u_ddr_mc_phy/ddr_phy_4lanes_0.u_ddr_phy_4lanes/ddr_byte_lane_D.ddr_byte_lane_D/iserdes_clk

Setup :           NA  Failing Endpoints,  Worst Slack           NA  ,  Total Violation           NA
Hold  :           NA  Failing Endpoints,  Worst Slack           NA  ,  Total Violation           NA
PW    :            0  Failing Endpoints,  Worst Slack        0.833ns,  Total Violation        0.000ns
---------------------------------------------------------------------------------------------------


Pulse Width Checks
--------------------------------------------------------------------------------------
Clock Name:         u_memc_ui_top_axi/mem_intfc0/ddr_phy_top0/u_ddr_mc_phy_wrapper/u_ddr_mc_phy/ddr_phy_4lanes_0.u_ddr_phy_4lanes/ddr_byte_lane_D.ddr_byte_lane_D/iserdes_clk
Waveform(ns):       { 0.000 1.250 }
Period(ns):         2.500
Sources:            { ddr3/u_ddr3_mig/u_memc_ui_top_axi/mem_intfc0/ddr_phy_top0/u_ddr_mc_phy_wrapper/u_ddr_mc_phy/ddr_phy_4lanes_0.u_ddr_phy_4lanes/ddr_byte_lane_D.ddr_byte_lane_D/phaser_in_gen.phaser_in/ICLK }

Check Type  Corner  Lib Pin        Reference Pin  Required(ns)  Actual(ns)  Slack(ns)  Location       Pin
Min Period  n/a     ISERDESE2/CLK  n/a            1.667         2.500       0.833      ILOGIC_X1Y187  ddr3/u_ddr3_mig/u_memc_ui_top_axi/mem_intfc0/ddr_phy_top0/u_ddr_mc_phy_wrapper/u_ddr_mc_phy/ddr_phy_4lanes_0.u_ddr_phy_4lanes/ddr_byte_lane_D.ddr_byte_lane_D/ddr_byte_group_io/input_[0].iserdes_dq_.iserdesdq/CLK



---------------------------------------------------------------------------------------------------
From Clock:  iserdes_clkdiv_1
  To Clock:  iserdes_clkdiv_1

Setup :            0  Failing Endpoints,  Worst Slack        7.927ns,  Total Violation        0.000ns
Hold  :            0  Failing Endpoints,  Worst Slack        0.071ns,  Total Violation        0.000ns
PW    :            0  Failing Endpoints,  Worst Slack        2.850ns,  Total Violation        0.000ns
---------------------------------------------------------------------------------------------------


Max Delay Paths
--------------------------------------------------------------------------------------
Slack (MET) :             7.927ns  (required time - arrival time)
  Source:                 ddr3/u_ddr3_mig/u_memc_ui_top_axi/mem_intfc0/ddr_phy_top0/u_ddr_mc_phy_wrapper/u_ddr_mc_phy/ddr_phy_4lanes_0.u_ddr_phy_4lanes/ddr_byte_lane_D.ddr_byte_lane_D/ddr_byte_group_io/input_[1].iserdes_dq_.iserdesdq/CLKDIVP
                            (rising edge-triggered cell ISERDESE2 clocked by iserdes_clkdiv_1  {rise@0.000ns fall@5.000ns period=10.000ns})
  Destination:            ddr3/u_ddr3_mig/u_memc_ui_top_axi/mem_intfc0/ddr_phy_top0/u_ddr_mc_phy_wrapper/u_ddr_mc_phy/ddr_phy_4lanes_0.u_ddr_phy_4lanes/ddr_byte_lane_D.ddr_byte_lane_D/in_fifo_gen.in_fifo/D1[2]
                            (rising edge-triggered cell IN_FIFO clocked by iserdes_clkdiv_1  {rise@0.000ns fall@5.000ns period=10.000ns})
  Path Group:             iserdes_clkdiv_1
  Path Type:              Setup (Max at Slow Process Corner)
  Requirement:            10.000ns  (iserdes_clkdiv_1 rise@10.000ns - iserdes_clkdiv_1 rise@0.000ns)
  Data Path Delay:        0.975ns  (logic 0.425ns (43.593%)  route 0.550ns (56.407%))
  Logic Levels:           0  
  Clock Path Skew:        -0.467ns (DCD - SCD + CPR)
    Destination Clock Delay (DCD):    0.609ns = ( 10.609 - 10.000 ) 
    Source Clock Delay      (SCD):    1.752ns
    Clock Pessimism Removal (CPR):    0.676ns
  Clock Uncertainty:      0.060ns  ((TSJ^2 + DJ^2)^1/2) / 2 + PE
    Total System Jitter     (TSJ):    0.071ns
    Discrete Jitter          (DJ):    0.098ns
    Phase Error              (PE):    0.000ns

    Pin Reuse     Location             Delay type                Incr(ns)  Path(ns)    Netlist Resource(s)
  ---------------------------------------------------------------------------------    -------------------
                                       (clock iserdes_clkdiv_1 rise edge)
                                                                    0.000     0.000 r  
                  R4                                                0.000     0.000 r  clk (IN)
                                       net (fo=0)                   0.000     0.000    mmcm/inst/clk_in1
                  R4                                                                r  mmcm/inst/clkin1_ibufg/I
                  R4                   IBUF (Prop_ibuf_I_O)         1.475     1.475 r  mmcm/inst/clkin1_ibufg/O
                                       net (fo=1, routed)           1.233     2.708    mmcm/inst/clk_in1_mmcm
                  MMCME2_ADV_X1Y2                                                   r  mmcm/inst/mmcm_adv_inst/CLKIN1
                  MMCME2_ADV_X1Y2      MMCME2_ADV (Prop_mmcme2_adv_CLKIN1_CLKOUT0)
                                                                   -7.432    -4.724 r  mmcm/inst/mmcm_adv_inst/CLKOUT0
                                       net (fo=1, routed)           1.808    -2.915    mmcm/inst/clk_out1_mmcm
                  BUFGCTRL_X0Y2                                                     r  mmcm/inst/clkout1_buf/I
                  BUFGCTRL_X0Y2        BUFG (Prop_bufg_I_O)         0.096    -2.819 r  mmcm/inst/clkout1_buf/O
                                       net (fo=2, routed)           1.754    -1.065    ddr3/u_ddr3_mig/u_ddr3_infrastructure/mmcm_clk
                  PLLE2_ADV_X1Y3                                                    r  ddr3/u_ddr3_mig/u_ddr3_infrastructure/plle2_i/CLKIN1
                  PLLE2_ADV_X1Y3       PLLE2_ADV (Prop_plle2_adv_CLKIN1_CLKOUT0)
                                                                    0.088    -0.977 r  ddr3/u_ddr3_mig/u_ddr3_infrastructure/plle2_i/CLKOUT0
                                       net (fo=7, routed)           0.597    -0.380    ddr3/u_ddr3_mig/u_memc_ui_top_axi/mem_intfc0/ddr_phy_top0/u_ddr_mc_phy_wrapper/u_ddr_mc_phy/ddr_phy_4lanes_0.u_ddr_phy_4lanes/ddr_byte_lane_D.ddr_byte_lane_D/freq_refclk
                  PHASER_IN_PHY_X1Y15                                               r  ddr3/u_ddr3_mig/u_memc_ui_top_axi/mem_intfc0/ddr_phy_top0/u_ddr_mc_phy_wrapper/u_ddr_mc_phy/ddr_phy_4lanes_0.u_ddr_phy_4lanes/ddr_byte_lane_D.ddr_byte_lane_D/phaser_in_gen.phaser_in/FREQREFCLK
                  PHASER_IN_PHY_X1Y15  PHASER_IN_PHY (Prop_phaser_in_phy_FREQREFCLK_ICLK)
                                                                    1.493     1.112 r  ddr3/u_ddr3_mig/u_memc_ui_top_axi/mem_intfc0/ddr_phy_top0/u_ddr_mc_phy_wrapper/u_ddr_mc_phy/ddr_phy_4lanes_0.u_ddr_phy_4lanes/ddr_byte_lane_D.ddr_byte_lane_D/phaser_in_gen.phaser_in/ICLK
                  PHASER_IN_PHY_X1Y15  PHASER_IN_PHY (Prop_phaser_in_phy_ICLK_ICLKDIV)
                                                                    0.173     1.285 r  ddr3/u_ddr3_mig/u_memc_ui_top_axi/mem_intfc0/ddr_phy_top0/u_ddr_mc_phy_wrapper/u_ddr_mc_phy/ddr_phy_4lanes_0.u_ddr_phy_4lanes/ddr_byte_lane_D.ddr_byte_lane_D/phaser_in_gen.phaser_in/ICLKDIV
                                       net (fo=9, routed)           0.467     1.752    ddr3/u_ddr3_mig/u_memc_ui_top_axi/mem_intfc0/ddr_phy_top0/u_ddr_mc_phy_wrapper/u_ddr_mc_phy/ddr_phy_4lanes_0.u_ddr_phy_4lanes/ddr_byte_lane_D.ddr_byte_lane_D/ddr_byte_group_io/iserdes_clkdiv
                  ILOGIC_X1Y188        ISERDESE2                                    r  ddr3/u_ddr3_mig/u_memc_ui_top_axi/mem_intfc0/ddr_phy_top0/u_ddr_mc_phy_wrapper/u_ddr_mc_phy/ddr_phy_4lanes_0.u_ddr_phy_4lanes/ddr_byte_lane_D.ddr_byte_lane_D/ddr_byte_group_io/input_[1].iserdes_dq_.iserdesdq/CLKDIVP
  ---------------------------------------------------------------------------------    -------------------
    Routing       ILOGIC_X1Y188        ISERDESE2 (Prop_iserdese2_CLKDIVP_Q2)
                                                                    0.425     2.177 r  ddr3/u_ddr3_mig/u_memc_ui_top_axi/mem_intfc0/ddr_phy_top0/u_ddr_mc_phy_wrapper/u_ddr_mc_phy/ddr_phy_4lanes_0.u_ddr_phy_4lanes/ddr_byte_lane_D.ddr_byte_lane_D/ddr_byte_group_io/input_[1].iserdes_dq_.iserdesdq/Q2
                                       net (fo=1, routed)           0.550     2.727    ddr3/u_ddr3_mig/u_memc_ui_top_axi/mem_intfc0/ddr_phy_top0/u_ddr_mc_phy_wrapper/u_ddr_mc_phy/ddr_phy_4lanes_0.u_ddr_phy_4lanes/ddr_byte_lane_D.ddr_byte_lane_D/if_d1[2]
    Routing       IN_FIFO_X1Y15        IN_FIFO                                      r  ddr3/u_ddr3_mig/u_memc_ui_top_axi/mem_intfc0/ddr_phy_top0/u_ddr_mc_phy_wrapper/u_ddr_mc_phy/ddr_phy_4lanes_0.u_ddr_phy_4lanes/ddr_byte_lane_D.ddr_byte_lane_D/in_fifo_gen.in_fifo/D1[2]
  ---------------------------------------------------------------------------------    -------------------

                                       (clock iserdes_clkdiv_1 rise edge)
                                                                   10.000    10.000 r  
                  R4                                                0.000    10.000 r  clk (IN)
                                       net (fo=0)                   0.000    10.000    mmcm/inst/clk_in1
                  R4                                                                r  mmcm/inst/clkin1_ibufg/I
                  R4                   IBUF (Prop_ibuf_I_O)         1.405    11.405 r  mmcm/inst/clkin1_ibufg/O
                                       net (fo=1, routed)           1.162    12.567    mmcm/inst/clk_in1_mmcm
                  MMCME2_ADV_X1Y2                                                   r  mmcm/inst/mmcm_adv_inst/CLKIN1
                  MMCME2_ADV_X1Y2      MMCME2_ADV (Prop_mmcme2_adv_CLKIN1_CLKOUT0)
                                                                   -7.674     4.893 r  mmcm/inst/mmcm_adv_inst/CLKOUT0
                                       net (fo=1, routed)           1.723     6.616    mmcm/inst/clk_out1_mmcm
                  BUFGCTRL_X0Y2                                                     r  mmcm/inst/clkout1_buf/I
                  BUFGCTRL_X0Y2        BUFG (Prop_bufg_I_O)         0.091     6.707 r  mmcm/inst/clkout1_buf/O
                                       net (fo=2, routed)           1.636     8.343    ddr3/u_ddr3_mig/u_ddr3_infrastructure/mmcm_clk
                  PLLE2_ADV_X1Y3                                                    r  ddr3/u_ddr3_mig/u_ddr3_infrastructure/plle2_i/CLKIN1
                  PLLE2_ADV_X1Y3       PLLE2_ADV (Prop_plle2_adv_CLKIN1_CLKOUT0)
                                                                    0.083     8.426 r  ddr3/u_ddr3_mig/u_ddr3_infrastructure/plle2_i/CLKOUT0
                                       net (fo=7, routed)           0.566     8.992    ddr3/u_ddr3_mig/u_memc_ui_top_axi/mem_intfc0/ddr_phy_top0/u_ddr_mc_phy_wrapper/u_ddr_mc_phy/ddr_phy_4lanes_0.u_ddr_phy_4lanes/ddr_byte_lane_D.ddr_byte_lane_D/freq_refclk
                  PHASER_IN_PHY_X1Y15                                               r  ddr3/u_ddr3_mig/u_memc_ui_top_axi/mem_intfc0/ddr_phy_top0/u_ddr_mc_phy_wrapper/u_ddr_mc_phy/ddr_phy_4lanes_0.u_ddr_phy_4lanes/ddr_byte_lane_D.ddr_byte_lane_D/phaser_in_gen.phaser_in/FREQREFCLK
                  PHASER_IN_PHY_X1Y15  PHASER_IN_PHY (Prop_phaser_in_phy_FREQREFCLK_ICLK)
                                                                    1.455    10.446 r  ddr3/u_ddr3_mig/u_memc_ui_top_axi/mem_intfc0/ddr_phy_top0/u_ddr_mc_phy_wrapper/u_ddr_mc_phy/ddr_phy_4lanes_0.u_ddr_phy_4lanes/ddr_byte_lane_D.ddr_byte_lane_D/phaser_in_gen.phaser_in/ICLK
                  PHASER_IN_PHY_X1Y15  PHASER_IN_PHY (Prop_phaser_in_phy_ICLK_ICLKDIV)
                                                                    0.163    10.609 r  ddr3/u_ddr3_mig/u_memc_ui_top_axi/mem_intfc0/ddr_phy_top0/u_ddr_mc_phy_wrapper/u_ddr_mc_phy/ddr_phy_4lanes_0.u_ddr_phy_4lanes/ddr_byte_lane_D.ddr_byte_lane_D/phaser_in_gen.phaser_in/ICLKDIV
                                       net (fo=9, routed)           0.000    10.609    ddr3/u_ddr3_mig/u_memc_ui_top_axi/mem_intfc0/ddr_phy_top0/u_ddr_mc_phy_wrapper/u_ddr_mc_phy/ddr_phy_4lanes_0.u_ddr_phy_4lanes/ddr_byte_lane_D.ddr_byte_lane_D/iserdes_clkdiv
                  IN_FIFO_X1Y15        IN_FIFO                                      r  ddr3/u_ddr3_mig/u_memc_ui_top_axi/mem_intfc0/ddr_phy_top0/u_ddr_mc_phy_wrapper/u_ddr_mc_phy/ddr_phy_4lanes_0.u_ddr_phy_4lanes/ddr_byte_lane_D.ddr_byte_lane_D/in_fifo_gen.in_fifo/WRCLK
                                       clock pessimism              0.676    11.285    
                                       clock uncertainty           -0.060    11.225    
                  IN_FIFO_X1Y15        IN_FIFO (Setup_in_fifo_WRCLK_D1[2])
                                                                   -0.571    10.654    ddr3/u_ddr3_mig/u_memc_ui_top_axi/mem_intfc0/ddr_phy_top0/u_ddr_mc_phy_wrapper/u_ddr_mc_phy/ddr_phy_4lanes_0.u_ddr_phy_4lanes/ddr_byte_lane_D.ddr_byte_lane_D/in_fifo_gen.in_fifo
  ---------------------------------------------------------------------------------
                                       required time                         10.654    
                                       arrival time                          -2.727    
  ---------------------------------------------------------------------------------
                                       slack                                  7.927    





Min Delay Paths
--------------------------------------------------------------------------------------
Slack (MET) :             0.071ns  (arrival time - required time)
  Source:                 ddr3/u_ddr3_mig/u_memc_ui_top_axi/mem_intfc0/ddr_phy_top0/u_ddr_mc_phy_wrapper/u_ddr_mc_phy/ddr_phy_4lanes_0.u_ddr_phy_4lanes/ddr_byte_lane_D.ddr_byte_lane_D/phaser_in_gen.phaser_in/ICLKDIV
                            (rising edge-triggered cell PHASER_IN_PHY clocked by iserdes_clkdiv_1  {rise@0.000ns fall@5.000ns period=10.000ns})
  Destination:            ddr3/u_ddr3_mig/u_memc_ui_top_axi/mem_intfc0/ddr_phy_top0/u_ddr_mc_phy_wrapper/u_ddr_mc_phy/ddr_phy_4lanes_0.u_ddr_phy_4lanes/ddr_byte_lane_D.ddr_byte_lane_D/in_fifo_gen.in_fifo/WREN
                            (rising edge-triggered cell IN_FIFO clocked by iserdes_clkdiv_1  {rise@0.000ns fall@5.000ns period=10.000ns})
  Path Group:             iserdes_clkdiv_1
  Path Type:              Hold (Min at Fast Process Corner)
  Requirement:            0.000ns  (iserdes_clkdiv_1 rise@0.000ns - iserdes_clkdiv_1 rise@0.000ns)
  Data Path Delay:        0.058ns  (logic 0.058ns (100.000%)  route 0.000ns (0.000%))
  Logic Levels:           0  
  Clock Path Skew:        0.000ns (DCD - SCD - CPR)
    Destination Clock Delay (DCD):    0.640ns
    Source Clock Delay      (SCD):    0.833ns
    Clock Pessimism Removal (CPR):    -0.192ns

    Pin Reuse     Location             Delay type                Incr(ns)  Path(ns)    Netlist Resource(s)
  ---------------------------------------------------------------------------------    -------------------
                                       (clock iserdes_clkdiv_1 rise edge)
                                                                    0.000     0.000 r  
                  R4                                                0.000     0.000 r  clk (IN)
                                       net (fo=0)                   0.000     0.000    mmcm/inst/clk_in1
                  R4                                                                r  mmcm/inst/clkin1_ibufg/I
                  R4                   IBUF (Prop_ibuf_I_O)         0.243     0.243 r  mmcm/inst/clkin1_ibufg/O
                                       net (fo=1, routed)           0.440     0.683    mmcm/inst/clk_in1_mmcm
                  MMCME2_ADV_X1Y2                                                   r  mmcm/inst/mmcm_adv_inst/CLKIN1
                  MMCME2_ADV_X1Y2      MMCME2_ADV (Prop_mmcme2_adv_CLKIN1_CLKOUT0)
                                                                   -2.540    -1.856 r  mmcm/inst/mmcm_adv_inst/CLKOUT0
                                       net (fo=1, routed)           0.531    -1.325    mmcm/inst/clk_out1_mmcm
                  BUFGCTRL_X0Y2                                                     r  mmcm/inst/clkout1_buf/I
                  BUFGCTRL_X0Y2        BUFG (Prop_bufg_I_O)         0.026    -1.299 r  mmcm/inst/clkout1_buf/O
                                       net (fo=2, routed)           0.606    -0.694    ddr3/u_ddr3_mig/u_ddr3_infrastructure/mmcm_clk
                  PLLE2_ADV_X1Y3                                                    r  ddr3/u_ddr3_mig/u_ddr3_infrastructure/plle2_i/CLKIN1
                  PLLE2_ADV_X1Y3       PLLE2_ADV (Prop_plle2_adv_CLKIN1_CLKOUT0)
                                                                    0.050    -0.644 r  ddr3/u_ddr3_mig/u_ddr3_infrastructure/plle2_i/CLKOUT0
                                       net (fo=7, routed)           0.191    -0.453    ddr3/u_ddr3_mig/u_memc_ui_top_axi/mem_intfc0/ddr_phy_top0/u_ddr_mc_phy_wrapper/u_ddr_mc_phy/ddr_phy_4lanes_0.u_ddr_phy_4lanes/ddr_byte_lane_D.ddr_byte_lane_D/freq_refclk
                  PHASER_IN_PHY_X1Y15                                               r  ddr3/u_ddr3_mig/u_memc_ui_top_axi/mem_intfc0/ddr_phy_top0/u_ddr_mc_phy_wrapper/u_ddr_mc_phy/ddr_phy_4lanes_0.u_ddr_phy_4lanes/ddr_byte_lane_D.ddr_byte_lane_D/phaser_in_gen.phaser_in/FREQREFCLK
                  PHASER_IN_PHY_X1Y15  PHASER_IN_PHY (Prop_phaser_in_phy_FREQREFCLK_ICLK)
                                                                    1.195     0.743 r  ddr3/u_ddr3_mig/u_memc_ui_top_axi/mem_intfc0/ddr_phy_top0/u_ddr_mc_phy_wrapper/u_ddr_mc_phy/ddr_phy_4lanes_0.u_ddr_phy_4lanes/ddr_byte_lane_D.ddr_byte_lane_D/phaser_in_gen.phaser_in/ICLK
                  PHASER_IN_PHY_X1Y15  PHASER_IN_PHY (Prop_phaser_in_phy_ICLK_ICLKDIV)
                                                                    0.090     0.833 r  ddr3/u_ddr3_mig/u_memc_ui_top_axi/mem_intfc0/ddr_phy_top0/u_ddr_mc_phy_wrapper/u_ddr_mc_phy/ddr_phy_4lanes_0.u_ddr_phy_4lanes/ddr_byte_lane_D.ddr_byte_lane_D/phaser_in_gen.phaser_in/ICLKDIV
  ---------------------------------------------------------------------------------    -------------------
    Routing       PHASER_IN_PHY_X1Y15  PHASER_IN_PHY (Prop_phaser_in_phy_ICLKDIV_WRENABLE)
                                                                    0.058     0.891 r  ddr3/u_ddr3_mig/u_memc_ui_top_axi/mem_intfc0/ddr_phy_top0/u_ddr_mc_phy_wrapper/u_ddr_mc_phy/ddr_phy_4lanes_0.u_ddr_phy_4lanes/ddr_byte_lane_D.ddr_byte_lane_D/phaser_in_gen.phaser_in/WRENABLE
                                       net (fo=1, routed)           0.000     0.891    ddr3/u_ddr3_mig/u_memc_ui_top_axi/mem_intfc0/ddr_phy_top0/u_ddr_mc_phy_wrapper/u_ddr_mc_phy/ddr_phy_4lanes_0.u_ddr_phy_4lanes/ddr_byte_lane_D.ddr_byte_lane_D/ififo_wr_enable
    Routing       IN_FIFO_X1Y15        IN_FIFO                                      r  ddr3/u_ddr3_mig/u_memc_ui_top_axi/mem_intfc0/ddr_phy_top0/u_ddr_mc_phy_wrapper/u_ddr_mc_phy/ddr_phy_4lanes_0.u_ddr_phy_4lanes/ddr_byte_lane_D.ddr_byte_lane_D/in_fifo_gen.in_fifo/WREN
  ---------------------------------------------------------------------------------    -------------------

                                       (clock iserdes_clkdiv_1 rise edge)
                                                                    0.000     0.000 r  
                  R4                                                0.000     0.000 r  clk (IN)
                                       net (fo=0)                   0.000     0.000    mmcm/inst/clk_in1
                  R4                                                                r  mmcm/inst/clkin1_ibufg/I
                  R4                   IBUF (Prop_ibuf_I_O)         0.431     0.431 r  mmcm/inst/clkin1_ibufg/O
                                       net (fo=1, routed)           0.480     0.911    mmcm/inst/clk_in1_mmcm
                  MMCME2_ADV_X1Y2                                                   r  mmcm/inst/mmcm_adv_inst/CLKIN1
                  MMCME2_ADV_X1Y2      MMCME2_ADV (Prop_mmcme2_adv_CLKIN1_CLKOUT0)
                                                                   -3.332    -2.421 r  mmcm/inst/mmcm_adv_inst/CLKOUT0
                                       net (fo=1, routed)           0.579    -1.843    mmcm/inst/clk_out1_mmcm
                  BUFGCTRL_X0Y2                                                     r  mmcm/inst/clkout1_buf/I
                  BUFGCTRL_X0Y2        BUFG (Prop_bufg_I_O)         0.029    -1.814 r  mmcm/inst/clkout1_buf/O
                                       net (fo=2, routed)           0.875    -0.939    ddr3/u_ddr3_mig/u_ddr3_infrastructure/mmcm_clk
                  PLLE2_ADV_X1Y3                                                    r  ddr3/u_ddr3_mig/u_ddr3_infrastructure/plle2_i/CLKIN1
                  PLLE2_ADV_X1Y3       PLLE2_ADV (Prop_plle2_adv_CLKIN1_CLKOUT0)
                                                                    0.053    -0.886 r  ddr3/u_ddr3_mig/u_ddr3_infrastructure/plle2_i/CLKOUT0
                                       net (fo=7, routed)           0.211    -0.675    ddr3/u_ddr3_mig/u_memc_ui_top_axi/mem_intfc0/ddr_phy_top0/u_ddr_mc_phy_wrapper/u_ddr_mc_phy/ddr_phy_4lanes_0.u_ddr_phy_4lanes/ddr_byte_lane_D.ddr_byte_lane_D/freq_refclk
                  PHASER_IN_PHY_X1Y15                                               r  ddr3/u_ddr3_mig/u_memc_ui_top_axi/mem_intfc0/ddr_phy_top0/u_ddr_mc_phy_wrapper/u_ddr_mc_phy/ddr_phy_4lanes_0.u_ddr_phy_4lanes/ddr_byte_lane_D.ddr_byte_lane_D/phaser_in_gen.phaser_in/FREQREFCLK
                  PHASER_IN_PHY_X1Y15  PHASER_IN_PHY (Prop_phaser_in_phy_FREQREFCLK_ICLK)
                                                                    1.219     0.544 r  ddr3/u_ddr3_mig/u_memc_ui_top_axi/mem_intfc0/ddr_phy_top0/u_ddr_mc_phy_wrapper/u_ddr_mc_phy/ddr_phy_4lanes_0.u_ddr_phy_4lanes/ddr_byte_lane_D.ddr_byte_lane_D/phaser_in_gen.phaser_in/ICLK
                  PHASER_IN_PHY_X1Y15  PHASER_IN_PHY (Prop_phaser_in_phy_ICLK_ICLKDIV)
                                                                    0.096     0.640 r  ddr3/u_ddr3_mig/u_memc_ui_top_axi/mem_intfc0/ddr_phy_top0/u_ddr_mc_phy_wrapper/u_ddr_mc_phy/ddr_phy_4lanes_0.u_ddr_phy_4lanes/ddr_byte_lane_D.ddr_byte_lane_D/phaser_in_gen.phaser_in/ICLKDIV
                                       net (fo=9, routed)           0.000     0.640    ddr3/u_ddr3_mig/u_memc_ui_top_axi/mem_intfc0/ddr_phy_top0/u_ddr_mc_phy_wrapper/u_ddr_mc_phy/ddr_phy_4lanes_0.u_ddr_phy_4lanes/ddr_byte_lane_D.ddr_byte_lane_D/iserdes_clkdiv
                  IN_FIFO_X1Y15        IN_FIFO                                      r  ddr3/u_ddr3_mig/u_memc_ui_top_axi/mem_intfc0/ddr_phy_top0/u_ddr_mc_phy_wrapper/u_ddr_mc_phy/ddr_phy_4lanes_0.u_ddr_phy_4lanes/ddr_byte_lane_D.ddr_byte_lane_D/in_fifo_gen.in_fifo/WRCLK
                                       clock pessimism              0.192     0.833    
                  IN_FIFO_X1Y15        IN_FIFO (Hold_in_fifo_WRCLK_WREN)
                                                                   -0.013     0.820    ddr3/u_ddr3_mig/u_memc_ui_top_axi/mem_intfc0/ddr_phy_top0/u_ddr_mc_phy_wrapper/u_ddr_mc_phy/ddr_phy_4lanes_0.u_ddr_phy_4lanes/ddr_byte_lane_D.ddr_byte_lane_D/in_fifo_gen.in_fifo
  ---------------------------------------------------------------------------------
                                       required time                         -0.820    
                                       arrival time                           0.891    
  ---------------------------------------------------------------------------------
                                       slack                                  0.071    





Pulse Width Checks
--------------------------------------------------------------------------------------
Clock Name:         iserdes_clkdiv_1
Waveform(ns):       { 0.000 5.000 }
Period(ns):         10.000
Sources:            { ddr3/u_ddr3_mig/u_memc_ui_top_axi/mem_intfc0/ddr_phy_top0/u_ddr_mc_phy_wrapper/u_ddr_mc_phy/ddr_phy_4lanes_0.u_ddr_phy_4lanes/ddr_byte_lane_D.ddr_byte_lane_D/phaser_in_gen.phaser_in/ICLKDIV }

Check Type        Corner  Lib Pin        Reference Pin  Required(ns)  Actual(ns)  Slack(ns)  Location       Pin
Min Period        n/a     IN_FIFO/WRCLK  n/a            5.000         10.000      5.000      IN_FIFO_X1Y15  ddr3/u_ddr3_mig/u_memc_ui_top_axi/mem_intfc0/ddr_phy_top0/u_ddr_mc_phy_wrapper/u_ddr_mc_phy/ddr_phy_4lanes_0.u_ddr_phy_4lanes/ddr_byte_lane_D.ddr_byte_lane_D/in_fifo_gen.in_fifo/WRCLK
Low Pulse Width   Slow    IN_FIFO/WRCLK  n/a            2.150         5.000       2.850      IN_FIFO_X1Y15  ddr3/u_ddr3_mig/u_memc_ui_top_axi/mem_intfc0/ddr_phy_top0/u_ddr_mc_phy_wrapper/u_ddr_mc_phy/ddr_phy_4lanes_0.u_ddr_phy_4lanes/ddr_byte_lane_D.ddr_byte_lane_D/in_fifo_gen.in_fifo/WRCLK
High Pulse Width  Slow    IN_FIFO/WRCLK  n/a            2.150         5.000       2.850      IN_FIFO_X1Y15  ddr3/u_ddr3_mig/u_memc_ui_top_axi/mem_intfc0/ddr_phy_top0/u_ddr_mc_phy_wrapper/u_ddr_mc_phy/ddr_phy_4lanes_0.u_ddr_phy_4lanes/ddr_byte_lane_D.ddr_byte_lane_D/in_fifo_gen.in_fifo/WRCLK



---------------------------------------------------------------------------------------------------
From Clock:  mem_refclk
  To Clock:  mem_refclk

Setup :            0  Failing Endpoints,  Worst Slack        1.330ns,  Total Violation        0.000ns
Hold  :            0  Failing Endpoints,  Worst Slack        0.336ns,  Total Violation        0.000ns
PW    :            0  Failing Endpoints,  Worst Slack        0.625ns,  Total Violation        0.000ns
---------------------------------------------------------------------------------------------------


Max Delay Paths
--------------------------------------------------------------------------------------
Slack (MET) :             1.330ns  (required time - arrival time)
  Source:                 ddr3/u_ddr3_mig/u_memc_ui_top_axi/mem_intfc0/ddr_phy_top0/u_ddr_mc_phy_wrapper/u_ddr_mc_phy/ddr_phy_4lanes_0.u_ddr_phy_4lanes/phy_control_i/MEMREFCLK
                            (rising edge-triggered cell PHY_CONTROL clocked by mem_refclk  {rise@0.000ns fall@1.250ns period=2.500ns})
  Destination:            ddr3/u_ddr3_mig/u_memc_ui_top_axi/mem_intfc0/ddr_phy_top0/u_ddr_mc_phy_wrapper/u_ddr_mc_phy/ddr_phy_4lanes_0.u_ddr_phy_4lanes/phy_control_i/PHYCTLMSTREMPTY
                            (rising edge-triggered cell PHY_CONTROL clocked by mem_refclk  {rise@0.000ns fall@1.250ns period=2.500ns})
  Path Group:             mem_refclk
  Path Type:              Setup (Max at Slow Process Corner)
  Requirement:            2.500ns  (mem_refclk rise@2.500ns - mem_refclk rise@0.000ns)
  Data Path Delay:        1.093ns  (logic 0.622ns (56.908%)  route 0.471ns (43.092%))
  Logic Levels:           0  
  Clock Path Skew:        0.000ns (DCD - SCD + CPR)
    Destination Clock Delay (DCD):    -0.985ns = ( 1.515 - 2.500 ) 
    Source Clock Delay      (SCD):    -0.356ns
    Clock Pessimism Removal (CPR):    0.629ns
  Clock Uncertainty:      0.066ns  ((TSJ^2 + DJ^2)^1/2) / 2 + PE
    Total System Jitter     (TSJ):    0.071ns
    Discrete Jitter          (DJ):    0.112ns
    Phase Error              (PE):    0.000ns

    Pin Reuse     Location             Delay type                Incr(ns)  Path(ns)    Netlist Resource(s)
  ---------------------------------------------------------------------------------    -------------------
                                       (clock mem_refclk rise edge)
                                                                    0.000     0.000 r  
                  R4                                                0.000     0.000 r  clk (IN)
                                       net (fo=0)                   0.000     0.000    mmcm/inst/clk_in1
                  R4                                                                r  mmcm/inst/clkin1_ibufg/I
                  R4                   IBUF (Prop_ibuf_I_O)         1.475     1.475 r  mmcm/inst/clkin1_ibufg/O
                                       net (fo=1, routed)           1.233     2.708    mmcm/inst/clk_in1_mmcm
                  MMCME2_ADV_X1Y2                                                   r  mmcm/inst/mmcm_adv_inst/CLKIN1
                  MMCME2_ADV_X1Y2      MMCME2_ADV (Prop_mmcme2_adv_CLKIN1_CLKOUT0)
                                                                   -7.432    -4.724 r  mmcm/inst/mmcm_adv_inst/CLKOUT0
                                       net (fo=1, routed)           1.808    -2.915    mmcm/inst/clk_out1_mmcm
                  BUFGCTRL_X0Y2                                                     r  mmcm/inst/clkout1_buf/I
                  BUFGCTRL_X0Y2        BUFG (Prop_bufg_I_O)         0.096    -2.819 r  mmcm/inst/clkout1_buf/O
                                       net (fo=2, routed)           1.754    -1.065    ddr3/u_ddr3_mig/u_ddr3_infrastructure/mmcm_clk
                  PLLE2_ADV_X1Y3                                                    r  ddr3/u_ddr3_mig/u_ddr3_infrastructure/plle2_i/CLKIN1
                  PLLE2_ADV_X1Y3       PLLE2_ADV (Prop_plle2_adv_CLKIN1_CLKOUT1)
                                                                    0.088    -0.977 r  ddr3/u_ddr3_mig/u_ddr3_infrastructure/plle2_i/CLKOUT1
                                       net (fo=7, routed)           0.621    -0.356    ddr3/u_ddr3_mig/u_memc_ui_top_axi/mem_intfc0/ddr_phy_top0/u_ddr_mc_phy_wrapper/u_ddr_mc_phy/ddr_phy_4lanes_0.u_ddr_phy_4lanes/mem_refclk
                  PHY_CONTROL_X1Y3     PHY_CONTROL                                  r  ddr3/u_ddr3_mig/u_memc_ui_top_axi/mem_intfc0/ddr_phy_top0/u_ddr_mc_phy_wrapper/u_ddr_mc_phy/ddr_phy_4lanes_0.u_ddr_phy_4lanes/phy_control_i/MEMREFCLK
  ---------------------------------------------------------------------------------    -------------------
    Routing       PHY_CONTROL_X1Y3     PHY_CONTROL (Prop_phy_control_MEMREFCLK_PHYCTLEMPTY)
                                                                    0.622     0.266 r  ddr3/u_ddr3_mig/u_memc_ui_top_axi/mem_intfc0/ddr_phy_top0/u_ddr_mc_phy_wrapper/u_ddr_mc_phy/ddr_phy_4lanes_0.u_ddr_phy_4lanes/phy_control_i/PHYCTLEMPTY
                                       net (fo=1, routed)           0.471     0.737    ddr3/u_ddr3_mig/u_memc_ui_top_axi/mem_intfc0/ddr_phy_top0/u_ddr_mc_phy_wrapper/u_ddr_mc_phy/ddr_phy_4lanes_0.u_ddr_phy_4lanes/phy_control_i_n_1
    Routing       PHY_CONTROL_X1Y3     PHY_CONTROL                                  r  ddr3/u_ddr3_mig/u_memc_ui_top_axi/mem_intfc0/ddr_phy_top0/u_ddr_mc_phy_wrapper/u_ddr_mc_phy/ddr_phy_4lanes_0.u_ddr_phy_4lanes/phy_control_i/PHYCTLMSTREMPTY
  ---------------------------------------------------------------------------------    -------------------

                                       (clock mem_refclk rise edge)
                                                                    2.500     2.500 r  
                  R4                                                0.000     2.500 r  clk (IN)
                                       net (fo=0)                   0.000     2.500    mmcm/inst/clk_in1
                  R4                                                                r  mmcm/inst/clkin1_ibufg/I
                  R4                   IBUF (Prop_ibuf_I_O)         1.405     3.905 r  mmcm/inst/clkin1_ibufg/O
                                       net (fo=1, routed)           1.162     5.067    mmcm/inst/clk_in1_mmcm
                  MMCME2_ADV_X1Y2                                                   r  mmcm/inst/mmcm_adv_inst/CLKIN1
                  MMCME2_ADV_X1Y2      MMCME2_ADV (Prop_mmcme2_adv_CLKIN1_CLKOUT0)
                                                                   -7.674    -2.607 r  mmcm/inst/mmcm_adv_inst/CLKOUT0
                                       net (fo=1, routed)           1.723    -0.884    mmcm/inst/clk_out1_mmcm
                  BUFGCTRL_X0Y2                                                     r  mmcm/inst/clkout1_buf/I
                  BUFGCTRL_X0Y2        BUFG (Prop_bufg_I_O)         0.091    -0.793 r  mmcm/inst/clkout1_buf/O
                                       net (fo=2, routed)           1.636     0.843    ddr3/u_ddr3_mig/u_ddr3_infrastructure/mmcm_clk
                  PLLE2_ADV_X1Y3                                                    r  ddr3/u_ddr3_mig/u_ddr3_infrastructure/plle2_i/CLKIN1
                  PLLE2_ADV_X1Y3       PLLE2_ADV (Prop_plle2_adv_CLKIN1_CLKOUT1)
                                                                    0.083     0.926 r  ddr3/u_ddr3_mig/u_ddr3_infrastructure/plle2_i/CLKOUT1
                                       net (fo=7, routed)           0.589     1.515    ddr3/u_ddr3_mig/u_memc_ui_top_axi/mem_intfc0/ddr_phy_top0/u_ddr_mc_phy_wrapper/u_ddr_mc_phy/ddr_phy_4lanes_0.u_ddr_phy_4lanes/mem_refclk
                  PHY_CONTROL_X1Y3     PHY_CONTROL                                  r  ddr3/u_ddr3_mig/u_memc_ui_top_axi/mem_intfc0/ddr_phy_top0/u_ddr_mc_phy_wrapper/u_ddr_mc_phy/ddr_phy_4lanes_0.u_ddr_phy_4lanes/phy_control_i/MEMREFCLK
                                       clock pessimism              0.629     2.144    
                                       clock uncertainty           -0.066     2.078    
                  PHY_CONTROL_X1Y3     PHY_CONTROL (Setup_phy_control_MEMREFCLK_PHYCTLMSTREMPTY)
                                                                   -0.011     2.067    ddr3/u_ddr3_mig/u_memc_ui_top_axi/mem_intfc0/ddr_phy_top0/u_ddr_mc_phy_wrapper/u_ddr_mc_phy/ddr_phy_4lanes_0.u_ddr_phy_4lanes/phy_control_i
  ---------------------------------------------------------------------------------
                                       required time                          2.067    
                                       arrival time                          -0.737    
  ---------------------------------------------------------------------------------
                                       slack                                  1.330    





Min Delay Paths
--------------------------------------------------------------------------------------
Slack (MET) :             0.336ns  (arrival time - required time)
  Source:                 ddr3/u_ddr3_mig/u_memc_ui_top_axi/mem_intfc0/ddr_phy_top0/u_ddr_mc_phy_wrapper/u_ddr_mc_phy/ddr_phy_4lanes_0.u_ddr_phy_4lanes/phy_control_i/MEMREFCLK
                            (rising edge-triggered cell PHY_CONTROL clocked by mem_refclk  {rise@0.000ns fall@1.250ns period=2.500ns})
  Destination:            ddr3/u_ddr3_mig/u_memc_ui_top_axi/mem_intfc0/ddr_phy_top0/u_ddr_mc_phy_wrapper/u_ddr_mc_phy/ddr_phy_4lanes_0.u_ddr_phy_4lanes/phy_control_i/PHYCTLMSTREMPTY
                            (rising edge-triggered cell PHY_CONTROL clocked by mem_refclk  {rise@0.000ns fall@1.250ns period=2.500ns})
  Path Group:             mem_refclk
  Path Type:              Hold (Min at Fast Process Corner)
  Requirement:            0.000ns  (mem_refclk rise@0.000ns - mem_refclk rise@0.000ns)
  Data Path Delay:        0.459ns  (logic 0.313ns (68.192%)  route 0.146ns (31.808%))
  Logic Levels:           0  
  Clock Path Skew:        0.000ns (DCD - SCD - CPR)
    Destination Clock Delay (DCD):    -0.671ns
    Source Clock Delay      (SCD):    -0.449ns
    Clock Pessimism Removal (CPR):    -0.222ns

    Pin Reuse     Location             Delay type                Incr(ns)  Path(ns)    Netlist Resource(s)
  ---------------------------------------------------------------------------------    -------------------
                                       (clock mem_refclk rise edge)
                                                                    0.000     0.000 r  
                  R4                                                0.000     0.000 r  clk (IN)
                                       net (fo=0)                   0.000     0.000    mmcm/inst/clk_in1
                  R4                                                                r  mmcm/inst/clkin1_ibufg/I
                  R4                   IBUF (Prop_ibuf_I_O)         0.243     0.243 r  mmcm/inst/clkin1_ibufg/O
                                       net (fo=1, routed)           0.440     0.683    mmcm/inst/clk_in1_mmcm
                  MMCME2_ADV_X1Y2                                                   r  mmcm/inst/mmcm_adv_inst/CLKIN1
                  MMCME2_ADV_X1Y2      MMCME2_ADV (Prop_mmcme2_adv_CLKIN1_CLKOUT0)
                                                                   -2.540    -1.856 r  mmcm/inst/mmcm_adv_inst/CLKOUT0
                                       net (fo=1, routed)           0.531    -1.325    mmcm/inst/clk_out1_mmcm
                  BUFGCTRL_X0Y2                                                     r  mmcm/inst/clkout1_buf/I
                  BUFGCTRL_X0Y2        BUFG (Prop_bufg_I_O)         0.026    -1.299 r  mmcm/inst/clkout1_buf/O
                                       net (fo=2, routed)           0.606    -0.694    ddr3/u_ddr3_mig/u_ddr3_infrastructure/mmcm_clk
                  PLLE2_ADV_X1Y3                                                    r  ddr3/u_ddr3_mig/u_ddr3_infrastructure/plle2_i/CLKIN1
                  PLLE2_ADV_X1Y3       PLLE2_ADV (Prop_plle2_adv_CLKIN1_CLKOUT1)
                                                                    0.050    -0.644 r  ddr3/u_ddr3_mig/u_ddr3_infrastructure/plle2_i/CLKOUT1
                                       net (fo=7, routed)           0.195    -0.449    ddr3/u_ddr3_mig/u_memc_ui_top_axi/mem_intfc0/ddr_phy_top0/u_ddr_mc_phy_wrapper/u_ddr_mc_phy/ddr_phy_4lanes_0.u_ddr_phy_4lanes/mem_refclk
                  PHY_CONTROL_X1Y3     PHY_CONTROL                                  r  ddr3/u_ddr3_mig/u_memc_ui_top_axi/mem_intfc0/ddr_phy_top0/u_ddr_mc_phy_wrapper/u_ddr_mc_phy/ddr_phy_4lanes_0.u_ddr_phy_4lanes/phy_control_i/MEMREFCLK
  ---------------------------------------------------------------------------------    -------------------
    Routing       PHY_CONTROL_X1Y3     PHY_CONTROL (Prop_phy_control_MEMREFCLK_PHYCTLEMPTY)
                                                                    0.313    -0.136 r  ddr3/u_ddr3_mig/u_memc_ui_top_axi/mem_intfc0/ddr_phy_top0/u_ddr_mc_phy_wrapper/u_ddr_mc_phy/ddr_phy_4lanes_0.u_ddr_phy_4lanes/phy_control_i/PHYCTLEMPTY
                                       net (fo=1, routed)           0.146     0.010    ddr3/u_ddr3_mig/u_memc_ui_top_axi/mem_intfc0/ddr_phy_top0/u_ddr_mc_phy_wrapper/u_ddr_mc_phy/ddr_phy_4lanes_0.u_ddr_phy_4lanes/phy_control_i_n_1
    Routing       PHY_CONTROL_X1Y3     PHY_CONTROL                                  r  ddr3/u_ddr3_mig/u_memc_ui_top_axi/mem_intfc0/ddr_phy_top0/u_ddr_mc_phy_wrapper/u_ddr_mc_phy/ddr_phy_4lanes_0.u_ddr_phy_4lanes/phy_control_i/PHYCTLMSTREMPTY
  ---------------------------------------------------------------------------------    -------------------

                                       (clock mem_refclk rise edge)
                                                                    0.000     0.000 r  
                  R4                                                0.000     0.000 r  clk (IN)
                                       net (fo=0)                   0.000     0.000    mmcm/inst/clk_in1
                  R4                                                                r  mmcm/inst/clkin1_ibufg/I
                  R4                   IBUF (Prop_ibuf_I_O)         0.431     0.431 r  mmcm/inst/clkin1_ibufg/O
                                       net (fo=1, routed)           0.480     0.911    mmcm/inst/clk_in1_mmcm
                  MMCME2_ADV_X1Y2                                                   r  mmcm/inst/mmcm_adv_inst/CLKIN1
                  MMCME2_ADV_X1Y2      MMCME2_ADV (Prop_mmcme2_adv_CLKIN1_CLKOUT0)
                                                                   -3.332    -2.421 r  mmcm/inst/mmcm_adv_inst/CLKOUT0
                                       net (fo=1, routed)           0.579    -1.843    mmcm/inst/clk_out1_mmcm
                  BUFGCTRL_X0Y2                                                     r  mmcm/inst/clkout1_buf/I
                  BUFGCTRL_X0Y2        BUFG (Prop_bufg_I_O)         0.029    -1.814 r  mmcm/inst/clkout1_buf/O
                                       net (fo=2, routed)           0.875    -0.939    ddr3/u_ddr3_mig/u_ddr3_infrastructure/mmcm_clk
                  PLLE2_ADV_X1Y3                                                    r  ddr3/u_ddr3_mig/u_ddr3_infrastructure/plle2_i/CLKIN1
                  PLLE2_ADV_X1Y3       PLLE2_ADV (Prop_plle2_adv_CLKIN1_CLKOUT1)
                                                                    0.053    -0.886 r  ddr3/u_ddr3_mig/u_ddr3_infrastructure/plle2_i/CLKOUT1
                                       net (fo=7, routed)           0.215    -0.671    ddr3/u_ddr3_mig/u_memc_ui_top_axi/mem_intfc0/ddr_phy_top0/u_ddr_mc_phy_wrapper/u_ddr_mc_phy/ddr_phy_4lanes_0.u_ddr_phy_4lanes/mem_refclk
                  PHY_CONTROL_X1Y3     PHY_CONTROL                                  r  ddr3/u_ddr3_mig/u_memc_ui_top_axi/mem_intfc0/ddr_phy_top0/u_ddr_mc_phy_wrapper/u_ddr_mc_phy/ddr_phy_4lanes_0.u_ddr_phy_4lanes/phy_control_i/MEMREFCLK
                                       clock pessimism              0.222    -0.449    
                  PHY_CONTROL_X1Y3     PHY_CONTROL (Hold_phy_control_MEMREFCLK_PHYCTLMSTREMPTY)
                                                                    0.123    -0.326    ddr3/u_ddr3_mig/u_memc_ui_top_axi/mem_intfc0/ddr_phy_top0/u_ddr_mc_phy_wrapper/u_ddr_mc_phy/ddr_phy_4lanes_0.u_ddr_phy_4lanes/phy_control_i
  ---------------------------------------------------------------------------------
                                       required time                          0.326    
                                       arrival time                           0.010    
  ---------------------------------------------------------------------------------
                                       slack                                  0.336    





Pulse Width Checks
--------------------------------------------------------------------------------------
Clock Name:         mem_refclk
Waveform(ns):       { 0.000 1.250 }
Period(ns):         2.500
Sources:            { ddr3/u_ddr3_mig/u_ddr3_infrastructure/plle2_i/CLKOUT1 }

Check Type        Corner  Lib Pin                Reference Pin  Required(ns)  Actual(ns)  Slack(ns)  Location          Pin
Min Period        n/a     PHY_CONTROL/MEMREFCLK  n/a            1.475         2.500       1.025      PHY_CONTROL_X1Y3  ddr3/u_ddr3_mig/u_memc_ui_top_axi/mem_intfc0/ddr_phy_top0/u_ddr_mc_phy_wrapper/u_ddr_mc_phy/ddr_phy_4lanes_0.u_ddr_phy_4lanes/phy_control_i/MEMREFCLK
Max Period        n/a     PLLE2_ADV/CLKOUT1      n/a            160.000       2.500       157.500    PLLE2_ADV_X1Y3    ddr3/u_ddr3_mig/u_ddr3_infrastructure/plle2_i/CLKOUT1
Low Pulse Width   Slow    PHY_CONTROL/MEMREFCLK  n/a            0.625         1.250       0.625      PHY_CONTROL_X1Y3  ddr3/u_ddr3_mig/u_memc_ui_top_axi/mem_intfc0/ddr_phy_top0/u_ddr_mc_phy_wrapper/u_ddr_mc_phy/ddr_phy_4lanes_0.u_ddr_phy_4lanes/phy_control_i/MEMREFCLK
High Pulse Width  Slow    PHY_CONTROL/MEMREFCLK  n/a            0.625         1.250       0.625      PHY_CONTROL_X1Y3  ddr3/u_ddr3_mig/u_memc_ui_top_axi/mem_intfc0/ddr_phy_top0/u_ddr_mc_phy_wrapper/u_ddr_mc_phy/ddr_phy_4lanes_0.u_ddr_phy_4lanes/phy_control_i/MEMREFCLK



---------------------------------------------------------------------------------------------------
From Clock:  oserdes_clk
  To Clock:  oserdes_clk

Setup :           NA  Failing Endpoints,  Worst Slack           NA  ,  Total Violation           NA
Hold  :           NA  Failing Endpoints,  Worst Slack           NA  ,  Total Violation           NA
PW    :            0  Failing Endpoints,  Worst Slack        0.833ns,  Total Violation        0.000ns
---------------------------------------------------------------------------------------------------


Pulse Width Checks
--------------------------------------------------------------------------------------
Clock Name:         oserdes_clk
Waveform(ns):       { 0.000 1.250 }
Period(ns):         2.500
Sources:            { ddr3/u_ddr3_mig/u_memc_ui_top_axi/mem_intfc0/ddr_phy_top0/u_ddr_mc_phy_wrapper/u_ddr_mc_phy/ddr_phy_4lanes_0.u_ddr_phy_4lanes/ddr_byte_lane_A.ddr_byte_lane_A/phaser_out/OCLK }

Check Type  Corner  Lib Pin        Reference Pin  Required(ns)  Actual(ns)  Slack(ns)  Location       Pin
Min Period  n/a     OSERDESE2/CLK  n/a            1.667         2.500       0.833      OLOGIC_X1Y151  ddr3/u_ddr3_mig/u_memc_ui_top_axi/mem_intfc0/ddr_phy_top0/u_ddr_mc_phy_wrapper/u_ddr_mc_phy/ddr_phy_4lanes_0.u_ddr_phy_4lanes/ddr_byte_lane_A.ddr_byte_lane_A/ddr_byte_group_io/output_[0].oserdes_dq_.sdr.oserdes_dq_i/CLK



---------------------------------------------------------------------------------------------------
From Clock:  oserdes_clkdiv
  To Clock:  oserdes_clkdiv

Setup :            0  Failing Endpoints,  Worst Slack        8.040ns,  Total Violation        0.000ns
Hold  :            0  Failing Endpoints,  Worst Slack        0.090ns,  Total Violation        0.000ns
PW    :            0  Failing Endpoints,  Worst Slack        2.850ns,  Total Violation        0.000ns
---------------------------------------------------------------------------------------------------


Max Delay Paths
--------------------------------------------------------------------------------------
Slack (MET) :             8.040ns  (required time - arrival time)
  Source:                 ddr3/u_ddr3_mig/u_memc_ui_top_axi/mem_intfc0/ddr_phy_top0/u_ddr_mc_phy_wrapper/u_ddr_mc_phy/ddr_phy_4lanes_0.u_ddr_phy_4lanes/ddr_byte_lane_A.ddr_byte_lane_A/out_fifo/RDCLK
                            (rising edge-triggered cell OUT_FIFO clocked by oserdes_clkdiv  {rise@0.000ns fall@5.000ns period=10.000ns})
  Destination:            ddr3/u_ddr3_mig/u_memc_ui_top_axi/mem_intfc0/ddr_phy_top0/u_ddr_mc_phy_wrapper/u_ddr_mc_phy/ddr_phy_4lanes_0.u_ddr_phy_4lanes/ddr_byte_lane_A.ddr_byte_lane_A/ddr_byte_group_io/output_[11].oserdes_dq_.sdr.oserdes_dq_i/D4
                            (rising edge-triggered cell OSERDESE2 clocked by oserdes_clkdiv  {rise@0.000ns fall@5.000ns period=10.000ns})
  Path Group:             oserdes_clkdiv
  Path Type:              Setup (Max at Slow Process Corner)
  Requirement:            10.000ns  (oserdes_clkdiv rise@10.000ns - oserdes_clkdiv rise@0.000ns)
  Data Path Delay:        1.681ns  (logic 0.674ns (40.087%)  route 1.007ns (59.913%))
  Logic Levels:           0  
  Clock Path Skew:        0.412ns (DCD - SCD + CPR)
    Destination Clock Delay (DCD):    1.644ns = ( 11.644 - 10.000 ) 
    Source Clock Delay      (SCD):    1.930ns
    Clock Pessimism Removal (CPR):    0.697ns
  Clock Uncertainty:      0.066ns  ((TSJ^2 + DJ^2)^1/2) / 2 + PE
    Total System Jitter     (TSJ):    0.071ns
    Discrete Jitter          (DJ):    0.112ns
    Phase Error              (PE):    0.000ns

    Pin Reuse     Location             Delay type                Incr(ns)  Path(ns)    Netlist Resource(s)
  ---------------------------------------------------------------------------------    -------------------
                                       (clock oserdes_clkdiv rise edge)
                                                                    0.000     0.000 r  
                  R4                                                0.000     0.000 r  clk (IN)
                                       net (fo=0)                   0.000     0.000    mmcm/inst/clk_in1
                  R4                                                                r  mmcm/inst/clkin1_ibufg/I
                  R4                   IBUF (Prop_ibuf_I_O)         1.475     1.475 r  mmcm/inst/clkin1_ibufg/O
                                       net (fo=1, routed)           1.233     2.708    mmcm/inst/clk_in1_mmcm
                  MMCME2_ADV_X1Y2                                                   r  mmcm/inst/mmcm_adv_inst/CLKIN1
                  MMCME2_ADV_X1Y2      MMCME2_ADV (Prop_mmcme2_adv_CLKIN1_CLKOUT0)
                                                                   -7.432    -4.724 r  mmcm/inst/mmcm_adv_inst/CLKOUT0
                                       net (fo=1, routed)           1.808    -2.915    mmcm/inst/clk_out1_mmcm
                  BUFGCTRL_X0Y2                                                     r  mmcm/inst/clkout1_buf/I
                  BUFGCTRL_X0Y2        BUFG (Prop_bufg_I_O)         0.096    -2.819 r  mmcm/inst/clkout1_buf/O
                                       net (fo=2, routed)           1.754    -1.065    ddr3/u_ddr3_mig/u_ddr3_infrastructure/mmcm_clk
                  PLLE2_ADV_X1Y3                                                    r  ddr3/u_ddr3_mig/u_ddr3_infrastructure/plle2_i/CLKIN1
                  PLLE2_ADV_X1Y3       PLLE2_ADV (Prop_plle2_adv_CLKIN1_CLKOUT1)
                                                                    0.088    -0.977 r  ddr3/u_ddr3_mig/u_ddr3_infrastructure/plle2_i/CLKOUT1
                                       net (fo=7, routed)           0.614    -0.363    ddr3/u_ddr3_mig/u_memc_ui_top_axi/mem_intfc0/ddr_phy_top0/u_ddr_mc_phy_wrapper/u_ddr_mc_phy/ddr_phy_4lanes_0.u_ddr_phy_4lanes/ddr_byte_lane_A.ddr_byte_lane_A/mem_refclk
                  PHASER_OUT_PHY_X1Y12                                              r  ddr3/u_ddr3_mig/u_memc_ui_top_axi/mem_intfc0/ddr_phy_top0/u_ddr_mc_phy_wrapper/u_ddr_mc_phy/ddr_phy_4lanes_0.u_ddr_phy_4lanes/ddr_byte_lane_A.ddr_byte_lane_A/phaser_out/MEMREFCLK
                  PHASER_OUT_PHY_X1Y12 PHASER_OUT_PHY (Prop_phaser_out_phy_MEMREFCLK_OCLK)
                                                                    2.136     1.773 r  ddr3/u_ddr3_mig/u_memc_ui_top_axi/mem_intfc0/ddr_phy_top0/u_ddr_mc_phy_wrapper/u_ddr_mc_phy/ddr_phy_4lanes_0.u_ddr_phy_4lanes/ddr_byte_lane_A.ddr_byte_lane_A/phaser_out/OCLK
                  PHASER_OUT_PHY_X1Y12 PHASER_OUT_PHY (Prop_phaser_out_phy_OCLK_OCLKDIV)
                                                                    0.157     1.930 r  ddr3/u_ddr3_mig/u_memc_ui_top_axi/mem_intfc0/ddr_phy_top0/u_ddr_mc_phy_wrapper/u_ddr_mc_phy/ddr_phy_4lanes_0.u_ddr_phy_4lanes/ddr_byte_lane_A.ddr_byte_lane_A/phaser_out/OCLKDIV
                                       net (fo=12, routed)          0.000     1.930    ddr3/u_ddr3_mig/u_memc_ui_top_axi/mem_intfc0/ddr_phy_top0/u_ddr_mc_phy_wrapper/u_ddr_mc_phy/ddr_phy_4lanes_0.u_ddr_phy_4lanes/ddr_byte_lane_A.ddr_byte_lane_A/oserdes_clkdiv
                  OUT_FIFO_X1Y12       OUT_FIFO                                     r  ddr3/u_ddr3_mig/u_memc_ui_top_axi/mem_intfc0/ddr_phy_top0/u_ddr_mc_phy_wrapper/u_ddr_mc_phy/ddr_phy_4lanes_0.u_ddr_phy_4lanes/ddr_byte_lane_A.ddr_byte_lane_A/out_fifo/RDCLK
  ---------------------------------------------------------------------------------    -------------------
    Routing       OUT_FIFO_X1Y12       OUT_FIFO (Prop_out_fifo_RDCLK_Q6[7])
                                                                    0.674     2.604 r  ddr3/u_ddr3_mig/u_memc_ui_top_axi/mem_intfc0/ddr_phy_top0/u_ddr_mc_phy_wrapper/u_ddr_mc_phy/ddr_phy_4lanes_0.u_ddr_phy_4lanes/ddr_byte_lane_A.ddr_byte_lane_A/out_fifo/Q6[7]
                                       net (fo=1, routed)           1.007     3.611    ddr3/u_ddr3_mig/u_memc_ui_top_axi/mem_intfc0/ddr_phy_top0/u_ddr_mc_phy_wrapper/u_ddr_mc_phy/ddr_phy_4lanes_0.u_ddr_phy_4lanes/ddr_byte_lane_A.ddr_byte_lane_A/ddr_byte_group_io/oserdes_dq[43]
    Routing       OLOGIC_X1Y150        OSERDESE2                                    r  ddr3/u_ddr3_mig/u_memc_ui_top_axi/mem_intfc0/ddr_phy_top0/u_ddr_mc_phy_wrapper/u_ddr_mc_phy/ddr_phy_4lanes_0.u_ddr_phy_4lanes/ddr_byte_lane_A.ddr_byte_lane_A/ddr_byte_group_io/output_[11].oserdes_dq_.sdr.oserdes_dq_i/D4
  ---------------------------------------------------------------------------------    -------------------

                                       (clock oserdes_clkdiv rise edge)
                                                                   10.000    10.000 r  
                  R4                                                0.000    10.000 r  clk (IN)
                                       net (fo=0)                   0.000    10.000    mmcm/inst/clk_in1
                  R4                                                                r  mmcm/inst/clkin1_ibufg/I
                  R4                   IBUF (Prop_ibuf_I_O)         1.405    11.405 r  mmcm/inst/clkin1_ibufg/O
                                       net (fo=1, routed)           1.162    12.567    mmcm/inst/clk_in1_mmcm
                  MMCME2_ADV_X1Y2                                                   r  mmcm/inst/mmcm_adv_inst/CLKIN1
                  MMCME2_ADV_X1Y2      MMCME2_ADV (Prop_mmcme2_adv_CLKIN1_CLKOUT0)
                                                                   -7.674     4.893 r  mmcm/inst/mmcm_adv_inst/CLKOUT0
                                       net (fo=1, routed)           1.723     6.616    mmcm/inst/clk_out1_mmcm
                  BUFGCTRL_X0Y2                                                     r  mmcm/inst/clkout1_buf/I
                  BUFGCTRL_X0Y2        BUFG (Prop_bufg_I_O)         0.091     6.707 r  mmcm/inst/clkout1_buf/O
                                       net (fo=2, routed)           1.636     8.343    ddr3/u_ddr3_mig/u_ddr3_infrastructure/mmcm_clk
                  PLLE2_ADV_X1Y3                                                    r  ddr3/u_ddr3_mig/u_ddr3_infrastructure/plle2_i/CLKIN1
                  PLLE2_ADV_X1Y3       PLLE2_ADV (Prop_plle2_adv_CLKIN1_CLKOUT1)
                                                                    0.083     8.426 r  ddr3/u_ddr3_mig/u_ddr3_infrastructure/plle2_i/CLKOUT1
                                       net (fo=7, routed)           0.582     9.008    ddr3/u_ddr3_mig/u_memc_ui_top_axi/mem_intfc0/ddr_phy_top0/u_ddr_mc_phy_wrapper/u_ddr_mc_phy/ddr_phy_4lanes_0.u_ddr_phy_4lanes/ddr_byte_lane_A.ddr_byte_lane_A/mem_refclk
                  PHASER_OUT_PHY_X1Y12                                              r  ddr3/u_ddr3_mig/u_memc_ui_top_axi/mem_intfc0/ddr_phy_top0/u_ddr_mc_phy_wrapper/u_ddr_mc_phy/ddr_phy_4lanes_0.u_ddr_phy_4lanes/ddr_byte_lane_A.ddr_byte_lane_A/phaser_out/MEMREFCLK
                  PHASER_OUT_PHY_X1Y12 PHASER_OUT_PHY (Prop_phaser_out_phy_MEMREFCLK_OCLK)
                                                                    2.077    11.084 r  ddr3/u_ddr3_mig/u_memc_ui_top_axi/mem_intfc0/ddr_phy_top0/u_ddr_mc_phy_wrapper/u_ddr_mc_phy/ddr_phy_4lanes_0.u_ddr_phy_4lanes/ddr_byte_lane_A.ddr_byte_lane_A/phaser_out/OCLK
                  PHASER_OUT_PHY_X1Y12 PHASER_OUT_PHY (Prop_phaser_out_phy_OCLK_OCLKDIV)
                                                                    0.148    11.232 r  ddr3/u_ddr3_mig/u_memc_ui_top_axi/mem_intfc0/ddr_phy_top0/u_ddr_mc_phy_wrapper/u_ddr_mc_phy/ddr_phy_4lanes_0.u_ddr_phy_4lanes/ddr_byte_lane_A.ddr_byte_lane_A/phaser_out/OCLKDIV
                                       net (fo=12, routed)          0.412    11.644    ddr3/u_ddr3_mig/u_memc_ui_top_axi/mem_intfc0/ddr_phy_top0/u_ddr_mc_phy_wrapper/u_ddr_mc_phy/ddr_phy_4lanes_0.u_ddr_phy_4lanes/ddr_byte_lane_A.ddr_byte_lane_A/ddr_byte_group_io/oserdes_clkdiv
                  OLOGIC_X1Y150        OSERDESE2                                    r  ddr3/u_ddr3_mig/u_memc_ui_top_axi/mem_intfc0/ddr_phy_top0/u_ddr_mc_phy_wrapper/u_ddr_mc_phy/ddr_phy_4lanes_0.u_ddr_phy_4lanes/ddr_byte_lane_A.ddr_byte_lane_A/ddr_byte_group_io/output_[11].oserdes_dq_.sdr.oserdes_dq_i/CLKDIV
                                       clock pessimism              0.697    12.342    
                                       clock uncertainty           -0.066    12.276    
                  OLOGIC_X1Y150        OSERDESE2 (Setup_oserdese2_CLKDIV_D4)
                                                                   -0.625    11.651    ddr3/u_ddr3_mig/u_memc_ui_top_axi/mem_intfc0/ddr_phy_top0/u_ddr_mc_phy_wrapper/u_ddr_mc_phy/ddr_phy_4lanes_0.u_ddr_phy_4lanes/ddr_byte_lane_A.ddr_byte_lane_A/ddr_byte_group_io/output_[11].oserdes_dq_.sdr.oserdes_dq_i
  ---------------------------------------------------------------------------------
                                       required time                         11.651    
                                       arrival time                          -3.611    
  ---------------------------------------------------------------------------------
                                       slack                                  8.040    





Min Delay Paths
--------------------------------------------------------------------------------------
Slack (MET) :             0.090ns  (arrival time - required time)
  Source:                 ddr3/u_ddr3_mig/u_memc_ui_top_axi/mem_intfc0/ddr_phy_top0/u_ddr_mc_phy_wrapper/u_ddr_mc_phy/ddr_phy_4lanes_0.u_ddr_phy_4lanes/ddr_byte_lane_A.ddr_byte_lane_A/out_fifo/RDCLK
                            (rising edge-triggered cell OUT_FIFO clocked by oserdes_clkdiv  {rise@0.000ns fall@5.000ns period=10.000ns})
  Destination:            ddr3/u_ddr3_mig/u_memc_ui_top_axi/mem_intfc0/ddr_phy_top0/u_ddr_mc_phy_wrapper/u_ddr_mc_phy/ddr_phy_4lanes_0.u_ddr_phy_4lanes/ddr_byte_lane_A.ddr_byte_lane_A/ddr_byte_group_io/output_[2].oserdes_dq_.sdr.oserdes_dq_i/D2
                            (rising edge-triggered cell OSERDESE2 clocked by oserdes_clkdiv  {rise@0.000ns fall@5.000ns period=10.000ns})
  Path Group:             oserdes_clkdiv
  Path Type:              Hold (Min at Fast Process Corner)
  Requirement:            0.000ns  (oserdes_clkdiv rise@0.000ns - oserdes_clkdiv rise@0.000ns)
  Data Path Delay:        0.288ns  (logic 0.138ns (47.866%)  route 0.150ns (52.134%))
  Logic Levels:           0  
  Clock Path Skew:        0.179ns (DCD - SCD - CPR)
    Destination Clock Delay (DCD):    1.457ns
    Source Clock Delay      (SCD):    1.450ns
    Clock Pessimism Removal (CPR):    -0.172ns

    Pin Reuse     Location             Delay type                Incr(ns)  Path(ns)    Netlist Resource(s)
  ---------------------------------------------------------------------------------    -------------------
                                       (clock oserdes_clkdiv rise edge)
                                                                    0.000     0.000 r  
                  R4                                                0.000     0.000 r  clk (IN)
                                       net (fo=0)                   0.000     0.000    mmcm/inst/clk_in1
                  R4                                                                r  mmcm/inst/clkin1_ibufg/I
                  R4                   IBUF (Prop_ibuf_I_O)         0.243     0.243 r  mmcm/inst/clkin1_ibufg/O
                                       net (fo=1, routed)           0.440     0.683    mmcm/inst/clk_in1_mmcm
                  MMCME2_ADV_X1Y2                                                   r  mmcm/inst/mmcm_adv_inst/CLKIN1
                  MMCME2_ADV_X1Y2      MMCME2_ADV (Prop_mmcme2_adv_CLKIN1_CLKOUT0)
                                                                   -2.540    -1.856 r  mmcm/inst/mmcm_adv_inst/CLKOUT0
                                       net (fo=1, routed)           0.531    -1.325    mmcm/inst/clk_out1_mmcm
                  BUFGCTRL_X0Y2                                                     r  mmcm/inst/clkout1_buf/I
                  BUFGCTRL_X0Y2        BUFG (Prop_bufg_I_O)         0.026    -1.299 r  mmcm/inst/clkout1_buf/O
                                       net (fo=2, routed)           0.606    -0.694    ddr3/u_ddr3_mig/u_ddr3_infrastructure/mmcm_clk
                  PLLE2_ADV_X1Y3                                                    r  ddr3/u_ddr3_mig/u_ddr3_infrastructure/plle2_i/CLKIN1
                  PLLE2_ADV_X1Y3       PLLE2_ADV (Prop_plle2_adv_CLKIN1_CLKOUT1)
                                                                    0.050    -0.644 r  ddr3/u_ddr3_mig/u_ddr3_infrastructure/plle2_i/CLKOUT1
                                       net (fo=7, routed)           0.197    -0.447    ddr3/u_ddr3_mig/u_memc_ui_top_axi/mem_intfc0/ddr_phy_top0/u_ddr_mc_phy_wrapper/u_ddr_mc_phy/ddr_phy_4lanes_0.u_ddr_phy_4lanes/ddr_byte_lane_A.ddr_byte_lane_A/mem_refclk
                  PHASER_OUT_PHY_X1Y12                                              r  ddr3/u_ddr3_mig/u_memc_ui_top_axi/mem_intfc0/ddr_phy_top0/u_ddr_mc_phy_wrapper/u_ddr_mc_phy/ddr_phy_4lanes_0.u_ddr_phy_4lanes/ddr_byte_lane_A.ddr_byte_lane_A/phaser_out/MEMREFCLK
                  PHASER_OUT_PHY_X1Y12 PHASER_OUT_PHY (Prop_phaser_out_phy_MEMREFCLK_OCLK)
                                                                    1.813     1.367 r  ddr3/u_ddr3_mig/u_memc_ui_top_axi/mem_intfc0/ddr_phy_top0/u_ddr_mc_phy_wrapper/u_ddr_mc_phy/ddr_phy_4lanes_0.u_ddr_phy_4lanes/ddr_byte_lane_A.ddr_byte_lane_A/phaser_out/OCLK
                  PHASER_OUT_PHY_X1Y12 PHASER_OUT_PHY (Prop_phaser_out_phy_OCLK_OCLKDIV)
                                                                    0.083     1.450 r  ddr3/u_ddr3_mig/u_memc_ui_top_axi/mem_intfc0/ddr_phy_top0/u_ddr_mc_phy_wrapper/u_ddr_mc_phy/ddr_phy_4lanes_0.u_ddr_phy_4lanes/ddr_byte_lane_A.ddr_byte_lane_A/phaser_out/OCLKDIV
                                       net (fo=12, routed)          0.000     1.450    ddr3/u_ddr3_mig/u_memc_ui_top_axi/mem_intfc0/ddr_phy_top0/u_ddr_mc_phy_wrapper/u_ddr_mc_phy/ddr_phy_4lanes_0.u_ddr_phy_4lanes/ddr_byte_lane_A.ddr_byte_lane_A/oserdes_clkdiv
                  OUT_FIFO_X1Y12       OUT_FIFO                                     r  ddr3/u_ddr3_mig/u_memc_ui_top_axi/mem_intfc0/ddr_phy_top0/u_ddr_mc_phy_wrapper/u_ddr_mc_phy/ddr_phy_4lanes_0.u_ddr_phy_4lanes/ddr_byte_lane_A.ddr_byte_lane_A/out_fifo/RDCLK
  ---------------------------------------------------------------------------------    -------------------
    Routing       OUT_FIFO_X1Y12       OUT_FIFO (Prop_out_fifo_RDCLK_Q2[1])
                                                                    0.138     1.588 r  ddr3/u_ddr3_mig/u_memc_ui_top_axi/mem_intfc0/ddr_phy_top0/u_ddr_mc_phy_wrapper/u_ddr_mc_phy/ddr_phy_4lanes_0.u_ddr_phy_4lanes/ddr_byte_lane_A.ddr_byte_lane_A/out_fifo/Q2[1]
                                       net (fo=1, routed)           0.150     1.738    ddr3/u_ddr3_mig/u_memc_ui_top_axi/mem_intfc0/ddr_phy_top0/u_ddr_mc_phy_wrapper/u_ddr_mc_phy/ddr_phy_4lanes_0.u_ddr_phy_4lanes/ddr_byte_lane_A.ddr_byte_lane_A/ddr_byte_group_io/oserdes_dq[9]
    Routing       OLOGIC_X1Y153        OSERDESE2                                    r  ddr3/u_ddr3_mig/u_memc_ui_top_axi/mem_intfc0/ddr_phy_top0/u_ddr_mc_phy_wrapper/u_ddr_mc_phy/ddr_phy_4lanes_0.u_ddr_phy_4lanes/ddr_byte_lane_A.ddr_byte_lane_A/ddr_byte_group_io/output_[2].oserdes_dq_.sdr.oserdes_dq_i/D2
  ---------------------------------------------------------------------------------    -------------------

                                       (clock oserdes_clkdiv rise edge)
                                                                    0.000     0.000 r  
                  R4                                                0.000     0.000 r  clk (IN)
                                       net (fo=0)                   0.000     0.000    mmcm/inst/clk_in1
                  R4                                                                r  mmcm/inst/clkin1_ibufg/I
                  R4                   IBUF (Prop_ibuf_I_O)         0.431     0.431 r  mmcm/inst/clkin1_ibufg/O
                                       net (fo=1, routed)           0.480     0.911    mmcm/inst/clk_in1_mmcm
                  MMCME2_ADV_X1Y2                                                   r  mmcm/inst/mmcm_adv_inst/CLKIN1
                  MMCME2_ADV_X1Y2      MMCME2_ADV (Prop_mmcme2_adv_CLKIN1_CLKOUT0)
                                                                   -3.332    -2.421 r  mmcm/inst/mmcm_adv_inst/CLKOUT0
                                       net (fo=1, routed)           0.579    -1.843    mmcm/inst/clk_out1_mmcm
                  BUFGCTRL_X0Y2                                                     r  mmcm/inst/clkout1_buf/I
                  BUFGCTRL_X0Y2        BUFG (Prop_bufg_I_O)         0.029    -1.814 r  mmcm/inst/clkout1_buf/O
                                       net (fo=2, routed)           0.875    -0.939    ddr3/u_ddr3_mig/u_ddr3_infrastructure/mmcm_clk
                  PLLE2_ADV_X1Y3                                                    r  ddr3/u_ddr3_mig/u_ddr3_infrastructure/plle2_i/CLKIN1
                  PLLE2_ADV_X1Y3       PLLE2_ADV (Prop_plle2_adv_CLKIN1_CLKOUT1)
                                                                    0.053    -0.886 r  ddr3/u_ddr3_mig/u_ddr3_infrastructure/plle2_i/CLKOUT1
                                       net (fo=7, routed)           0.218    -0.668    ddr3/u_ddr3_mig/u_memc_ui_top_axi/mem_intfc0/ddr_phy_top0/u_ddr_mc_phy_wrapper/u_ddr_mc_phy/ddr_phy_4lanes_0.u_ddr_phy_4lanes/ddr_byte_lane_A.ddr_byte_lane_A/mem_refclk
                  PHASER_OUT_PHY_X1Y12                                              r  ddr3/u_ddr3_mig/u_memc_ui_top_axi/mem_intfc0/ddr_phy_top0/u_ddr_mc_phy_wrapper/u_ddr_mc_phy/ddr_phy_4lanes_0.u_ddr_phy_4lanes/ddr_byte_lane_A.ddr_byte_lane_A/phaser_out/MEMREFCLK
                  PHASER_OUT_PHY_X1Y12 PHASER_OUT_PHY (Prop_phaser_out_phy_MEMREFCLK_OCLK)
                                                                    1.858     1.190 r  ddr3/u_ddr3_mig/u_memc_ui_top_axi/mem_intfc0/ddr_phy_top0/u_ddr_mc_phy_wrapper/u_ddr_mc_phy/ddr_phy_4lanes_0.u_ddr_phy_4lanes/ddr_byte_lane_A.ddr_byte_lane_A/phaser_out/OCLK
                  PHASER_OUT_PHY_X1Y12 PHASER_OUT_PHY (Prop_phaser_out_phy_OCLK_OCLKDIV)
                                                                    0.088     1.278 r  ddr3/u_ddr3_mig/u_memc_ui_top_axi/mem_intfc0/ddr_phy_top0/u_ddr_mc_phy_wrapper/u_ddr_mc_phy/ddr_phy_4lanes_0.u_ddr_phy_4lanes/ddr_byte_lane_A.ddr_byte_lane_A/phaser_out/OCLKDIV
                                       net (fo=12, routed)          0.179     1.457    ddr3/u_ddr3_mig/u_memc_ui_top_axi/mem_intfc0/ddr_phy_top0/u_ddr_mc_phy_wrapper/u_ddr_mc_phy/ddr_phy_4lanes_0.u_ddr_phy_4lanes/ddr_byte_lane_A.ddr_byte_lane_A/ddr_byte_group_io/oserdes_clkdiv
                  OLOGIC_X1Y153        OSERDESE2                                    r  ddr3/u_ddr3_mig/u_memc_ui_top_axi/mem_intfc0/ddr_phy_top0/u_ddr_mc_phy_wrapper/u_ddr_mc_phy/ddr_phy_4lanes_0.u_ddr_phy_4lanes/ddr_byte_lane_A.ddr_byte_lane_A/ddr_byte_group_io/output_[2].oserdes_dq_.sdr.oserdes_dq_i/CLKDIV
                                       clock pessimism              0.172     1.629    
                  OLOGIC_X1Y153        OSERDESE2 (Hold_oserdese2_CLKDIV_D2)
                                                                    0.019     1.648    ddr3/u_ddr3_mig/u_memc_ui_top_axi/mem_intfc0/ddr_phy_top0/u_ddr_mc_phy_wrapper/u_ddr_mc_phy/ddr_phy_4lanes_0.u_ddr_phy_4lanes/ddr_byte_lane_A.ddr_byte_lane_A/ddr_byte_group_io/output_[2].oserdes_dq_.sdr.oserdes_dq_i
  ---------------------------------------------------------------------------------
                                       required time                         -1.648    
                                       arrival time                           1.738    
  ---------------------------------------------------------------------------------
                                       slack                                  0.090    





Pulse Width Checks
--------------------------------------------------------------------------------------
Clock Name:         oserdes_clkdiv
Waveform(ns):       { 0.000 5.000 }
Period(ns):         10.000
Sources:            { ddr3/u_ddr3_mig/u_memc_ui_top_axi/mem_intfc0/ddr_phy_top0/u_ddr_mc_phy_wrapper/u_ddr_mc_phy/ddr_phy_4lanes_0.u_ddr_phy_4lanes/ddr_byte_lane_A.ddr_byte_lane_A/phaser_out/OCLKDIV }

Check Type        Corner  Lib Pin         Reference Pin  Required(ns)  Actual(ns)  Slack(ns)  Location        Pin
Min Period        n/a     OUT_FIFO/RDCLK  n/a            5.000         10.000      5.000      OUT_FIFO_X1Y12  ddr3/u_ddr3_mig/u_memc_ui_top_axi/mem_intfc0/ddr_phy_top0/u_ddr_mc_phy_wrapper/u_ddr_mc_phy/ddr_phy_4lanes_0.u_ddr_phy_4lanes/ddr_byte_lane_A.ddr_byte_lane_A/out_fifo/RDCLK
Low Pulse Width   Slow    OUT_FIFO/RDCLK  n/a            2.150         5.000       2.850      OUT_FIFO_X1Y12  ddr3/u_ddr3_mig/u_memc_ui_top_axi/mem_intfc0/ddr_phy_top0/u_ddr_mc_phy_wrapper/u_ddr_mc_phy/ddr_phy_4lanes_0.u_ddr_phy_4lanes/ddr_byte_lane_A.ddr_byte_lane_A/out_fifo/RDCLK
High Pulse Width  Slow    OUT_FIFO/RDCLK  n/a            2.150         5.000       2.850      OUT_FIFO_X1Y12  ddr3/u_ddr3_mig/u_memc_ui_top_axi/mem_intfc0/ddr_phy_top0/u_ddr_mc_phy_wrapper/u_ddr_mc_phy/ddr_phy_4lanes_0.u_ddr_phy_4lanes/ddr_byte_lane_A.ddr_byte_lane_A/out_fifo/RDCLK



---------------------------------------------------------------------------------------------------
From Clock:  oserdes_clk_1
  To Clock:  oserdes_clk_1

Setup :           NA  Failing Endpoints,  Worst Slack           NA  ,  Total Violation           NA
Hold  :           NA  Failing Endpoints,  Worst Slack           NA  ,  Total Violation           NA
PW    :            0  Failing Endpoints,  Worst Slack        0.833ns,  Total Violation        0.000ns
---------------------------------------------------------------------------------------------------


Pulse Width Checks
--------------------------------------------------------------------------------------
Clock Name:         oserdes_clk_1
Waveform(ns):       { 0.000 1.250 }
Period(ns):         2.500
Sources:            { ddr3/u_ddr3_mig/u_memc_ui_top_axi/mem_intfc0/ddr_phy_top0/u_ddr_mc_phy_wrapper/u_ddr_mc_phy/ddr_phy_4lanes_0.u_ddr_phy_4lanes/ddr_byte_lane_B.ddr_byte_lane_B/phaser_out/OCLK }

Check Type  Corner  Lib Pin        Reference Pin  Required(ns)  Actual(ns)  Slack(ns)  Location       Pin
Min Period  n/a     OSERDESE2/CLK  n/a            1.667         2.500       0.833      OLOGIC_X1Y163  ddr3/u_ddr3_mig/u_memc_ui_top_axi/mem_intfc0/ddr_phy_top0/u_ddr_mc_phy_wrapper/u_ddr_mc_phy/ddr_phy_4lanes_0.u_ddr_phy_4lanes/ddr_byte_lane_B.ddr_byte_lane_B/ddr_byte_group_io/output_[0].oserdes_dq_.sdr.oserdes_dq_i/CLK



---------------------------------------------------------------------------------------------------
From Clock:  oserdes_clkdiv_1
  To Clock:  oserdes_clkdiv_1

Setup :            0  Failing Endpoints,  Worst Slack        8.563ns,  Total Violation        0.000ns
Hold  :            0  Failing Endpoints,  Worst Slack        0.094ns,  Total Violation        0.000ns
PW    :            0  Failing Endpoints,  Worst Slack        2.850ns,  Total Violation        0.000ns
---------------------------------------------------------------------------------------------------


Max Delay Paths
--------------------------------------------------------------------------------------
Slack (MET) :             8.563ns  (required time - arrival time)
  Source:                 ddr3/u_ddr3_mig/u_memc_ui_top_axi/mem_intfc0/ddr_phy_top0/u_ddr_mc_phy_wrapper/u_ddr_mc_phy/ddr_phy_4lanes_0.u_ddr_phy_4lanes/ddr_byte_lane_B.ddr_byte_lane_B/out_fifo/RDCLK
                            (rising edge-triggered cell OUT_FIFO clocked by oserdes_clkdiv_1  {rise@0.000ns fall@5.000ns period=10.000ns})
  Destination:            ddr3/u_ddr3_mig/u_memc_ui_top_axi/mem_intfc0/ddr_phy_top0/u_ddr_mc_phy_wrapper/u_ddr_mc_phy/ddr_phy_4lanes_0.u_ddr_phy_4lanes/ddr_byte_lane_B.ddr_byte_lane_B/ddr_byte_group_io/output_[10].oserdes_dq_.sdr.oserdes_dq_i/D1
                            (rising edge-triggered cell OSERDESE2 clocked by oserdes_clkdiv_1  {rise@0.000ns fall@5.000ns period=10.000ns})
  Path Group:             oserdes_clkdiv_1
  Path Type:              Setup (Max at Slow Process Corner)
  Requirement:            10.000ns  (oserdes_clkdiv_1 rise@10.000ns - oserdes_clkdiv_1 rise@0.000ns)
  Data Path Delay:        1.142ns  (logic 0.674ns (59.004%)  route 0.468ns (40.996%))
  Logic Levels:           0  
  Clock Path Skew:        0.396ns (DCD - SCD + CPR)
    Destination Clock Delay (DCD):    1.618ns = ( 11.618 - 10.000 ) 
    Source Clock Delay      (SCD):    1.919ns
    Clock Pessimism Removal (CPR):    0.696ns
  Clock Uncertainty:      0.066ns  ((TSJ^2 + DJ^2)^1/2) / 2 + PE
    Total System Jitter     (TSJ):    0.071ns
    Discrete Jitter          (DJ):    0.112ns
    Phase Error              (PE):    0.000ns

    Pin Reuse     Location             Delay type                Incr(ns)  Path(ns)    Netlist Resource(s)
  ---------------------------------------------------------------------------------    -------------------
                                       (clock oserdes_clkdiv_1 rise edge)
                                                                    0.000     0.000 r  
                  R4                                                0.000     0.000 r  clk (IN)
                                       net (fo=0)                   0.000     0.000    mmcm/inst/clk_in1
                  R4                                                                r  mmcm/inst/clkin1_ibufg/I
                  R4                   IBUF (Prop_ibuf_I_O)         1.475     1.475 r  mmcm/inst/clkin1_ibufg/O
                                       net (fo=1, routed)           1.233     2.708    mmcm/inst/clk_in1_mmcm
                  MMCME2_ADV_X1Y2                                                   r  mmcm/inst/mmcm_adv_inst/CLKIN1
                  MMCME2_ADV_X1Y2      MMCME2_ADV (Prop_mmcme2_adv_CLKIN1_CLKOUT0)
                                                                   -7.432    -4.724 r  mmcm/inst/mmcm_adv_inst/CLKOUT0
                                       net (fo=1, routed)           1.808    -2.915    mmcm/inst/clk_out1_mmcm
                  BUFGCTRL_X0Y2                                                     r  mmcm/inst/clkout1_buf/I
                  BUFGCTRL_X0Y2        BUFG (Prop_bufg_I_O)         0.096    -2.819 r  mmcm/inst/clkout1_buf/O
                                       net (fo=2, routed)           1.754    -1.065    ddr3/u_ddr3_mig/u_ddr3_infrastructure/mmcm_clk
                  PLLE2_ADV_X1Y3                                                    r  ddr3/u_ddr3_mig/u_ddr3_infrastructure/plle2_i/CLKIN1
                  PLLE2_ADV_X1Y3       PLLE2_ADV (Prop_plle2_adv_CLKIN1_CLKOUT1)
                                                                    0.088    -0.977 r  ddr3/u_ddr3_mig/u_ddr3_infrastructure/plle2_i/CLKOUT1
                                       net (fo=7, routed)           0.603    -0.374    ddr3/u_ddr3_mig/u_memc_ui_top_axi/mem_intfc0/ddr_phy_top0/u_ddr_mc_phy_wrapper/u_ddr_mc_phy/ddr_phy_4lanes_0.u_ddr_phy_4lanes/ddr_byte_lane_B.ddr_byte_lane_B/mem_refclk
                  PHASER_OUT_PHY_X1Y13                                              r  ddr3/u_ddr3_mig/u_memc_ui_top_axi/mem_intfc0/ddr_phy_top0/u_ddr_mc_phy_wrapper/u_ddr_mc_phy/ddr_phy_4lanes_0.u_ddr_phy_4lanes/ddr_byte_lane_B.ddr_byte_lane_B/phaser_out/MEMREFCLK
                  PHASER_OUT_PHY_X1Y13 PHASER_OUT_PHY (Prop_phaser_out_phy_MEMREFCLK_OCLK)
                                                                    2.136     1.762 r  ddr3/u_ddr3_mig/u_memc_ui_top_axi/mem_intfc0/ddr_phy_top0/u_ddr_mc_phy_wrapper/u_ddr_mc_phy/ddr_phy_4lanes_0.u_ddr_phy_4lanes/ddr_byte_lane_B.ddr_byte_lane_B/phaser_out/OCLK
                  PHASER_OUT_PHY_X1Y13 PHASER_OUT_PHY (Prop_phaser_out_phy_OCLK_OCLKDIV)
                                                                    0.157     1.919 r  ddr3/u_ddr3_mig/u_memc_ui_top_axi/mem_intfc0/ddr_phy_top0/u_ddr_mc_phy_wrapper/u_ddr_mc_phy/ddr_phy_4lanes_0.u_ddr_phy_4lanes/ddr_byte_lane_B.ddr_byte_lane_B/phaser_out/OCLKDIV
                                       net (fo=13, routed)          0.000     1.919    ddr3/u_ddr3_mig/u_memc_ui_top_axi/mem_intfc0/ddr_phy_top0/u_ddr_mc_phy_wrapper/u_ddr_mc_phy/ddr_phy_4lanes_0.u_ddr_phy_4lanes/ddr_byte_lane_B.ddr_byte_lane_B/oserdes_clkdiv
                  OUT_FIFO_X1Y13       OUT_FIFO                                     r  ddr3/u_ddr3_mig/u_memc_ui_top_axi/mem_intfc0/ddr_phy_top0/u_ddr_mc_phy_wrapper/u_ddr_mc_phy/ddr_phy_4lanes_0.u_ddr_phy_4lanes/ddr_byte_lane_B.ddr_byte_lane_B/out_fifo/RDCLK
  ---------------------------------------------------------------------------------    -------------------
    Routing       OUT_FIFO_X1Y13       OUT_FIFO (Prop_out_fifo_RDCLK_Q5[4])
                                                                    0.674     2.593 r  ddr3/u_ddr3_mig/u_memc_ui_top_axi/mem_intfc0/ddr_phy_top0/u_ddr_mc_phy_wrapper/u_ddr_mc_phy/ddr_phy_4lanes_0.u_ddr_phy_4lanes/ddr_byte_lane_B.ddr_byte_lane_B/out_fifo/Q5[4]
                                       net (fo=1, routed)           0.468     3.061    ddr3/u_ddr3_mig/u_memc_ui_top_axi/mem_intfc0/ddr_phy_top0/u_ddr_mc_phy_wrapper/u_ddr_mc_phy/ddr_phy_4lanes_0.u_ddr_phy_4lanes/ddr_byte_lane_B.ddr_byte_lane_B/ddr_byte_group_io/oserdes_dq[40]
    Routing       OLOGIC_X1Y169        OSERDESE2                                    r  ddr3/u_ddr3_mig/u_memc_ui_top_axi/mem_intfc0/ddr_phy_top0/u_ddr_mc_phy_wrapper/u_ddr_mc_phy/ddr_phy_4lanes_0.u_ddr_phy_4lanes/ddr_byte_lane_B.ddr_byte_lane_B/ddr_byte_group_io/output_[10].oserdes_dq_.sdr.oserdes_dq_i/D1
  ---------------------------------------------------------------------------------    -------------------

                                       (clock oserdes_clkdiv_1 rise edge)
                                                                   10.000    10.000 r  
                  R4                                                0.000    10.000 r  clk (IN)
                                       net (fo=0)                   0.000    10.000    mmcm/inst/clk_in1
                  R4                                                                r  mmcm/inst/clkin1_ibufg/I
                  R4                   IBUF (Prop_ibuf_I_O)         1.405    11.405 r  mmcm/inst/clkin1_ibufg/O
                                       net (fo=1, routed)           1.162    12.567    mmcm/inst/clk_in1_mmcm
                  MMCME2_ADV_X1Y2                                                   r  mmcm/inst/mmcm_adv_inst/CLKIN1
                  MMCME2_ADV_X1Y2      MMCME2_ADV (Prop_mmcme2_adv_CLKIN1_CLKOUT0)
                                                                   -7.674     4.893 r  mmcm/inst/mmcm_adv_inst/CLKOUT0
                                       net (fo=1, routed)           1.723     6.616    mmcm/inst/clk_out1_mmcm
                  BUFGCTRL_X0Y2                                                     r  mmcm/inst/clkout1_buf/I
                  BUFGCTRL_X0Y2        BUFG (Prop_bufg_I_O)         0.091     6.707 r  mmcm/inst/clkout1_buf/O
                                       net (fo=2, routed)           1.636     8.343    ddr3/u_ddr3_mig/u_ddr3_infrastructure/mmcm_clk
                  PLLE2_ADV_X1Y3                                                    r  ddr3/u_ddr3_mig/u_ddr3_infrastructure/plle2_i/CLKIN1
                  PLLE2_ADV_X1Y3       PLLE2_ADV (Prop_plle2_adv_CLKIN1_CLKOUT1)
                                                                    0.083     8.426 r  ddr3/u_ddr3_mig/u_ddr3_infrastructure/plle2_i/CLKOUT1
                                       net (fo=7, routed)           0.572     8.998    ddr3/u_ddr3_mig/u_memc_ui_top_axi/mem_intfc0/ddr_phy_top0/u_ddr_mc_phy_wrapper/u_ddr_mc_phy/ddr_phy_4lanes_0.u_ddr_phy_4lanes/ddr_byte_lane_B.ddr_byte_lane_B/mem_refclk
                  PHASER_OUT_PHY_X1Y13                                              r  ddr3/u_ddr3_mig/u_memc_ui_top_axi/mem_intfc0/ddr_phy_top0/u_ddr_mc_phy_wrapper/u_ddr_mc_phy/ddr_phy_4lanes_0.u_ddr_phy_4lanes/ddr_byte_lane_B.ddr_byte_lane_B/phaser_out/MEMREFCLK
                  PHASER_OUT_PHY_X1Y13 PHASER_OUT_PHY (Prop_phaser_out_phy_MEMREFCLK_OCLK)
                                                                    2.077    11.074 r  ddr3/u_ddr3_mig/u_memc_ui_top_axi/mem_intfc0/ddr_phy_top0/u_ddr_mc_phy_wrapper/u_ddr_mc_phy/ddr_phy_4lanes_0.u_ddr_phy_4lanes/ddr_byte_lane_B.ddr_byte_lane_B/phaser_out/OCLK
                  PHASER_OUT_PHY_X1Y13 PHASER_OUT_PHY (Prop_phaser_out_phy_OCLK_OCLKDIV)
                                                                    0.148    11.222 r  ddr3/u_ddr3_mig/u_memc_ui_top_axi/mem_intfc0/ddr_phy_top0/u_ddr_mc_phy_wrapper/u_ddr_mc_phy/ddr_phy_4lanes_0.u_ddr_phy_4lanes/ddr_byte_lane_B.ddr_byte_lane_B/phaser_out/OCLKDIV
                                       net (fo=13, routed)          0.396    11.618    ddr3/u_ddr3_mig/u_memc_ui_top_axi/mem_intfc0/ddr_phy_top0/u_ddr_mc_phy_wrapper/u_ddr_mc_phy/ddr_phy_4lanes_0.u_ddr_phy_4lanes/ddr_byte_lane_B.ddr_byte_lane_B/ddr_byte_group_io/oserdes_clkdiv
                  OLOGIC_X1Y169        OSERDESE2                                    r  ddr3/u_ddr3_mig/u_memc_ui_top_axi/mem_intfc0/ddr_phy_top0/u_ddr_mc_phy_wrapper/u_ddr_mc_phy/ddr_phy_4lanes_0.u_ddr_phy_4lanes/ddr_byte_lane_B.ddr_byte_lane_B/ddr_byte_group_io/output_[10].oserdes_dq_.sdr.oserdes_dq_i/CLKDIV
                                       clock pessimism              0.696    12.315    
                                       clock uncertainty           -0.066    12.249    
                  OLOGIC_X1Y169        OSERDESE2 (Setup_oserdese2_CLKDIV_D1)
                                                                   -0.625    11.624    ddr3/u_ddr3_mig/u_memc_ui_top_axi/mem_intfc0/ddr_phy_top0/u_ddr_mc_phy_wrapper/u_ddr_mc_phy/ddr_phy_4lanes_0.u_ddr_phy_4lanes/ddr_byte_lane_B.ddr_byte_lane_B/ddr_byte_group_io/output_[10].oserdes_dq_.sdr.oserdes_dq_i
  ---------------------------------------------------------------------------------
                                       required time                         11.624    
                                       arrival time                          -3.061    
  ---------------------------------------------------------------------------------
                                       slack                                  8.563    





Min Delay Paths
--------------------------------------------------------------------------------------
Slack (MET) :             0.094ns  (arrival time - required time)
  Source:                 ddr3/u_ddr3_mig/u_memc_ui_top_axi/mem_intfc0/ddr_phy_top0/u_ddr_mc_phy_wrapper/u_ddr_mc_phy/ddr_phy_4lanes_0.u_ddr_phy_4lanes/ddr_byte_lane_B.ddr_byte_lane_B/out_fifo/RDCLK
                            (rising edge-triggered cell OUT_FIFO clocked by oserdes_clkdiv_1  {rise@0.000ns fall@5.000ns period=10.000ns})
  Destination:            ddr3/u_ddr3_mig/u_memc_ui_top_axi/mem_intfc0/ddr_phy_top0/u_ddr_mc_phy_wrapper/u_ddr_mc_phy/ddr_phy_4lanes_0.u_ddr_phy_4lanes/ddr_byte_lane_B.ddr_byte_lane_B/ddr_byte_group_io/output_[2].oserdes_dq_.sdr.oserdes_dq_i/D2
                            (rising edge-triggered cell OSERDESE2 clocked by oserdes_clkdiv_1  {rise@0.000ns fall@5.000ns period=10.000ns})
  Path Group:             oserdes_clkdiv_1
  Path Type:              Hold (Min at Fast Process Corner)
  Requirement:            0.000ns  (oserdes_clkdiv_1 rise@0.000ns - oserdes_clkdiv_1 rise@0.000ns)
  Data Path Delay:        0.288ns  (logic 0.138ns (47.866%)  route 0.150ns (52.134%))
  Logic Levels:           0  
  Clock Path Skew:        0.175ns (DCD - SCD - CPR)
    Destination Clock Delay (DCD):    1.444ns
    Source Clock Delay      (SCD):    1.443ns
    Clock Pessimism Removal (CPR):    -0.174ns

    Pin Reuse     Location             Delay type                Incr(ns)  Path(ns)    Netlist Resource(s)
  ---------------------------------------------------------------------------------    -------------------
                                       (clock oserdes_clkdiv_1 rise edge)
                                                                    0.000     0.000 r  
                  R4                                                0.000     0.000 r  clk (IN)
                                       net (fo=0)                   0.000     0.000    mmcm/inst/clk_in1
                  R4                                                                r  mmcm/inst/clkin1_ibufg/I
                  R4                   IBUF (Prop_ibuf_I_O)         0.243     0.243 r  mmcm/inst/clkin1_ibufg/O
                                       net (fo=1, routed)           0.440     0.683    mmcm/inst/clk_in1_mmcm
                  MMCME2_ADV_X1Y2                                                   r  mmcm/inst/mmcm_adv_inst/CLKIN1
                  MMCME2_ADV_X1Y2      MMCME2_ADV (Prop_mmcme2_adv_CLKIN1_CLKOUT0)
                                                                   -2.540    -1.856 r  mmcm/inst/mmcm_adv_inst/CLKOUT0
                                       net (fo=1, routed)           0.531    -1.325    mmcm/inst/clk_out1_mmcm
                  BUFGCTRL_X0Y2                                                     r  mmcm/inst/clkout1_buf/I
                  BUFGCTRL_X0Y2        BUFG (Prop_bufg_I_O)         0.026    -1.299 r  mmcm/inst/clkout1_buf/O
                                       net (fo=2, routed)           0.606    -0.694    ddr3/u_ddr3_mig/u_ddr3_infrastructure/mmcm_clk
                  PLLE2_ADV_X1Y3                                                    r  ddr3/u_ddr3_mig/u_ddr3_infrastructure/plle2_i/CLKIN1
                  PLLE2_ADV_X1Y3       PLLE2_ADV (Prop_plle2_adv_CLKIN1_CLKOUT1)
                                                                    0.050    -0.644 r  ddr3/u_ddr3_mig/u_ddr3_infrastructure/plle2_i/CLKOUT1
                                       net (fo=7, routed)           0.190    -0.454    ddr3/u_ddr3_mig/u_memc_ui_top_axi/mem_intfc0/ddr_phy_top0/u_ddr_mc_phy_wrapper/u_ddr_mc_phy/ddr_phy_4lanes_0.u_ddr_phy_4lanes/ddr_byte_lane_B.ddr_byte_lane_B/mem_refclk
                  PHASER_OUT_PHY_X1Y13                                              r  ddr3/u_ddr3_mig/u_memc_ui_top_axi/mem_intfc0/ddr_phy_top0/u_ddr_mc_phy_wrapper/u_ddr_mc_phy/ddr_phy_4lanes_0.u_ddr_phy_4lanes/ddr_byte_lane_B.ddr_byte_lane_B/phaser_out/MEMREFCLK
                  PHASER_OUT_PHY_X1Y13 PHASER_OUT_PHY (Prop_phaser_out_phy_MEMREFCLK_OCLK)
                                                                    1.813     1.360 r  ddr3/u_ddr3_mig/u_memc_ui_top_axi/mem_intfc0/ddr_phy_top0/u_ddr_mc_phy_wrapper/u_ddr_mc_phy/ddr_phy_4lanes_0.u_ddr_phy_4lanes/ddr_byte_lane_B.ddr_byte_lane_B/phaser_out/OCLK
                  PHASER_OUT_PHY_X1Y13 PHASER_OUT_PHY (Prop_phaser_out_phy_OCLK_OCLKDIV)
                                                                    0.083     1.443 r  ddr3/u_ddr3_mig/u_memc_ui_top_axi/mem_intfc0/ddr_phy_top0/u_ddr_mc_phy_wrapper/u_ddr_mc_phy/ddr_phy_4lanes_0.u_ddr_phy_4lanes/ddr_byte_lane_B.ddr_byte_lane_B/phaser_out/OCLKDIV
                                       net (fo=13, routed)          0.000     1.443    ddr3/u_ddr3_mig/u_memc_ui_top_axi/mem_intfc0/ddr_phy_top0/u_ddr_mc_phy_wrapper/u_ddr_mc_phy/ddr_phy_4lanes_0.u_ddr_phy_4lanes/ddr_byte_lane_B.ddr_byte_lane_B/oserdes_clkdiv
                  OUT_FIFO_X1Y13       OUT_FIFO                                     r  ddr3/u_ddr3_mig/u_memc_ui_top_axi/mem_intfc0/ddr_phy_top0/u_ddr_mc_phy_wrapper/u_ddr_mc_phy/ddr_phy_4lanes_0.u_ddr_phy_4lanes/ddr_byte_lane_B.ddr_byte_lane_B/out_fifo/RDCLK
  ---------------------------------------------------------------------------------    -------------------
    Routing       OUT_FIFO_X1Y13       OUT_FIFO (Prop_out_fifo_RDCLK_Q2[1])
                                                                    0.138     1.581 r  ddr3/u_ddr3_mig/u_memc_ui_top_axi/mem_intfc0/ddr_phy_top0/u_ddr_mc_phy_wrapper/u_ddr_mc_phy/ddr_phy_4lanes_0.u_ddr_phy_4lanes/ddr_byte_lane_B.ddr_byte_lane_B/out_fifo/Q2[1]
                                       net (fo=1, routed)           0.150     1.731    ddr3/u_ddr3_mig/u_memc_ui_top_axi/mem_intfc0/ddr_phy_top0/u_ddr_mc_phy_wrapper/u_ddr_mc_phy/ddr_phy_4lanes_0.u_ddr_phy_4lanes/ddr_byte_lane_B.ddr_byte_lane_B/ddr_byte_group_io/oserdes_dq[9]
    Routing       OLOGIC_X1Y165        OSERDESE2                                    r  ddr3/u_ddr3_mig/u_memc_ui_top_axi/mem_intfc0/ddr_phy_top0/u_ddr_mc_phy_wrapper/u_ddr_mc_phy/ddr_phy_4lanes_0.u_ddr_phy_4lanes/ddr_byte_lane_B.ddr_byte_lane_B/ddr_byte_group_io/output_[2].oserdes_dq_.sdr.oserdes_dq_i/D2
  ---------------------------------------------------------------------------------    -------------------

                                       (clock oserdes_clkdiv_1 rise edge)
                                                                    0.000     0.000 r  
                  R4                                                0.000     0.000 r  clk (IN)
                                       net (fo=0)                   0.000     0.000    mmcm/inst/clk_in1
                  R4                                                                r  mmcm/inst/clkin1_ibufg/I
                  R4                   IBUF (Prop_ibuf_I_O)         0.431     0.431 r  mmcm/inst/clkin1_ibufg/O
                                       net (fo=1, routed)           0.480     0.911    mmcm/inst/clk_in1_mmcm
                  MMCME2_ADV_X1Y2                                                   r  mmcm/inst/mmcm_adv_inst/CLKIN1
                  MMCME2_ADV_X1Y2      MMCME2_ADV (Prop_mmcme2_adv_CLKIN1_CLKOUT0)
                                                                   -3.332    -2.421 r  mmcm/inst/mmcm_adv_inst/CLKOUT0
                                       net (fo=1, routed)           0.579    -1.843    mmcm/inst/clk_out1_mmcm
                  BUFGCTRL_X0Y2                                                     r  mmcm/inst/clkout1_buf/I
                  BUFGCTRL_X0Y2        BUFG (Prop_bufg_I_O)         0.029    -1.814 r  mmcm/inst/clkout1_buf/O
                                       net (fo=2, routed)           0.875    -0.939    ddr3/u_ddr3_mig/u_ddr3_infrastructure/mmcm_clk
                  PLLE2_ADV_X1Y3                                                    r  ddr3/u_ddr3_mig/u_ddr3_infrastructure/plle2_i/CLKIN1
                  PLLE2_ADV_X1Y3       PLLE2_ADV (Prop_plle2_adv_CLKIN1_CLKOUT1)
                                                                    0.053    -0.886 r  ddr3/u_ddr3_mig/u_ddr3_infrastructure/plle2_i/CLKOUT1
                                       net (fo=7, routed)           0.209    -0.677    ddr3/u_ddr3_mig/u_memc_ui_top_axi/mem_intfc0/ddr_phy_top0/u_ddr_mc_phy_wrapper/u_ddr_mc_phy/ddr_phy_4lanes_0.u_ddr_phy_4lanes/ddr_byte_lane_B.ddr_byte_lane_B/mem_refclk
                  PHASER_OUT_PHY_X1Y13                                              r  ddr3/u_ddr3_mig/u_memc_ui_top_axi/mem_intfc0/ddr_phy_top0/u_ddr_mc_phy_wrapper/u_ddr_mc_phy/ddr_phy_4lanes_0.u_ddr_phy_4lanes/ddr_byte_lane_B.ddr_byte_lane_B/phaser_out/MEMREFCLK
                  PHASER_OUT_PHY_X1Y13 PHASER_OUT_PHY (Prop_phaser_out_phy_MEMREFCLK_OCLK)
                                                                    1.858     1.181 r  ddr3/u_ddr3_mig/u_memc_ui_top_axi/mem_intfc0/ddr_phy_top0/u_ddr_mc_phy_wrapper/u_ddr_mc_phy/ddr_phy_4lanes_0.u_ddr_phy_4lanes/ddr_byte_lane_B.ddr_byte_lane_B/phaser_out/OCLK
                  PHASER_OUT_PHY_X1Y13 PHASER_OUT_PHY (Prop_phaser_out_phy_OCLK_OCLKDIV)
                                                                    0.088     1.269 r  ddr3/u_ddr3_mig/u_memc_ui_top_axi/mem_intfc0/ddr_phy_top0/u_ddr_mc_phy_wrapper/u_ddr_mc_phy/ddr_phy_4lanes_0.u_ddr_phy_4lanes/ddr_byte_lane_B.ddr_byte_lane_B/phaser_out/OCLKDIV
                                       net (fo=13, routed)          0.175     1.444    ddr3/u_ddr3_mig/u_memc_ui_top_axi/mem_intfc0/ddr_phy_top0/u_ddr_mc_phy_wrapper/u_ddr_mc_phy/ddr_phy_4lanes_0.u_ddr_phy_4lanes/ddr_byte_lane_B.ddr_byte_lane_B/ddr_byte_group_io/oserdes_clkdiv
                  OLOGIC_X1Y165        OSERDESE2                                    r  ddr3/u_ddr3_mig/u_memc_ui_top_axi/mem_intfc0/ddr_phy_top0/u_ddr_mc_phy_wrapper/u_ddr_mc_phy/ddr_phy_4lanes_0.u_ddr_phy_4lanes/ddr_byte_lane_B.ddr_byte_lane_B/ddr_byte_group_io/output_[2].oserdes_dq_.sdr.oserdes_dq_i/CLKDIV
                                       clock pessimism              0.174     1.618    
                  OLOGIC_X1Y165        OSERDESE2 (Hold_oserdese2_CLKDIV_D2)
                                                                    0.019     1.637    ddr3/u_ddr3_mig/u_memc_ui_top_axi/mem_intfc0/ddr_phy_top0/u_ddr_mc_phy_wrapper/u_ddr_mc_phy/ddr_phy_4lanes_0.u_ddr_phy_4lanes/ddr_byte_lane_B.ddr_byte_lane_B/ddr_byte_group_io/output_[2].oserdes_dq_.sdr.oserdes_dq_i
  ---------------------------------------------------------------------------------
                                       required time                         -1.637    
                                       arrival time                           1.731    
  ---------------------------------------------------------------------------------
                                       slack                                  0.094    





Pulse Width Checks
--------------------------------------------------------------------------------------
Clock Name:         oserdes_clkdiv_1
Waveform(ns):       { 0.000 5.000 }
Period(ns):         10.000
Sources:            { ddr3/u_ddr3_mig/u_memc_ui_top_axi/mem_intfc0/ddr_phy_top0/u_ddr_mc_phy_wrapper/u_ddr_mc_phy/ddr_phy_4lanes_0.u_ddr_phy_4lanes/ddr_byte_lane_B.ddr_byte_lane_B/phaser_out/OCLKDIV }

Check Type        Corner  Lib Pin         Reference Pin  Required(ns)  Actual(ns)  Slack(ns)  Location        Pin
Min Period        n/a     OUT_FIFO/RDCLK  n/a            5.000         10.000      5.000      OUT_FIFO_X1Y13  ddr3/u_ddr3_mig/u_memc_ui_top_axi/mem_intfc0/ddr_phy_top0/u_ddr_mc_phy_wrapper/u_ddr_mc_phy/ddr_phy_4lanes_0.u_ddr_phy_4lanes/ddr_byte_lane_B.ddr_byte_lane_B/out_fifo/RDCLK
Low Pulse Width   Slow    OUT_FIFO/RDCLK  n/a            2.150         5.000       2.850      OUT_FIFO_X1Y13  ddr3/u_ddr3_mig/u_memc_ui_top_axi/mem_intfc0/ddr_phy_top0/u_ddr_mc_phy_wrapper/u_ddr_mc_phy/ddr_phy_4lanes_0.u_ddr_phy_4lanes/ddr_byte_lane_B.ddr_byte_lane_B/out_fifo/RDCLK
High Pulse Width  Slow    OUT_FIFO/RDCLK  n/a            2.150         5.000       2.850      OUT_FIFO_X1Y13  ddr3/u_ddr3_mig/u_memc_ui_top_axi/mem_intfc0/ddr_phy_top0/u_ddr_mc_phy_wrapper/u_ddr_mc_phy/ddr_phy_4lanes_0.u_ddr_phy_4lanes/ddr_byte_lane_B.ddr_byte_lane_B/out_fifo/RDCLK



---------------------------------------------------------------------------------------------------
From Clock:  oserdes_clk_2
  To Clock:  oserdes_clk_2

Setup :            0  Failing Endpoints,  Worst Slack        0.912ns,  Total Violation        0.000ns
Hold  :            0  Failing Endpoints,  Worst Slack        0.413ns,  Total Violation        0.000ns
PW    :            0  Failing Endpoints,  Worst Slack        0.833ns,  Total Violation        0.000ns
---------------------------------------------------------------------------------------------------


Max Delay Paths
--------------------------------------------------------------------------------------
Slack (MET) :             0.912ns  (required time - arrival time)
  Source:                 ddr3/u_ddr3_mig/u_memc_ui_top_axi/mem_intfc0/ddr_phy_top0/u_ddr_mc_phy_wrapper/u_ddr_mc_phy/ddr_phy_4lanes_0.u_ddr_phy_4lanes/ddr_byte_lane_C.ddr_byte_lane_C/phaser_out/OCLKDELAYED
                            (rising edge-triggered cell PHASER_OUT_PHY clocked by oserdes_clk_2  {rise@0.000ns fall@1.250ns period=2.500ns})
  Destination:            ddr3/u_ddr3_mig/u_memc_ui_top_axi/mem_intfc0/ddr_phy_top0/u_ddr_mc_phy_wrapper/u_ddr_mc_phy/ddr_phy_4lanes_0.u_ddr_phy_4lanes/ddr_byte_lane_C.ddr_byte_lane_C/ddr_byte_group_io/dqs_gen.oddr_dqsts/D1
                            (rising edge-triggered cell ODDR clocked by oserdes_clk_2  {rise@0.000ns fall@1.250ns period=2.500ns})
  Path Group:             oserdes_clk_2
  Path Type:              Setup (Max at Slow Process Corner)
  Requirement:            2.500ns  (oserdes_clk_2 rise@2.500ns - oserdes_clk_2 rise@0.000ns)
  Data Path Delay:        1.037ns  (logic 0.562ns (54.177%)  route 0.475ns (45.823%))
  Logic Levels:           0  
  Clock Path Skew:        0.400ns (DCD - SCD + CPR)
    Destination Clock Delay (DCD):    2.125ns = ( 4.625 - 2.500 ) 
    Source Clock Delay      (SCD):    2.452ns
    Clock Pessimism Removal (CPR):    0.727ns
  Clock Uncertainty:      0.066ns  ((TSJ^2 + DJ^2)^1/2) / 2 + PE
    Total System Jitter     (TSJ):    0.071ns
    Discrete Jitter          (DJ):    0.112ns
    Phase Error              (PE):    0.000ns

    Pin Reuse     Location             Delay type                Incr(ns)  Path(ns)    Netlist Resource(s)
  ---------------------------------------------------------------------------------    -------------------
                                       (clock oserdes_clk_2 rise edge)
                                                                    0.000     0.000 r  
                  R4                                                0.000     0.000 r  clk (IN)
                                       net (fo=0)                   0.000     0.000    mmcm/inst/clk_in1
                  R4                                                                r  mmcm/inst/clkin1_ibufg/I
                  R4                   IBUF (Prop_ibuf_I_O)         1.475     1.475 r  mmcm/inst/clkin1_ibufg/O
                                       net (fo=1, routed)           1.233     2.708    mmcm/inst/clk_in1_mmcm
                  MMCME2_ADV_X1Y2                                                   r  mmcm/inst/mmcm_adv_inst/CLKIN1
                  MMCME2_ADV_X1Y2      MMCME2_ADV (Prop_mmcme2_adv_CLKIN1_CLKOUT0)
                                                                   -7.432    -4.724 r  mmcm/inst/mmcm_adv_inst/CLKOUT0
                                       net (fo=1, routed)           1.808    -2.915    mmcm/inst/clk_out1_mmcm
                  BUFGCTRL_X0Y2                                                     r  mmcm/inst/clkout1_buf/I
                  BUFGCTRL_X0Y2        BUFG (Prop_bufg_I_O)         0.096    -2.819 r  mmcm/inst/clkout1_buf/O
                                       net (fo=2, routed)           1.754    -1.065    ddr3/u_ddr3_mig/u_ddr3_infrastructure/mmcm_clk
                  PLLE2_ADV_X1Y3                                                    r  ddr3/u_ddr3_mig/u_ddr3_infrastructure/plle2_i/CLKIN1
                  PLLE2_ADV_X1Y3       PLLE2_ADV (Prop_plle2_adv_CLKIN1_CLKOUT1)
                                                                    0.088    -0.977 r  ddr3/u_ddr3_mig/u_ddr3_infrastructure/plle2_i/CLKOUT1
                                       net (fo=7, routed)           0.614    -0.363    ddr3/u_ddr3_mig/u_memc_ui_top_axi/mem_intfc0/ddr_phy_top0/u_ddr_mc_phy_wrapper/u_ddr_mc_phy/ddr_phy_4lanes_0.u_ddr_phy_4lanes/ddr_byte_lane_C.ddr_byte_lane_C/mem_refclk
                  PHASER_OUT_PHY_X1Y14                                              r  ddr3/u_ddr3_mig/u_memc_ui_top_axi/mem_intfc0/ddr_phy_top0/u_ddr_mc_phy_wrapper/u_ddr_mc_phy/ddr_phy_4lanes_0.u_ddr_phy_4lanes/ddr_byte_lane_C.ddr_byte_lane_C/phaser_out/MEMREFCLK
                  PHASER_OUT_PHY_X1Y14 PHASER_OUT_PHY (Prop_phaser_out_phy_MEMREFCLK_OCLK)
                                                                    2.136     1.773 r  ddr3/u_ddr3_mig/u_memc_ui_top_axi/mem_intfc0/ddr_phy_top0/u_ddr_mc_phy_wrapper/u_ddr_mc_phy/ddr_phy_4lanes_0.u_ddr_phy_4lanes/ddr_byte_lane_C.ddr_byte_lane_C/phaser_out/OCLK
                  PHASER_OUT_PHY_X1Y14 PHASER_OUT_PHY (Prop_phaser_out_phy_OCLK_OCLKDELAYED)
                                                                    0.679     2.452 r  ddr3/u_ddr3_mig/u_memc_ui_top_axi/mem_intfc0/ddr_phy_top0/u_ddr_mc_phy_wrapper/u_ddr_mc_phy/ddr_phy_4lanes_0.u_ddr_phy_4lanes/ddr_byte_lane_C.ddr_byte_lane_C/phaser_out/OCLKDELAYED
  ---------------------------------------------------------------------------------    -------------------
    Routing       PHASER_OUT_PHY_X1Y14 PHASER_OUT_PHY (Prop_phaser_out_phy_OCLKDELAYED_CTSBUS[0])
                                                                    0.562     3.014 r  ddr3/u_ddr3_mig/u_memc_ui_top_axi/mem_intfc0/ddr_phy_top0/u_ddr_mc_phy_wrapper/u_ddr_mc_phy/ddr_phy_4lanes_0.u_ddr_phy_4lanes/ddr_byte_lane_C.ddr_byte_lane_C/phaser_out/CTSBUS[0]
                                       net (fo=2, routed)           0.475     3.490    ddr3/u_ddr3_mig/u_memc_ui_top_axi/mem_intfc0/ddr_phy_top0/u_ddr_mc_phy_wrapper/u_ddr_mc_phy/ddr_phy_4lanes_0.u_ddr_phy_4lanes/ddr_byte_lane_C.ddr_byte_lane_C/ddr_byte_group_io/CTSBUS[0]
    Routing       OLOGIC_X1Y182        ODDR                                         r  ddr3/u_ddr3_mig/u_memc_ui_top_axi/mem_intfc0/ddr_phy_top0/u_ddr_mc_phy_wrapper/u_ddr_mc_phy/ddr_phy_4lanes_0.u_ddr_phy_4lanes/ddr_byte_lane_C.ddr_byte_lane_C/ddr_byte_group_io/dqs_gen.oddr_dqsts/D1
  ---------------------------------------------------------------------------------    -------------------

                                       (clock oserdes_clk_2 rise edge)
                                                                    2.500     2.500 r  
                  R4                                                0.000     2.500 r  clk (IN)
                                       net (fo=0)                   0.000     2.500    mmcm/inst/clk_in1
                  R4                                                                r  mmcm/inst/clkin1_ibufg/I
                  R4                   IBUF (Prop_ibuf_I_O)         1.405     3.905 r  mmcm/inst/clkin1_ibufg/O
                                       net (fo=1, routed)           1.162     5.067    mmcm/inst/clk_in1_mmcm
                  MMCME2_ADV_X1Y2                                                   r  mmcm/inst/mmcm_adv_inst/CLKIN1
                  MMCME2_ADV_X1Y2      MMCME2_ADV (Prop_mmcme2_adv_CLKIN1_CLKOUT0)
                                                                   -7.674    -2.607 r  mmcm/inst/mmcm_adv_inst/CLKOUT0
                                       net (fo=1, routed)           1.723    -0.884    mmcm/inst/clk_out1_mmcm
                  BUFGCTRL_X0Y2                                                     r  mmcm/inst/clkout1_buf/I
                  BUFGCTRL_X0Y2        BUFG (Prop_bufg_I_O)         0.091    -0.793 r  mmcm/inst/clkout1_buf/O
                                       net (fo=2, routed)           1.636     0.843    ddr3/u_ddr3_mig/u_ddr3_infrastructure/mmcm_clk
                  PLLE2_ADV_X1Y3                                                    r  ddr3/u_ddr3_mig/u_ddr3_infrastructure/plle2_i/CLKIN1
                  PLLE2_ADV_X1Y3       PLLE2_ADV (Prop_plle2_adv_CLKIN1_CLKOUT1)
                                                                    0.083     0.926 r  ddr3/u_ddr3_mig/u_ddr3_infrastructure/plle2_i/CLKOUT1
                                       net (fo=7, routed)           0.582     1.508    ddr3/u_ddr3_mig/u_memc_ui_top_axi/mem_intfc0/ddr_phy_top0/u_ddr_mc_phy_wrapper/u_ddr_mc_phy/ddr_phy_4lanes_0.u_ddr_phy_4lanes/ddr_byte_lane_C.ddr_byte_lane_C/mem_refclk
                  PHASER_OUT_PHY_X1Y14                                              r  ddr3/u_ddr3_mig/u_memc_ui_top_axi/mem_intfc0/ddr_phy_top0/u_ddr_mc_phy_wrapper/u_ddr_mc_phy/ddr_phy_4lanes_0.u_ddr_phy_4lanes/ddr_byte_lane_C.ddr_byte_lane_C/phaser_out/MEMREFCLK
                  PHASER_OUT_PHY_X1Y14 PHASER_OUT_PHY (Prop_phaser_out_phy_MEMREFCLK_OCLK)
                                                                    2.077     3.584 r  ddr3/u_ddr3_mig/u_memc_ui_top_axi/mem_intfc0/ddr_phy_top0/u_ddr_mc_phy_wrapper/u_ddr_mc_phy/ddr_phy_4lanes_0.u_ddr_phy_4lanes/ddr_byte_lane_C.ddr_byte_lane_C/phaser_out/OCLK
                  PHASER_OUT_PHY_X1Y14 PHASER_OUT_PHY (Prop_phaser_out_phy_OCLK_OCLKDELAYED)
                                                                    0.641     4.225 r  ddr3/u_ddr3_mig/u_memc_ui_top_axi/mem_intfc0/ddr_phy_top0/u_ddr_mc_phy_wrapper/u_ddr_mc_phy/ddr_phy_4lanes_0.u_ddr_phy_4lanes/ddr_byte_lane_C.ddr_byte_lane_C/phaser_out/OCLKDELAYED
                                       net (fo=2, routed)           0.400     4.625    ddr3/u_ddr3_mig/u_memc_ui_top_axi/mem_intfc0/ddr_phy_top0/u_ddr_mc_phy_wrapper/u_ddr_mc_phy/ddr_phy_4lanes_0.u_ddr_phy_4lanes/ddr_byte_lane_C.ddr_byte_lane_C/ddr_byte_group_io/oserdes_clk_delayed
                  OLOGIC_X1Y182        ODDR                                         r  ddr3/u_ddr3_mig/u_memc_ui_top_axi/mem_intfc0/ddr_phy_top0/u_ddr_mc_phy_wrapper/u_ddr_mc_phy/ddr_phy_4lanes_0.u_ddr_phy_4lanes/ddr_byte_lane_C.ddr_byte_lane_C/ddr_byte_group_io/dqs_gen.oddr_dqsts/C
                                       clock pessimism              0.727     5.352    
                                       clock uncertainty           -0.066     5.286    
                  OLOGIC_X1Y182        ODDR (Setup_oddr_C_D1)      -0.885     4.401    ddr3/u_ddr3_mig/u_memc_ui_top_axi/mem_intfc0/ddr_phy_top0/u_ddr_mc_phy_wrapper/u_ddr_mc_phy/ddr_phy_4lanes_0.u_ddr_phy_4lanes/ddr_byte_lane_C.ddr_byte_lane_C/ddr_byte_group_io/dqs_gen.oddr_dqsts
  ---------------------------------------------------------------------------------
                                       required time                          4.401    
                                       arrival time                          -3.490    
  ---------------------------------------------------------------------------------
                                       slack                                  0.912    





Min Delay Paths
--------------------------------------------------------------------------------------
Slack (MET) :             0.413ns  (arrival time - required time)
  Source:                 ddr3/u_ddr3_mig/u_memc_ui_top_axi/mem_intfc0/ddr_phy_top0/u_ddr_mc_phy_wrapper/u_ddr_mc_phy/ddr_phy_4lanes_0.u_ddr_phy_4lanes/ddr_byte_lane_C.ddr_byte_lane_C/phaser_out/OCLKDELAYED
                            (rising edge-triggered cell PHASER_OUT_PHY clocked by oserdes_clk_2  {rise@0.000ns fall@1.250ns period=2.500ns})
  Destination:            ddr3/u_ddr3_mig/u_memc_ui_top_axi/mem_intfc0/ddr_phy_top0/u_ddr_mc_phy_wrapper/u_ddr_mc_phy/ddr_phy_4lanes_0.u_ddr_phy_4lanes/ddr_byte_lane_C.ddr_byte_lane_C/ddr_byte_group_io/dqs_gen.oddr_dqs/D2
                            (rising edge-triggered cell ODDR clocked by oserdes_clk_2  {rise@0.000ns fall@1.250ns period=2.500ns})
  Path Group:             oserdes_clk_2
  Path Type:              Hold (Min at Fast Process Corner)
  Requirement:            0.000ns  (oserdes_clk_2 rise@0.000ns - oserdes_clk_2 rise@0.000ns)
  Data Path Delay:        0.496ns  (logic 0.346ns (69.715%)  route 0.150ns (30.285%))
  Logic Levels:           0  
  Clock Path Skew:        0.176ns (DCD - SCD - CPR)
    Destination Clock Delay (DCD):    1.939ns
    Source Clock Delay      (SCD):    1.906ns
    Clock Pessimism Removal (CPR):    -0.143ns

    Pin Reuse     Location             Delay type                Incr(ns)  Path(ns)    Netlist Resource(s)
  ---------------------------------------------------------------------------------    -------------------
                                       (clock oserdes_clk_2 rise edge)
                                                                    0.000     0.000 r  
                  R4                                                0.000     0.000 r  clk (IN)
                                       net (fo=0)                   0.000     0.000    mmcm/inst/clk_in1
                  R4                                                                r  mmcm/inst/clkin1_ibufg/I
                  R4                   IBUF (Prop_ibuf_I_O)         0.243     0.243 r  mmcm/inst/clkin1_ibufg/O
                                       net (fo=1, routed)           0.440     0.683    mmcm/inst/clk_in1_mmcm
                  MMCME2_ADV_X1Y2                                                   r  mmcm/inst/mmcm_adv_inst/CLKIN1
                  MMCME2_ADV_X1Y2      MMCME2_ADV (Prop_mmcme2_adv_CLKIN1_CLKOUT0)
                                                                   -2.540    -1.856 r  mmcm/inst/mmcm_adv_inst/CLKOUT0
                                       net (fo=1, routed)           0.531    -1.325    mmcm/inst/clk_out1_mmcm
                  BUFGCTRL_X0Y2                                                     r  mmcm/inst/clkout1_buf/I
                  BUFGCTRL_X0Y2        BUFG (Prop_bufg_I_O)         0.026    -1.299 r  mmcm/inst/clkout1_buf/O
                                       net (fo=2, routed)           0.606    -0.694    ddr3/u_ddr3_mig/u_ddr3_infrastructure/mmcm_clk
                  PLLE2_ADV_X1Y3                                                    r  ddr3/u_ddr3_mig/u_ddr3_infrastructure/plle2_i/CLKIN1
                  PLLE2_ADV_X1Y3       PLLE2_ADV (Prop_plle2_adv_CLKIN1_CLKOUT1)
                                                                    0.050    -0.644 r  ddr3/u_ddr3_mig/u_ddr3_infrastructure/plle2_i/CLKOUT1
                                       net (fo=7, routed)           0.197    -0.447    ddr3/u_ddr3_mig/u_memc_ui_top_axi/mem_intfc0/ddr_phy_top0/u_ddr_mc_phy_wrapper/u_ddr_mc_phy/ddr_phy_4lanes_0.u_ddr_phy_4lanes/ddr_byte_lane_C.ddr_byte_lane_C/mem_refclk
                  PHASER_OUT_PHY_X1Y14                                              r  ddr3/u_ddr3_mig/u_memc_ui_top_axi/mem_intfc0/ddr_phy_top0/u_ddr_mc_phy_wrapper/u_ddr_mc_phy/ddr_phy_4lanes_0.u_ddr_phy_4lanes/ddr_byte_lane_C.ddr_byte_lane_C/phaser_out/MEMREFCLK
                  PHASER_OUT_PHY_X1Y14 PHASER_OUT_PHY (Prop_phaser_out_phy_MEMREFCLK_OCLK)
                                                                    1.813     1.367 r  ddr3/u_ddr3_mig/u_memc_ui_top_axi/mem_intfc0/ddr_phy_top0/u_ddr_mc_phy_wrapper/u_ddr_mc_phy/ddr_phy_4lanes_0.u_ddr_phy_4lanes/ddr_byte_lane_C.ddr_byte_lane_C/phaser_out/OCLK
                  PHASER_OUT_PHY_X1Y14 PHASER_OUT_PHY (Prop_phaser_out_phy_OCLK_OCLKDELAYED)
                                                                    0.539     1.906 r  ddr3/u_ddr3_mig/u_memc_ui_top_axi/mem_intfc0/ddr_phy_top0/u_ddr_mc_phy_wrapper/u_ddr_mc_phy/ddr_phy_4lanes_0.u_ddr_phy_4lanes/ddr_byte_lane_C.ddr_byte_lane_C/phaser_out/OCLKDELAYED
  ---------------------------------------------------------------------------------    -------------------
    Routing       PHASER_OUT_PHY_X1Y14 PHASER_OUT_PHY (Prop_phaser_out_phy_OCLKDELAYED_DQSBUS[1])
                                                                    0.346     2.252 r  ddr3/u_ddr3_mig/u_memc_ui_top_axi/mem_intfc0/ddr_phy_top0/u_ddr_mc_phy_wrapper/u_ddr_mc_phy/ddr_phy_4lanes_0.u_ddr_phy_4lanes/ddr_byte_lane_C.ddr_byte_lane_C/phaser_out/DQSBUS[1]
                                       net (fo=1, routed)           0.150     2.402    ddr3/u_ddr3_mig/u_memc_ui_top_axi/mem_intfc0/ddr_phy_top0/u_ddr_mc_phy_wrapper/u_ddr_mc_phy/ddr_phy_4lanes_0.u_ddr_phy_4lanes/ddr_byte_lane_C.ddr_byte_lane_C/ddr_byte_group_io/DQSBUS[1]
    Routing       OLOGIC_X1Y182        ODDR                                         r  ddr3/u_ddr3_mig/u_memc_ui_top_axi/mem_intfc0/ddr_phy_top0/u_ddr_mc_phy_wrapper/u_ddr_mc_phy/ddr_phy_4lanes_0.u_ddr_phy_4lanes/ddr_byte_lane_C.ddr_byte_lane_C/ddr_byte_group_io/dqs_gen.oddr_dqs/D2
  ---------------------------------------------------------------------------------    -------------------

                                       (clock oserdes_clk_2 rise edge)
                                                                    0.000     0.000 r  
                  R4                                                0.000     0.000 r  clk (IN)
                                       net (fo=0)                   0.000     0.000    mmcm/inst/clk_in1
                  R4                                                                r  mmcm/inst/clkin1_ibufg/I
                  R4                   IBUF (Prop_ibuf_I_O)         0.431     0.431 r  mmcm/inst/clkin1_ibufg/O
                                       net (fo=1, routed)           0.480     0.911    mmcm/inst/clk_in1_mmcm
                  MMCME2_ADV_X1Y2                                                   r  mmcm/inst/mmcm_adv_inst/CLKIN1
                  MMCME2_ADV_X1Y2      MMCME2_ADV (Prop_mmcme2_adv_CLKIN1_CLKOUT0)
                                                                   -3.332    -2.421 r  mmcm/inst/mmcm_adv_inst/CLKOUT0
                                       net (fo=1, routed)           0.579    -1.843    mmcm/inst/clk_out1_mmcm
                  BUFGCTRL_X0Y2                                                     r  mmcm/inst/clkout1_buf/I
                  BUFGCTRL_X0Y2        BUFG (Prop_bufg_I_O)         0.029    -1.814 r  mmcm/inst/clkout1_buf/O
                                       net (fo=2, routed)           0.875    -0.939    ddr3/u_ddr3_mig/u_ddr3_infrastructure/mmcm_clk
                  PLLE2_ADV_X1Y3                                                    r  ddr3/u_ddr3_mig/u_ddr3_infrastructure/plle2_i/CLKIN1
                  PLLE2_ADV_X1Y3       PLLE2_ADV (Prop_plle2_adv_CLKIN1_CLKOUT1)
                                                                    0.053    -0.886 r  ddr3/u_ddr3_mig/u_ddr3_infrastructure/plle2_i/CLKOUT1
                                       net (fo=7, routed)           0.218    -0.668    ddr3/u_ddr3_mig/u_memc_ui_top_axi/mem_intfc0/ddr_phy_top0/u_ddr_mc_phy_wrapper/u_ddr_mc_phy/ddr_phy_4lanes_0.u_ddr_phy_4lanes/ddr_byte_lane_C.ddr_byte_lane_C/mem_refclk
                  PHASER_OUT_PHY_X1Y14                                              r  ddr3/u_ddr3_mig/u_memc_ui_top_axi/mem_intfc0/ddr_phy_top0/u_ddr_mc_phy_wrapper/u_ddr_mc_phy/ddr_phy_4lanes_0.u_ddr_phy_4lanes/ddr_byte_lane_C.ddr_byte_lane_C/phaser_out/MEMREFCLK
                  PHASER_OUT_PHY_X1Y14 PHASER_OUT_PHY (Prop_phaser_out_phy_MEMREFCLK_OCLK)
                                                                    1.858     1.190 r  ddr3/u_ddr3_mig/u_memc_ui_top_axi/mem_intfc0/ddr_phy_top0/u_ddr_mc_phy_wrapper/u_ddr_mc_phy/ddr_phy_4lanes_0.u_ddr_phy_4lanes/ddr_byte_lane_C.ddr_byte_lane_C/phaser_out/OCLK
                  PHASER_OUT_PHY_X1Y14 PHASER_OUT_PHY (Prop_phaser_out_phy_OCLK_OCLKDELAYED)
                                                                    0.573     1.763 r  ddr3/u_ddr3_mig/u_memc_ui_top_axi/mem_intfc0/ddr_phy_top0/u_ddr_mc_phy_wrapper/u_ddr_mc_phy/ddr_phy_4lanes_0.u_ddr_phy_4lanes/ddr_byte_lane_C.ddr_byte_lane_C/phaser_out/OCLKDELAYED
                                       net (fo=2, routed)           0.176     1.939    ddr3/u_ddr3_mig/u_memc_ui_top_axi/mem_intfc0/ddr_phy_top0/u_ddr_mc_phy_wrapper/u_ddr_mc_phy/ddr_phy_4lanes_0.u_ddr_phy_4lanes/ddr_byte_lane_C.ddr_byte_lane_C/ddr_byte_group_io/oserdes_clk_delayed
                  OLOGIC_X1Y182        ODDR                                         r  ddr3/u_ddr3_mig/u_memc_ui_top_axi/mem_intfc0/ddr_phy_top0/u_ddr_mc_phy_wrapper/u_ddr_mc_phy/ddr_phy_4lanes_0.u_ddr_phy_4lanes/ddr_byte_lane_C.ddr_byte_lane_C/ddr_byte_group_io/dqs_gen.oddr_dqs/C
                                       clock pessimism              0.143     2.082    
                  OLOGIC_X1Y182        ODDR (Hold_oddr_C_D2)       -0.093     1.989    ddr3/u_ddr3_mig/u_memc_ui_top_axi/mem_intfc0/ddr_phy_top0/u_ddr_mc_phy_wrapper/u_ddr_mc_phy/ddr_phy_4lanes_0.u_ddr_phy_4lanes/ddr_byte_lane_C.ddr_byte_lane_C/ddr_byte_group_io/dqs_gen.oddr_dqs
  ---------------------------------------------------------------------------------
                                       required time                         -1.989    
                                       arrival time                           2.402    
  ---------------------------------------------------------------------------------
                                       slack                                  0.413    





Pulse Width Checks
--------------------------------------------------------------------------------------
Clock Name:         oserdes_clk_2
Waveform(ns):       { 0.000 1.250 }
Period(ns):         2.500
Sources:            { ddr3/u_ddr3_mig/u_memc_ui_top_axi/mem_intfc0/ddr_phy_top0/u_ddr_mc_phy_wrapper/u_ddr_mc_phy/ddr_phy_4lanes_0.u_ddr_phy_4lanes/ddr_byte_lane_C.ddr_byte_lane_C/phaser_out/OCLK }

Check Type  Corner  Lib Pin        Reference Pin  Required(ns)  Actual(ns)  Slack(ns)  Location       Pin
Min Period  n/a     OSERDESE2/CLK  n/a            1.667         2.500       0.833      OLOGIC_X1Y176  ddr3/u_ddr3_mig/u_memc_ui_top_axi/mem_intfc0/ddr_phy_top0/u_ddr_mc_phy_wrapper/u_ddr_mc_phy/ddr_phy_4lanes_0.u_ddr_phy_4lanes/ddr_byte_lane_C.ddr_byte_lane_C/ddr_byte_group_io/output_[1].oserdes_dq_.ddr.oserdes_dq_i/CLK



---------------------------------------------------------------------------------------------------
From Clock:  oserdes_clkdiv_2
  To Clock:  oserdes_clkdiv_2

Setup :            0  Failing Endpoints,  Worst Slack        3.552ns,  Total Violation        0.000ns
Hold  :            0  Failing Endpoints,  Worst Slack        0.092ns,  Total Violation        0.000ns
PW    :            0  Failing Endpoints,  Worst Slack        0.000ns,  Total Violation        0.000ns
---------------------------------------------------------------------------------------------------


Max Delay Paths
--------------------------------------------------------------------------------------
Slack (MET) :             3.552ns  (required time - arrival time)
  Source:                 ddr3/u_ddr3_mig/u_memc_ui_top_axi/mem_intfc0/ddr_phy_top0/u_ddr_mc_phy_wrapper/u_ddr_mc_phy/ddr_phy_4lanes_0.u_ddr_phy_4lanes/ddr_byte_lane_C.ddr_byte_lane_C/out_fifo/RDCLK
                            (rising edge-triggered cell OUT_FIFO clocked by oserdes_clkdiv_2  {rise@0.000ns fall@2.500ns period=5.000ns})
  Destination:            ddr3/u_ddr3_mig/u_memc_ui_top_axi/mem_intfc0/ddr_phy_top0/u_ddr_mc_phy_wrapper/u_ddr_mc_phy/ddr_phy_4lanes_0.u_ddr_phy_4lanes/ddr_byte_lane_C.ddr_byte_lane_C/ddr_byte_group_io/output_[8].oserdes_dq_.ddr.oserdes_dq_i/D1
                            (rising edge-triggered cell OSERDESE2 clocked by oserdes_clkdiv_2  {rise@0.000ns fall@2.500ns period=5.000ns})
  Path Group:             oserdes_clkdiv_2
  Path Type:              Setup (Max at Slow Process Corner)
  Requirement:            5.000ns  (oserdes_clkdiv_2 rise@5.000ns - oserdes_clkdiv_2 rise@0.000ns)
  Data Path Delay:        1.163ns  (logic 0.674ns (57.945%)  route 0.489ns (42.055%))
  Logic Levels:           0  
  Clock Path Skew:        0.406ns (DCD - SCD + CPR)
    Destination Clock Delay (DCD):    1.638ns = ( 6.638 - 5.000 ) 
    Source Clock Delay      (SCD):    1.930ns
    Clock Pessimism Removal (CPR):    0.697ns
  Clock Uncertainty:      0.066ns  ((TSJ^2 + DJ^2)^1/2) / 2 + PE
    Total System Jitter     (TSJ):    0.071ns
    Discrete Jitter          (DJ):    0.112ns
    Phase Error              (PE):    0.000ns

    Pin Reuse     Location             Delay type                Incr(ns)  Path(ns)    Netlist Resource(s)
  ---------------------------------------------------------------------------------    -------------------
                                       (clock oserdes_clkdiv_2 rise edge)
                                                                    0.000     0.000 r  
                  R4                                                0.000     0.000 r  clk (IN)
                                       net (fo=0)                   0.000     0.000    mmcm/inst/clk_in1
                  R4                                                                r  mmcm/inst/clkin1_ibufg/I
                  R4                   IBUF (Prop_ibuf_I_O)         1.475     1.475 r  mmcm/inst/clkin1_ibufg/O
                                       net (fo=1, routed)           1.233     2.708    mmcm/inst/clk_in1_mmcm
                  MMCME2_ADV_X1Y2                                                   r  mmcm/inst/mmcm_adv_inst/CLKIN1
                  MMCME2_ADV_X1Y2      MMCME2_ADV (Prop_mmcme2_adv_CLKIN1_CLKOUT0)
                                                                   -7.432    -4.724 r  mmcm/inst/mmcm_adv_inst/CLKOUT0
                                       net (fo=1, routed)           1.808    -2.915    mmcm/inst/clk_out1_mmcm
                  BUFGCTRL_X0Y2                                                     r  mmcm/inst/clkout1_buf/I
                  BUFGCTRL_X0Y2        BUFG (Prop_bufg_I_O)         0.096    -2.819 r  mmcm/inst/clkout1_buf/O
                                       net (fo=2, routed)           1.754    -1.065    ddr3/u_ddr3_mig/u_ddr3_infrastructure/mmcm_clk
                  PLLE2_ADV_X1Y3                                                    r  ddr3/u_ddr3_mig/u_ddr3_infrastructure/plle2_i/CLKIN1
                  PLLE2_ADV_X1Y3       PLLE2_ADV (Prop_plle2_adv_CLKIN1_CLKOUT1)
                                                                    0.088    -0.977 r  ddr3/u_ddr3_mig/u_ddr3_infrastructure/plle2_i/CLKOUT1
                                       net (fo=7, routed)           0.614    -0.363    ddr3/u_ddr3_mig/u_memc_ui_top_axi/mem_intfc0/ddr_phy_top0/u_ddr_mc_phy_wrapper/u_ddr_mc_phy/ddr_phy_4lanes_0.u_ddr_phy_4lanes/ddr_byte_lane_C.ddr_byte_lane_C/mem_refclk
                  PHASER_OUT_PHY_X1Y14                                              r  ddr3/u_ddr3_mig/u_memc_ui_top_axi/mem_intfc0/ddr_phy_top0/u_ddr_mc_phy_wrapper/u_ddr_mc_phy/ddr_phy_4lanes_0.u_ddr_phy_4lanes/ddr_byte_lane_C.ddr_byte_lane_C/phaser_out/MEMREFCLK
                  PHASER_OUT_PHY_X1Y14 PHASER_OUT_PHY (Prop_phaser_out_phy_MEMREFCLK_OCLK)
                                                                    2.136     1.773 r  ddr3/u_ddr3_mig/u_memc_ui_top_axi/mem_intfc0/ddr_phy_top0/u_ddr_mc_phy_wrapper/u_ddr_mc_phy/ddr_phy_4lanes_0.u_ddr_phy_4lanes/ddr_byte_lane_C.ddr_byte_lane_C/phaser_out/OCLK
                  PHASER_OUT_PHY_X1Y14 PHASER_OUT_PHY (Prop_phaser_out_phy_OCLK_OCLKDIV)
                                                                    0.157     1.930 r  ddr3/u_ddr3_mig/u_memc_ui_top_axi/mem_intfc0/ddr_phy_top0/u_ddr_mc_phy_wrapper/u_ddr_mc_phy/ddr_phy_4lanes_0.u_ddr_phy_4lanes/ddr_byte_lane_C.ddr_byte_lane_C/phaser_out/OCLKDIV
                                       net (fo=11, routed)          0.000     1.930    ddr3/u_ddr3_mig/u_memc_ui_top_axi/mem_intfc0/ddr_phy_top0/u_ddr_mc_phy_wrapper/u_ddr_mc_phy/ddr_phy_4lanes_0.u_ddr_phy_4lanes/ddr_byte_lane_C.ddr_byte_lane_C/oserdes_clkdiv
                  OUT_FIFO_X1Y14       OUT_FIFO                                     r  ddr3/u_ddr3_mig/u_memc_ui_top_axi/mem_intfc0/ddr_phy_top0/u_ddr_mc_phy_wrapper/u_ddr_mc_phy/ddr_phy_4lanes_0.u_ddr_phy_4lanes/ddr_byte_lane_C.ddr_byte_lane_C/out_fifo/RDCLK
  ---------------------------------------------------------------------------------    -------------------
    Routing       OUT_FIFO_X1Y14       OUT_FIFO (Prop_out_fifo_RDCLK_Q8[0])
                                                                    0.674     2.604 r  ddr3/u_ddr3_mig/u_memc_ui_top_axi/mem_intfc0/ddr_phy_top0/u_ddr_mc_phy_wrapper/u_ddr_mc_phy/ddr_phy_4lanes_0.u_ddr_phy_4lanes/ddr_byte_lane_C.ddr_byte_lane_C/out_fifo/Q8[0]
                                       net (fo=1, routed)           0.489     3.093    ddr3/u_ddr3_mig/u_memc_ui_top_axi/mem_intfc0/ddr_phy_top0/u_ddr_mc_phy_wrapper/u_ddr_mc_phy/ddr_phy_4lanes_0.u_ddr_phy_4lanes/ddr_byte_lane_C.ddr_byte_lane_C/ddr_byte_group_io/of_dqbus[28]
    Routing       OLOGIC_X1Y185        OSERDESE2                                    r  ddr3/u_ddr3_mig/u_memc_ui_top_axi/mem_intfc0/ddr_phy_top0/u_ddr_mc_phy_wrapper/u_ddr_mc_phy/ddr_phy_4lanes_0.u_ddr_phy_4lanes/ddr_byte_lane_C.ddr_byte_lane_C/ddr_byte_group_io/output_[8].oserdes_dq_.ddr.oserdes_dq_i/D1
  ---------------------------------------------------------------------------------    -------------------

                                       (clock oserdes_clkdiv_2 rise edge)
                                                                    5.000     5.000 r  
                  R4                                                0.000     5.000 r  clk (IN)
                                       net (fo=0)                   0.000     5.000    mmcm/inst/clk_in1
                  R4                                                                r  mmcm/inst/clkin1_ibufg/I
                  R4                   IBUF (Prop_ibuf_I_O)         1.405     6.405 r  mmcm/inst/clkin1_ibufg/O
                                       net (fo=1, routed)           1.162     7.567    mmcm/inst/clk_in1_mmcm
                  MMCME2_ADV_X1Y2                                                   r  mmcm/inst/mmcm_adv_inst/CLKIN1
                  MMCME2_ADV_X1Y2      MMCME2_ADV (Prop_mmcme2_adv_CLKIN1_CLKOUT0)
                                                                   -7.674    -0.107 r  mmcm/inst/mmcm_adv_inst/CLKOUT0
                                       net (fo=1, routed)           1.723     1.616    mmcm/inst/clk_out1_mmcm
                  BUFGCTRL_X0Y2                                                     r  mmcm/inst/clkout1_buf/I
                  BUFGCTRL_X0Y2        BUFG (Prop_bufg_I_O)         0.091     1.707 r  mmcm/inst/clkout1_buf/O
                                       net (fo=2, routed)           1.636     3.343    ddr3/u_ddr3_mig/u_ddr3_infrastructure/mmcm_clk
                  PLLE2_ADV_X1Y3                                                    r  ddr3/u_ddr3_mig/u_ddr3_infrastructure/plle2_i/CLKIN1
                  PLLE2_ADV_X1Y3       PLLE2_ADV (Prop_plle2_adv_CLKIN1_CLKOUT1)
                                                                    0.083     3.426 r  ddr3/u_ddr3_mig/u_ddr3_infrastructure/plle2_i/CLKOUT1
                                       net (fo=7, routed)           0.582     4.008    ddr3/u_ddr3_mig/u_memc_ui_top_axi/mem_intfc0/ddr_phy_top0/u_ddr_mc_phy_wrapper/u_ddr_mc_phy/ddr_phy_4lanes_0.u_ddr_phy_4lanes/ddr_byte_lane_C.ddr_byte_lane_C/mem_refclk
                  PHASER_OUT_PHY_X1Y14                                              r  ddr3/u_ddr3_mig/u_memc_ui_top_axi/mem_intfc0/ddr_phy_top0/u_ddr_mc_phy_wrapper/u_ddr_mc_phy/ddr_phy_4lanes_0.u_ddr_phy_4lanes/ddr_byte_lane_C.ddr_byte_lane_C/phaser_out/MEMREFCLK
                  PHASER_OUT_PHY_X1Y14 PHASER_OUT_PHY (Prop_phaser_out_phy_MEMREFCLK_OCLK)
                                                                    2.077     6.084 r  ddr3/u_ddr3_mig/u_memc_ui_top_axi/mem_intfc0/ddr_phy_top0/u_ddr_mc_phy_wrapper/u_ddr_mc_phy/ddr_phy_4lanes_0.u_ddr_phy_4lanes/ddr_byte_lane_C.ddr_byte_lane_C/phaser_out/OCLK
                  PHASER_OUT_PHY_X1Y14 PHASER_OUT_PHY (Prop_phaser_out_phy_OCLK_OCLKDIV)
                                                                    0.148     6.232 r  ddr3/u_ddr3_mig/u_memc_ui_top_axi/mem_intfc0/ddr_phy_top0/u_ddr_mc_phy_wrapper/u_ddr_mc_phy/ddr_phy_4lanes_0.u_ddr_phy_4lanes/ddr_byte_lane_C.ddr_byte_lane_C/phaser_out/OCLKDIV
                                       net (fo=11, routed)          0.406     6.638    ddr3/u_ddr3_mig/u_memc_ui_top_axi/mem_intfc0/ddr_phy_top0/u_ddr_mc_phy_wrapper/u_ddr_mc_phy/ddr_phy_4lanes_0.u_ddr_phy_4lanes/ddr_byte_lane_C.ddr_byte_lane_C/ddr_byte_group_io/oserdes_clkdiv
                  OLOGIC_X1Y185        OSERDESE2                                    r  ddr3/u_ddr3_mig/u_memc_ui_top_axi/mem_intfc0/ddr_phy_top0/u_ddr_mc_phy_wrapper/u_ddr_mc_phy/ddr_phy_4lanes_0.u_ddr_phy_4lanes/ddr_byte_lane_C.ddr_byte_lane_C/ddr_byte_group_io/output_[8].oserdes_dq_.ddr.oserdes_dq_i/CLKDIV
                                       clock pessimism              0.697     7.336    
                                       clock uncertainty           -0.066     7.270    
                  OLOGIC_X1Y185        OSERDESE2 (Setup_oserdese2_CLKDIV_D1)
                                                                   -0.625     6.645    ddr3/u_ddr3_mig/u_memc_ui_top_axi/mem_intfc0/ddr_phy_top0/u_ddr_mc_phy_wrapper/u_ddr_mc_phy/ddr_phy_4lanes_0.u_ddr_phy_4lanes/ddr_byte_lane_C.ddr_byte_lane_C/ddr_byte_group_io/output_[8].oserdes_dq_.ddr.oserdes_dq_i
  ---------------------------------------------------------------------------------
                                       required time                          6.645    
                                       arrival time                          -3.093    
  ---------------------------------------------------------------------------------
                                       slack                                  3.552    





Min Delay Paths
--------------------------------------------------------------------------------------
Slack (MET) :             0.092ns  (arrival time - required time)
  Source:                 ddr3/u_ddr3_mig/u_memc_ui_top_axi/mem_intfc0/ddr_phy_top0/u_ddr_mc_phy_wrapper/u_ddr_mc_phy/ddr_phy_4lanes_0.u_ddr_phy_4lanes/ddr_byte_lane_C.ddr_byte_lane_C/out_fifo/RDCLK
                            (rising edge-triggered cell OUT_FIFO clocked by oserdes_clkdiv_2  {rise@0.000ns fall@2.500ns period=5.000ns})
  Destination:            ddr3/u_ddr3_mig/u_memc_ui_top_axi/mem_intfc0/ddr_phy_top0/u_ddr_mc_phy_wrapper/u_ddr_mc_phy/ddr_phy_4lanes_0.u_ddr_phy_4lanes/ddr_byte_lane_C.ddr_byte_lane_C/ddr_byte_group_io/output_[2].oserdes_dq_.ddr.oserdes_dq_i/D2
                            (rising edge-triggered cell OSERDESE2 clocked by oserdes_clkdiv_2  {rise@0.000ns fall@2.500ns period=5.000ns})
  Path Group:             oserdes_clkdiv_2
  Path Type:              Hold (Min at Fast Process Corner)
  Requirement:            0.000ns  (oserdes_clkdiv_2 rise@0.000ns - oserdes_clkdiv_2 rise@0.000ns)
  Data Path Delay:        0.288ns  (logic 0.138ns (47.866%)  route 0.150ns (52.134%))
  Logic Levels:           0  
  Clock Path Skew:        0.177ns (DCD - SCD - CPR)
    Destination Clock Delay (DCD):    1.455ns
    Source Clock Delay      (SCD):    1.450ns
    Clock Pessimism Removal (CPR):    -0.172ns

    Pin Reuse     Location             Delay type                Incr(ns)  Path(ns)    Netlist Resource(s)
  ---------------------------------------------------------------------------------    -------------------
                                       (clock oserdes_clkdiv_2 rise edge)
                                                                    0.000     0.000 r  
                  R4                                                0.000     0.000 r  clk (IN)
                                       net (fo=0)                   0.000     0.000    mmcm/inst/clk_in1
                  R4                                                                r  mmcm/inst/clkin1_ibufg/I
                  R4                   IBUF (Prop_ibuf_I_O)         0.243     0.243 r  mmcm/inst/clkin1_ibufg/O
                                       net (fo=1, routed)           0.440     0.683    mmcm/inst/clk_in1_mmcm
                  MMCME2_ADV_X1Y2                                                   r  mmcm/inst/mmcm_adv_inst/CLKIN1
                  MMCME2_ADV_X1Y2      MMCME2_ADV (Prop_mmcme2_adv_CLKIN1_CLKOUT0)
                                                                   -2.540    -1.856 r  mmcm/inst/mmcm_adv_inst/CLKOUT0
                                       net (fo=1, routed)           0.531    -1.325    mmcm/inst/clk_out1_mmcm
                  BUFGCTRL_X0Y2                                                     r  mmcm/inst/clkout1_buf/I
                  BUFGCTRL_X0Y2        BUFG (Prop_bufg_I_O)         0.026    -1.299 r  mmcm/inst/clkout1_buf/O
                                       net (fo=2, routed)           0.606    -0.694    ddr3/u_ddr3_mig/u_ddr3_infrastructure/mmcm_clk
                  PLLE2_ADV_X1Y3                                                    r  ddr3/u_ddr3_mig/u_ddr3_infrastructure/plle2_i/CLKIN1
                  PLLE2_ADV_X1Y3       PLLE2_ADV (Prop_plle2_adv_CLKIN1_CLKOUT1)
                                                                    0.050    -0.644 r  ddr3/u_ddr3_mig/u_ddr3_infrastructure/plle2_i/CLKOUT1
                                       net (fo=7, routed)           0.197    -0.447    ddr3/u_ddr3_mig/u_memc_ui_top_axi/mem_intfc0/ddr_phy_top0/u_ddr_mc_phy_wrapper/u_ddr_mc_phy/ddr_phy_4lanes_0.u_ddr_phy_4lanes/ddr_byte_lane_C.ddr_byte_lane_C/mem_refclk
                  PHASER_OUT_PHY_X1Y14                                              r  ddr3/u_ddr3_mig/u_memc_ui_top_axi/mem_intfc0/ddr_phy_top0/u_ddr_mc_phy_wrapper/u_ddr_mc_phy/ddr_phy_4lanes_0.u_ddr_phy_4lanes/ddr_byte_lane_C.ddr_byte_lane_C/phaser_out/MEMREFCLK
                  PHASER_OUT_PHY_X1Y14 PHASER_OUT_PHY (Prop_phaser_out_phy_MEMREFCLK_OCLK)
                                                                    1.813     1.367 r  ddr3/u_ddr3_mig/u_memc_ui_top_axi/mem_intfc0/ddr_phy_top0/u_ddr_mc_phy_wrapper/u_ddr_mc_phy/ddr_phy_4lanes_0.u_ddr_phy_4lanes/ddr_byte_lane_C.ddr_byte_lane_C/phaser_out/OCLK
                  PHASER_OUT_PHY_X1Y14 PHASER_OUT_PHY (Prop_phaser_out_phy_OCLK_OCLKDIV)
                                                                    0.083     1.450 r  ddr3/u_ddr3_mig/u_memc_ui_top_axi/mem_intfc0/ddr_phy_top0/u_ddr_mc_phy_wrapper/u_ddr_mc_phy/ddr_phy_4lanes_0.u_ddr_phy_4lanes/ddr_byte_lane_C.ddr_byte_lane_C/phaser_out/OCLKDIV
                                       net (fo=11, routed)          0.000     1.450    ddr3/u_ddr3_mig/u_memc_ui_top_axi/mem_intfc0/ddr_phy_top0/u_ddr_mc_phy_wrapper/u_ddr_mc_phy/ddr_phy_4lanes_0.u_ddr_phy_4lanes/ddr_byte_lane_C.ddr_byte_lane_C/oserdes_clkdiv
                  OUT_FIFO_X1Y14       OUT_FIFO                                     r  ddr3/u_ddr3_mig/u_memc_ui_top_axi/mem_intfc0/ddr_phy_top0/u_ddr_mc_phy_wrapper/u_ddr_mc_phy/ddr_phy_4lanes_0.u_ddr_phy_4lanes/ddr_byte_lane_C.ddr_byte_lane_C/out_fifo/RDCLK
  ---------------------------------------------------------------------------------    -------------------
    Routing       OUT_FIFO_X1Y14       OUT_FIFO (Prop_out_fifo_RDCLK_Q2[1])
                                                                    0.138     1.588 r  ddr3/u_ddr3_mig/u_memc_ui_top_axi/mem_intfc0/ddr_phy_top0/u_ddr_mc_phy_wrapper/u_ddr_mc_phy/ddr_phy_4lanes_0.u_ddr_phy_4lanes/ddr_byte_lane_C.ddr_byte_lane_C/out_fifo/Q2[1]
                                       net (fo=1, routed)           0.150     1.738    ddr3/u_ddr3_mig/u_memc_ui_top_axi/mem_intfc0/ddr_phy_top0/u_ddr_mc_phy_wrapper/u_ddr_mc_phy/ddr_phy_4lanes_0.u_ddr_phy_4lanes/ddr_byte_lane_C.ddr_byte_lane_C/ddr_byte_group_io/of_dqbus[5]
    Routing       OLOGIC_X1Y177        OSERDESE2                                    r  ddr3/u_ddr3_mig/u_memc_ui_top_axi/mem_intfc0/ddr_phy_top0/u_ddr_mc_phy_wrapper/u_ddr_mc_phy/ddr_phy_4lanes_0.u_ddr_phy_4lanes/ddr_byte_lane_C.ddr_byte_lane_C/ddr_byte_group_io/output_[2].oserdes_dq_.ddr.oserdes_dq_i/D2
  ---------------------------------------------------------------------------------    -------------------

                                       (clock oserdes_clkdiv_2 rise edge)
                                                                    0.000     0.000 r  
                  R4                                                0.000     0.000 r  clk (IN)
                                       net (fo=0)                   0.000     0.000    mmcm/inst/clk_in1
                  R4                                                                r  mmcm/inst/clkin1_ibufg/I
                  R4                   IBUF (Prop_ibuf_I_O)         0.431     0.431 r  mmcm/inst/clkin1_ibufg/O
                                       net (fo=1, routed)           0.480     0.911    mmcm/inst/clk_in1_mmcm
                  MMCME2_ADV_X1Y2                                                   r  mmcm/inst/mmcm_adv_inst/CLKIN1
                  MMCME2_ADV_X1Y2      MMCME2_ADV (Prop_mmcme2_adv_CLKIN1_CLKOUT0)
                                                                   -3.332    -2.421 r  mmcm/inst/mmcm_adv_inst/CLKOUT0
                                       net (fo=1, routed)           0.579    -1.843    mmcm/inst/clk_out1_mmcm
                  BUFGCTRL_X0Y2                                                     r  mmcm/inst/clkout1_buf/I
                  BUFGCTRL_X0Y2        BUFG (Prop_bufg_I_O)         0.029    -1.814 r  mmcm/inst/clkout1_buf/O
                                       net (fo=2, routed)           0.875    -0.939    ddr3/u_ddr3_mig/u_ddr3_infrastructure/mmcm_clk
                  PLLE2_ADV_X1Y3                                                    r  ddr3/u_ddr3_mig/u_ddr3_infrastructure/plle2_i/CLKIN1
                  PLLE2_ADV_X1Y3       PLLE2_ADV (Prop_plle2_adv_CLKIN1_CLKOUT1)
                                                                    0.053    -0.886 r  ddr3/u_ddr3_mig/u_ddr3_infrastructure/plle2_i/CLKOUT1
                                       net (fo=7, routed)           0.218    -0.668    ddr3/u_ddr3_mig/u_memc_ui_top_axi/mem_intfc0/ddr_phy_top0/u_ddr_mc_phy_wrapper/u_ddr_mc_phy/ddr_phy_4lanes_0.u_ddr_phy_4lanes/ddr_byte_lane_C.ddr_byte_lane_C/mem_refclk
                  PHASER_OUT_PHY_X1Y14                                              r  ddr3/u_ddr3_mig/u_memc_ui_top_axi/mem_intfc0/ddr_phy_top0/u_ddr_mc_phy_wrapper/u_ddr_mc_phy/ddr_phy_4lanes_0.u_ddr_phy_4lanes/ddr_byte_lane_C.ddr_byte_lane_C/phaser_out/MEMREFCLK
                  PHASER_OUT_PHY_X1Y14 PHASER_OUT_PHY (Prop_phaser_out_phy_MEMREFCLK_OCLK)
                                                                    1.858     1.190 r  ddr3/u_ddr3_mig/u_memc_ui_top_axi/mem_intfc0/ddr_phy_top0/u_ddr_mc_phy_wrapper/u_ddr_mc_phy/ddr_phy_4lanes_0.u_ddr_phy_4lanes/ddr_byte_lane_C.ddr_byte_lane_C/phaser_out/OCLK
                  PHASER_OUT_PHY_X1Y14 PHASER_OUT_PHY (Prop_phaser_out_phy_OCLK_OCLKDIV)
                                                                    0.088     1.278 r  ddr3/u_ddr3_mig/u_memc_ui_top_axi/mem_intfc0/ddr_phy_top0/u_ddr_mc_phy_wrapper/u_ddr_mc_phy/ddr_phy_4lanes_0.u_ddr_phy_4lanes/ddr_byte_lane_C.ddr_byte_lane_C/phaser_out/OCLKDIV
                                       net (fo=11, routed)          0.177     1.455    ddr3/u_ddr3_mig/u_memc_ui_top_axi/mem_intfc0/ddr_phy_top0/u_ddr_mc_phy_wrapper/u_ddr_mc_phy/ddr_phy_4lanes_0.u_ddr_phy_4lanes/ddr_byte_lane_C.ddr_byte_lane_C/ddr_byte_group_io/oserdes_clkdiv
                  OLOGIC_X1Y177        OSERDESE2                                    r  ddr3/u_ddr3_mig/u_memc_ui_top_axi/mem_intfc0/ddr_phy_top0/u_ddr_mc_phy_wrapper/u_ddr_mc_phy/ddr_phy_4lanes_0.u_ddr_phy_4lanes/ddr_byte_lane_C.ddr_byte_lane_C/ddr_byte_group_io/output_[2].oserdes_dq_.ddr.oserdes_dq_i/CLKDIV
                                       clock pessimism              0.172     1.627    
                  OLOGIC_X1Y177        OSERDESE2 (Hold_oserdese2_CLKDIV_D2)
                                                                    0.019     1.646    ddr3/u_ddr3_mig/u_memc_ui_top_axi/mem_intfc0/ddr_phy_top0/u_ddr_mc_phy_wrapper/u_ddr_mc_phy/ddr_phy_4lanes_0.u_ddr_phy_4lanes/ddr_byte_lane_C.ddr_byte_lane_C/ddr_byte_group_io/output_[2].oserdes_dq_.ddr.oserdes_dq_i
  ---------------------------------------------------------------------------------
                                       required time                         -1.646    
                                       arrival time                           1.738    
  ---------------------------------------------------------------------------------
                                       slack                                  0.092    





Pulse Width Checks
--------------------------------------------------------------------------------------
Clock Name:         oserdes_clkdiv_2
Waveform(ns):       { 0.000 2.500 }
Period(ns):         5.000
Sources:            { ddr3/u_ddr3_mig/u_memc_ui_top_axi/mem_intfc0/ddr_phy_top0/u_ddr_mc_phy_wrapper/u_ddr_mc_phy/ddr_phy_4lanes_0.u_ddr_phy_4lanes/ddr_byte_lane_C.ddr_byte_lane_C/phaser_out/OCLKDIV }

Check Type        Corner  Lib Pin         Reference Pin  Required(ns)  Actual(ns)  Slack(ns)  Location        Pin
Min Period        n/a     OUT_FIFO/RDCLK  n/a            5.000         5.000       0.000      OUT_FIFO_X1Y14  ddr3/u_ddr3_mig/u_memc_ui_top_axi/mem_intfc0/ddr_phy_top0/u_ddr_mc_phy_wrapper/u_ddr_mc_phy/ddr_phy_4lanes_0.u_ddr_phy_4lanes/ddr_byte_lane_C.ddr_byte_lane_C/out_fifo/RDCLK
Low Pulse Width   Slow    OUT_FIFO/RDCLK  n/a            2.150         2.500       0.350      OUT_FIFO_X1Y14  ddr3/u_ddr3_mig/u_memc_ui_top_axi/mem_intfc0/ddr_phy_top0/u_ddr_mc_phy_wrapper/u_ddr_mc_phy/ddr_phy_4lanes_0.u_ddr_phy_4lanes/ddr_byte_lane_C.ddr_byte_lane_C/out_fifo/RDCLK
High Pulse Width  Slow    OUT_FIFO/RDCLK  n/a            2.150         2.500       0.350      OUT_FIFO_X1Y14  ddr3/u_ddr3_mig/u_memc_ui_top_axi/mem_intfc0/ddr_phy_top0/u_ddr_mc_phy_wrapper/u_ddr_mc_phy/ddr_phy_4lanes_0.u_ddr_phy_4lanes/ddr_byte_lane_C.ddr_byte_lane_C/out_fifo/RDCLK



---------------------------------------------------------------------------------------------------
From Clock:  oserdes_clk_3
  To Clock:  oserdes_clk_3

Setup :            0  Failing Endpoints,  Worst Slack        0.928ns,  Total Violation        0.000ns
Hold  :            0  Failing Endpoints,  Worst Slack        0.408ns,  Total Violation        0.000ns
PW    :            0  Failing Endpoints,  Worst Slack        0.833ns,  Total Violation        0.000ns
---------------------------------------------------------------------------------------------------


Max Delay Paths
--------------------------------------------------------------------------------------
Slack (MET) :             0.928ns  (required time - arrival time)
  Source:                 ddr3/u_ddr3_mig/u_memc_ui_top_axi/mem_intfc0/ddr_phy_top0/u_ddr_mc_phy_wrapper/u_ddr_mc_phy/ddr_phy_4lanes_0.u_ddr_phy_4lanes/ddr_byte_lane_D.ddr_byte_lane_D/phaser_out/OCLKDELAYED
                            (rising edge-triggered cell PHASER_OUT_PHY clocked by oserdes_clk_3  {rise@0.000ns fall@1.250ns period=2.500ns})
  Destination:            ddr3/u_ddr3_mig/u_memc_ui_top_axi/mem_intfc0/ddr_phy_top0/u_ddr_mc_phy_wrapper/u_ddr_mc_phy/ddr_phy_4lanes_0.u_ddr_phy_4lanes/ddr_byte_lane_D.ddr_byte_lane_D/ddr_byte_group_io/dqs_gen.oddr_dqsts/D1
                            (rising edge-triggered cell ODDR clocked by oserdes_clk_3  {rise@0.000ns fall@1.250ns period=2.500ns})
  Path Group:             oserdes_clk_3
  Path Type:              Setup (Max at Slow Process Corner)
  Requirement:            2.500ns  (oserdes_clk_3 rise@2.500ns - oserdes_clk_3 rise@0.000ns)
  Data Path Delay:        1.037ns  (logic 0.562ns (54.177%)  route 0.475ns (45.823%))
  Logic Levels:           0  
  Clock Path Skew:        0.416ns (DCD - SCD + CPR)
    Destination Clock Delay (DCD):    2.131ns = ( 4.631 - 2.500 ) 
    Source Clock Delay      (SCD):    2.441ns
    Clock Pessimism Removal (CPR):    0.726ns
  Clock Uncertainty:      0.066ns  ((TSJ^2 + DJ^2)^1/2) / 2 + PE
    Total System Jitter     (TSJ):    0.071ns
    Discrete Jitter          (DJ):    0.112ns
    Phase Error              (PE):    0.000ns

    Pin Reuse     Location             Delay type                Incr(ns)  Path(ns)    Netlist Resource(s)
  ---------------------------------------------------------------------------------    -------------------
                                       (clock oserdes_clk_3 rise edge)
                                                                    0.000     0.000 r  
                  R4                                                0.000     0.000 r  clk (IN)
                                       net (fo=0)                   0.000     0.000    mmcm/inst/clk_in1
                  R4                                                                r  mmcm/inst/clkin1_ibufg/I
                  R4                   IBUF (Prop_ibuf_I_O)         1.475     1.475 r  mmcm/inst/clkin1_ibufg/O
                                       net (fo=1, routed)           1.233     2.708    mmcm/inst/clk_in1_mmcm
                  MMCME2_ADV_X1Y2                                                   r  mmcm/inst/mmcm_adv_inst/CLKIN1
                  MMCME2_ADV_X1Y2      MMCME2_ADV (Prop_mmcme2_adv_CLKIN1_CLKOUT0)
                                                                   -7.432    -4.724 r  mmcm/inst/mmcm_adv_inst/CLKOUT0
                                       net (fo=1, routed)           1.808    -2.915    mmcm/inst/clk_out1_mmcm
                  BUFGCTRL_X0Y2                                                     r  mmcm/inst/clkout1_buf/I
                  BUFGCTRL_X0Y2        BUFG (Prop_bufg_I_O)         0.096    -2.819 r  mmcm/inst/clkout1_buf/O
                                       net (fo=2, routed)           1.754    -1.065    ddr3/u_ddr3_mig/u_ddr3_infrastructure/mmcm_clk
                  PLLE2_ADV_X1Y3                                                    r  ddr3/u_ddr3_mig/u_ddr3_infrastructure/plle2_i/CLKIN1
                  PLLE2_ADV_X1Y3       PLLE2_ADV (Prop_plle2_adv_CLKIN1_CLKOUT1)
                                                                    0.088    -0.977 r  ddr3/u_ddr3_mig/u_ddr3_infrastructure/plle2_i/CLKOUT1
                                       net (fo=7, routed)           0.603    -0.374    ddr3/u_ddr3_mig/u_memc_ui_top_axi/mem_intfc0/ddr_phy_top0/u_ddr_mc_phy_wrapper/u_ddr_mc_phy/ddr_phy_4lanes_0.u_ddr_phy_4lanes/ddr_byte_lane_D.ddr_byte_lane_D/mem_refclk
                  PHASER_OUT_PHY_X1Y15                                              r  ddr3/u_ddr3_mig/u_memc_ui_top_axi/mem_intfc0/ddr_phy_top0/u_ddr_mc_phy_wrapper/u_ddr_mc_phy/ddr_phy_4lanes_0.u_ddr_phy_4lanes/ddr_byte_lane_D.ddr_byte_lane_D/phaser_out/MEMREFCLK
                  PHASER_OUT_PHY_X1Y15 PHASER_OUT_PHY (Prop_phaser_out_phy_MEMREFCLK_OCLK)
                                                                    2.136     1.762 r  ddr3/u_ddr3_mig/u_memc_ui_top_axi/mem_intfc0/ddr_phy_top0/u_ddr_mc_phy_wrapper/u_ddr_mc_phy/ddr_phy_4lanes_0.u_ddr_phy_4lanes/ddr_byte_lane_D.ddr_byte_lane_D/phaser_out/OCLK
                  PHASER_OUT_PHY_X1Y15 PHASER_OUT_PHY (Prop_phaser_out_phy_OCLK_OCLKDELAYED)
                                                                    0.679     2.441 r  ddr3/u_ddr3_mig/u_memc_ui_top_axi/mem_intfc0/ddr_phy_top0/u_ddr_mc_phy_wrapper/u_ddr_mc_phy/ddr_phy_4lanes_0.u_ddr_phy_4lanes/ddr_byte_lane_D.ddr_byte_lane_D/phaser_out/OCLKDELAYED
  ---------------------------------------------------------------------------------    -------------------
    Routing       PHASER_OUT_PHY_X1Y15 PHASER_OUT_PHY (Prop_phaser_out_phy_OCLKDELAYED_CTSBUS[0])
                                                                    0.562     3.003 r  ddr3/u_ddr3_mig/u_memc_ui_top_axi/mem_intfc0/ddr_phy_top0/u_ddr_mc_phy_wrapper/u_ddr_mc_phy/ddr_phy_4lanes_0.u_ddr_phy_4lanes/ddr_byte_lane_D.ddr_byte_lane_D/phaser_out/CTSBUS[0]
                                       net (fo=2, routed)           0.475     3.479    ddr3/u_ddr3_mig/u_memc_ui_top_axi/mem_intfc0/ddr_phy_top0/u_ddr_mc_phy_wrapper/u_ddr_mc_phy/ddr_phy_4lanes_0.u_ddr_phy_4lanes/ddr_byte_lane_D.ddr_byte_lane_D/ddr_byte_group_io/CTSBUS[0]
    Routing       OLOGIC_X1Y194        ODDR                                         r  ddr3/u_ddr3_mig/u_memc_ui_top_axi/mem_intfc0/ddr_phy_top0/u_ddr_mc_phy_wrapper/u_ddr_mc_phy/ddr_phy_4lanes_0.u_ddr_phy_4lanes/ddr_byte_lane_D.ddr_byte_lane_D/ddr_byte_group_io/dqs_gen.oddr_dqsts/D1
  ---------------------------------------------------------------------------------    -------------------

                                       (clock oserdes_clk_3 rise edge)
                                                                    2.500     2.500 r  
                  R4                                                0.000     2.500 r  clk (IN)
                                       net (fo=0)                   0.000     2.500    mmcm/inst/clk_in1
                  R4                                                                r  mmcm/inst/clkin1_ibufg/I
                  R4                   IBUF (Prop_ibuf_I_O)         1.405     3.905 r  mmcm/inst/clkin1_ibufg/O
                                       net (fo=1, routed)           1.162     5.067    mmcm/inst/clk_in1_mmcm
                  MMCME2_ADV_X1Y2                                                   r  mmcm/inst/mmcm_adv_inst/CLKIN1
                  MMCME2_ADV_X1Y2      MMCME2_ADV (Prop_mmcme2_adv_CLKIN1_CLKOUT0)
                                                                   -7.674    -2.607 r  mmcm/inst/mmcm_adv_inst/CLKOUT0
                                       net (fo=1, routed)           1.723    -0.884    mmcm/inst/clk_out1_mmcm
                  BUFGCTRL_X0Y2                                                     r  mmcm/inst/clkout1_buf/I
                  BUFGCTRL_X0Y2        BUFG (Prop_bufg_I_O)         0.091    -0.793 r  mmcm/inst/clkout1_buf/O
                                       net (fo=2, routed)           1.636     0.843    ddr3/u_ddr3_mig/u_ddr3_infrastructure/mmcm_clk
                  PLLE2_ADV_X1Y3                                                    r  ddr3/u_ddr3_mig/u_ddr3_infrastructure/plle2_i/CLKIN1
                  PLLE2_ADV_X1Y3       PLLE2_ADV (Prop_plle2_adv_CLKIN1_CLKOUT1)
                                                                    0.083     0.926 r  ddr3/u_ddr3_mig/u_ddr3_infrastructure/plle2_i/CLKOUT1
                                       net (fo=7, routed)           0.572     1.498    ddr3/u_ddr3_mig/u_memc_ui_top_axi/mem_intfc0/ddr_phy_top0/u_ddr_mc_phy_wrapper/u_ddr_mc_phy/ddr_phy_4lanes_0.u_ddr_phy_4lanes/ddr_byte_lane_D.ddr_byte_lane_D/mem_refclk
                  PHASER_OUT_PHY_X1Y15                                              r  ddr3/u_ddr3_mig/u_memc_ui_top_axi/mem_intfc0/ddr_phy_top0/u_ddr_mc_phy_wrapper/u_ddr_mc_phy/ddr_phy_4lanes_0.u_ddr_phy_4lanes/ddr_byte_lane_D.ddr_byte_lane_D/phaser_out/MEMREFCLK
                  PHASER_OUT_PHY_X1Y15 PHASER_OUT_PHY (Prop_phaser_out_phy_MEMREFCLK_OCLK)
                                                                    2.077     3.574 r  ddr3/u_ddr3_mig/u_memc_ui_top_axi/mem_intfc0/ddr_phy_top0/u_ddr_mc_phy_wrapper/u_ddr_mc_phy/ddr_phy_4lanes_0.u_ddr_phy_4lanes/ddr_byte_lane_D.ddr_byte_lane_D/phaser_out/OCLK
                  PHASER_OUT_PHY_X1Y15 PHASER_OUT_PHY (Prop_phaser_out_phy_OCLK_OCLKDELAYED)
                                                                    0.641     4.215 r  ddr3/u_ddr3_mig/u_memc_ui_top_axi/mem_intfc0/ddr_phy_top0/u_ddr_mc_phy_wrapper/u_ddr_mc_phy/ddr_phy_4lanes_0.u_ddr_phy_4lanes/ddr_byte_lane_D.ddr_byte_lane_D/phaser_out/OCLKDELAYED
                                       net (fo=2, routed)           0.416     4.631    ddr3/u_ddr3_mig/u_memc_ui_top_axi/mem_intfc0/ddr_phy_top0/u_ddr_mc_phy_wrapper/u_ddr_mc_phy/ddr_phy_4lanes_0.u_ddr_phy_4lanes/ddr_byte_lane_D.ddr_byte_lane_D/ddr_byte_group_io/oserdes_clk_delayed
                  OLOGIC_X1Y194        ODDR                                         r  ddr3/u_ddr3_mig/u_memc_ui_top_axi/mem_intfc0/ddr_phy_top0/u_ddr_mc_phy_wrapper/u_ddr_mc_phy/ddr_phy_4lanes_0.u_ddr_phy_4lanes/ddr_byte_lane_D.ddr_byte_lane_D/ddr_byte_group_io/dqs_gen.oddr_dqsts/C
                                       clock pessimism              0.726     5.357    
                                       clock uncertainty           -0.066     5.291    
                  OLOGIC_X1Y194        ODDR (Setup_oddr_C_D1)      -0.885     4.406    ddr3/u_ddr3_mig/u_memc_ui_top_axi/mem_intfc0/ddr_phy_top0/u_ddr_mc_phy_wrapper/u_ddr_mc_phy/ddr_phy_4lanes_0.u_ddr_phy_4lanes/ddr_byte_lane_D.ddr_byte_lane_D/ddr_byte_group_io/dqs_gen.oddr_dqsts
  ---------------------------------------------------------------------------------
                                       required time                          4.406    
                                       arrival time                          -3.479    
  ---------------------------------------------------------------------------------
                                       slack                                  0.928    





Min Delay Paths
--------------------------------------------------------------------------------------
Slack (MET) :             0.408ns  (arrival time - required time)
  Source:                 ddr3/u_ddr3_mig/u_memc_ui_top_axi/mem_intfc0/ddr_phy_top0/u_ddr_mc_phy_wrapper/u_ddr_mc_phy/ddr_phy_4lanes_0.u_ddr_phy_4lanes/ddr_byte_lane_D.ddr_byte_lane_D/phaser_out/OCLKDELAYED
                            (rising edge-triggered cell PHASER_OUT_PHY clocked by oserdes_clk_3  {rise@0.000ns fall@1.250ns period=2.500ns})
  Destination:            ddr3/u_ddr3_mig/u_memc_ui_top_axi/mem_intfc0/ddr_phy_top0/u_ddr_mc_phy_wrapper/u_ddr_mc_phy/ddr_phy_4lanes_0.u_ddr_phy_4lanes/ddr_byte_lane_D.ddr_byte_lane_D/ddr_byte_group_io/dqs_gen.oddr_dqs/D2
                            (rising edge-triggered cell ODDR clocked by oserdes_clk_3  {rise@0.000ns fall@1.250ns period=2.500ns})
  Path Group:             oserdes_clk_3
  Path Type:              Hold (Min at Fast Process Corner)
  Requirement:            0.000ns  (oserdes_clk_3 rise@0.000ns - oserdes_clk_3 rise@0.000ns)
  Data Path Delay:        0.496ns  (logic 0.346ns (69.715%)  route 0.150ns (30.285%))
  Logic Levels:           0  
  Clock Path Skew:        0.181ns (DCD - SCD - CPR)
    Destination Clock Delay (DCD):    1.935ns
    Source Clock Delay      (SCD):    1.899ns
    Clock Pessimism Removal (CPR):    -0.145ns

    Pin Reuse     Location             Delay type                Incr(ns)  Path(ns)    Netlist Resource(s)
  ---------------------------------------------------------------------------------    -------------------
                                       (clock oserdes_clk_3 rise edge)
                                                                    0.000     0.000 r  
                  R4                                                0.000     0.000 r  clk (IN)
                                       net (fo=0)                   0.000     0.000    mmcm/inst/clk_in1
                  R4                                                                r  mmcm/inst/clkin1_ibufg/I
                  R4                   IBUF (Prop_ibuf_I_O)         0.243     0.243 r  mmcm/inst/clkin1_ibufg/O
                                       net (fo=1, routed)           0.440     0.683    mmcm/inst/clk_in1_mmcm
                  MMCME2_ADV_X1Y2                                                   r  mmcm/inst/mmcm_adv_inst/CLKIN1
                  MMCME2_ADV_X1Y2      MMCME2_ADV (Prop_mmcme2_adv_CLKIN1_CLKOUT0)
                                                                   -2.540    -1.856 r  mmcm/inst/mmcm_adv_inst/CLKOUT0
                                       net (fo=1, routed)           0.531    -1.325    mmcm/inst/clk_out1_mmcm
                  BUFGCTRL_X0Y2                                                     r  mmcm/inst/clkout1_buf/I
                  BUFGCTRL_X0Y2        BUFG (Prop_bufg_I_O)         0.026    -1.299 r  mmcm/inst/clkout1_buf/O
                                       net (fo=2, routed)           0.606    -0.694    ddr3/u_ddr3_mig/u_ddr3_infrastructure/mmcm_clk
                  PLLE2_ADV_X1Y3                                                    r  ddr3/u_ddr3_mig/u_ddr3_infrastructure/plle2_i/CLKIN1
                  PLLE2_ADV_X1Y3       PLLE2_ADV (Prop_plle2_adv_CLKIN1_CLKOUT1)
                                                                    0.050    -0.644 r  ddr3/u_ddr3_mig/u_ddr3_infrastructure/plle2_i/CLKOUT1
                                       net (fo=7, routed)           0.190    -0.454    ddr3/u_ddr3_mig/u_memc_ui_top_axi/mem_intfc0/ddr_phy_top0/u_ddr_mc_phy_wrapper/u_ddr_mc_phy/ddr_phy_4lanes_0.u_ddr_phy_4lanes/ddr_byte_lane_D.ddr_byte_lane_D/mem_refclk
                  PHASER_OUT_PHY_X1Y15                                              r  ddr3/u_ddr3_mig/u_memc_ui_top_axi/mem_intfc0/ddr_phy_top0/u_ddr_mc_phy_wrapper/u_ddr_mc_phy/ddr_phy_4lanes_0.u_ddr_phy_4lanes/ddr_byte_lane_D.ddr_byte_lane_D/phaser_out/MEMREFCLK
                  PHASER_OUT_PHY_X1Y15 PHASER_OUT_PHY (Prop_phaser_out_phy_MEMREFCLK_OCLK)
                                                                    1.813     1.360 r  ddr3/u_ddr3_mig/u_memc_ui_top_axi/mem_intfc0/ddr_phy_top0/u_ddr_mc_phy_wrapper/u_ddr_mc_phy/ddr_phy_4lanes_0.u_ddr_phy_4lanes/ddr_byte_lane_D.ddr_byte_lane_D/phaser_out/OCLK
                  PHASER_OUT_PHY_X1Y15 PHASER_OUT_PHY (Prop_phaser_out_phy_OCLK_OCLKDELAYED)
                                                                    0.539     1.899 r  ddr3/u_ddr3_mig/u_memc_ui_top_axi/mem_intfc0/ddr_phy_top0/u_ddr_mc_phy_wrapper/u_ddr_mc_phy/ddr_phy_4lanes_0.u_ddr_phy_4lanes/ddr_byte_lane_D.ddr_byte_lane_D/phaser_out/OCLKDELAYED
  ---------------------------------------------------------------------------------    -------------------
    Routing       PHASER_OUT_PHY_X1Y15 PHASER_OUT_PHY (Prop_phaser_out_phy_OCLKDELAYED_DQSBUS[1])
                                                                    0.346     2.245 r  ddr3/u_ddr3_mig/u_memc_ui_top_axi/mem_intfc0/ddr_phy_top0/u_ddr_mc_phy_wrapper/u_ddr_mc_phy/ddr_phy_4lanes_0.u_ddr_phy_4lanes/ddr_byte_lane_D.ddr_byte_lane_D/phaser_out/DQSBUS[1]
                                       net (fo=1, routed)           0.150     2.395    ddr3/u_ddr3_mig/u_memc_ui_top_axi/mem_intfc0/ddr_phy_top0/u_ddr_mc_phy_wrapper/u_ddr_mc_phy/ddr_phy_4lanes_0.u_ddr_phy_4lanes/ddr_byte_lane_D.ddr_byte_lane_D/ddr_byte_group_io/DQSBUS[1]
    Routing       OLOGIC_X1Y194        ODDR                                         r  ddr3/u_ddr3_mig/u_memc_ui_top_axi/mem_intfc0/ddr_phy_top0/u_ddr_mc_phy_wrapper/u_ddr_mc_phy/ddr_phy_4lanes_0.u_ddr_phy_4lanes/ddr_byte_lane_D.ddr_byte_lane_D/ddr_byte_group_io/dqs_gen.oddr_dqs/D2
  ---------------------------------------------------------------------------------    -------------------

                                       (clock oserdes_clk_3 rise edge)
                                                                    0.000     0.000 r  
                  R4                                                0.000     0.000 r  clk (IN)
                                       net (fo=0)                   0.000     0.000    mmcm/inst/clk_in1
                  R4                                                                r  mmcm/inst/clkin1_ibufg/I
                  R4                   IBUF (Prop_ibuf_I_O)         0.431     0.431 r  mmcm/inst/clkin1_ibufg/O
                                       net (fo=1, routed)           0.480     0.911    mmcm/inst/clk_in1_mmcm
                  MMCME2_ADV_X1Y2                                                   r  mmcm/inst/mmcm_adv_inst/CLKIN1
                  MMCME2_ADV_X1Y2      MMCME2_ADV (Prop_mmcme2_adv_CLKIN1_CLKOUT0)
                                                                   -3.332    -2.421 r  mmcm/inst/mmcm_adv_inst/CLKOUT0
                                       net (fo=1, routed)           0.579    -1.843    mmcm/inst/clk_out1_mmcm
                  BUFGCTRL_X0Y2                                                     r  mmcm/inst/clkout1_buf/I
                  BUFGCTRL_X0Y2        BUFG (Prop_bufg_I_O)         0.029    -1.814 r  mmcm/inst/clkout1_buf/O
                                       net (fo=2, routed)           0.875    -0.939    ddr3/u_ddr3_mig/u_ddr3_infrastructure/mmcm_clk
                  PLLE2_ADV_X1Y3                                                    r  ddr3/u_ddr3_mig/u_ddr3_infrastructure/plle2_i/CLKIN1
                  PLLE2_ADV_X1Y3       PLLE2_ADV (Prop_plle2_adv_CLKIN1_CLKOUT1)
                                                                    0.053    -0.886 r  ddr3/u_ddr3_mig/u_ddr3_infrastructure/plle2_i/CLKOUT1
                                       net (fo=7, routed)           0.209    -0.677    ddr3/u_ddr3_mig/u_memc_ui_top_axi/mem_intfc0/ddr_phy_top0/u_ddr_mc_phy_wrapper/u_ddr_mc_phy/ddr_phy_4lanes_0.u_ddr_phy_4lanes/ddr_byte_lane_D.ddr_byte_lane_D/mem_refclk
                  PHASER_OUT_PHY_X1Y15                                              r  ddr3/u_ddr3_mig/u_memc_ui_top_axi/mem_intfc0/ddr_phy_top0/u_ddr_mc_phy_wrapper/u_ddr_mc_phy/ddr_phy_4lanes_0.u_ddr_phy_4lanes/ddr_byte_lane_D.ddr_byte_lane_D/phaser_out/MEMREFCLK
                  PHASER_OUT_PHY_X1Y15 PHASER_OUT_PHY (Prop_phaser_out_phy_MEMREFCLK_OCLK)
                                                                    1.858     1.181 r  ddr3/u_ddr3_mig/u_memc_ui_top_axi/mem_intfc0/ddr_phy_top0/u_ddr_mc_phy_wrapper/u_ddr_mc_phy/ddr_phy_4lanes_0.u_ddr_phy_4lanes/ddr_byte_lane_D.ddr_byte_lane_D/phaser_out/OCLK
                  PHASER_OUT_PHY_X1Y15 PHASER_OUT_PHY (Prop_phaser_out_phy_OCLK_OCLKDELAYED)
                                                                    0.573     1.754 r  ddr3/u_ddr3_mig/u_memc_ui_top_axi/mem_intfc0/ddr_phy_top0/u_ddr_mc_phy_wrapper/u_ddr_mc_phy/ddr_phy_4lanes_0.u_ddr_phy_4lanes/ddr_byte_lane_D.ddr_byte_lane_D/phaser_out/OCLKDELAYED
                                       net (fo=2, routed)           0.181     1.935    ddr3/u_ddr3_mig/u_memc_ui_top_axi/mem_intfc0/ddr_phy_top0/u_ddr_mc_phy_wrapper/u_ddr_mc_phy/ddr_phy_4lanes_0.u_ddr_phy_4lanes/ddr_byte_lane_D.ddr_byte_lane_D/ddr_byte_group_io/oserdes_clk_delayed
                  OLOGIC_X1Y194        ODDR                                         r  ddr3/u_ddr3_mig/u_memc_ui_top_axi/mem_intfc0/ddr_phy_top0/u_ddr_mc_phy_wrapper/u_ddr_mc_phy/ddr_phy_4lanes_0.u_ddr_phy_4lanes/ddr_byte_lane_D.ddr_byte_lane_D/ddr_byte_group_io/dqs_gen.oddr_dqs/C
                                       clock pessimism              0.145     2.080    
                  OLOGIC_X1Y194        ODDR (Hold_oddr_C_D2)       -0.093     1.987    ddr3/u_ddr3_mig/u_memc_ui_top_axi/mem_intfc0/ddr_phy_top0/u_ddr_mc_phy_wrapper/u_ddr_mc_phy/ddr_phy_4lanes_0.u_ddr_phy_4lanes/ddr_byte_lane_D.ddr_byte_lane_D/ddr_byte_group_io/dqs_gen.oddr_dqs
  ---------------------------------------------------------------------------------
                                       required time                         -1.987    
                                       arrival time                           2.395    
  ---------------------------------------------------------------------------------
                                       slack                                  0.408    





Pulse Width Checks
--------------------------------------------------------------------------------------
Clock Name:         oserdes_clk_3
Waveform(ns):       { 0.000 1.250 }
Period(ns):         2.500
Sources:            { ddr3/u_ddr3_mig/u_memc_ui_top_axi/mem_intfc0/ddr_phy_top0/u_ddr_mc_phy_wrapper/u_ddr_mc_phy/ddr_phy_4lanes_0.u_ddr_phy_4lanes/ddr_byte_lane_D.ddr_byte_lane_D/phaser_out/OCLK }

Check Type  Corner  Lib Pin        Reference Pin  Required(ns)  Actual(ns)  Slack(ns)  Location       Pin
Min Period  n/a     OSERDESE2/CLK  n/a            1.667         2.500       0.833      OLOGIC_X1Y187  ddr3/u_ddr3_mig/u_memc_ui_top_axi/mem_intfc0/ddr_phy_top0/u_ddr_mc_phy_wrapper/u_ddr_mc_phy/ddr_phy_4lanes_0.u_ddr_phy_4lanes/ddr_byte_lane_D.ddr_byte_lane_D/ddr_byte_group_io/output_[0].oserdes_dq_.ddr.oserdes_dq_i/CLK



---------------------------------------------------------------------------------------------------
From Clock:  oserdes_clkdiv_3
  To Clock:  oserdes_clkdiv_3

Setup :            0  Failing Endpoints,  Worst Slack        3.586ns,  Total Violation        0.000ns
Hold  :            0  Failing Endpoints,  Worst Slack        0.086ns,  Total Violation        0.000ns
PW    :            0  Failing Endpoints,  Worst Slack        0.000ns,  Total Violation        0.000ns
---------------------------------------------------------------------------------------------------


Max Delay Paths
--------------------------------------------------------------------------------------
Slack (MET) :             3.586ns  (required time - arrival time)
  Source:                 ddr3/u_ddr3_mig/u_memc_ui_top_axi/mem_intfc0/ddr_phy_top0/u_ddr_mc_phy_wrapper/u_ddr_mc_phy/ddr_phy_4lanes_0.u_ddr_phy_4lanes/ddr_byte_lane_D.ddr_byte_lane_D/out_fifo/RDCLK
                            (rising edge-triggered cell OUT_FIFO clocked by oserdes_clkdiv_3  {rise@0.000ns fall@2.500ns period=5.000ns})
  Destination:            ddr3/u_ddr3_mig/u_memc_ui_top_axi/mem_intfc0/ddr_phy_top0/u_ddr_mc_phy_wrapper/u_ddr_mc_phy/ddr_phy_4lanes_0.u_ddr_phy_4lanes/ddr_byte_lane_D.ddr_byte_lane_D/ddr_byte_group_io/output_[6].oserdes_dq_.ddr.oserdes_dq_i/D1
                            (rising edge-triggered cell OSERDESE2 clocked by oserdes_clkdiv_3  {rise@0.000ns fall@2.500ns period=5.000ns})
  Path Group:             oserdes_clkdiv_3
  Path Type:              Setup (Max at Slow Process Corner)
  Requirement:            5.000ns  (oserdes_clkdiv_3 rise@5.000ns - oserdes_clkdiv_3 rise@0.000ns)
  Data Path Delay:        1.142ns  (logic 0.674ns (59.004%)  route 0.468ns (40.996%))
  Logic Levels:           0  
  Clock Path Skew:        0.419ns (DCD - SCD + CPR)
    Destination Clock Delay (DCD):    1.641ns = ( 6.641 - 5.000 ) 
    Source Clock Delay      (SCD):    1.919ns
    Clock Pessimism Removal (CPR):    0.696ns
  Clock Uncertainty:      0.066ns  ((TSJ^2 + DJ^2)^1/2) / 2 + PE
    Total System Jitter     (TSJ):    0.071ns
    Discrete Jitter          (DJ):    0.112ns
    Phase Error              (PE):    0.000ns

    Pin Reuse     Location             Delay type                Incr(ns)  Path(ns)    Netlist Resource(s)
  ---------------------------------------------------------------------------------    -------------------
                                       (clock oserdes_clkdiv_3 rise edge)
                                                                    0.000     0.000 r  
                  R4                                                0.000     0.000 r  clk (IN)
                                       net (fo=0)                   0.000     0.000    mmcm/inst/clk_in1
                  R4                                                                r  mmcm/inst/clkin1_ibufg/I
                  R4                   IBUF (Prop_ibuf_I_O)         1.475     1.475 r  mmcm/inst/clkin1_ibufg/O
                                       net (fo=1, routed)           1.233     2.708    mmcm/inst/clk_in1_mmcm
                  MMCME2_ADV_X1Y2                                                   r  mmcm/inst/mmcm_adv_inst/CLKIN1
                  MMCME2_ADV_X1Y2      MMCME2_ADV (Prop_mmcme2_adv_CLKIN1_CLKOUT0)
                                                                   -7.432    -4.724 r  mmcm/inst/mmcm_adv_inst/CLKOUT0
                                       net (fo=1, routed)           1.808    -2.915    mmcm/inst/clk_out1_mmcm
                  BUFGCTRL_X0Y2                                                     r  mmcm/inst/clkout1_buf/I
                  BUFGCTRL_X0Y2        BUFG (Prop_bufg_I_O)         0.096    -2.819 r  mmcm/inst/clkout1_buf/O
                                       net (fo=2, routed)           1.754    -1.065    ddr3/u_ddr3_mig/u_ddr3_infrastructure/mmcm_clk
                  PLLE2_ADV_X1Y3                                                    r  ddr3/u_ddr3_mig/u_ddr3_infrastructure/plle2_i/CLKIN1
                  PLLE2_ADV_X1Y3       PLLE2_ADV (Prop_plle2_adv_CLKIN1_CLKOUT1)
                                                                    0.088    -0.977 r  ddr3/u_ddr3_mig/u_ddr3_infrastructure/plle2_i/CLKOUT1
                                       net (fo=7, routed)           0.603    -0.374    ddr3/u_ddr3_mig/u_memc_ui_top_axi/mem_intfc0/ddr_phy_top0/u_ddr_mc_phy_wrapper/u_ddr_mc_phy/ddr_phy_4lanes_0.u_ddr_phy_4lanes/ddr_byte_lane_D.ddr_byte_lane_D/mem_refclk
                  PHASER_OUT_PHY_X1Y15                                              r  ddr3/u_ddr3_mig/u_memc_ui_top_axi/mem_intfc0/ddr_phy_top0/u_ddr_mc_phy_wrapper/u_ddr_mc_phy/ddr_phy_4lanes_0.u_ddr_phy_4lanes/ddr_byte_lane_D.ddr_byte_lane_D/phaser_out/MEMREFCLK
                  PHASER_OUT_PHY_X1Y15 PHASER_OUT_PHY (Prop_phaser_out_phy_MEMREFCLK_OCLK)
                                                                    2.136     1.762 r  ddr3/u_ddr3_mig/u_memc_ui_top_axi/mem_intfc0/ddr_phy_top0/u_ddr_mc_phy_wrapper/u_ddr_mc_phy/ddr_phy_4lanes_0.u_ddr_phy_4lanes/ddr_byte_lane_D.ddr_byte_lane_D/phaser_out/OCLK
                  PHASER_OUT_PHY_X1Y15 PHASER_OUT_PHY (Prop_phaser_out_phy_OCLK_OCLKDIV)
                                                                    0.157     1.919 r  ddr3/u_ddr3_mig/u_memc_ui_top_axi/mem_intfc0/ddr_phy_top0/u_ddr_mc_phy_wrapper/u_ddr_mc_phy/ddr_phy_4lanes_0.u_ddr_phy_4lanes/ddr_byte_lane_D.ddr_byte_lane_D/phaser_out/OCLKDIV
                                       net (fo=11, routed)          0.000     1.919    ddr3/u_ddr3_mig/u_memc_ui_top_axi/mem_intfc0/ddr_phy_top0/u_ddr_mc_phy_wrapper/u_ddr_mc_phy/ddr_phy_4lanes_0.u_ddr_phy_4lanes/ddr_byte_lane_D.ddr_byte_lane_D/oserdes_clkdiv
                  OUT_FIFO_X1Y15       OUT_FIFO                                     r  ddr3/u_ddr3_mig/u_memc_ui_top_axi/mem_intfc0/ddr_phy_top0/u_ddr_mc_phy_wrapper/u_ddr_mc_phy/ddr_phy_4lanes_0.u_ddr_phy_4lanes/ddr_byte_lane_D.ddr_byte_lane_D/out_fifo/RDCLK
  ---------------------------------------------------------------------------------    -------------------
    Routing       OUT_FIFO_X1Y15       OUT_FIFO (Prop_out_fifo_RDCLK_Q6[0])
                                                                    0.674     2.593 r  ddr3/u_ddr3_mig/u_memc_ui_top_axi/mem_intfc0/ddr_phy_top0/u_ddr_mc_phy_wrapper/u_ddr_mc_phy/ddr_phy_4lanes_0.u_ddr_phy_4lanes/ddr_byte_lane_D.ddr_byte_lane_D/out_fifo/Q6[0]
                                       net (fo=1, routed)           0.468     3.061    ddr3/u_ddr3_mig/u_memc_ui_top_axi/mem_intfc0/ddr_phy_top0/u_ddr_mc_phy_wrapper/u_ddr_mc_phy/ddr_phy_4lanes_0.u_ddr_phy_4lanes/ddr_byte_lane_D.ddr_byte_lane_D/ddr_byte_group_io/of_dqbus[20]
    Routing       OLOGIC_X1Y195        OSERDESE2                                    r  ddr3/u_ddr3_mig/u_memc_ui_top_axi/mem_intfc0/ddr_phy_top0/u_ddr_mc_phy_wrapper/u_ddr_mc_phy/ddr_phy_4lanes_0.u_ddr_phy_4lanes/ddr_byte_lane_D.ddr_byte_lane_D/ddr_byte_group_io/output_[6].oserdes_dq_.ddr.oserdes_dq_i/D1
  ---------------------------------------------------------------------------------    -------------------

                                       (clock oserdes_clkdiv_3 rise edge)
                                                                    5.000     5.000 r  
                  R4                                                0.000     5.000 r  clk (IN)
                                       net (fo=0)                   0.000     5.000    mmcm/inst/clk_in1
                  R4                                                                r  mmcm/inst/clkin1_ibufg/I
                  R4                   IBUF (Prop_ibuf_I_O)         1.405     6.405 r  mmcm/inst/clkin1_ibufg/O
                                       net (fo=1, routed)           1.162     7.567    mmcm/inst/clk_in1_mmcm
                  MMCME2_ADV_X1Y2                                                   r  mmcm/inst/mmcm_adv_inst/CLKIN1
                  MMCME2_ADV_X1Y2      MMCME2_ADV (Prop_mmcme2_adv_CLKIN1_CLKOUT0)
                                                                   -7.674    -0.107 r  mmcm/inst/mmcm_adv_inst/CLKOUT0
                                       net (fo=1, routed)           1.723     1.616    mmcm/inst/clk_out1_mmcm
                  BUFGCTRL_X0Y2                                                     r  mmcm/inst/clkout1_buf/I
                  BUFGCTRL_X0Y2        BUFG (Prop_bufg_I_O)         0.091     1.707 r  mmcm/inst/clkout1_buf/O
                                       net (fo=2, routed)           1.636     3.343    ddr3/u_ddr3_mig/u_ddr3_infrastructure/mmcm_clk
                  PLLE2_ADV_X1Y3                                                    r  ddr3/u_ddr3_mig/u_ddr3_infrastructure/plle2_i/CLKIN1
                  PLLE2_ADV_X1Y3       PLLE2_ADV (Prop_plle2_adv_CLKIN1_CLKOUT1)
                                                                    0.083     3.426 r  ddr3/u_ddr3_mig/u_ddr3_infrastructure/plle2_i/CLKOUT1
                                       net (fo=7, routed)           0.572     3.998    ddr3/u_ddr3_mig/u_memc_ui_top_axi/mem_intfc0/ddr_phy_top0/u_ddr_mc_phy_wrapper/u_ddr_mc_phy/ddr_phy_4lanes_0.u_ddr_phy_4lanes/ddr_byte_lane_D.ddr_byte_lane_D/mem_refclk
                  PHASER_OUT_PHY_X1Y15                                              r  ddr3/u_ddr3_mig/u_memc_ui_top_axi/mem_intfc0/ddr_phy_top0/u_ddr_mc_phy_wrapper/u_ddr_mc_phy/ddr_phy_4lanes_0.u_ddr_phy_4lanes/ddr_byte_lane_D.ddr_byte_lane_D/phaser_out/MEMREFCLK
                  PHASER_OUT_PHY_X1Y15 PHASER_OUT_PHY (Prop_phaser_out_phy_MEMREFCLK_OCLK)
                                                                    2.077     6.074 r  ddr3/u_ddr3_mig/u_memc_ui_top_axi/mem_intfc0/ddr_phy_top0/u_ddr_mc_phy_wrapper/u_ddr_mc_phy/ddr_phy_4lanes_0.u_ddr_phy_4lanes/ddr_byte_lane_D.ddr_byte_lane_D/phaser_out/OCLK
                  PHASER_OUT_PHY_X1Y15 PHASER_OUT_PHY (Prop_phaser_out_phy_OCLK_OCLKDIV)
                                                                    0.148     6.222 r  ddr3/u_ddr3_mig/u_memc_ui_top_axi/mem_intfc0/ddr_phy_top0/u_ddr_mc_phy_wrapper/u_ddr_mc_phy/ddr_phy_4lanes_0.u_ddr_phy_4lanes/ddr_byte_lane_D.ddr_byte_lane_D/phaser_out/OCLKDIV
                                       net (fo=11, routed)          0.419     6.641    ddr3/u_ddr3_mig/u_memc_ui_top_axi/mem_intfc0/ddr_phy_top0/u_ddr_mc_phy_wrapper/u_ddr_mc_phy/ddr_phy_4lanes_0.u_ddr_phy_4lanes/ddr_byte_lane_D.ddr_byte_lane_D/ddr_byte_group_io/oserdes_clkdiv
                  OLOGIC_X1Y195        OSERDESE2                                    r  ddr3/u_ddr3_mig/u_memc_ui_top_axi/mem_intfc0/ddr_phy_top0/u_ddr_mc_phy_wrapper/u_ddr_mc_phy/ddr_phy_4lanes_0.u_ddr_phy_4lanes/ddr_byte_lane_D.ddr_byte_lane_D/ddr_byte_group_io/output_[6].oserdes_dq_.ddr.oserdes_dq_i/CLKDIV
                                       clock pessimism              0.696     7.338    
                                       clock uncertainty           -0.066     7.272    
                  OLOGIC_X1Y195        OSERDESE2 (Setup_oserdese2_CLKDIV_D1)
                                                                   -0.625     6.647    ddr3/u_ddr3_mig/u_memc_ui_top_axi/mem_intfc0/ddr_phy_top0/u_ddr_mc_phy_wrapper/u_ddr_mc_phy/ddr_phy_4lanes_0.u_ddr_phy_4lanes/ddr_byte_lane_D.ddr_byte_lane_D/ddr_byte_group_io/output_[6].oserdes_dq_.ddr.oserdes_dq_i
  ---------------------------------------------------------------------------------
                                       required time                          6.647    
                                       arrival time                          -3.061    
  ---------------------------------------------------------------------------------
                                       slack                                  3.586    





Min Delay Paths
--------------------------------------------------------------------------------------
Slack (MET) :             0.086ns  (arrival time - required time)
  Source:                 ddr3/u_ddr3_mig/u_memc_ui_top_axi/mem_intfc0/ddr_phy_top0/u_ddr_mc_phy_wrapper/u_ddr_mc_phy/ddr_phy_4lanes_0.u_ddr_phy_4lanes/ddr_byte_lane_D.ddr_byte_lane_D/out_fifo/RDCLK
                            (rising edge-triggered cell OUT_FIFO clocked by oserdes_clkdiv_3  {rise@0.000ns fall@2.500ns period=5.000ns})
  Destination:            ddr3/u_ddr3_mig/u_memc_ui_top_axi/mem_intfc0/ddr_phy_top0/u_ddr_mc_phy_wrapper/u_ddr_mc_phy/ddr_phy_4lanes_0.u_ddr_phy_4lanes/ddr_byte_lane_D.ddr_byte_lane_D/ddr_byte_group_io/output_[2].oserdes_dq_.ddr.oserdes_dq_i/D2
                            (rising edge-triggered cell OSERDESE2 clocked by oserdes_clkdiv_3  {rise@0.000ns fall@2.500ns period=5.000ns})
  Path Group:             oserdes_clkdiv_3
  Path Type:              Hold (Min at Fast Process Corner)
  Requirement:            0.000ns  (oserdes_clkdiv_3 rise@0.000ns - oserdes_clkdiv_3 rise@0.000ns)
  Data Path Delay:        0.288ns  (logic 0.138ns (47.866%)  route 0.150ns (52.134%))
  Logic Levels:           0  
  Clock Path Skew:        0.183ns (DCD - SCD - CPR)
    Destination Clock Delay (DCD):    1.452ns
    Source Clock Delay      (SCD):    1.443ns
    Clock Pessimism Removal (CPR):    -0.174ns

    Pin Reuse     Location             Delay type                Incr(ns)  Path(ns)    Netlist Resource(s)
  ---------------------------------------------------------------------------------    -------------------
                                       (clock oserdes_clkdiv_3 rise edge)
                                                                    0.000     0.000 r  
                  R4                                                0.000     0.000 r  clk (IN)
                                       net (fo=0)                   0.000     0.000    mmcm/inst/clk_in1
                  R4                                                                r  mmcm/inst/clkin1_ibufg/I
                  R4                   IBUF (Prop_ibuf_I_O)         0.243     0.243 r  mmcm/inst/clkin1_ibufg/O
                                       net (fo=1, routed)           0.440     0.683    mmcm/inst/clk_in1_mmcm
                  MMCME2_ADV_X1Y2                                                   r  mmcm/inst/mmcm_adv_inst/CLKIN1
                  MMCME2_ADV_X1Y2      MMCME2_ADV (Prop_mmcme2_adv_CLKIN1_CLKOUT0)
                                                                   -2.540    -1.856 r  mmcm/inst/mmcm_adv_inst/CLKOUT0
                                       net (fo=1, routed)           0.531    -1.325    mmcm/inst/clk_out1_mmcm
                  BUFGCTRL_X0Y2                                                     r  mmcm/inst/clkout1_buf/I
                  BUFGCTRL_X0Y2        BUFG (Prop_bufg_I_O)         0.026    -1.299 r  mmcm/inst/clkout1_buf/O
                                       net (fo=2, routed)           0.606    -0.694    ddr3/u_ddr3_mig/u_ddr3_infrastructure/mmcm_clk
                  PLLE2_ADV_X1Y3                                                    r  ddr3/u_ddr3_mig/u_ddr3_infrastructure/plle2_i/CLKIN1
                  PLLE2_ADV_X1Y3       PLLE2_ADV (Prop_plle2_adv_CLKIN1_CLKOUT1)
                                                                    0.050    -0.644 r  ddr3/u_ddr3_mig/u_ddr3_infrastructure/plle2_i/CLKOUT1
                                       net (fo=7, routed)           0.190    -0.454    ddr3/u_ddr3_mig/u_memc_ui_top_axi/mem_intfc0/ddr_phy_top0/u_ddr_mc_phy_wrapper/u_ddr_mc_phy/ddr_phy_4lanes_0.u_ddr_phy_4lanes/ddr_byte_lane_D.ddr_byte_lane_D/mem_refclk
                  PHASER_OUT_PHY_X1Y15                                              r  ddr3/u_ddr3_mig/u_memc_ui_top_axi/mem_intfc0/ddr_phy_top0/u_ddr_mc_phy_wrapper/u_ddr_mc_phy/ddr_phy_4lanes_0.u_ddr_phy_4lanes/ddr_byte_lane_D.ddr_byte_lane_D/phaser_out/MEMREFCLK
                  PHASER_OUT_PHY_X1Y15 PHASER_OUT_PHY (Prop_phaser_out_phy_MEMREFCLK_OCLK)
                                                                    1.813     1.360 r  ddr3/u_ddr3_mig/u_memc_ui_top_axi/mem_intfc0/ddr_phy_top0/u_ddr_mc_phy_wrapper/u_ddr_mc_phy/ddr_phy_4lanes_0.u_ddr_phy_4lanes/ddr_byte_lane_D.ddr_byte_lane_D/phaser_out/OCLK
                  PHASER_OUT_PHY_X1Y15 PHASER_OUT_PHY (Prop_phaser_out_phy_OCLK_OCLKDIV)
                                                                    0.083     1.443 r  ddr3/u_ddr3_mig/u_memc_ui_top_axi/mem_intfc0/ddr_phy_top0/u_ddr_mc_phy_wrapper/u_ddr_mc_phy/ddr_phy_4lanes_0.u_ddr_phy_4lanes/ddr_byte_lane_D.ddr_byte_lane_D/phaser_out/OCLKDIV
                                       net (fo=11, routed)          0.000     1.443    ddr3/u_ddr3_mig/u_memc_ui_top_axi/mem_intfc0/ddr_phy_top0/u_ddr_mc_phy_wrapper/u_ddr_mc_phy/ddr_phy_4lanes_0.u_ddr_phy_4lanes/ddr_byte_lane_D.ddr_byte_lane_D/oserdes_clkdiv
                  OUT_FIFO_X1Y15       OUT_FIFO                                     r  ddr3/u_ddr3_mig/u_memc_ui_top_axi/mem_intfc0/ddr_phy_top0/u_ddr_mc_phy_wrapper/u_ddr_mc_phy/ddr_phy_4lanes_0.u_ddr_phy_4lanes/ddr_byte_lane_D.ddr_byte_lane_D/out_fifo/RDCLK
  ---------------------------------------------------------------------------------    -------------------
    Routing       OUT_FIFO_X1Y15       OUT_FIFO (Prop_out_fifo_RDCLK_Q2[1])
                                                                    0.138     1.581 r  ddr3/u_ddr3_mig/u_memc_ui_top_axi/mem_intfc0/ddr_phy_top0/u_ddr_mc_phy_wrapper/u_ddr_mc_phy/ddr_phy_4lanes_0.u_ddr_phy_4lanes/ddr_byte_lane_D.ddr_byte_lane_D/out_fifo/Q2[1]
                                       net (fo=1, routed)           0.150     1.731    ddr3/u_ddr3_mig/u_memc_ui_top_axi/mem_intfc0/ddr_phy_top0/u_ddr_mc_phy_wrapper/u_ddr_mc_phy/ddr_phy_4lanes_0.u_ddr_phy_4lanes/ddr_byte_lane_D.ddr_byte_lane_D/ddr_byte_group_io/of_dqbus[9]
    Routing       OLOGIC_X1Y189        OSERDESE2                                    r  ddr3/u_ddr3_mig/u_memc_ui_top_axi/mem_intfc0/ddr_phy_top0/u_ddr_mc_phy_wrapper/u_ddr_mc_phy/ddr_phy_4lanes_0.u_ddr_phy_4lanes/ddr_byte_lane_D.ddr_byte_lane_D/ddr_byte_group_io/output_[2].oserdes_dq_.ddr.oserdes_dq_i/D2
  ---------------------------------------------------------------------------------    -------------------

                                       (clock oserdes_clkdiv_3 rise edge)
                                                                    0.000     0.000 r  
                  R4                                                0.000     0.000 r  clk (IN)
                                       net (fo=0)                   0.000     0.000    mmcm/inst/clk_in1
                  R4                                                                r  mmcm/inst/clkin1_ibufg/I
                  R4                   IBUF (Prop_ibuf_I_O)         0.431     0.431 r  mmcm/inst/clkin1_ibufg/O
                                       net (fo=1, routed)           0.480     0.911    mmcm/inst/clk_in1_mmcm
                  MMCME2_ADV_X1Y2                                                   r  mmcm/inst/mmcm_adv_inst/CLKIN1
                  MMCME2_ADV_X1Y2      MMCME2_ADV (Prop_mmcme2_adv_CLKIN1_CLKOUT0)
                                                                   -3.332    -2.421 r  mmcm/inst/mmcm_adv_inst/CLKOUT0
                                       net (fo=1, routed)           0.579    -1.843    mmcm/inst/clk_out1_mmcm
                  BUFGCTRL_X0Y2                                                     r  mmcm/inst/clkout1_buf/I
                  BUFGCTRL_X0Y2        BUFG (Prop_bufg_I_O)         0.029    -1.814 r  mmcm/inst/clkout1_buf/O
                                       net (fo=2, routed)           0.875    -0.939    ddr3/u_ddr3_mig/u_ddr3_infrastructure/mmcm_clk
                  PLLE2_ADV_X1Y3                                                    r  ddr3/u_ddr3_mig/u_ddr3_infrastructure/plle2_i/CLKIN1
                  PLLE2_ADV_X1Y3       PLLE2_ADV (Prop_plle2_adv_CLKIN1_CLKOUT1)
                                                                    0.053    -0.886 r  ddr3/u_ddr3_mig/u_ddr3_infrastructure/plle2_i/CLKOUT1
                                       net (fo=7, routed)           0.209    -0.677    ddr3/u_ddr3_mig/u_memc_ui_top_axi/mem_intfc0/ddr_phy_top0/u_ddr_mc_phy_wrapper/u_ddr_mc_phy/ddr_phy_4lanes_0.u_ddr_phy_4lanes/ddr_byte_lane_D.ddr_byte_lane_D/mem_refclk
                  PHASER_OUT_PHY_X1Y15                                              r  ddr3/u_ddr3_mig/u_memc_ui_top_axi/mem_intfc0/ddr_phy_top0/u_ddr_mc_phy_wrapper/u_ddr_mc_phy/ddr_phy_4lanes_0.u_ddr_phy_4lanes/ddr_byte_lane_D.ddr_byte_lane_D/phaser_out/MEMREFCLK
                  PHASER_OUT_PHY_X1Y15 PHASER_OUT_PHY (Prop_phaser_out_phy_MEMREFCLK_OCLK)
                                                                    1.858     1.181 r  ddr3/u_ddr3_mig/u_memc_ui_top_axi/mem_intfc0/ddr_phy_top0/u_ddr_mc_phy_wrapper/u_ddr_mc_phy/ddr_phy_4lanes_0.u_ddr_phy_4lanes/ddr_byte_lane_D.ddr_byte_lane_D/phaser_out/OCLK
                  PHASER_OUT_PHY_X1Y15 PHASER_OUT_PHY (Prop_phaser_out_phy_OCLK_OCLKDIV)
                                                                    0.088     1.269 r  ddr3/u_ddr3_mig/u_memc_ui_top_axi/mem_intfc0/ddr_phy_top0/u_ddr_mc_phy_wrapper/u_ddr_mc_phy/ddr_phy_4lanes_0.u_ddr_phy_4lanes/ddr_byte_lane_D.ddr_byte_lane_D/phaser_out/OCLKDIV
                                       net (fo=11, routed)          0.183     1.452    ddr3/u_ddr3_mig/u_memc_ui_top_axi/mem_intfc0/ddr_phy_top0/u_ddr_mc_phy_wrapper/u_ddr_mc_phy/ddr_phy_4lanes_0.u_ddr_phy_4lanes/ddr_byte_lane_D.ddr_byte_lane_D/ddr_byte_group_io/oserdes_clkdiv
                  OLOGIC_X1Y189        OSERDESE2                                    r  ddr3/u_ddr3_mig/u_memc_ui_top_axi/mem_intfc0/ddr_phy_top0/u_ddr_mc_phy_wrapper/u_ddr_mc_phy/ddr_phy_4lanes_0.u_ddr_phy_4lanes/ddr_byte_lane_D.ddr_byte_lane_D/ddr_byte_group_io/output_[2].oserdes_dq_.ddr.oserdes_dq_i/CLKDIV
                                       clock pessimism              0.174     1.626    
                  OLOGIC_X1Y189        OSERDESE2 (Hold_oserdese2_CLKDIV_D2)
                                                                    0.019     1.645    ddr3/u_ddr3_mig/u_memc_ui_top_axi/mem_intfc0/ddr_phy_top0/u_ddr_mc_phy_wrapper/u_ddr_mc_phy/ddr_phy_4lanes_0.u_ddr_phy_4lanes/ddr_byte_lane_D.ddr_byte_lane_D/ddr_byte_group_io/output_[2].oserdes_dq_.ddr.oserdes_dq_i
  ---------------------------------------------------------------------------------
                                       required time                         -1.645    
                                       arrival time                           1.731    
  ---------------------------------------------------------------------------------
                                       slack                                  0.086    





Pulse Width Checks
--------------------------------------------------------------------------------------
Clock Name:         oserdes_clkdiv_3
Waveform(ns):       { 0.000 2.500 }
Period(ns):         5.000
Sources:            { ddr3/u_ddr3_mig/u_memc_ui_top_axi/mem_intfc0/ddr_phy_top0/u_ddr_mc_phy_wrapper/u_ddr_mc_phy/ddr_phy_4lanes_0.u_ddr_phy_4lanes/ddr_byte_lane_D.ddr_byte_lane_D/phaser_out/OCLKDIV }

Check Type        Corner  Lib Pin         Reference Pin  Required(ns)  Actual(ns)  Slack(ns)  Location        Pin
Min Period        n/a     OUT_FIFO/RDCLK  n/a            5.000         5.000       0.000      OUT_FIFO_X1Y15  ddr3/u_ddr3_mig/u_memc_ui_top_axi/mem_intfc0/ddr_phy_top0/u_ddr_mc_phy_wrapper/u_ddr_mc_phy/ddr_phy_4lanes_0.u_ddr_phy_4lanes/ddr_byte_lane_D.ddr_byte_lane_D/out_fifo/RDCLK
Low Pulse Width   Slow    OUT_FIFO/RDCLK  n/a            2.150         2.500       0.350      OUT_FIFO_X1Y15  ddr3/u_ddr3_mig/u_memc_ui_top_axi/mem_intfc0/ddr_phy_top0/u_ddr_mc_phy_wrapper/u_ddr_mc_phy/ddr_phy_4lanes_0.u_ddr_phy_4lanes/ddr_byte_lane_D.ddr_byte_lane_D/out_fifo/RDCLK
High Pulse Width  Slow    OUT_FIFO/RDCLK  n/a            2.150         2.500       0.350      OUT_FIFO_X1Y15  ddr3/u_ddr3_mig/u_memc_ui_top_axi/mem_intfc0/ddr_phy_top0/u_ddr_mc_phy_wrapper/u_ddr_mc_phy/ddr_phy_4lanes_0.u_ddr_phy_4lanes/ddr_byte_lane_D.ddr_byte_lane_D/out_fifo/RDCLK



---------------------------------------------------------------------------------------------------
From Clock:  pll_clk3_out
  To Clock:  pll_clk3_out

Setup :           NA  Failing Endpoints,  Worst Slack           NA  ,  Total Violation           NA
Hold  :           NA  Failing Endpoints,  Worst Slack           NA  ,  Total Violation           NA
PW    :            0  Failing Endpoints,  Worst Slack        3.000ns,  Total Violation        0.000ns
---------------------------------------------------------------------------------------------------


Pulse Width Checks
--------------------------------------------------------------------------------------
Clock Name:         pll_clk3_out
Waveform(ns):       { 0.000 5.000 }
Period(ns):         10.000
Sources:            { ddr3/u_ddr3_mig/u_ddr3_infrastructure/plle2_i/CLKOUT3 }

Check Type        Corner  Lib Pin            Reference Pin  Required(ns)  Actual(ns)  Slack(ns)  Location         Pin
Min Period        n/a     BUFH/I             n/a            2.155         10.000      7.845      BUFHCE_X1Y36     ddr3/u_ddr3_mig/u_ddr3_infrastructure/u_bufh_pll_clk3/I
Max Period        n/a     MMCME2_ADV/CLKIN1  n/a            100.000       10.000      90.000     MMCME2_ADV_X1Y3  ddr3/u_ddr3_mig/u_ddr3_infrastructure/gen_mmcm.mmcm_i/CLKIN1
Low Pulse Width   Slow    MMCME2_ADV/CLKIN1  n/a            2.000         5.000       3.000      MMCME2_ADV_X1Y3  ddr3/u_ddr3_mig/u_ddr3_infrastructure/gen_mmcm.mmcm_i/CLKIN1
High Pulse Width  Slow    MMCME2_ADV/CLKIN1  n/a            2.000         5.000       3.000      MMCME2_ADV_X1Y3  ddr3/u_ddr3_mig/u_ddr3_infrastructure/gen_mmcm.mmcm_i/CLKIN1



---------------------------------------------------------------------------------------------------
From Clock:  clk_pll_i
  To Clock:  clk_pll_i

Setup :            0  Failing Endpoints,  Worst Slack        0.020ns,  Total Violation        0.000ns
Hold  :            0  Failing Endpoints,  Worst Slack        0.032ns,  Total Violation        0.000ns
PW    :            0  Failing Endpoints,  Worst Slack        2.850ns,  Total Violation        0.000ns
---------------------------------------------------------------------------------------------------


Max Delay Paths
--------------------------------------------------------------------------------------
Slack (MET) :             0.020ns  (required time - arrival time)
  Source:                 rasterixgen.rasterix/gpu/rixif/graphicCore/pixelPipeline/tmu0/textureReadConcat/stream0_fifo/mem_reg/CLKARDCLK
                            (rising edge-triggered cell RAMB36E1 clocked by clk_pll_i  {rise@0.000ns fall@5.000ns period=10.000ns})
  Destination:            rasterixgen.rasterix/gpu/rixif/graphicCore/pixelPipeline/tmu0/texFilter/interpolatorS1/colorMixer/V12_reg[15]_bret__61/D
                            (rising edge-triggered cell FDRE clocked by clk_pll_i  {rise@0.000ns fall@5.000ns period=10.000ns})
  Path Group:             clk_pll_i
  Path Type:              Setup (Max at Slow Process Corner)
  Requirement:            10.000ns  (clk_pll_i rise@10.000ns - clk_pll_i rise@0.000ns)
  Data Path Delay:        9.927ns  (logic 4.147ns (41.775%)  route 5.780ns (58.225%))
  Logic Levels:           8  (CARRY4=2 LUT3=1 LUT6=5)
  Clock Path Skew:        0.047ns (DCD - SCD + CPR)
    Destination Clock Delay (DCD):    1.000ns = ( 11.000 - 10.000 ) 
    Source Clock Delay      (SCD):    1.613ns
    Clock Pessimism Removal (CPR):    0.660ns
  Clock Uncertainty:      0.060ns  ((TSJ^2 + DJ^2)^1/2) / 2 + PE
    Total System Jitter     (TSJ):    0.071ns
    Discrete Jitter          (DJ):    0.098ns
    Phase Error              (PE):    0.000ns

    Pin Reuse     Location             Delay type                Incr(ns)  Path(ns)    Netlist Resource(s)
  ---------------------------------------------------------------------------------    -------------------
                                       (clock clk_pll_i rise edge)
                                                                    0.000     0.000 r  
                  R4                                                0.000     0.000 r  clk (IN)
                                       net (fo=0)                   0.000     0.000    mmcm/inst/clk_in1
                  R4                                                                r  mmcm/inst/clkin1_ibufg/I
                  R4                   IBUF (Prop_ibuf_I_O)         1.475     1.475 r  mmcm/inst/clkin1_ibufg/O
                                       net (fo=1, routed)           1.233     2.708    mmcm/inst/clk_in1_mmcm
                  MMCME2_ADV_X1Y2                                                   r  mmcm/inst/mmcm_adv_inst/CLKIN1
                  MMCME2_ADV_X1Y2      MMCME2_ADV (Prop_mmcme2_adv_CLKIN1_CLKOUT0)
                                                                   -7.432    -4.724 r  mmcm/inst/mmcm_adv_inst/CLKOUT0
                                       net (fo=1, routed)           1.808    -2.915    mmcm/inst/clk_out1_mmcm
                  BUFGCTRL_X0Y2                                                     r  mmcm/inst/clkout1_buf/I
                  BUFGCTRL_X0Y2        BUFG (Prop_bufg_I_O)         0.096    -2.819 r  mmcm/inst/clkout1_buf/O
                                       net (fo=2, routed)           1.754    -1.065    ddr3/u_ddr3_mig/u_ddr3_infrastructure/mmcm_clk
                  PLLE2_ADV_X1Y3                                                    r  ddr3/u_ddr3_mig/u_ddr3_infrastructure/plle2_i/CLKIN1
                  PLLE2_ADV_X1Y3       PLLE2_ADV (Prop_plle2_adv_CLKIN1_CLKOUT3)
                                                                    0.088    -0.977 r  ddr3/u_ddr3_mig/u_ddr3_infrastructure/plle2_i/CLKOUT3
                                       net (fo=1, routed)           1.370     0.393    ddr3/u_ddr3_mig/u_ddr3_infrastructure/pll_clk3_out
                  BUFHCE_X1Y36                                                      r  ddr3/u_ddr3_mig/u_ddr3_infrastructure/u_bufh_pll_clk3/I
                  BUFHCE_X1Y36         BUFH (Prop_bufh_I_O)         0.127     0.520 r  ddr3/u_ddr3_mig/u_ddr3_infrastructure/u_bufh_pll_clk3/O
                                       net (fo=1, routed)           0.943     1.463    ddr3/u_ddr3_mig/u_ddr3_infrastructure/pll_clk3
                  MMCME2_ADV_X1Y3                                                   r  ddr3/u_ddr3_mig/u_ddr3_infrastructure/gen_mmcm.mmcm_i/CLKIN1
                  MMCME2_ADV_X1Y3      MMCME2_ADV (Prop_mmcme2_adv_CLKIN1_CLKFBOUT)
                                                                   -3.633    -2.171 r  ddr3/u_ddr3_mig/u_ddr3_infrastructure/gen_mmcm.mmcm_i/CLKFBOUT
                                       net (fo=1, routed)           1.808    -0.362    ddr3/u_ddr3_mig/u_ddr3_infrastructure/clk_pll_i
                  BUFGCTRL_X0Y16                                                    r  ddr3/u_ddr3_mig/u_ddr3_infrastructure/u_bufg_clkdiv0/I
                  BUFGCTRL_X0Y16       BUFG (Prop_bufg_I_O)         0.096    -0.266 r  ddr3/u_ddr3_mig/u_ddr3_infrastructure/u_bufg_clkdiv0/O
                                       net (fo=26482, routed)       1.879     1.613    rasterixgen.rasterix/gpu/rixif/graphicCore/pixelPipeline/tmu0/textureReadConcat/stream0_fifo/ui_clk
                  RAMB36_X5Y10         RAMB36E1                                     r  rasterixgen.rasterix/gpu/rixif/graphicCore/pixelPipeline/tmu0/textureReadConcat/stream0_fifo/mem_reg/CLKARDCLK
  ---------------------------------------------------------------------------------    -------------------
    Placement     RAMB36_X5Y10         RAMB36E1 (Prop_ramb36e1_CLKARDCLK_DOBDO[26])
                                                                    2.454     4.067 r  rasterixgen.rasterix/gpu/rixif/graphicCore/pixelPipeline/tmu0/textureReadConcat/stream0_fifo/mem_reg/DOBDO[26]
                                       net (fo=3, routed)           1.781     5.848    rasterixgen.rasterix/gpu/rixif/graphicCore/pixelPipeline/tmu0/textureReadConcat/stream0_fifo/REGISTERED_READ.rd_data_0[58]
    Placement     SLICE_X115Y35                                                     r  rasterixgen.rasterix/gpu/rixif/graphicCore/pixelPipeline/tmu0/textureReadConcat/stream0_fifo/V12[15]_bret_bret__19_i_4__0/I2
    Placement     SLICE_X115Y35        LUT3 (Prop_lut3_I2_O)        0.124     5.972 r  rasterixgen.rasterix/gpu/rixif/graphicCore/pixelPipeline/tmu0/textureReadConcat/stream0_fifo/V12[15]_bret_bret__19_i_4__0/O
                                       net (fo=2, routed)           1.273     7.245    rasterixgen.rasterix/gpu/rixif/graphicCore/renderConfigsRegBank/V12_reg[15]_bret_bret__22
    Placement     SLICE_X119Y20                                                     r  rasterixgen.rasterix/gpu/rixif/graphicCore/renderConfigsRegBank/V12[15]_bret_bret__19_i_1/I5
    Placement     SLICE_X119Y20        LUT6 (Prop_lut6_I5_O)        0.124     7.369 r  rasterixgen.rasterix/gpu/rixif/graphicCore/renderConfigsRegBank/V12[15]_bret_bret__19_i_1/O
                                       net (fo=13, routed)          0.842     8.211    rasterixgen.rasterix/gpu/rixif/graphicCore/pixelPipeline/tmu0/textureReadConcat/stream1_fifo/V12_reg[15]_bret_bret__10_0[3]
    Placement     SLICE_X122Y13                                                     r  rasterixgen.rasterix/gpu/rixif/graphicCore/pixelPipeline/tmu0/textureReadConcat/stream1_fifo/V120__0_carry__0_i_4__0/I0
    Placement     SLICE_X122Y13        LUT6 (Prop_lut6_I0_O)        0.124     8.335 r  rasterixgen.rasterix/gpu/rixif/graphicCore/pixelPipeline/tmu0/textureReadConcat/stream1_fifo/V120__0_carry__0_i_4__0/O
                                       net (fo=2, routed)           0.570     8.904    rasterixgen.rasterix/gpu/rixif/graphicCore/pixelPipeline/tmu0/textureReadConcat/stream1_fifo/REGISTERED_READ.bypass_data_reg[54][0]
    Placement     SLICE_X122Y11                                                     r  rasterixgen.rasterix/gpu/rixif/graphicCore/pixelPipeline/tmu0/textureReadConcat/stream1_fifo/V120__0_carry__0_i_8__0/I0
    Routing       SLICE_X122Y11        LUT6 (Prop_lut6_I0_O)        0.124     9.028 r  rasterixgen.rasterix/gpu/rixif/graphicCore/pixelPipeline/tmu0/textureReadConcat/stream1_fifo/V120__0_carry__0_i_8__0/O
                                       net (fo=1, routed)           0.000     9.028    rasterixgen.rasterix/gpu/rixif/graphicCore/pixelPipeline/tmu0/texFilter/interpolatorS1/colorMixer/V12_reg[15]_bret__39_1[0]
    Routing       SLICE_X122Y11                                                     r  rasterixgen.rasterix/gpu/rixif/graphicCore/pixelPipeline/tmu0/texFilter/interpolatorS1/colorMixer/V120__0_carry__0/S[0]
    Routing       SLICE_X122Y11        CARRY4 (Prop_carry4_S[0]_CO[3])
                                                                    0.532     9.560 r  rasterixgen.rasterix/gpu/rixif/graphicCore/pixelPipeline/tmu0/texFilter/interpolatorS1/colorMixer/V120__0_carry__0/CO[3]
                                       net (fo=1, routed)           0.000     9.560    rasterixgen.rasterix/gpu/rixif/graphicCore/pixelPipeline/tmu0/texFilter/interpolatorS1/colorMixer/V120__0_carry__0_n_0
    Routing       SLICE_X122Y12                                                     r  rasterixgen.rasterix/gpu/rixif/graphicCore/pixelPipeline/tmu0/texFilter/interpolatorS1/colorMixer/V120__0_carry__1/CI
    Placement     SLICE_X122Y12        CARRY4 (Prop_carry4_CI_CO[2])
                                                                    0.228     9.788 r  rasterixgen.rasterix/gpu/rixif/graphicCore/pixelPipeline/tmu0/texFilter/interpolatorS1/colorMixer/V120__0_carry__1/CO[2]
                                       net (fo=2, routed)           0.456    10.244    rasterixgen.rasterix/gpu/rixif/graphicCore/pixelPipeline/tmu0/textureReadConcat/stream1_fifo/V12_reg[15]_bret__24_4[0]
    Placement     SLICE_X125Y12                                                     r  rasterixgen.rasterix/gpu/rixif/graphicCore/pixelPipeline/tmu0/textureReadConcat/stream1_fifo/V12[15]_bret__24_i_1__0/I5
    Placement     SLICE_X125Y12        LUT6 (Prop_lut6_I5_O)        0.313    10.557 r  rasterixgen.rasterix/gpu/rixif/graphicCore/pixelPipeline/tmu0/textureReadConcat/stream1_fifo/V12[15]_bret__24_i_1__0/O
                                       net (fo=2, routed)           0.509    11.067    rasterixgen.rasterix/gpu/rixif/graphicCore/pixelPipeline/tmu0/textureReadConcat/stream1_fifo/mem_reg_0_148
    Placement     SLICE_X118Y16                                                     r  rasterixgen.rasterix/gpu/rixif/graphicCore/pixelPipeline/tmu0/textureReadConcat/stream1_fifo/V12[15]_bret__20_i_1__0/I0
    Placement     SLICE_X118Y16        LUT6 (Prop_lut6_I0_O)        0.124    11.191 r  rasterixgen.rasterix/gpu/rixif/graphicCore/pixelPipeline/tmu0/textureReadConcat/stream1_fifo/V12[15]_bret__20_i_1__0/O
                                       net (fo=2, routed)           0.349    11.540    rasterixgen.rasterix/gpu/rixif/graphicCore/pixelPipeline/tmu0/texFilter/interpolatorS1/colorMixer/V12_reg[15]_bret__20_0
    Placement     SLICE_X121Y16        FDRE                                         r  rasterixgen.rasterix/gpu/rixif/graphicCore/pixelPipeline/tmu0/texFilter/interpolatorS1/colorMixer/V12_reg[15]_bret__61/D
  ---------------------------------------------------------------------------------    -------------------

                                       (clock clk_pll_i rise edge)
                                                                   10.000    10.000 r  
                  R4                                                0.000    10.000 r  clk (IN)
                                       net (fo=0)                   0.000    10.000    mmcm/inst/clk_in1
                  R4                                                                r  mmcm/inst/clkin1_ibufg/I
                  R4                   IBUF (Prop_ibuf_I_O)         1.405    11.405 r  mmcm/inst/clkin1_ibufg/O
                                       net (fo=1, routed)           1.162    12.567    mmcm/inst/clk_in1_mmcm
                  MMCME2_ADV_X1Y2                                                   r  mmcm/inst/mmcm_adv_inst/CLKIN1
                  MMCME2_ADV_X1Y2      MMCME2_ADV (Prop_mmcme2_adv_CLKIN1_CLKOUT0)
                                                                   -7.674     4.893 r  mmcm/inst/mmcm_adv_inst/CLKOUT0
                                       net (fo=1, routed)           1.723     6.616    mmcm/inst/clk_out1_mmcm
                  BUFGCTRL_X0Y2                                                     r  mmcm/inst/clkout1_buf/I
                  BUFGCTRL_X0Y2        BUFG (Prop_bufg_I_O)         0.091     6.707 r  mmcm/inst/clkout1_buf/O
                                       net (fo=2, routed)           1.636     8.343    ddr3/u_ddr3_mig/u_ddr3_infrastructure/mmcm_clk
                  PLLE2_ADV_X1Y3                                                    r  ddr3/u_ddr3_mig/u_ddr3_infrastructure/plle2_i/CLKIN1
                  PLLE2_ADV_X1Y3       PLLE2_ADV (Prop_plle2_adv_CLKIN1_CLKOUT3)
                                                                    0.083     8.426 r  ddr3/u_ddr3_mig/u_ddr3_infrastructure/plle2_i/CLKOUT3
                                       net (fo=1, routed)           1.289     9.715    ddr3/u_ddr3_mig/u_ddr3_infrastructure/pll_clk3_out
                  BUFHCE_X1Y36                                                      r  ddr3/u_ddr3_mig/u_ddr3_infrastructure/u_bufh_pll_clk3/I
                  BUFHCE_X1Y36         BUFH (Prop_bufh_I_O)         0.081     9.796 r  ddr3/u_ddr3_mig/u_ddr3_infrastructure/u_bufh_pll_clk3/O
                                       net (fo=1, routed)           0.904    10.700    ddr3/u_ddr3_mig/u_ddr3_infrastructure/pll_clk3
                  MMCME2_ADV_X1Y3                                                   r  ddr3/u_ddr3_mig/u_ddr3_infrastructure/gen_mmcm.mmcm_i/CLKIN1
                  MMCME2_ADV_X1Y3      MMCME2_ADV (Prop_mmcme2_adv_CLKIN1_CLKFBOUT)
                                                                   -3.425     7.275 r  ddr3/u_ddr3_mig/u_ddr3_infrastructure/gen_mmcm.mmcm_i/CLKFBOUT
                                       net (fo=1, routed)           1.723     8.998    ddr3/u_ddr3_mig/u_ddr3_infrastructure/clk_pll_i
                  BUFGCTRL_X0Y16                                                    r  ddr3/u_ddr3_mig/u_ddr3_infrastructure/u_bufg_clkdiv0/I
                  BUFGCTRL_X0Y16       BUFG (Prop_bufg_I_O)         0.091     9.089 r  ddr3/u_ddr3_mig/u_ddr3_infrastructure/u_bufg_clkdiv0/O
                                       net (fo=26482, routed)       1.911    11.000    rasterixgen.rasterix/gpu/rixif/graphicCore/pixelPipeline/tmu0/texFilter/interpolatorS1/colorMixer/ui_clk
                  SLICE_X121Y16        FDRE                                         r  rasterixgen.rasterix/gpu/rixif/graphicCore/pixelPipeline/tmu0/texFilter/interpolatorS1/colorMixer/V12_reg[15]_bret__61/C
                                       clock pessimism              0.660    11.660    
                                       clock uncertainty           -0.060    11.599    
                  SLICE_X121Y16        FDRE (Setup_fdre_C_D)       -0.040    11.559    rasterixgen.rasterix/gpu/rixif/graphicCore/pixelPipeline/tmu0/texFilter/interpolatorS1/colorMixer/V12_reg[15]_bret__61
  ---------------------------------------------------------------------------------
                                       required time                         11.559    
                                       arrival time                         -11.540    
  ---------------------------------------------------------------------------------
                                       slack                                  0.020    





Min Delay Paths
--------------------------------------------------------------------------------------
Slack (MET) :             0.032ns  (arrival time - required time)
  Source:                 fpgaTop/rasterix/rasterixmem_wrapper/rasterixmem/rasterixmem_gpubuffer_0/axi_data_fifo_v2_1_36_axi_data_fifo/<hidden>/<hidden>/<hidden>/<hidden>/<hidden>/<hidden>
                            (rising edge-triggered cell FDCE clocked by clk_pll_i  {rise@0.000ns fall@5.000ns period=10.000ns})
  Destination:            fpgaTop/rasterix/rasterixmem_wrapper/rasterixmem/rasterixmem_gpubuffer_0/axi_data_fifo_v2_1_36_axi_data_fifo/<hidden>/<hidden>/<hidden>/<hidden>/<hidden>/<hidden>/<hidden>
                            (rising edge-triggered cell RAMD32 clocked by clk_pll_i  {rise@0.000ns fall@5.000ns period=10.000ns})
  Path Group:             clk_pll_i
  Path Type:              Hold (Min at Fast Process Corner)
  Requirement:            0.000ns  (clk_pll_i rise@0.000ns - clk_pll_i rise@0.000ns)
  Data Path Delay:        0.245ns  (logic 0.141ns (57.449%)  route 0.104ns (42.551%))
  Logic Levels:           0  
  Clock Path Skew:        0.013ns (DCD - SCD - CPR)
    Destination Clock Delay (DCD):    0.192ns
    Source Clock Delay      (SCD):    0.137ns
    Clock Pessimism Removal (CPR):    0.042ns

    Pin Reuse     Location             Delay type                Incr(ns)  Path(ns)    Netlist Resource(s)
  ---------------------------------------------------------------------------------    -------------------
                                       (clock clk_pll_i rise edge)
                                                                    0.000     0.000 r  
                  R4                                                0.000     0.000 r  clk (IN)
                                       net (fo=0)                   0.000     0.000    mmcm/inst/clk_in1
                  R4                                                                r  mmcm/inst/clkin1_ibufg/I
                  R4                   IBUF (Prop_ibuf_I_O)         0.243     0.243 r  mmcm/inst/clkin1_ibufg/O
                                       net (fo=1, routed)           0.440     0.683    mmcm/inst/clk_in1_mmcm
                  MMCME2_ADV_X1Y2                                                   r  mmcm/inst/mmcm_adv_inst/CLKIN1
                  MMCME2_ADV_X1Y2      MMCME2_ADV (Prop_mmcme2_adv_CLKIN1_CLKOUT0)
                                                                   -2.540    -1.856 r  mmcm/inst/mmcm_adv_inst/CLKOUT0
                                       net (fo=1, routed)           0.531    -1.325    mmcm/inst/clk_out1_mmcm
                  BUFGCTRL_X0Y2                                                     r  mmcm/inst/clkout1_buf/I
                  BUFGCTRL_X0Y2        BUFG (Prop_bufg_I_O)         0.026    -1.299 r  mmcm/inst/clkout1_buf/O
                                       net (fo=2, routed)           0.606    -0.694    ddr3/u_ddr3_mig/u_ddr3_infrastructure/mmcm_clk
                  PLLE2_ADV_X1Y3                                                    r  ddr3/u_ddr3_mig/u_ddr3_infrastructure/plle2_i/CLKIN1
                  PLLE2_ADV_X1Y3       PLLE2_ADV (Prop_plle2_adv_CLKIN1_CLKOUT3)
                                                                    0.050    -0.644 r  ddr3/u_ddr3_mig/u_ddr3_infrastructure/plle2_i/CLKOUT3
                                       net (fo=1, routed)           0.426    -0.218    ddr3/u_ddr3_mig/u_ddr3_infrastructure/pll_clk3_out
                  BUFHCE_X1Y36                                                      r  ddr3/u_ddr3_mig/u_ddr3_infrastructure/u_bufh_pll_clk3/I
                  BUFHCE_X1Y36         BUFH (Prop_bufh_I_O)         0.020    -0.198 r  ddr3/u_ddr3_mig/u_ddr3_infrastructure/u_bufh_pll_clk3/O
                                       net (fo=1, routed)           0.313     0.115    ddr3/u_ddr3_mig/u_ddr3_infrastructure/pll_clk3
                  MMCME2_ADV_X1Y3                                                   r  ddr3/u_ddr3_mig/u_ddr3_infrastructure/gen_mmcm.mmcm_i/CLKIN1
                  MMCME2_ADV_X1Y3      MMCME2_ADV (Prop_mmcme2_adv_CLKIN1_CLKFBOUT)
                                                                   -1.156    -1.040 r  ddr3/u_ddr3_mig/u_ddr3_infrastructure/gen_mmcm.mmcm_i/CLKFBOUT
                                       net (fo=1, routed)           0.531    -0.509    ddr3/u_ddr3_mig/u_ddr3_infrastructure/clk_pll_i
                  BUFGCTRL_X0Y16                                                    r  ddr3/u_ddr3_mig/u_ddr3_infrastructure/u_bufg_clkdiv0/I
                  BUFGCTRL_X0Y16       BUFG (Prop_bufg_I_O)         0.026    -0.483 r  ddr3/u_ddr3_mig/u_ddr3_infrastructure/u_bufg_clkdiv0/O
                                       net (fo=26482, routed)       0.621     0.137    fpgaTop/rasterix/rasterixmem_wrapper/rasterixmem/rasterixmem_gpubuffer_0/axi_data_fifo_v2_1_36_axi_data_fifo/<hidden>/<hidden>/<hidden>/<hidden>/<hidden>/<hidden>
                  SLICE_X149Y109       FDCE                                         r  fpgaTop/rasterix/rasterixmem_wrapper/rasterixmem/rasterixmem_gpubuffer_0/axi_data_fifo_v2_1_36_axi_data_fifo/<hidden>/<hidden>/<hidden>/<hidden>/<hidden>/<hidden>
  ---------------------------------------------------------------------------------    -------------------
    Routing       SLICE_X149Y109       FDCE (Prop_fdce_C_Q)         0.141     0.278 r  fpgaTop/rasterix/rasterixmem_wrapper/rasterixmem/rasterixmem_gpubuffer_0/axi_data_fifo_v2_1_36_axi_data_fifo/<hidden>/<hidden>/<hidden>/<hidden>/<hidden>/<hidden>
                                       net (fo=64, routed)          0.104     0.383    fpgaTop/rasterix/rasterixmem_wrapper/rasterixmem/rasterixmem_gpubuffer_0/axi_data_fifo_v2_1_36_axi_data_fifo/<hidden>/<hidden>/<hidden>/<hidden>/<hidden>/<hidden>/<hidden>
    Routing       SLICE_X148Y109       RAMD32                                       r  fpgaTop/rasterix/rasterixmem_wrapper/rasterixmem/rasterixmem_gpubuffer_0/axi_data_fifo_v2_1_36_axi_data_fifo/<hidden>/<hidden>/<hidden>/<hidden>/<hidden>/<hidden>/<hidden>
  ---------------------------------------------------------------------------------    -------------------

                                       (clock clk_pll_i rise edge)
                                                                    0.000     0.000 r  
                  R4                                                0.000     0.000 r  clk (IN)
                                       net (fo=0)                   0.000     0.000    mmcm/inst/clk_in1
                  R4                                                                r  mmcm/inst/clkin1_ibufg/I
                  R4                   IBUF (Prop_ibuf_I_O)         0.431     0.431 r  mmcm/inst/clkin1_ibufg/O
                                       net (fo=1, routed)           0.480     0.911    mmcm/inst/clk_in1_mmcm
                  MMCME2_ADV_X1Y2                                                   r  mmcm/inst/mmcm_adv_inst/CLKIN1
                  MMCME2_ADV_X1Y2      MMCME2_ADV (Prop_mmcme2_adv_CLKIN1_CLKOUT0)
                                                                   -3.332    -2.421 r  mmcm/inst/mmcm_adv_inst/CLKOUT0
                                       net (fo=1, routed)           0.579    -1.843    mmcm/inst/clk_out1_mmcm
                  BUFGCTRL_X0Y2                                                     r  mmcm/inst/clkout1_buf/I
                  BUFGCTRL_X0Y2        BUFG (Prop_bufg_I_O)         0.029    -1.814 r  mmcm/inst/clkout1_buf/O
                                       net (fo=2, routed)           0.875    -0.939    ddr3/u_ddr3_mig/u_ddr3_infrastructure/mmcm_clk
                  PLLE2_ADV_X1Y3                                                    r  ddr3/u_ddr3_mig/u_ddr3_infrastructure/plle2_i/CLKIN1
                  PLLE2_ADV_X1Y3       PLLE2_ADV (Prop_plle2_adv_CLKIN1_CLKOUT3)
                                                                    0.053    -0.886 r  ddr3/u_ddr3_mig/u_ddr3_infrastructure/plle2_i/CLKOUT3
                                       net (fo=1, routed)           0.472    -0.414    ddr3/u_ddr3_mig/u_ddr3_infrastructure/pll_clk3_out
                  BUFHCE_X1Y36                                                      r  ddr3/u_ddr3_mig/u_ddr3_infrastructure/u_bufh_pll_clk3/I
                  BUFHCE_X1Y36         BUFH (Prop_bufh_I_O)         0.043    -0.371 r  ddr3/u_ddr3_mig/u_ddr3_infrastructure/u_bufh_pll_clk3/O
                                       net (fo=1, routed)           0.538     0.167    ddr3/u_ddr3_mig/u_ddr3_infrastructure/pll_clk3
                  MMCME2_ADV_X1Y3                                                   r  ddr3/u_ddr3_mig/u_ddr3_infrastructure/gen_mmcm.mmcm_i/CLKIN1
                  MMCME2_ADV_X1Y3      MMCME2_ADV (Prop_mmcme2_adv_CLKIN1_CLKFBOUT)
                                                                   -1.475    -1.308 r  ddr3/u_ddr3_mig/u_ddr3_infrastructure/gen_mmcm.mmcm_i/CLKFBOUT
                                       net (fo=1, routed)           0.579    -0.730    ddr3/u_ddr3_mig/u_ddr3_infrastructure/clk_pll_i
                  BUFGCTRL_X0Y16                                                    r  ddr3/u_ddr3_mig/u_ddr3_infrastructure/u_bufg_clkdiv0/I
                  BUFGCTRL_X0Y16       BUFG (Prop_bufg_I_O)         0.029    -0.701 r  ddr3/u_ddr3_mig/u_ddr3_infrastructure/u_bufg_clkdiv0/O
                                       net (fo=26482, routed)       0.893     0.192    fpgaTop/rasterix/rasterixmem_wrapper/rasterixmem/rasterixmem_gpubuffer_0/axi_data_fifo_v2_1_36_axi_data_fifo/<hidden>/<hidden>/<hidden>/<hidden>/<hidden>/<hidden>/<hidden>
                  SLICE_X148Y109       RAMD32                                       r  fpgaTop/rasterix/rasterixmem_wrapper/rasterixmem/rasterixmem_gpubuffer_0/axi_data_fifo_v2_1_36_axi_data_fifo/<hidden>/<hidden>/<hidden>/<hidden>/<hidden>/<hidden>/<hidden>
                                       clock pessimism             -0.042     0.150    
                  SLICE_X148Y109       RAMD32 (Hold_ramd32_CLK_WADR4)
                                                                    0.200     0.350    fpgaTop/rasterix/rasterixmem_wrapper/rasterixmem/rasterixmem_gpubuffer_0/axi_data_fifo_v2_1_36_axi_data_fifo/<hidden>/<hidden>/<hidden>/<hidden>/<hidden>/<hidden>/<hidden>
  ---------------------------------------------------------------------------------
                                       required time                         -0.350    
                                       arrival time                           0.383    
  ---------------------------------------------------------------------------------
                                       slack                                  0.032    





Pulse Width Checks
--------------------------------------------------------------------------------------
Clock Name:         clk_pll_i
Waveform(ns):       { 0.000 5.000 }
Period(ns):         10.000
Sources:            { ddr3/u_ddr3_mig/u_ddr3_infrastructure/gen_mmcm.mmcm_i/CLKFBOUT }

Check Type        Corner  Lib Pin             Reference Pin  Required(ns)  Actual(ns)  Slack(ns)  Location         Pin
Min Period        n/a     OUT_FIFO/WRCLK      n/a            5.000         10.000      5.000      OUT_FIFO_X1Y12   ddr3/u_ddr3_mig/u_memc_ui_top_axi/mem_intfc0/ddr_phy_top0/u_ddr_mc_phy_wrapper/u_ddr_mc_phy/ddr_phy_4lanes_0.u_ddr_phy_4lanes/ddr_byte_lane_A.ddr_byte_lane_A/out_fifo/WRCLK
Max Period        n/a     MMCME2_ADV/CLKFBIN  n/a            100.000       10.000      90.000     MMCME2_ADV_X1Y3  ddr3/u_ddr3_mig/u_ddr3_infrastructure/gen_mmcm.mmcm_i/CLKFBIN
Low Pulse Width   Slow    OUT_FIFO/WRCLK      n/a            2.150         5.000       2.850      OUT_FIFO_X1Y12   ddr3/u_ddr3_mig/u_memc_ui_top_axi/mem_intfc0/ddr_phy_top0/u_ddr_mc_phy_wrapper/u_ddr_mc_phy/ddr_phy_4lanes_0.u_ddr_phy_4lanes/ddr_byte_lane_A.ddr_byte_lane_A/out_fifo/WRCLK
High Pulse Width  Slow    OUT_FIFO/WRCLK      n/a            2.150         5.000       2.850      OUT_FIFO_X1Y12   ddr3/u_ddr3_mig/u_memc_ui_top_axi/mem_intfc0/ddr_phy_top0/u_ddr_mc_phy_wrapper/u_ddr_mc_phy/ddr_phy_4lanes_0.u_ddr_phy_4lanes/ddr_byte_lane_A.ddr_byte_lane_A/out_fifo/WRCLK



---------------------------------------------------------------------------------------------------
From Clock:  pll_clkfbout
  To Clock:  pll_clkfbout

Setup :           NA  Failing Endpoints,  Worst Slack           NA  ,  Total Violation           NA
Hold  :           NA  Failing Endpoints,  Worst Slack           NA  ,  Total Violation           NA
PW    :            0  Failing Endpoints,  Worst Slack        8.751ns,  Total Violation        0.000ns
---------------------------------------------------------------------------------------------------


Pulse Width Checks
--------------------------------------------------------------------------------------
Clock Name:         pll_clkfbout
Waveform(ns):       { 0.000 5.000 }
Period(ns):         10.000
Sources:            { ddr3/u_ddr3_mig/u_ddr3_infrastructure/plle2_i/CLKFBOUT }

Check Type  Corner  Lib Pin             Reference Pin  Required(ns)  Actual(ns)  Slack(ns)  Location        Pin
Min Period  n/a     PLLE2_ADV/CLKFBOUT  n/a            1.249         10.000      8.751      PLLE2_ADV_X1Y3  ddr3/u_ddr3_mig/u_ddr3_infrastructure/plle2_i/CLKFBOUT
Max Period  n/a     PLLE2_ADV/CLKFBIN   n/a            52.633        10.000      42.633     PLLE2_ADV_X1Y3  ddr3/u_ddr3_mig/u_ddr3_infrastructure/plle2_i/CLKFBIN



---------------------------------------------------------------------------------------------------
From Clock:  sync_pulse
  To Clock:  sync_pulse

Setup :           NA  Failing Endpoints,  Worst Slack           NA  ,  Total Violation           NA
Hold  :           NA  Failing Endpoints,  Worst Slack           NA  ,  Total Violation           NA
PW    :            0  Failing Endpoints,  Worst Slack        1.250ns,  Total Violation        0.000ns
---------------------------------------------------------------------------------------------------


Pulse Width Checks
--------------------------------------------------------------------------------------
Clock Name:         sync_pulse
Waveform(ns):       { 1.094 3.594 }
Period(ns):         40.000
Sources:            { ddr3/u_ddr3_mig/u_ddr3_infrastructure/plle2_i/CLKOUT2 }

Check Type        Corner  Lib Pin                Reference Pin  Required(ns)  Actual(ns)  Slack(ns)  Location              Pin
Min Period        n/a     PLLE2_ADV/CLKOUT2      n/a            1.249         40.000      38.751     PLLE2_ADV_X1Y3        ddr3/u_ddr3_mig/u_ddr3_infrastructure/plle2_i/CLKOUT2
Max Period        n/a     PLLE2_ADV/CLKOUT2      n/a            160.000       40.000      120.000    PLLE2_ADV_X1Y3        ddr3/u_ddr3_mig/u_ddr3_infrastructure/plle2_i/CLKOUT2
High Pulse Width  Slow    PHASER_OUT_PHY/SYNCIN  n/a            1.250         2.500       1.250      PHASER_OUT_PHY_X1Y12  ddr3/u_ddr3_mig/u_memc_ui_top_axi/mem_intfc0/ddr_phy_top0/u_ddr_mc_phy_wrapper/u_ddr_mc_phy/ddr_phy_4lanes_0.u_ddr_phy_4lanes/ddr_byte_lane_A.ddr_byte_lane_A/phaser_out/SYNCIN



---------------------------------------------------------------------------------------------------
From Clock:  clk_out2_mmcm
  To Clock:  clk_out2_mmcm

Setup :            0  Failing Endpoints,  Worst Slack        1.986ns,  Total Violation        0.000ns
Hold  :            0  Failing Endpoints,  Worst Slack        0.131ns,  Total Violation        0.000ns
PW    :            0  Failing Endpoints,  Worst Slack        0.264ns,  Total Violation        0.000ns
---------------------------------------------------------------------------------------------------


Max Delay Paths
--------------------------------------------------------------------------------------
Slack (MET) :             1.986ns  (required time - arrival time)
  Source:                 ddr3/u_ddr3_mig/temp_mon_enabled.u_tempmon/xadc_supplied_temperature.rst_r2_reg/C
                            (rising edge-triggered cell FDRE clocked by clk_out2_mmcm  {rise@0.000ns fall@2.500ns period=5.000ns})
  Destination:            ddr3/u_ddr3_mig/temp_mon_enabled.u_tempmon/xadc_supplied_temperature.sample_timer_reg[0]/R
                            (rising edge-triggered cell FDRE clocked by clk_out2_mmcm  {rise@0.000ns fall@2.500ns period=5.000ns})
  Path Group:             clk_out2_mmcm
  Path Type:              Setup (Max at Slow Process Corner)
  Requirement:            5.000ns  (clk_out2_mmcm rise@5.000ns - clk_out2_mmcm rise@0.000ns)
  Data Path Delay:        2.564ns  (logic 0.718ns (28.000%)  route 1.846ns (72.000%))
  Logic Levels:           1  (LUT2=1)
  Clock Path Skew:        0.047ns (DCD - SCD + CPR)
    Destination Clock Delay (DCD):    -1.674ns = ( 3.326 - 5.000 ) 
    Source Clock Delay      (SCD):    -1.169ns
    Clock Pessimism Removal (CPR):    0.552ns
  Clock Uncertainty:      0.067ns  ((TSJ^2 + DJ^2)^1/2) / 2 + PE
    Total System Jitter     (TSJ):    0.071ns
    Discrete Jitter          (DJ):    0.115ns
    Phase Error              (PE):    0.000ns

    Pin Reuse     Location             Delay type                Incr(ns)  Path(ns)    Netlist Resource(s)
  ---------------------------------------------------------------------------------    -------------------
                                       (clock clk_out2_mmcm rise edge)
                                                                    0.000     0.000 r  
                  R4                                                0.000     0.000 r  clk (IN)
                                       net (fo=0)                   0.000     0.000    mmcm/inst/clk_in1
                  R4                                                                r  mmcm/inst/clkin1_ibufg/I
                  R4                   IBUF (Prop_ibuf_I_O)         1.475     1.475 r  mmcm/inst/clkin1_ibufg/O
                                       net (fo=1, routed)           1.233     2.708    mmcm/inst/clk_in1_mmcm
                  MMCME2_ADV_X1Y2                                                   r  mmcm/inst/mmcm_adv_inst/CLKIN1
                  MMCME2_ADV_X1Y2      MMCME2_ADV (Prop_mmcme2_adv_CLKIN1_CLKOUT1)
                                                                   -7.432    -4.724 r  mmcm/inst/mmcm_adv_inst/CLKOUT1
                                       net (fo=1, routed)           1.808    -2.915    mmcm/inst/clk_out2_mmcm
                  BUFGCTRL_X0Y1                                                     r  mmcm/inst/clkout2_buf/I
                  BUFGCTRL_X0Y1        BUFG (Prop_bufg_I_O)         0.096    -2.819 r  mmcm/inst/clkout2_buf/O
                                       net (fo=62, routed)          1.650    -1.169    ddr3/u_ddr3_mig/temp_mon_enabled.u_tempmon/clk_ref_i
                  SLICE_X50Y182        FDRE                                         r  ddr3/u_ddr3_mig/temp_mon_enabled.u_tempmon/xadc_supplied_temperature.rst_r2_reg/C
  ---------------------------------------------------------------------------------    -------------------
    Routing       SLICE_X50Y182        FDRE (Prop_fdre_C_Q)         0.419    -0.750 r  ddr3/u_ddr3_mig/temp_mon_enabled.u_tempmon/xadc_supplied_temperature.rst_r2_reg/Q
                                       net (fo=32, routed)          1.051     0.300    ddr3/u_ddr3_mig/temp_mon_enabled.u_tempmon/xadc_supplied_temperature.rst_r2
    Routing       SLICE_X39Y182                                                     r  ddr3/u_ddr3_mig/temp_mon_enabled.u_tempmon/xadc_supplied_temperature.sample_timer[10]_i_1/I0
    Routing       SLICE_X39Y182        LUT2 (Prop_lut2_I0_O)        0.299     0.599 r  ddr3/u_ddr3_mig/temp_mon_enabled.u_tempmon/xadc_supplied_temperature.sample_timer[10]_i_1/O
                                       net (fo=11, routed)          0.796     1.395    ddr3/u_ddr3_mig/temp_mon_enabled.u_tempmon/xadc_supplied_temperature.sample_timer0__20
    Routing       SLICE_X41Y183        FDRE                                         r  ddr3/u_ddr3_mig/temp_mon_enabled.u_tempmon/xadc_supplied_temperature.sample_timer_reg[0]/R
  ---------------------------------------------------------------------------------    -------------------

                                       (clock clk_out2_mmcm rise edge)
                                                                    5.000     5.000 r  
                  R4                                                0.000     5.000 r  clk (IN)
                                       net (fo=0)                   0.000     5.000    mmcm/inst/clk_in1
                  R4                                                                r  mmcm/inst/clkin1_ibufg/I
                  R4                   IBUF (Prop_ibuf_I_O)         1.405     6.405 r  mmcm/inst/clkin1_ibufg/O
                                       net (fo=1, routed)           1.162     7.567    mmcm/inst/clk_in1_mmcm
                  MMCME2_ADV_X1Y2                                                   r  mmcm/inst/mmcm_adv_inst/CLKIN1
                  MMCME2_ADV_X1Y2      MMCME2_ADV (Prop_mmcme2_adv_CLKIN1_CLKOUT1)
                                                                   -7.674    -0.107 r  mmcm/inst/mmcm_adv_inst/CLKOUT1
                                       net (fo=1, routed)           1.723     1.616    mmcm/inst/clk_out2_mmcm
                  BUFGCTRL_X0Y1                                                     r  mmcm/inst/clkout2_buf/I
                  BUFGCTRL_X0Y1        BUFG (Prop_bufg_I_O)         0.091     1.707 r  mmcm/inst/clkout2_buf/O
                                       net (fo=62, routed)          1.619     3.326    ddr3/u_ddr3_mig/temp_mon_enabled.u_tempmon/clk_ref_i
                  SLICE_X41Y183        FDRE                                         r  ddr3/u_ddr3_mig/temp_mon_enabled.u_tempmon/xadc_supplied_temperature.sample_timer_reg[0]/C
                                       clock pessimism              0.552     3.878    
                                       clock uncertainty           -0.067     3.810    
                  SLICE_X41Y183        FDRE (Setup_fdre_C_R)       -0.429     3.381    ddr3/u_ddr3_mig/temp_mon_enabled.u_tempmon/xadc_supplied_temperature.sample_timer_reg[0]
  ---------------------------------------------------------------------------------
                                       required time                          3.381    
                                       arrival time                          -1.395    
  ---------------------------------------------------------------------------------
                                       slack                                  1.986    





Min Delay Paths
--------------------------------------------------------------------------------------
Slack (MET) :             0.131ns  (arrival time - required time)
  Source:                 ddr3/u_ddr3_mig/temp_mon_enabled.u_tempmon/xadc_supplied_temperature.rst_r1_reg/C
                            (rising edge-triggered cell FDRE clocked by clk_out2_mmcm  {rise@0.000ns fall@2.500ns period=5.000ns})
  Destination:            ddr3/u_ddr3_mig/temp_mon_enabled.u_tempmon/xadc_supplied_temperature.rst_r2_reg/D
                            (rising edge-triggered cell FDRE clocked by clk_out2_mmcm  {rise@0.000ns fall@2.500ns period=5.000ns})
  Path Group:             clk_out2_mmcm
  Path Type:              Hold (Min at Fast Process Corner)
  Requirement:            0.000ns  (clk_out2_mmcm rise@0.000ns - clk_out2_mmcm rise@0.000ns)
  Data Path Delay:        0.206ns  (logic 0.141ns (68.336%)  route 0.065ns (31.664%))
  Logic Levels:           0  
  Clock Path Skew:        0.000ns (DCD - SCD - CPR)
    Destination Clock Delay (DCD):    -0.968ns
    Source Clock Delay      (SCD):    -0.722ns
    Clock Pessimism Removal (CPR):    -0.246ns

    Pin Reuse     Location             Delay type                Incr(ns)  Path(ns)    Netlist Resource(s)
  ---------------------------------------------------------------------------------    -------------------
                                       (clock clk_out2_mmcm rise edge)
                                                                    0.000     0.000 r  
                  R4                                                0.000     0.000 r  clk (IN)
                                       net (fo=0)                   0.000     0.000    mmcm/inst/clk_in1
                  R4                                                                r  mmcm/inst/clkin1_ibufg/I
                  R4                   IBUF (Prop_ibuf_I_O)         0.243     0.243 r  mmcm/inst/clkin1_ibufg/O
                                       net (fo=1, routed)           0.440     0.683    mmcm/inst/clk_in1_mmcm
                  MMCME2_ADV_X1Y2                                                   r  mmcm/inst/mmcm_adv_inst/CLKIN1
                  MMCME2_ADV_X1Y2      MMCME2_ADV (Prop_mmcme2_adv_CLKIN1_CLKOUT1)
                                                                   -2.540    -1.856 r  mmcm/inst/mmcm_adv_inst/CLKOUT1
                                       net (fo=1, routed)           0.531    -1.325    mmcm/inst/clk_out2_mmcm
                  BUFGCTRL_X0Y1                                                     r  mmcm/inst/clkout2_buf/I
                  BUFGCTRL_X0Y1        BUFG (Prop_bufg_I_O)         0.026    -1.299 r  mmcm/inst/clkout2_buf/O
                                       net (fo=62, routed)          0.578    -0.722    ddr3/u_ddr3_mig/temp_mon_enabled.u_tempmon/clk_ref_i
                  SLICE_X50Y182        FDRE                                         r  ddr3/u_ddr3_mig/temp_mon_enabled.u_tempmon/xadc_supplied_temperature.rst_r1_reg/C
  ---------------------------------------------------------------------------------    -------------------
    Routing       SLICE_X50Y182        FDRE (Prop_fdre_C_Q)         0.141    -0.581 r  ddr3/u_ddr3_mig/temp_mon_enabled.u_tempmon/xadc_supplied_temperature.rst_r1_reg/Q
                                       net (fo=1, routed)           0.065    -0.515    ddr3/u_ddr3_mig/temp_mon_enabled.u_tempmon/xadc_supplied_temperature.rst_r1
    Routing       SLICE_X50Y182        FDRE                                         r  ddr3/u_ddr3_mig/temp_mon_enabled.u_tempmon/xadc_supplied_temperature.rst_r2_reg/D
  ---------------------------------------------------------------------------------    -------------------

                                       (clock clk_out2_mmcm rise edge)
                                                                    0.000     0.000 r  
                  R4                                                0.000     0.000 r  clk (IN)
                                       net (fo=0)                   0.000     0.000    mmcm/inst/clk_in1
                  R4                                                                r  mmcm/inst/clkin1_ibufg/I
                  R4                   IBUF (Prop_ibuf_I_O)         0.431     0.431 r  mmcm/inst/clkin1_ibufg/O
                                       net (fo=1, routed)           0.480     0.911    mmcm/inst/clk_in1_mmcm
                  MMCME2_ADV_X1Y2                                                   r  mmcm/inst/mmcm_adv_inst/CLKIN1
                  MMCME2_ADV_X1Y2      MMCME2_ADV (Prop_mmcme2_adv_CLKIN1_CLKOUT1)
                                                                   -3.332    -2.421 r  mmcm/inst/mmcm_adv_inst/CLKOUT1
                                       net (fo=1, routed)           0.579    -1.843    mmcm/inst/clk_out2_mmcm
                  BUFGCTRL_X0Y1                                                     r  mmcm/inst/clkout2_buf/I
                  BUFGCTRL_X0Y1        BUFG (Prop_bufg_I_O)         0.029    -1.814 r  mmcm/inst/clkout2_buf/O
                                       net (fo=62, routed)          0.845    -0.968    ddr3/u_ddr3_mig/temp_mon_enabled.u_tempmon/clk_ref_i
                  SLICE_X50Y182        FDRE                                         r  ddr3/u_ddr3_mig/temp_mon_enabled.u_tempmon/xadc_supplied_temperature.rst_r2_reg/C
                                       clock pessimism              0.246    -0.722    
                  SLICE_X50Y182        FDRE (Hold_fdre_C_D)         0.075    -0.647    ddr3/u_ddr3_mig/temp_mon_enabled.u_tempmon/xadc_supplied_temperature.rst_r2_reg
  ---------------------------------------------------------------------------------
                                       required time                          0.647    
                                       arrival time                          -0.515    
  ---------------------------------------------------------------------------------
                                       slack                                  0.131    





Pulse Width Checks
--------------------------------------------------------------------------------------
Clock Name:         clk_out2_mmcm
Waveform(ns):       { 0.000 2.500 }
Period(ns):         5.000
Sources:            { mmcm/inst/mmcm_adv_inst/CLKOUT1 }

Check Type        Corner  Lib Pin            Reference Pin  Required(ns)  Actual(ns)  Slack(ns)  Location         Pin
Min Period        n/a     XADC/DCLK          n/a            4.000         5.000       1.000      XADC_X0Y0        ddr3/u_ddr3_mig/temp_mon_enabled.u_tempmon/xadc_supplied_temperature.XADC_inst/DCLK
Max Period        n/a     IDELAYCTRL/REFCLK  n/a            5.264         5.000       0.264      IDELAYCTRL_X1Y3  ddr3/u_ddr3_mig/u_iodelay_ctrl/u_idelayctrl_200/REFCLK
Low Pulse Width   Slow    FDSE/C             n/a            0.500         2.500       2.000      SLICE_X38Y182    ddr3/u_ddr3_mig/temp_mon_enabled.u_tempmon/FSM_onehot_xadc_supplied_temperature.tempmon_state_reg[0]/C
High Pulse Width  Slow    FDSE/C             n/a            0.500         2.500       2.000      SLICE_X38Y182    ddr3/u_ddr3_mig/temp_mon_enabled.u_tempmon/FSM_onehot_xadc_supplied_temperature.tempmon_state_reg[0]/C



---------------------------------------------------------------------------------------------------
From Clock:  clk_out3_mmcm
  To Clock:  clk_out3_mmcm

Setup :            0  Failing Endpoints,  Worst Slack        0.557ns,  Total Violation        0.000ns
Hold  :            0  Failing Endpoints,  Worst Slack        0.014ns,  Total Violation        0.000ns
PW    :            0  Failing Endpoints,  Worst Slack       23.750ns,  Total Violation        0.000ns
---------------------------------------------------------------------------------------------------


Max Delay Paths
--------------------------------------------------------------------------------------
Slack (MET) :             0.557ns  (required time - arrival time)
  Source:                 wallypipelinedsoc/uncoregen.uncore/sdc.sdc/TransmitReg_reg[7]/C
                            (rising edge-triggered cell FDRE clocked by clk_out3_mmcm  {rise@0.000ns fall@25.000ns period=50.000ns})
  Destination:            SDCCmd
                            (output port clocked by clk_out3_mmcm  {rise@0.000ns fall@25.000ns period=50.000ns})
  Path Group:             clk_out3_mmcm
  Path Type:              Max at Slow Process Corner
  Requirement:            10.000ns  (MaxDelay Path 10.000ns)
  Data Path Delay:        9.443ns  (logic 4.452ns (47.143%)  route 4.991ns (52.857%))
  Logic Levels:           1  (OBUF=1)
  Output Delay:           0.000ns
  Timing Exception:       MaxDelay Path 10.000ns -datapath_only

    Pin Reuse     Location             Delay type                Incr(ns)  Path(ns)    Netlist Resource(s)
  ---------------------------------------------------------------------------------    -------------------
    Placement     SLICE_X91Y141                                     0.000     0.000 r  wallypipelinedsoc/uncoregen.uncore/sdc.sdc/TransmitReg_reg[7]/C
    Routing       SLICE_X91Y141        FDRE (Prop_fdre_C_Q)         0.456     0.456 r  wallypipelinedsoc/uncoregen.uncore/sdc.sdc/TransmitReg_reg[7]/Q
                                       net (fo=1, routed)           4.991     5.447    SDCCmd_OBUF
    Routing       W20                                                               r  SDCCmd_OBUF_inst/I
    Routing       W20                  OBUF (Prop_obuf_I_O)         3.996     9.443 r  SDCCmd_OBUF_inst/O
                                       net (fo=0)                   0.000     9.443    SDCCmd
                  W20                                                               r  SDCCmd (OUT)
  ---------------------------------------------------------------------------------    -------------------

                                       max delay                   10.000    10.000    
                                       output delay                -0.000    10.000    
  ---------------------------------------------------------------------------------
                                       required time                         10.000    
                                       arrival time                          -9.443    
  ---------------------------------------------------------------------------------
                                       slack                                  0.557    





Min Delay Paths
--------------------------------------------------------------------------------------
Slack (MET) :             0.014ns  (arrival time - required time)
  Source:                 wallypipelinedsoc/uncoregen.uncore/pwm.pwm/PWMCompare0_reg[12]/C
                            (rising edge-triggered cell FDSE clocked by clk_out3_mmcm  {rise@0.000ns fall@25.000ns period=50.000ns})
  Destination:            wallypipelinedsoc/uncoregen.uncore/pwm.pwm/Dout_reg[12]/D
                            (rising edge-triggered cell FDRE clocked by clk_out3_mmcm  {rise@0.000ns fall@25.000ns period=50.000ns})
  Path Group:             clk_out3_mmcm
  Path Type:              Hold (Min at Fast Process Corner)
  Requirement:            0.000ns  (clk_out3_mmcm rise@0.000ns - clk_out3_mmcm rise@0.000ns)
  Data Path Delay:        0.414ns  (logic 0.248ns (59.968%)  route 0.166ns (40.032%))
  Logic Levels:           2  (LUT6=1 MUXF7=1)
  Clock Path Skew:        0.266ns (DCD - SCD - CPR)
    Destination Clock Delay (DCD):    -0.977ns
    Source Clock Delay      (SCD):    -0.734ns
    Clock Pessimism Removal (CPR):    -0.509ns

    Pin Reuse     Location             Delay type                Incr(ns)  Path(ns)    Netlist Resource(s)
  ---------------------------------------------------------------------------------    -------------------
                                       (clock clk_out3_mmcm rise edge)
                                                                    0.000     0.000 r  
                  R4                                                0.000     0.000 r  clk (IN)
                                       net (fo=0)                   0.000     0.000    mmcm/inst/clk_in1
                  R4                                                                r  mmcm/inst/clkin1_ibufg/I
                  R4                   IBUF (Prop_ibuf_I_O)         0.243     0.243 r  mmcm/inst/clkin1_ibufg/O
                                       net (fo=1, routed)           0.440     0.683    mmcm/inst/clk_in1_mmcm
                  MMCME2_ADV_X1Y2                                                   r  mmcm/inst/mmcm_adv_inst/CLKIN1
                  MMCME2_ADV_X1Y2      MMCME2_ADV (Prop_mmcme2_adv_CLKIN1_CLKOUT2)
                                                                   -2.540    -1.856 r  mmcm/inst/mmcm_adv_inst/CLKOUT2
                                       net (fo=1, routed)           0.531    -1.325    mmcm/inst/clk_out3_mmcm
                  BUFGCTRL_X0Y3                                                     r  mmcm/inst/clkout3_buf/I
                  BUFGCTRL_X0Y3        BUFG (Prop_bufg_I_O)         0.026    -1.299 r  mmcm/inst/clkout3_buf/O
                                       net (fo=27941, routed)       0.566    -0.734    wallypipelinedsoc/uncoregen.uncore/pwm.pwm/clk_out3
                  SLICE_X83Y149        FDSE                                         r  wallypipelinedsoc/uncoregen.uncore/pwm.pwm/PWMCompare0_reg[12]/C
  ---------------------------------------------------------------------------------    -------------------
    Routing       SLICE_X83Y149        FDSE (Prop_fdse_C_Q)         0.141    -0.593 r  wallypipelinedsoc/uncoregen.uncore/pwm.pwm/PWMCompare0_reg[12]/Q
                                       net (fo=3, routed)           0.166    -0.427    wallypipelinedsoc/uncoregen.uncore/pwm.pwm/PWMCompare0_reg_n_0_[12]
    Routing       SLICE_X84Y149                                                     r  wallypipelinedsoc/uncoregen.uncore/pwm.pwm/Dout[12]_i_2__1/I0
    Routing       SLICE_X84Y149        LUT6 (Prop_lut6_I0_O)        0.045    -0.382 r  wallypipelinedsoc/uncoregen.uncore/pwm.pwm/Dout[12]_i_2__1/O
                                       net (fo=1, routed)           0.000    -0.382    wallypipelinedsoc/uncoregen.uncore/pwm.pwm/Dout[12]_i_2__1_n_0
    Routing       SLICE_X84Y149                                                     r  wallypipelinedsoc/uncoregen.uncore/pwm.pwm/Dout_reg[12]_i_1/I0
    Routing       SLICE_X84Y149        MUXF7 (Prop_muxf7_I0_O)      0.062    -0.320 r  wallypipelinedsoc/uncoregen.uncore/pwm.pwm/Dout_reg[12]_i_1/O
                                       net (fo=1, routed)           0.000    -0.320    wallypipelinedsoc/uncoregen.uncore/pwm.pwm/Dout_reg[12]_i_1_n_0
    Routing       SLICE_X84Y149        FDRE                                         r  wallypipelinedsoc/uncoregen.uncore/pwm.pwm/Dout_reg[12]/D
  ---------------------------------------------------------------------------------    -------------------

                                       (clock clk_out3_mmcm rise edge)
                                                                    0.000     0.000 r  
                  R4                                                0.000     0.000 r  clk (IN)
                                       net (fo=0)                   0.000     0.000    mmcm/inst/clk_in1
                  R4                                                                r  mmcm/inst/clkin1_ibufg/I
                  R4                   IBUF (Prop_ibuf_I_O)         0.431     0.431 r  mmcm/inst/clkin1_ibufg/O
                                       net (fo=1, routed)           0.480     0.911    mmcm/inst/clk_in1_mmcm
                  MMCME2_ADV_X1Y2                                                   r  mmcm/inst/mmcm_adv_inst/CLKIN1
                  MMCME2_ADV_X1Y2      MMCME2_ADV (Prop_mmcme2_adv_CLKIN1_CLKOUT2)
                                                                   -3.332    -2.421 r  mmcm/inst/mmcm_adv_inst/CLKOUT2
                                       net (fo=1, routed)           0.579    -1.843    mmcm/inst/clk_out3_mmcm
                  BUFGCTRL_X0Y3                                                     r  mmcm/inst/clkout3_buf/I
                  BUFGCTRL_X0Y3        BUFG (Prop_bufg_I_O)         0.029    -1.814 r  mmcm/inst/clkout3_buf/O
                                       net (fo=27941, routed)       0.837    -0.977    wallypipelinedsoc/uncoregen.uncore/pwm.pwm/clk_out3
                  SLICE_X84Y149        FDRE                                         r  wallypipelinedsoc/uncoregen.uncore/pwm.pwm/Dout_reg[12]/C
                                       clock pessimism              0.509    -0.468    
                  SLICE_X84Y149        FDRE (Hold_fdre_C_D)         0.134    -0.334    wallypipelinedsoc/uncoregen.uncore/pwm.pwm/Dout_reg[12]
  ---------------------------------------------------------------------------------
                                       required time                          0.334    
                                       arrival time                          -0.320    
  ---------------------------------------------------------------------------------
                                       slack                                  0.014    





Pulse Width Checks
--------------------------------------------------------------------------------------
Clock Name:         clk_out3_mmcm
Waveform(ns):       { 0.000 25.000 }
Period(ns):         50.000
Sources:            { mmcm/inst/mmcm_adv_inst/CLKOUT2 }

Check Type        Corner  Lib Pin             Reference Pin  Required(ns)  Actual(ns)  Slack(ns)  Location         Pin
Min Period        n/a     RAMB18E1/CLKARDCLK  n/a            2.944         50.000      47.056     RAMB18_X2Y37     wallypipelinedsoc/core/ifu/bpred.bpred/Predictor.DirPredictor/PHT/ram.RAM_reg/CLKARDCLK
Max Period        n/a     MMCME2_ADV/CLKOUT2  n/a            213.360       50.000      163.360    MMCME2_ADV_X1Y2  mmcm/inst/mmcm_adv_inst/CLKOUT2
Low Pulse Width   Slow    RAMD32/CLK          n/a            1.250         25.000      23.750     SLICE_X124Y130   fpgaTop/clkconverter/clkconverter_axi_clock_converter_v2_1_35_axi_clock_converter/<hidden>/<hidden>/<hidden>/<hidden>/<hidden>/<hidden>/<hidden>
High Pulse Width  Slow    RAMD32/CLK          n/a            1.250         25.000      23.750     SLICE_X124Y130   fpgaTop/clkconverter/clkconverter_axi_clock_converter_v2_1_35_axi_clock_converter/<hidden>/<hidden>/<hidden>/<hidden>/<hidden>/<hidden>/<hidden>



---------------------------------------------------------------------------------------------------
From Clock:  clkfbout_mmcm
  To Clock:  clkfbout_mmcm

Setup :           NA  Failing Endpoints,  Worst Slack           NA  ,  Total Violation           NA
Hold  :           NA  Failing Endpoints,  Worst Slack           NA  ,  Total Violation           NA
PW    :            0  Failing Endpoints,  Worst Slack        7.845ns,  Total Violation        0.000ns
---------------------------------------------------------------------------------------------------


Pulse Width Checks
--------------------------------------------------------------------------------------
Clock Name:         clkfbout_mmcm
Waveform(ns):       { 0.000 5.000 }
Period(ns):         10.000
Sources:            { mmcm/inst/mmcm_adv_inst/CLKFBOUT }

Check Type  Corner  Lib Pin             Reference Pin  Required(ns)  Actual(ns)  Slack(ns)  Location         Pin
Min Period  n/a     BUFG/I              n/a            2.155         10.000      7.845      BUFGCTRL_X0Y5    mmcm/inst/clkf_buf/I
Max Period  n/a     MMCME2_ADV/CLKFBIN  n/a            100.000       10.000      90.000     MMCME2_ADV_X1Y2  mmcm/inst/mmcm_adv_inst/CLKFBIN



---------------------------------------------------------------------------------------------------
From Clock:  clk_pll_i
  To Clock:  clk_out1_videoclock

Setup :            0  Failing Endpoints,  Worst Slack        7.510ns,  Total Violation        0.000ns
Hold  :           NA  Failing Endpoints,  Worst Slack           NA  ,  Total Violation           NA
---------------------------------------------------------------------------------------------------


Max Delay Paths
--------------------------------------------------------------------------------------
Slack (MET) :             7.510ns  (required time - arrival time)
  Source:                 rasterixgen.rasterix/memory/rasterixmem_i/interconnect/inst/s02_nodes/s02_r_node/inst/inst_mi_handler/gen_normal_area.inst_fifo_node_payld/gen_xpm_memory_fifo.inst_fifo/gen_mem_rep[0].inst_xpm_memory/xpm_memory_base_inst/gen_wr_a.gen_word_narrow.mem_reg_0_31_42_47/RAMA/CLK
                            (rising edge-triggered cell RAMD32 clocked by clk_pll_i  {rise@0.000ns fall@5.000ns period=10.000ns})
  Destination:            rasterixgen.rasterix/memory/rasterixmem_i/interconnect/inst/s02_nodes/s02_r_node/inst/inst_mi_handler/gen_normal_area.inst_fifo_node_payld/gen_xpm_memory_fifo.inst_fifo/gen_mem_rep[0].inst_xpm_memory/xpm_memory_base_inst/gen_rd_b.gen_rd_b_synth_template.gen_rf_narrow_reg.doutb_reg_reg[42]/D
                            (rising edge-triggered cell FDRE clocked by clk_out1_videoclock  {rise@0.000ns fall@19.841ns period=39.683ns})
  Path Group:             clk_out1_videoclock
  Path Type:              Setup (Max at Slow Process Corner)
  Requirement:            10.000ns  (MaxDelay Path 10.000ns)
  Data Path Delay:        2.205ns  (logic 1.344ns (60.959%)  route 0.861ns (39.041%))
  Logic Levels:           0  
  Timing Exception:       MaxDelay Path 10.000ns -datapath_only

    Pin Reuse     Location             Delay type                Incr(ns)  Path(ns)    Netlist Resource(s)
  ---------------------------------------------------------------------------------    -------------------
    Placement     SLICE_X132Y158                                    0.000     0.000 r  rasterixgen.rasterix/memory/rasterixmem_i/interconnect/inst/s02_nodes/s02_r_node/inst/inst_mi_handler/gen_normal_area.inst_fifo_node_payld/gen_xpm_memory_fifo.inst_fifo/gen_mem_rep[0].inst_xpm_memory/xpm_memory_base_inst/gen_wr_a.gen_word_narrow.mem_reg_0_31_42_47/RAMA/CLK
    Routing       SLICE_X132Y158       RAMD32 (Prop_ramd32_CLK_O)
                                                                    1.344     1.344 r  rasterixgen.rasterix/memory/rasterixmem_i/interconnect/inst/s02_nodes/s02_r_node/inst/inst_mi_handler/gen_normal_area.inst_fifo_node_payld/gen_xpm_memory_fifo.inst_fifo/gen_mem_rep[0].inst_xpm_memory/xpm_memory_base_inst/gen_wr_a.gen_word_narrow.mem_reg_0_31_42_47/RAMA/O
                                       net (fo=1, routed)           0.861     2.205    rasterixgen.rasterix/memory/rasterixmem_i/interconnect/inst/s02_nodes/s02_r_node/inst/inst_mi_handler/gen_normal_area.inst_fifo_node_payld/gen_xpm_memory_fifo.inst_fifo/gen_mem_rep[0].inst_xpm_memory/xpm_memory_base_inst/gen_rd_b.gen_rd_b_synth_template.gen_rf_narrow_reg.doutb_reg_reg0[42]
    Routing       SLICE_X123Y160       FDRE                                         r  rasterixgen.rasterix/memory/rasterixmem_i/interconnect/inst/s02_nodes/s02_r_node/inst/inst_mi_handler/gen_normal_area.inst_fifo_node_payld/gen_xpm_memory_fifo.inst_fifo/gen_mem_rep[0].inst_xpm_memory/xpm_memory_base_inst/gen_rd_b.gen_rd_b_synth_template.gen_rf_narrow_reg.doutb_reg_reg[42]/D
  ---------------------------------------------------------------------------------    -------------------

                                       max delay                   10.000    10.000    
                  SLICE_X123Y160       FDRE (Setup_fdre_C_D)       -0.285     9.715    rasterixgen.rasterix/memory/rasterixmem_i/interconnect/inst/s02_nodes/s02_r_node/inst/inst_mi_handler/gen_normal_area.inst_fifo_node_payld/gen_xpm_memory_fifo.inst_fifo/gen_mem_rep[0].inst_xpm_memory/xpm_memory_base_inst/gen_rd_b.gen_rd_b_synth_template.gen_rf_narrow_reg.doutb_reg_reg[42]
  ---------------------------------------------------------------------------------
                                       required time                          9.715    
                                       arrival time                          -2.205    
  ---------------------------------------------------------------------------------
                                       slack                                  7.510    





---------------------------------------------------------------------------------------------------
From Clock:  clk_out1_videoclock
  To Clock:  clk_out2_videoclock

Setup :            0  Failing Endpoints,  Worst Slack        3.886ns,  Total Violation        0.000ns
Hold  :            0  Failing Endpoints,  Worst Slack        0.071ns,  Total Violation        0.000ns
---------------------------------------------------------------------------------------------------


Max Delay Paths
--------------------------------------------------------------------------------------
Slack (MET) :             3.886ns  (required time - arrival time)
  Source:                 rasterixgen.rasterix/display/display/u_dvi/u_tmds_red/encoded_q_reg[3]/C
                            (rising edge-triggered cell FDCE clocked by clk_out1_videoclock  {rise@0.000ns fall@19.841ns period=39.683ns})
  Destination:            rasterixgen.rasterix/display/display/u_dvi/tmds_red_x5_q_reg[3]/D
                            (rising edge-triggered cell FDCE clocked by clk_out2_videoclock  {rise@0.000ns fall@3.968ns period=7.937ns})
  Path Group:             clk_out2_videoclock
  Path Type:              Setup (Max at Slow Process Corner)
  Requirement:            7.937ns  (clk_out2_videoclock rise@7.937ns - clk_out1_videoclock rise@0.000ns)
  Data Path Delay:        3.176ns  (logic 0.743ns (23.395%)  route 2.433ns (76.605%))
  Logic Levels:           1  (LUT1=1)
  Clock Path Skew:        -0.247ns (DCD - SCD + CPR)
    Destination Clock Delay (DCD):    -1.739ns = ( 6.197 - 7.937 ) 
    Source Clock Delay      (SCD):    -1.147ns
    Clock Pessimism Removal (CPR):    0.345ns
  Clock Uncertainty:      0.358ns  ((TSJ^2 + DJ^2)^1/2) / 2 + PE
    Total System Jitter     (TSJ):    0.071ns
    Discrete Jitter          (DJ):    0.470ns
    Phase Error              (PE):    0.120ns

    Pin Reuse     Location             Delay type                Incr(ns)  Path(ns)    Netlist Resource(s)
  ---------------------------------------------------------------------------------    -------------------
                                       (clock clk_out1_videoclock rise edge)
                                                                    0.000     0.000 r  
                  R4                                                0.000     0.000 r  clk (IN)
                                       net (fo=0)                   0.000     0.000    mmcm/inst/clk_in1
                  R4                                                                r  mmcm/inst/clkin1_ibufg/I
                  R4                   IBUF (Prop_ibuf_I_O)         1.475     1.475 r  mmcm/inst/clkin1_ibufg/O
                                       net (fo=1, routed)           1.233     2.708    mmcm/inst/clk_in1_mmcm
                  MMCME2_ADV_X1Y2                                                   r  mmcm/inst/mmcm_adv_inst/CLKIN1
                  MMCME2_ADV_X1Y2      MMCME2_ADV (Prop_mmcme2_adv_CLKIN1_CLKOUT0)
                                                                   -7.432    -4.724 r  mmcm/inst/mmcm_adv_inst/CLKOUT0
                                       net (fo=1, routed)           1.808    -2.915    mmcm/inst/clk_out1_mmcm
                  BUFGCTRL_X0Y2                                                     r  mmcm/inst/clkout1_buf/I
                  BUFGCTRL_X0Y2        BUFG (Prop_bufg_I_O)         0.096    -2.819 r  mmcm/inst/clkout1_buf/O
                                       net (fo=2, routed)           2.106    -0.713    rasterixgen.videoclock/inst/clk_in1
                  MMCME2_ADV_X1Y0                                                   r  rasterixgen.videoclock/inst/mmcm_adv_inst/CLKIN1
                  MMCME2_ADV_X1Y0      MMCME2_ADV (Prop_mmcme2_adv_CLKIN1_CLKOUT0)
                                                                   -4.900    -5.613 r  rasterixgen.videoclock/inst/mmcm_adv_inst/CLKOUT0
                                       net (fo=1, routed)           2.697    -2.915    rasterixgen.videoclock/inst/clk_out1_videoclock
                  BUFGCTRL_X0Y4                                                     r  rasterixgen.videoclock/inst/clkout1_buf/I
                  BUFGCTRL_X0Y4        BUFG (Prop_bufg_I_O)         0.096    -2.819 r  rasterixgen.videoclock/inst/clkout1_buf/O
                                       net (fo=868, routed)         1.672    -1.147    rasterixgen.rasterix/display/display/u_dvi/u_tmds_red/PixelCLK
                  SLICE_X117Y161       FDCE                                         r  rasterixgen.rasterix/display/display/u_dvi/u_tmds_red/encoded_q_reg[3]/C
  ---------------------------------------------------------------------------------    -------------------
    Routing       SLICE_X117Y161       FDCE (Prop_fdce_C_Q)         0.419    -0.728 r  rasterixgen.rasterix/display/display/u_dvi/u_tmds_red/encoded_q_reg[3]/Q
                                       net (fo=1, routed)           1.527     0.799    rasterixgen.rasterix/display/display/u_dvi/u_tmds_red/encoded_q_reg[8]_0[3]
    Routing       SLICE_X119Y173                                                    r  rasterixgen.rasterix/display/display/u_dvi/u_tmds_red/encoded_q_reg[8]_0[3]_hold_fix/I0
    Routing       SLICE_X119Y173       LUT1 (Prop_lut1_I0_O)        0.324     1.123 r  rasterixgen.rasterix/display/display/u_dvi/u_tmds_red/encoded_q_reg[8]_0[3]_hold_fix/O
                                       net (fo=1, routed)           0.905     2.029    rasterixgen.rasterix/display/display/u_dvi/encoded_q_reg[8]_0[3]_hold_fix_1_alias
    Routing       SLICE_X119Y161       FDCE                                         r  rasterixgen.rasterix/display/display/u_dvi/tmds_red_x5_q_reg[3]/D
  ---------------------------------------------------------------------------------    -------------------

                                       (clock clk_out2_videoclock rise edge)
                                                                    7.937     7.937 r  
                  R4                                                0.000     7.937 r  clk (IN)
                                       net (fo=0)                   0.000     7.937    mmcm/inst/clk_in1
                  R4                                                                r  mmcm/inst/clkin1_ibufg/I
                  R4                   IBUF (Prop_ibuf_I_O)         1.405     9.341 r  mmcm/inst/clkin1_ibufg/O
                                       net (fo=1, routed)           1.162    10.503    mmcm/inst/clk_in1_mmcm
                  MMCME2_ADV_X1Y2                                                   r  mmcm/inst/mmcm_adv_inst/CLKIN1
                  MMCME2_ADV_X1Y2      MMCME2_ADV (Prop_mmcme2_adv_CLKIN1_CLKOUT0)
                                                                   -7.674     2.830 r  mmcm/inst/mmcm_adv_inst/CLKOUT0
                                       net (fo=1, routed)           1.723     4.553    mmcm/inst/clk_out1_mmcm
                  BUFGCTRL_X0Y2                                                     r  mmcm/inst/clkout1_buf/I
                  BUFGCTRL_X0Y2        BUFG (Prop_bufg_I_O)         0.091     4.644 r  mmcm/inst/clkout1_buf/O
                                       net (fo=2, routed)           1.972     6.615    rasterixgen.videoclock/inst/clk_in1
                  MMCME2_ADV_X1Y0                                                   r  rasterixgen.videoclock/inst/mmcm_adv_inst/CLKIN1
                  MMCME2_ADV_X1Y0      MMCME2_ADV (Prop_mmcme2_adv_CLKIN1_CLKOUT1)
                                                                   -4.637     1.979 r  rasterixgen.videoclock/inst/mmcm_adv_inst/CLKOUT1
                                       net (fo=1, routed)           2.574     4.553    rasterixgen.videoclock/inst/clk_out2_videoclock
                  BUFGCTRL_X0Y0                                                     r  rasterixgen.videoclock/inst/clkout2_buf/I
                  BUFGCTRL_X0Y0        BUFG (Prop_bufg_I_O)         0.091     4.644 r  rasterixgen.videoclock/inst/clkout2_buf/O
                                       net (fo=77, routed)          1.554     6.197    rasterixgen.rasterix/display/display/u_dvi/SerialCLK
                  SLICE_X119Y161       FDCE                                         r  rasterixgen.rasterix/display/display/u_dvi/tmds_red_x5_q_reg[3]/C
                                       clock pessimism              0.345     6.543    
                                       clock uncertainty           -0.358     6.185    
                  SLICE_X119Y161       FDCE (Setup_fdce_C_D)       -0.270     5.915    rasterixgen.rasterix/display/display/u_dvi/tmds_red_x5_q_reg[3]
  ---------------------------------------------------------------------------------
                                       required time                          5.915    
                                       arrival time                          -2.029    
  ---------------------------------------------------------------------------------
                                       slack                                  3.886    





Min Delay Paths
--------------------------------------------------------------------------------------
Slack (MET) :             0.071ns  (arrival time - required time)
  Source:                 rasterixgen.rasterix/display/display/u_dvi/u_tmds_blue/encoded_q_reg[5]/C
                            (rising edge-triggered cell FDCE clocked by clk_out1_videoclock  {rise@0.000ns fall@19.841ns period=39.683ns})
  Destination:            rasterixgen.rasterix/display/display/u_dvi/tmds_blue_x5_q_reg[5]/D
                            (rising edge-triggered cell FDCE clocked by clk_out2_videoclock  {rise@0.000ns fall@3.968ns period=7.937ns})
  Path Group:             clk_out2_videoclock
  Path Type:              Hold (Min at Fast Process Corner)
  Requirement:            0.000ns  (clk_out2_videoclock rise@0.000ns - clk_out1_videoclock rise@0.000ns)
  Data Path Delay:        0.765ns  (logic 0.189ns (24.705%)  route 0.576ns (75.295%))
  Logic Levels:           1  (LUT1=1)
  Clock Path Skew:        0.351ns (DCD - SCD - CPR)
    Destination Clock Delay (DCD):    -0.954ns
    Source Clock Delay      (SCD):    -0.711ns
    Clock Pessimism Removal (CPR):    -0.595ns
  Clock Uncertainty:      0.358ns  ((TSJ^2 + DJ^2)^1/2) / 2 + PE
    Total System Jitter     (TSJ):    0.071ns
    Discrete Jitter          (DJ):    0.470ns
    Phase Error              (PE):    0.120ns

    Pin Reuse     Location             Delay type                Incr(ns)  Path(ns)    Netlist Resource(s)
  ---------------------------------------------------------------------------------    -------------------
                                       (clock clk_out1_videoclock rise edge)
                                                                    0.000     0.000 r  
                  R4                                                0.000     0.000 r  clk (IN)
                                       net (fo=0)                   0.000     0.000    mmcm/inst/clk_in1
                  R4                                                                r  mmcm/inst/clkin1_ibufg/I
                  R4                   IBUF (Prop_ibuf_I_O)         0.243     0.243 r  mmcm/inst/clkin1_ibufg/O
                                       net (fo=1, routed)           0.440     0.683    mmcm/inst/clk_in1_mmcm
                  MMCME2_ADV_X1Y2                                                   r  mmcm/inst/mmcm_adv_inst/CLKIN1
                  MMCME2_ADV_X1Y2      MMCME2_ADV (Prop_mmcme2_adv_CLKIN1_CLKOUT0)
                                                                   -2.540    -1.856 r  mmcm/inst/mmcm_adv_inst/CLKOUT0
                                       net (fo=1, routed)           0.531    -1.325    mmcm/inst/clk_out1_mmcm
                  BUFGCTRL_X0Y2                                                     r  mmcm/inst/clkout1_buf/I
                  BUFGCTRL_X0Y2        BUFG (Prop_bufg_I_O)         0.026    -1.299 r  mmcm/inst/clkout1_buf/O
                                       net (fo=2, routed)           0.745    -0.555    rasterixgen.videoclock/inst/clk_in1
                  MMCME2_ADV_X1Y0                                                   r  rasterixgen.videoclock/inst/mmcm_adv_inst/CLKIN1
                  MMCME2_ADV_X1Y0      MMCME2_ADV (Prop_mmcme2_adv_CLKIN1_CLKOUT0)
                                                                   -1.683    -2.237 r  rasterixgen.videoclock/inst/mmcm_adv_inst/CLKOUT0
                                       net (fo=1, routed)           0.912    -1.325    rasterixgen.videoclock/inst/clk_out1_videoclock
                  BUFGCTRL_X0Y4                                                     r  rasterixgen.videoclock/inst/clkout1_buf/I
                  BUFGCTRL_X0Y4        BUFG (Prop_bufg_I_O)         0.026    -1.299 r  rasterixgen.videoclock/inst/clkout1_buf/O
                                       net (fo=868, routed)         0.589    -0.711    rasterixgen.rasterix/display/display/u_dvi/u_tmds_blue/PixelCLK
                  SLICE_X117Y160       FDCE                                         r  rasterixgen.rasterix/display/display/u_dvi/u_tmds_blue/encoded_q_reg[5]/C
  ---------------------------------------------------------------------------------    -------------------
    Routing       SLICE_X117Y160       FDCE (Prop_fdce_C_Q)         0.141    -0.570 r  rasterixgen.rasterix/display/display/u_dvi/u_tmds_blue/encoded_q_reg[5]/Q
                                       net (fo=1, routed)           0.257    -0.312    rasterixgen.rasterix/display/display/u_dvi/u_tmds_blue/encoded_q_reg[9]_0[5]
    Routing       SLICE_X104Y160                                                    r  rasterixgen.rasterix/display/display/u_dvi/u_tmds_blue/encoded_q_reg[9]_0[5]_hold_fix/I0
    Routing       SLICE_X104Y160       LUT1 (Prop_lut1_I0_O)        0.048    -0.264 r  rasterixgen.rasterix/display/display/u_dvi/u_tmds_blue/encoded_q_reg[9]_0[5]_hold_fix/O
                                       net (fo=1, routed)           0.319     0.054    rasterixgen.rasterix/display/display/u_dvi/encoded_q_reg[9]_0[5]_hold_fix_1_alias
    Routing       SLICE_X116Y161       FDCE                                         r  rasterixgen.rasterix/display/display/u_dvi/tmds_blue_x5_q_reg[5]/D
  ---------------------------------------------------------------------------------    -------------------

                                       (clock clk_out2_videoclock rise edge)
                                                                    0.000     0.000 r  
                  R4                                                0.000     0.000 r  clk (IN)
                                       net (fo=0)                   0.000     0.000    mmcm/inst/clk_in1
                  R4                                                                r  mmcm/inst/clkin1_ibufg/I
                  R4                   IBUF (Prop_ibuf_I_O)         0.431     0.431 r  mmcm/inst/clkin1_ibufg/O
                                       net (fo=1, routed)           0.480     0.911    mmcm/inst/clk_in1_mmcm
                  MMCME2_ADV_X1Y2                                                   r  mmcm/inst/mmcm_adv_inst/CLKIN1
                  MMCME2_ADV_X1Y2      MMCME2_ADV (Prop_mmcme2_adv_CLKIN1_CLKOUT0)
                                                                   -3.332    -2.421 r  mmcm/inst/mmcm_adv_inst/CLKOUT0
                                       net (fo=1, routed)           0.579    -1.843    mmcm/inst/clk_out1_mmcm
                  BUFGCTRL_X0Y2                                                     r  mmcm/inst/clkout1_buf/I
                  BUFGCTRL_X0Y2        BUFG (Prop_bufg_I_O)         0.029    -1.814 r  mmcm/inst/clkout1_buf/O
                                       net (fo=2, routed)           1.022    -0.792    rasterixgen.videoclock/inst/clk_in1
                  MMCME2_ADV_X1Y0                                                   r  rasterixgen.videoclock/inst/mmcm_adv_inst/CLKIN1
                  MMCME2_ADV_X1Y0      MMCME2_ADV (Prop_mmcme2_adv_CLKIN1_CLKOUT1)
                                                                   -2.040    -2.832 r  rasterixgen.videoclock/inst/mmcm_adv_inst/CLKOUT1
                                       net (fo=1, routed)           0.989    -1.843    rasterixgen.videoclock/inst/clk_out2_videoclock
                  BUFGCTRL_X0Y0                                                     r  rasterixgen.videoclock/inst/clkout2_buf/I
                  BUFGCTRL_X0Y0        BUFG (Prop_bufg_I_O)         0.029    -1.814 r  rasterixgen.videoclock/inst/clkout2_buf/O
                                       net (fo=77, routed)          0.860    -0.954    rasterixgen.rasterix/display/display/u_dvi/SerialCLK
                  SLICE_X116Y161       FDCE                                         r  rasterixgen.rasterix/display/display/u_dvi/tmds_blue_x5_q_reg[5]/C
                                       clock pessimism              0.595    -0.360    
                                       clock uncertainty            0.358    -0.002    
                  SLICE_X116Y161       FDCE (Hold_fdce_C_D)        -0.015    -0.017    rasterixgen.rasterix/display/display/u_dvi/tmds_blue_x5_q_reg[5]
  ---------------------------------------------------------------------------------
                                       required time                          0.017    
                                       arrival time                           0.054    
  ---------------------------------------------------------------------------------
                                       slack                                  0.071    





---------------------------------------------------------------------------------------------------
From Clock:  clk_pll_i
  To Clock:  u_memc_ui_top_axi/mem_intfc0/ddr_phy_top0/u_ddr_mc_phy_wrapper/u_ddr_mc_phy/ddr_phy_4lanes_0.u_ddr_phy_4lanes/ddr_byte_lane_C.ddr_byte_lane_C/iserdes_clk

Setup :            0  Failing Endpoints,  Worst Slack        6.753ns,  Total Violation        0.000ns
Hold  :            0  Failing Endpoints,  Worst Slack       38.175ns,  Total Violation        0.000ns
---------------------------------------------------------------------------------------------------


Max Delay Paths
--------------------------------------------------------------------------------------
Slack (MET) :             6.753ns  (required time - arrival time)
  Source:                 ddr3/u_ddr3_mig/u_memc_ui_top_axi/mem_intfc0/mc0/mc_read_idle_r_reg/C
                            (rising edge-triggered cell FDRE clocked by clk_pll_i  {rise@0.000ns fall@5.000ns period=10.000ns})
  Destination:            ddr3/u_ddr3_mig/u_memc_ui_top_axi/mem_intfc0/ddr_phy_top0/u_ddr_mc_phy_wrapper/u_ddr_mc_phy/ddr_phy_4lanes_0.u_ddr_phy_4lanes/ddr_byte_lane_C.ddr_byte_lane_C/ddr_byte_group_io/input_[9].iserdes_dq_.iserdesdq/DDLY
                            (falling edge-triggered cell ISERDESE2 clocked by u_memc_ui_top_axi/mem_intfc0/ddr_phy_top0/u_ddr_mc_phy_wrapper/u_ddr_mc_phy/ddr_phy_4lanes_0.u_ddr_phy_4lanes/ddr_byte_lane_C.ddr_byte_lane_C/iserdes_clk  {rise@0.000ns fall@1.250ns period=2.500ns})
  Path Group:             u_memc_ui_top_axi/mem_intfc0/ddr_phy_top0/u_ddr_mc_phy_wrapper/u_ddr_mc_phy/ddr_phy_4lanes_0.u_ddr_phy_4lanes/ddr_byte_lane_C.ddr_byte_lane_C/iserdes_clk
  Path Type:              Setup (Max at Slow Process Corner)
  Requirement:            13.750ns  (u_memc_ui_top_axi/mem_intfc0/ddr_phy_top0/u_ddr_mc_phy_wrapper/u_ddr_mc_phy/ddr_phy_4lanes_0.u_ddr_phy_4lanes/ddr_byte_lane_C.ddr_byte_lane_C/iserdes_clk fall@13.750ns - clk_pll_i rise@0.000ns)
  Data Path Delay:        6.612ns  (logic 3.929ns (59.420%)  route 2.683ns (40.580%))
  Logic Levels:           2  (IBUF_INTERMDISABLE=1 IDELAYE2=1)
  Clock Path Skew:        0.003ns (DCD - SCD + CPR)
    Destination Clock Delay (DCD):    0.868ns = ( 2.118 - 1.250 ) 
    Source Clock Delay      (SCD):    1.463ns
    Clock Pessimism Removal (CPR):    0.597ns
  Clock Uncertainty:      0.222ns  ((TSJ^2 + DJ^2)^1/2) / 2 + PE
    Total System Jitter     (TSJ):    0.071ns
    Discrete Jitter          (DJ):    0.098ns
    Phase Error              (PE):    0.162ns
  Timing Exception:       MultiCycle Path   Setup -end   6

    Pin Reuse     Location             Delay type                Incr(ns)  Path(ns)    Netlist Resource(s)
  ---------------------------------------------------------------------------------    -------------------
                                       (clock clk_pll_i rise edge)
                                                                    0.000     0.000 r  
                  R4                                                0.000     0.000 r  clk (IN)
                                       net (fo=0)                   0.000     0.000    mmcm/inst/clk_in1
                  R4                                                                r  mmcm/inst/clkin1_ibufg/I
                  R4                   IBUF (Prop_ibuf_I_O)         1.475     1.475 r  mmcm/inst/clkin1_ibufg/O
                                       net (fo=1, routed)           1.233     2.708    mmcm/inst/clk_in1_mmcm
                  MMCME2_ADV_X1Y2                                                   r  mmcm/inst/mmcm_adv_inst/CLKIN1
                  MMCME2_ADV_X1Y2      MMCME2_ADV (Prop_mmcme2_adv_CLKIN1_CLKOUT0)
                                                                   -7.432    -4.724 r  mmcm/inst/mmcm_adv_inst/CLKOUT0
                                       net (fo=1, routed)           1.808    -2.915    mmcm/inst/clk_out1_mmcm
                  BUFGCTRL_X0Y2                                                     r  mmcm/inst/clkout1_buf/I
                  BUFGCTRL_X0Y2        BUFG (Prop_bufg_I_O)         0.096    -2.819 r  mmcm/inst/clkout1_buf/O
                                       net (fo=2, routed)           1.754    -1.065    ddr3/u_ddr3_mig/u_ddr3_infrastructure/mmcm_clk
                  PLLE2_ADV_X1Y3                                                    r  ddr3/u_ddr3_mig/u_ddr3_infrastructure/plle2_i/CLKIN1
                  PLLE2_ADV_X1Y3       PLLE2_ADV (Prop_plle2_adv_CLKIN1_CLKOUT3)
                                                                    0.088    -0.977 r  ddr3/u_ddr3_mig/u_ddr3_infrastructure/plle2_i/CLKOUT3
                                       net (fo=1, routed)           1.370     0.393    ddr3/u_ddr3_mig/u_ddr3_infrastructure/pll_clk3_out
                  BUFHCE_X1Y36                                                      r  ddr3/u_ddr3_mig/u_ddr3_infrastructure/u_bufh_pll_clk3/I
                  BUFHCE_X1Y36         BUFH (Prop_bufh_I_O)         0.127     0.520 r  ddr3/u_ddr3_mig/u_ddr3_infrastructure/u_bufh_pll_clk3/O
                                       net (fo=1, routed)           0.943     1.463    ddr3/u_ddr3_mig/u_ddr3_infrastructure/pll_clk3
                  MMCME2_ADV_X1Y3                                                   r  ddr3/u_ddr3_mig/u_ddr3_infrastructure/gen_mmcm.mmcm_i/CLKIN1
                  MMCME2_ADV_X1Y3      MMCME2_ADV (Prop_mmcme2_adv_CLKIN1_CLKFBOUT)
                                                                   -3.633    -2.171 r  ddr3/u_ddr3_mig/u_ddr3_infrastructure/gen_mmcm.mmcm_i/CLKFBOUT
                                       net (fo=1, routed)           1.808    -0.362    ddr3/u_ddr3_mig/u_ddr3_infrastructure/clk_pll_i
                  BUFGCTRL_X0Y16                                                    r  ddr3/u_ddr3_mig/u_ddr3_infrastructure/u_bufg_clkdiv0/I
                  BUFGCTRL_X0Y16       BUFG (Prop_bufg_I_O)         0.096    -0.266 r  ddr3/u_ddr3_mig/u_ddr3_infrastructure/u_bufg_clkdiv0/O
                                       net (fo=26482, routed)       1.729     1.463    ddr3/u_ddr3_mig/u_memc_ui_top_axi/mem_intfc0/mc0/CLK
                  SLICE_X142Y168       FDRE                                         r  ddr3/u_ddr3_mig/u_memc_ui_top_axi/mem_intfc0/mc0/mc_read_idle_r_reg/C
  ---------------------------------------------------------------------------------    -------------------
    Routing       SLICE_X142Y168       FDRE (Prop_fdre_C_Q)         0.518     1.981 r  ddr3/u_ddr3_mig/u_memc_ui_top_axi/mem_intfc0/mc0/mc_read_idle_r_reg/Q
                                       net (fo=36, routed)          2.683     4.664    ddr3/u_ddr3_mig/u_memc_ui_top_axi/mem_intfc0/ddr_phy_top0/u_ddr_mc_phy_wrapper/gen_dq_iobuf_HR.gen_dq_iobuf[4].u_iobuf_dq/IBUFDISABLE
    Routing       K1                                                                r  ddr3/u_ddr3_mig/u_memc_ui_top_axi/mem_intfc0/ddr_phy_top0/u_ddr_mc_phy_wrapper/gen_dq_iobuf_HR.gen_dq_iobuf[4].u_iobuf_dq/IBUF/IBUFDISABLE
    Routing       K1                   IBUF_INTERMDISABLE (Prop_ibuf_intermdisable_IBUFDISABLE_O)
                                                                    2.596     7.260 r  ddr3/u_ddr3_mig/u_memc_ui_top_axi/mem_intfc0/ddr_phy_top0/u_ddr_mc_phy_wrapper/gen_dq_iobuf_HR.gen_dq_iobuf[4].u_iobuf_dq/IBUF/O
                                       net (fo=2, routed)           0.000     7.260    ddr3/u_ddr3_mig/u_memc_ui_top_axi/mem_intfc0/ddr_phy_top0/u_ddr_mc_phy_wrapper/u_ddr_mc_phy/ddr_phy_4lanes_0.u_ddr_phy_4lanes/ddr_byte_lane_C.ddr_byte_lane_C/ddr_byte_group_io/in_dq_4
    Routing       IDELAY_X1Y186                                                     r  ddr3/u_ddr3_mig/u_memc_ui_top_axi/mem_intfc0/ddr_phy_top0/u_ddr_mc_phy_wrapper/u_ddr_mc_phy/ddr_phy_4lanes_0.u_ddr_phy_4lanes/ddr_byte_lane_C.ddr_byte_lane_C/ddr_byte_group_io/input_[9].iserdes_dq_.idelay_dq.idelaye2/IDATAIN
    Routing       IDELAY_X1Y186        IDELAYE2 (Prop_idelaye2_IDATAIN_DATAOUT)
                                                                    0.815     8.075 r  ddr3/u_ddr3_mig/u_memc_ui_top_axi/mem_intfc0/ddr_phy_top0/u_ddr_mc_phy_wrapper/u_ddr_mc_phy/ddr_phy_4lanes_0.u_ddr_phy_4lanes/ddr_byte_lane_C.ddr_byte_lane_C/ddr_byte_group_io/input_[9].iserdes_dq_.idelay_dq.idelaye2/DATAOUT
                                       net (fo=1, routed)           0.000     8.075    ddr3/u_ddr3_mig/u_memc_ui_top_axi/mem_intfc0/ddr_phy_top0/u_ddr_mc_phy_wrapper/u_ddr_mc_phy/ddr_phy_4lanes_0.u_ddr_phy_4lanes/ddr_byte_lane_C.ddr_byte_lane_C/ddr_byte_group_io/data_in_dly_9
    Routing       ILOGIC_X1Y186        ISERDESE2                                    r  ddr3/u_ddr3_mig/u_memc_ui_top_axi/mem_intfc0/ddr_phy_top0/u_ddr_mc_phy_wrapper/u_ddr_mc_phy/ddr_phy_4lanes_0.u_ddr_phy_4lanes/ddr_byte_lane_C.ddr_byte_lane_C/ddr_byte_group_io/input_[9].iserdes_dq_.iserdesdq/DDLY
  ---------------------------------------------------------------------------------    -------------------

                                       (clock u_memc_ui_top_axi/mem_intfc0/ddr_phy_top0/u_ddr_mc_phy_wrapper/u_ddr_mc_phy/ddr_phy_4lanes_0.u_ddr_phy_4lanes/ddr_byte_lane_C.ddr_byte_lane_C/iserdes_clk fall edge)
                                                                   13.750    13.750 f  
                  R4                                                0.000    13.750 f  clk (IN)
                                       net (fo=0)                   0.000    13.750    mmcm/inst/clk_in1
                  R4                                                                f  mmcm/inst/clkin1_ibufg/I
                  R4                   IBUF (Prop_ibuf_I_O)         1.405    15.155 f  mmcm/inst/clkin1_ibufg/O
                                       net (fo=1, routed)           1.162    16.317    mmcm/inst/clk_in1_mmcm
                  MMCME2_ADV_X1Y2                                                   f  mmcm/inst/mmcm_adv_inst/CLKIN1
                  MMCME2_ADV_X1Y2      MMCME2_ADV (Prop_mmcme2_adv_CLKIN1_CLKOUT0)
                                                                   -7.674     8.643 f  mmcm/inst/mmcm_adv_inst/CLKOUT0
                                       net (fo=1, routed)           1.723    10.366    mmcm/inst/clk_out1_mmcm
                  BUFGCTRL_X0Y2                                                     f  mmcm/inst/clkout1_buf/I
                  BUFGCTRL_X0Y2        BUFG (Prop_bufg_I_O)         0.091    10.457 f  mmcm/inst/clkout1_buf/O
                                       net (fo=2, routed)           1.636    12.093    ddr3/u_ddr3_mig/u_ddr3_infrastructure/mmcm_clk
                  PLLE2_ADV_X1Y3                                                    f  ddr3/u_ddr3_mig/u_ddr3_infrastructure/plle2_i/CLKIN1
                  PLLE2_ADV_X1Y3       PLLE2_ADV (Prop_plle2_adv_CLKIN1_CLKOUT0)
                                                                    0.083    12.176 f  ddr3/u_ddr3_mig/u_ddr3_infrastructure/plle2_i/CLKOUT0
                                       net (fo=7, routed)           0.576    12.752    ddr3/u_ddr3_mig/u_memc_ui_top_axi/mem_intfc0/ddr_phy_top0/u_ddr_mc_phy_wrapper/u_ddr_mc_phy/ddr_phy_4lanes_0.u_ddr_phy_4lanes/ddr_byte_lane_C.ddr_byte_lane_C/freq_refclk
                  PHASER_IN_PHY_X1Y14                                               f  ddr3/u_ddr3_mig/u_memc_ui_top_axi/mem_intfc0/ddr_phy_top0/u_ddr_mc_phy_wrapper/u_ddr_mc_phy/ddr_phy_4lanes_0.u_ddr_phy_4lanes/ddr_byte_lane_C.ddr_byte_lane_C/phaser_in_gen.phaser_in/FREQREFCLK
                  PHASER_IN_PHY_X1Y14  PHASER_IN_PHY (Prop_phaser_in_phy_FREQREFCLK_ICLK)
                                                                    1.455    14.206 f  ddr3/u_ddr3_mig/u_memc_ui_top_axi/mem_intfc0/ddr_phy_top0/u_ddr_mc_phy_wrapper/u_ddr_mc_phy/ddr_phy_4lanes_0.u_ddr_phy_4lanes/ddr_byte_lane_C.ddr_byte_lane_C/phaser_in_gen.phaser_in/ICLK
                                       net (fo=16, routed)          0.412    14.618    ddr3/u_ddr3_mig/u_memc_ui_top_axi/mem_intfc0/ddr_phy_top0/u_ddr_mc_phy_wrapper/u_ddr_mc_phy/ddr_phy_4lanes_0.u_ddr_phy_4lanes/ddr_byte_lane_C.ddr_byte_lane_C/ddr_byte_group_io/CLKB0
                  ILOGIC_X1Y186        ISERDESE2                                    r  ddr3/u_ddr3_mig/u_memc_ui_top_axi/mem_intfc0/ddr_phy_top0/u_ddr_mc_phy_wrapper/u_ddr_mc_phy/ddr_phy_4lanes_0.u_ddr_phy_4lanes/ddr_byte_lane_C.ddr_byte_lane_C/ddr_byte_group_io/input_[9].iserdes_dq_.iserdesdq/CLKB  (IS_INVERTED)
                                       clock pessimism              0.597    15.215    
                                       clock uncertainty           -0.222    14.993    
                  ILOGIC_X1Y186        ISERDESE2 (Setup_iserdese2_CLKB_DDLY)
                                                                   -0.165    14.828    ddr3/u_ddr3_mig/u_memc_ui_top_axi/mem_intfc0/ddr_phy_top0/u_ddr_mc_phy_wrapper/u_ddr_mc_phy/ddr_phy_4lanes_0.u_ddr_phy_4lanes/ddr_byte_lane_C.ddr_byte_lane_C/ddr_byte_group_io/input_[9].iserdes_dq_.iserdesdq
  ---------------------------------------------------------------------------------
                                       required time                         14.828    
                                       arrival time                          -8.075    
  ---------------------------------------------------------------------------------
                                       slack                                  6.753    





Min Delay Paths
--------------------------------------------------------------------------------------
Slack (MET) :             38.175ns  (arrival time - required time)
  Source:                 ddr3/u_ddr3_mig/u_memc_ui_top_axi/mem_intfc0/mc0/mc_read_idle_r_reg/C
                            (rising edge-triggered cell FDRE clocked by clk_pll_i  {rise@0.000ns fall@5.000ns period=10.000ns})
  Destination:            ddr3/u_ddr3_mig/u_memc_ui_top_axi/mem_intfc0/ddr_phy_top0/u_ddr_mc_phy_wrapper/u_ddr_mc_phy/ddr_phy_4lanes_0.u_ddr_phy_4lanes/ddr_byte_lane_C.ddr_byte_lane_C/ddr_byte_group_io/input_[1].iserdes_dq_.iserdesdq/DDLY
                            (rising edge-triggered cell ISERDESE2 clocked by u_memc_ui_top_axi/mem_intfc0/ddr_phy_top0/u_ddr_mc_phy_wrapper/u_ddr_mc_phy/ddr_phy_4lanes_0.u_ddr_phy_4lanes/ddr_byte_lane_C.ddr_byte_lane_C/iserdes_clk  {rise@0.000ns fall@1.250ns period=2.500ns})
  Path Group:             u_memc_ui_top_axi/mem_intfc0/ddr_phy_top0/u_ddr_mc_phy_wrapper/u_ddr_mc_phy/ddr_phy_4lanes_0.u_ddr_phy_4lanes/ddr_byte_lane_C.ddr_byte_lane_C/iserdes_clk
  Path Type:              Hold (Min at Fast Process Corner)
  Requirement:            -37.500ns  (u_memc_ui_top_axi/mem_intfc0/ddr_phy_top0/u_ddr_mc_phy_wrapper/u_ddr_mc_phy/ddr_phy_4lanes_0.u_ddr_phy_4lanes/ddr_byte_lane_C.ddr_byte_lane_C/iserdes_clk rise@12.500ns - clk_pll_i rise@50.000ns)
  Data Path Delay:        1.799ns  (logic 1.091ns (60.638%)  route 0.708ns (39.362%))
  Logic Levels:           2  (IBUF_INTERMDISABLE=1 IDELAYE2=1)
  Clock Path Skew:        0.846ns (DCD - SCD - CPR)
    Destination Clock Delay (DCD):    0.728ns
    Source Clock Delay      (SCD):    0.124ns
    Clock Pessimism Removal (CPR):    -0.242ns
  Clock Uncertainty:      0.222ns  ((TSJ^2 + DJ^2)^1/2) / 2 + PE
    Total System Jitter     (TSJ):    0.071ns
    Discrete Jitter          (DJ):    0.098ns
    Phase Error              (PE):    0.162ns
  Timing Exception:       MultiCycle Path   Setup -end   6    Hold  -start 5

    Pin Reuse     Location             Delay type                Incr(ns)  Path(ns)    Netlist Resource(s)
  ---------------------------------------------------------------------------------    -------------------
                                       (clock clk_pll_i rise edge)
                                                                   50.000    50.000 r  
                  R4                                                0.000    50.000 r  clk (IN)
                                       net (fo=0)                   0.000    50.000    mmcm/inst/clk_in1
                  R4                                                                r  mmcm/inst/clkin1_ibufg/I
                  R4                   IBUF (Prop_ibuf_I_O)         0.243    50.243 r  mmcm/inst/clkin1_ibufg/O
                                       net (fo=1, routed)           0.440    50.683    mmcm/inst/clk_in1_mmcm
                  MMCME2_ADV_X1Y2                                                   r  mmcm/inst/mmcm_adv_inst/CLKIN1
                  MMCME2_ADV_X1Y2      MMCME2_ADV (Prop_mmcme2_adv_CLKIN1_CLKOUT0)
                                                                   -2.540    48.144 r  mmcm/inst/mmcm_adv_inst/CLKOUT0
                                       net (fo=1, routed)           0.531    48.675    mmcm/inst/clk_out1_mmcm
                  BUFGCTRL_X0Y2                                                     r  mmcm/inst/clkout1_buf/I
                  BUFGCTRL_X0Y2        BUFG (Prop_bufg_I_O)         0.026    48.701 r  mmcm/inst/clkout1_buf/O
                                       net (fo=2, routed)           0.606    49.306    ddr3/u_ddr3_mig/u_ddr3_infrastructure/mmcm_clk
                  PLLE2_ADV_X1Y3                                                    r  ddr3/u_ddr3_mig/u_ddr3_infrastructure/plle2_i/CLKIN1
                  PLLE2_ADV_X1Y3       PLLE2_ADV (Prop_plle2_adv_CLKIN1_CLKOUT3)
                                                                    0.050    49.356 r  ddr3/u_ddr3_mig/u_ddr3_infrastructure/plle2_i/CLKOUT3
                                       net (fo=1, routed)           0.426    49.782    ddr3/u_ddr3_mig/u_ddr3_infrastructure/pll_clk3_out
                  BUFHCE_X1Y36                                                      r  ddr3/u_ddr3_mig/u_ddr3_infrastructure/u_bufh_pll_clk3/I
                  BUFHCE_X1Y36         BUFH (Prop_bufh_I_O)         0.020    49.802 r  ddr3/u_ddr3_mig/u_ddr3_infrastructure/u_bufh_pll_clk3/O
                                       net (fo=1, routed)           0.313    50.115    ddr3/u_ddr3_mig/u_ddr3_infrastructure/pll_clk3
                  MMCME2_ADV_X1Y3                                                   r  ddr3/u_ddr3_mig/u_ddr3_infrastructure/gen_mmcm.mmcm_i/CLKIN1
                  MMCME2_ADV_X1Y3      MMCME2_ADV (Prop_mmcme2_adv_CLKIN1_CLKFBOUT)
                                                                   -1.156    48.960 r  ddr3/u_ddr3_mig/u_ddr3_infrastructure/gen_mmcm.mmcm_i/CLKFBOUT
                                       net (fo=1, routed)           0.531    49.491    ddr3/u_ddr3_mig/u_ddr3_infrastructure/clk_pll_i
                  BUFGCTRL_X0Y16                                                    r  ddr3/u_ddr3_mig/u_ddr3_infrastructure/u_bufg_clkdiv0/I
                  BUFGCTRL_X0Y16       BUFG (Prop_bufg_I_O)         0.026    49.517 r  ddr3/u_ddr3_mig/u_ddr3_infrastructure/u_bufg_clkdiv0/O
                                       net (fo=26482, routed)       0.608    50.124    ddr3/u_ddr3_mig/u_memc_ui_top_axi/mem_intfc0/mc0/CLK
                  SLICE_X142Y168       FDRE                                         r  ddr3/u_ddr3_mig/u_memc_ui_top_axi/mem_intfc0/mc0/mc_read_idle_r_reg/C
  ---------------------------------------------------------------------------------    -------------------
    Routing       SLICE_X142Y168       FDRE (Prop_fdre_C_Q)         0.164    50.288 r  ddr3/u_ddr3_mig/u_memc_ui_top_axi/mem_intfc0/mc0/mc_read_idle_r_reg/Q
                                       net (fo=36, routed)          0.708    50.997    ddr3/u_ddr3_mig/u_memc_ui_top_axi/mem_intfc0/ddr_phy_top0/u_ddr_mc_phy_wrapper/gen_dq_iobuf_HR.gen_dq_iobuf[1].u_iobuf_dq/IBUFDISABLE
    Routing       H4                                                                r  ddr3/u_ddr3_mig/u_memc_ui_top_axi/mem_intfc0/ddr_phy_top0/u_ddr_mc_phy_wrapper/gen_dq_iobuf_HR.gen_dq_iobuf[1].u_iobuf_dq/IBUF/IBUFDISABLE
    Routing       H4                   IBUF_INTERMDISABLE (Prop_ibuf_intermdisable_IBUFDISABLE_O)
                                                                    0.684    51.681 r  ddr3/u_ddr3_mig/u_memc_ui_top_axi/mem_intfc0/ddr_phy_top0/u_ddr_mc_phy_wrapper/gen_dq_iobuf_HR.gen_dq_iobuf[1].u_iobuf_dq/IBUF/O
                                       net (fo=2, routed)           0.000    51.681    ddr3/u_ddr3_mig/u_memc_ui_top_axi/mem_intfc0/ddr_phy_top0/u_ddr_mc_phy_wrapper/u_ddr_mc_phy/ddr_phy_4lanes_0.u_ddr_phy_4lanes/ddr_byte_lane_C.ddr_byte_lane_C/ddr_byte_group_io/in_dq_1
    Routing       IDELAY_X1Y176                                                     r  ddr3/u_ddr3_mig/u_memc_ui_top_axi/mem_intfc0/ddr_phy_top0/u_ddr_mc_phy_wrapper/u_ddr_mc_phy/ddr_phy_4lanes_0.u_ddr_phy_4lanes/ddr_byte_lane_C.ddr_byte_lane_C/ddr_byte_group_io/input_[1].iserdes_dq_.idelay_dq.idelaye2/IDATAIN
    Routing       IDELAY_X1Y176        IDELAYE2 (Prop_idelaye2_IDATAIN_DATAOUT)
                                                                    0.243    51.924 r  ddr3/u_ddr3_mig/u_memc_ui_top_axi/mem_intfc0/ddr_phy_top0/u_ddr_mc_phy_wrapper/u_ddr_mc_phy/ddr_phy_4lanes_0.u_ddr_phy_4lanes/ddr_byte_lane_C.ddr_byte_lane_C/ddr_byte_group_io/input_[1].iserdes_dq_.idelay_dq.idelaye2/DATAOUT
                                       net (fo=1, routed)           0.000    51.924    ddr3/u_ddr3_mig/u_memc_ui_top_axi/mem_intfc0/ddr_phy_top0/u_ddr_mc_phy_wrapper/u_ddr_mc_phy/ddr_phy_4lanes_0.u_ddr_phy_4lanes/ddr_byte_lane_C.ddr_byte_lane_C/ddr_byte_group_io/data_in_dly_1
    Routing       ILOGIC_X1Y176        ISERDESE2                                    r  ddr3/u_ddr3_mig/u_memc_ui_top_axi/mem_intfc0/ddr_phy_top0/u_ddr_mc_phy_wrapper/u_ddr_mc_phy/ddr_phy_4lanes_0.u_ddr_phy_4lanes/ddr_byte_lane_C.ddr_byte_lane_C/ddr_byte_group_io/input_[1].iserdes_dq_.iserdesdq/DDLY
  ---------------------------------------------------------------------------------    -------------------

                                       (clock u_memc_ui_top_axi/mem_intfc0/ddr_phy_top0/u_ddr_mc_phy_wrapper/u_ddr_mc_phy/ddr_phy_4lanes_0.u_ddr_phy_4lanes/ddr_byte_lane_C.ddr_byte_lane_C/iserdes_clk rise edge)
                                                                   12.500    12.500 r  
                  R4                                                0.000    12.500 r  clk (IN)
                                       net (fo=0)                   0.000    12.500    mmcm/inst/clk_in1
                  R4                                                                r  mmcm/inst/clkin1_ibufg/I
                  R4                   IBUF (Prop_ibuf_I_O)         0.431    12.931 r  mmcm/inst/clkin1_ibufg/O
                                       net (fo=1, routed)           0.480    13.411    mmcm/inst/clk_in1_mmcm
                  MMCME2_ADV_X1Y2                                                   r  mmcm/inst/mmcm_adv_inst/CLKIN1
                  MMCME2_ADV_X1Y2      MMCME2_ADV (Prop_mmcme2_adv_CLKIN1_CLKOUT0)
                                                                   -3.332    10.079 r  mmcm/inst/mmcm_adv_inst/CLKOUT0
                                       net (fo=1, routed)           0.579    10.657    mmcm/inst/clk_out1_mmcm
                  BUFGCTRL_X0Y2                                                     r  mmcm/inst/clkout1_buf/I
                  BUFGCTRL_X0Y2        BUFG (Prop_bufg_I_O)         0.029    10.686 r  mmcm/inst/clkout1_buf/O
                                       net (fo=2, routed)           0.875    11.561    ddr3/u_ddr3_mig/u_ddr3_infrastructure/mmcm_clk
                  PLLE2_ADV_X1Y3                                                    r  ddr3/u_ddr3_mig/u_ddr3_infrastructure/plle2_i/CLKIN1
                  PLLE2_ADV_X1Y3       PLLE2_ADV (Prop_plle2_adv_CLKIN1_CLKOUT0)
                                                                    0.053    11.614 r  ddr3/u_ddr3_mig/u_ddr3_infrastructure/plle2_i/CLKOUT0
                                       net (fo=7, routed)           0.217    11.831    ddr3/u_ddr3_mig/u_memc_ui_top_axi/mem_intfc0/ddr_phy_top0/u_ddr_mc_phy_wrapper/u_ddr_mc_phy/ddr_phy_4lanes_0.u_ddr_phy_4lanes/ddr_byte_lane_C.ddr_byte_lane_C/freq_refclk
                  PHASER_IN_PHY_X1Y14                                               r  ddr3/u_ddr3_mig/u_memc_ui_top_axi/mem_intfc0/ddr_phy_top0/u_ddr_mc_phy_wrapper/u_ddr_mc_phy/ddr_phy_4lanes_0.u_ddr_phy_4lanes/ddr_byte_lane_C.ddr_byte_lane_C/phaser_in_gen.phaser_in/FREQREFCLK
                  PHASER_IN_PHY_X1Y14  PHASER_IN_PHY (Prop_phaser_in_phy_FREQREFCLK_ICLK)
                                                                    1.219    13.050 r  ddr3/u_ddr3_mig/u_memc_ui_top_axi/mem_intfc0/ddr_phy_top0/u_ddr_mc_phy_wrapper/u_ddr_mc_phy/ddr_phy_4lanes_0.u_ddr_phy_4lanes/ddr_byte_lane_C.ddr_byte_lane_C/phaser_in_gen.phaser_in/ICLK
                                       net (fo=16, routed)          0.178    13.228    ddr3/u_ddr3_mig/u_memc_ui_top_axi/mem_intfc0/ddr_phy_top0/u_ddr_mc_phy_wrapper/u_ddr_mc_phy/ddr_phy_4lanes_0.u_ddr_phy_4lanes/ddr_byte_lane_C.ddr_byte_lane_C/ddr_byte_group_io/input_[9].iserdes_dq_.iserdesdq_0
                  ILOGIC_X1Y176        ISERDESE2                                    r  ddr3/u_ddr3_mig/u_memc_ui_top_axi/mem_intfc0/ddr_phy_top0/u_ddr_mc_phy_wrapper/u_ddr_mc_phy/ddr_phy_4lanes_0.u_ddr_phy_4lanes/ddr_byte_lane_C.ddr_byte_lane_C/ddr_byte_group_io/input_[1].iserdes_dq_.iserdesdq/CLK
                                       clock pessimism              0.242    13.471    
                                       clock uncertainty            0.222    13.692    
                  ILOGIC_X1Y176        ISERDESE2 (Hold_iserdese2_CLK_DDLY)
                                                                    0.056    13.748    ddr3/u_ddr3_mig/u_memc_ui_top_axi/mem_intfc0/ddr_phy_top0/u_ddr_mc_phy_wrapper/u_ddr_mc_phy/ddr_phy_4lanes_0.u_ddr_phy_4lanes/ddr_byte_lane_C.ddr_byte_lane_C/ddr_byte_group_io/input_[1].iserdes_dq_.iserdesdq
  ---------------------------------------------------------------------------------
                                       required time                        -13.748    
                                       arrival time                          51.924    
  ---------------------------------------------------------------------------------
                                       slack                                 38.175    





---------------------------------------------------------------------------------------------------
From Clock:  clk_pll_i
  To Clock:  u_memc_ui_top_axi/mem_intfc0/ddr_phy_top0/u_ddr_mc_phy_wrapper/u_ddr_mc_phy/ddr_phy_4lanes_0.u_ddr_phy_4lanes/ddr_byte_lane_D.ddr_byte_lane_D/iserdes_clk

Setup :            0  Failing Endpoints,  Worst Slack        5.010ns,  Total Violation        0.000ns
Hold  :            0  Failing Endpoints,  Worst Slack       38.785ns,  Total Violation        0.000ns
---------------------------------------------------------------------------------------------------


Max Delay Paths
--------------------------------------------------------------------------------------
Slack (MET) :             5.010ns  (required time - arrival time)
  Source:                 ddr3/u_ddr3_mig/u_memc_ui_top_axi/mem_intfc0/mc0/mc_read_idle_r_reg/C
                            (rising edge-triggered cell FDRE clocked by clk_pll_i  {rise@0.000ns fall@5.000ns period=10.000ns})
  Destination:            ddr3/u_ddr3_mig/u_memc_ui_top_axi/mem_intfc0/ddr_phy_top0/u_ddr_mc_phy_wrapper/u_ddr_mc_phy/ddr_phy_4lanes_0.u_ddr_phy_4lanes/ddr_byte_lane_D.ddr_byte_lane_D/ddr_byte_group_io/input_[8].iserdes_dq_.iserdesdq/DDLY
                            (falling edge-triggered cell ISERDESE2 clocked by u_memc_ui_top_axi/mem_intfc0/ddr_phy_top0/u_ddr_mc_phy_wrapper/u_ddr_mc_phy/ddr_phy_4lanes_0.u_ddr_phy_4lanes/ddr_byte_lane_D.ddr_byte_lane_D/iserdes_clk  {rise@0.000ns fall@1.250ns period=2.500ns})
  Path Group:             u_memc_ui_top_axi/mem_intfc0/ddr_phy_top0/u_ddr_mc_phy_wrapper/u_ddr_mc_phy/ddr_phy_4lanes_0.u_ddr_phy_4lanes/ddr_byte_lane_D.ddr_byte_lane_D/iserdes_clk
  Path Type:              Setup (Max at Slow Process Corner)
  Requirement:            13.750ns  (u_memc_ui_top_axi/mem_intfc0/ddr_phy_top0/u_ddr_mc_phy_wrapper/u_ddr_mc_phy/ddr_phy_4lanes_0.u_ddr_phy_4lanes/ddr_byte_lane_D.ddr_byte_lane_D/iserdes_clk fall@13.750ns - clk_pll_i rise@0.000ns)
  Data Path Delay:        8.362ns  (logic 3.929ns (46.986%)  route 4.433ns (53.014%))
  Logic Levels:           2  (IBUF_INTERMDISABLE=1 IDELAYE2=1)
  Clock Path Skew:        0.010ns (DCD - SCD + CPR)
    Destination Clock Delay (DCD):    0.875ns = ( 2.125 - 1.250 ) 
    Source Clock Delay      (SCD):    1.463ns
    Clock Pessimism Removal (CPR):    0.597ns
  Clock Uncertainty:      0.222ns  ((TSJ^2 + DJ^2)^1/2) / 2 + PE
    Total System Jitter     (TSJ):    0.071ns
    Discrete Jitter          (DJ):    0.098ns
    Phase Error              (PE):    0.162ns
  Timing Exception:       MultiCycle Path   Setup -end   6

    Pin Reuse     Location             Delay type                Incr(ns)  Path(ns)    Netlist Resource(s)
  ---------------------------------------------------------------------------------    -------------------
                                       (clock clk_pll_i rise edge)
                                                                    0.000     0.000 r  
                  R4                                                0.000     0.000 r  clk (IN)
                                       net (fo=0)                   0.000     0.000    mmcm/inst/clk_in1
                  R4                                                                r  mmcm/inst/clkin1_ibufg/I
                  R4                   IBUF (Prop_ibuf_I_O)         1.475     1.475 r  mmcm/inst/clkin1_ibufg/O
                                       net (fo=1, routed)           1.233     2.708    mmcm/inst/clk_in1_mmcm
                  MMCME2_ADV_X1Y2                                                   r  mmcm/inst/mmcm_adv_inst/CLKIN1
                  MMCME2_ADV_X1Y2      MMCME2_ADV (Prop_mmcme2_adv_CLKIN1_CLKOUT0)
                                                                   -7.432    -4.724 r  mmcm/inst/mmcm_adv_inst/CLKOUT0
                                       net (fo=1, routed)           1.808    -2.915    mmcm/inst/clk_out1_mmcm
                  BUFGCTRL_X0Y2                                                     r  mmcm/inst/clkout1_buf/I
                  BUFGCTRL_X0Y2        BUFG (Prop_bufg_I_O)         0.096    -2.819 r  mmcm/inst/clkout1_buf/O
                                       net (fo=2, routed)           1.754    -1.065    ddr3/u_ddr3_mig/u_ddr3_infrastructure/mmcm_clk
                  PLLE2_ADV_X1Y3                                                    r  ddr3/u_ddr3_mig/u_ddr3_infrastructure/plle2_i/CLKIN1
                  PLLE2_ADV_X1Y3       PLLE2_ADV (Prop_plle2_adv_CLKIN1_CLKOUT3)
                                                                    0.088    -0.977 r  ddr3/u_ddr3_mig/u_ddr3_infrastructure/plle2_i/CLKOUT3
                                       net (fo=1, routed)           1.370     0.393    ddr3/u_ddr3_mig/u_ddr3_infrastructure/pll_clk3_out
                  BUFHCE_X1Y36                                                      r  ddr3/u_ddr3_mig/u_ddr3_infrastructure/u_bufh_pll_clk3/I
                  BUFHCE_X1Y36         BUFH (Prop_bufh_I_O)         0.127     0.520 r  ddr3/u_ddr3_mig/u_ddr3_infrastructure/u_bufh_pll_clk3/O
                                       net (fo=1, routed)           0.943     1.463    ddr3/u_ddr3_mig/u_ddr3_infrastructure/pll_clk3
                  MMCME2_ADV_X1Y3                                                   r  ddr3/u_ddr3_mig/u_ddr3_infrastructure/gen_mmcm.mmcm_i/CLKIN1
                  MMCME2_ADV_X1Y3      MMCME2_ADV (Prop_mmcme2_adv_CLKIN1_CLKFBOUT)
                                                                   -3.633    -2.171 r  ddr3/u_ddr3_mig/u_ddr3_infrastructure/gen_mmcm.mmcm_i/CLKFBOUT
                                       net (fo=1, routed)           1.808    -0.362    ddr3/u_ddr3_mig/u_ddr3_infrastructure/clk_pll_i
                  BUFGCTRL_X0Y16                                                    r  ddr3/u_ddr3_mig/u_ddr3_infrastructure/u_bufg_clkdiv0/I
                  BUFGCTRL_X0Y16       BUFG (Prop_bufg_I_O)         0.096    -0.266 r  ddr3/u_ddr3_mig/u_ddr3_infrastructure/u_bufg_clkdiv0/O
                                       net (fo=26482, routed)       1.729     1.463    ddr3/u_ddr3_mig/u_memc_ui_top_axi/mem_intfc0/mc0/CLK
                  SLICE_X142Y168       FDRE                                         r  ddr3/u_ddr3_mig/u_memc_ui_top_axi/mem_intfc0/mc0/mc_read_idle_r_reg/C
  ---------------------------------------------------------------------------------    -------------------
    Routing       SLICE_X142Y168       FDRE (Prop_fdre_C_Q)         0.518     1.981 r  ddr3/u_ddr3_mig/u_memc_ui_top_axi/mem_intfc0/mc0/mc_read_idle_r_reg/Q
                                       net (fo=36, routed)          4.433     6.414    ddr3/u_ddr3_mig/u_memc_ui_top_axi/mem_intfc0/ddr_phy_top0/u_ddr_mc_phy_wrapper/gen_dq_iobuf_HR.gen_dq_iobuf[13].u_iobuf_dq/IBUFDISABLE
    Routing       A1                                                                r  ddr3/u_ddr3_mig/u_memc_ui_top_axi/mem_intfc0/ddr_phy_top0/u_ddr_mc_phy_wrapper/gen_dq_iobuf_HR.gen_dq_iobuf[13].u_iobuf_dq/IBUF/IBUFDISABLE
    Routing       A1                   IBUF_INTERMDISABLE (Prop_ibuf_intermdisable_IBUFDISABLE_O)
                                                                    2.596     9.010 r  ddr3/u_ddr3_mig/u_memc_ui_top_axi/mem_intfc0/ddr_phy_top0/u_ddr_mc_phy_wrapper/gen_dq_iobuf_HR.gen_dq_iobuf[13].u_iobuf_dq/IBUF/O
                                       net (fo=2, routed)           0.000     9.010    ddr3/u_ddr3_mig/u_memc_ui_top_axi/mem_intfc0/ddr_phy_top0/u_ddr_mc_phy_wrapper/u_ddr_mc_phy/ddr_phy_4lanes_0.u_ddr_phy_4lanes/ddr_byte_lane_D.ddr_byte_lane_D/ddr_byte_group_io/in_dq_13
    Routing       IDELAY_X1Y197                                                     r  ddr3/u_ddr3_mig/u_memc_ui_top_axi/mem_intfc0/ddr_phy_top0/u_ddr_mc_phy_wrapper/u_ddr_mc_phy/ddr_phy_4lanes_0.u_ddr_phy_4lanes/ddr_byte_lane_D.ddr_byte_lane_D/ddr_byte_group_io/input_[8].iserdes_dq_.idelay_dq.idelaye2/IDATAIN
    Routing       IDELAY_X1Y197        IDELAYE2 (Prop_idelaye2_IDATAIN_DATAOUT)
                                                                    0.815     9.825 r  ddr3/u_ddr3_mig/u_memc_ui_top_axi/mem_intfc0/ddr_phy_top0/u_ddr_mc_phy_wrapper/u_ddr_mc_phy/ddr_phy_4lanes_0.u_ddr_phy_4lanes/ddr_byte_lane_D.ddr_byte_lane_D/ddr_byte_group_io/input_[8].iserdes_dq_.idelay_dq.idelaye2/DATAOUT
                                       net (fo=1, routed)           0.000     9.825    ddr3/u_ddr3_mig/u_memc_ui_top_axi/mem_intfc0/ddr_phy_top0/u_ddr_mc_phy_wrapper/u_ddr_mc_phy/ddr_phy_4lanes_0.u_ddr_phy_4lanes/ddr_byte_lane_D.ddr_byte_lane_D/ddr_byte_group_io/data_in_dly_8
    Routing       ILOGIC_X1Y197        ISERDESE2                                    r  ddr3/u_ddr3_mig/u_memc_ui_top_axi/mem_intfc0/ddr_phy_top0/u_ddr_mc_phy_wrapper/u_ddr_mc_phy/ddr_phy_4lanes_0.u_ddr_phy_4lanes/ddr_byte_lane_D.ddr_byte_lane_D/ddr_byte_group_io/input_[8].iserdes_dq_.iserdesdq/DDLY
  ---------------------------------------------------------------------------------    -------------------

                                       (clock u_memc_ui_top_axi/mem_intfc0/ddr_phy_top0/u_ddr_mc_phy_wrapper/u_ddr_mc_phy/ddr_phy_4lanes_0.u_ddr_phy_4lanes/ddr_byte_lane_D.ddr_byte_lane_D/iserdes_clk fall edge)
                                                                   13.750    13.750 f  
                  R4                                                0.000    13.750 f  clk (IN)
                                       net (fo=0)                   0.000    13.750    mmcm/inst/clk_in1
                  R4                                                                f  mmcm/inst/clkin1_ibufg/I
                  R4                   IBUF (Prop_ibuf_I_O)         1.405    15.155 f  mmcm/inst/clkin1_ibufg/O
                                       net (fo=1, routed)           1.162    16.317    mmcm/inst/clk_in1_mmcm
                  MMCME2_ADV_X1Y2                                                   f  mmcm/inst/mmcm_adv_inst/CLKIN1
                  MMCME2_ADV_X1Y2      MMCME2_ADV (Prop_mmcme2_adv_CLKIN1_CLKOUT0)
                                                                   -7.674     8.643 f  mmcm/inst/mmcm_adv_inst/CLKOUT0
                                       net (fo=1, routed)           1.723    10.366    mmcm/inst/clk_out1_mmcm
                  BUFGCTRL_X0Y2                                                     f  mmcm/inst/clkout1_buf/I
                  BUFGCTRL_X0Y2        BUFG (Prop_bufg_I_O)         0.091    10.457 f  mmcm/inst/clkout1_buf/O
                                       net (fo=2, routed)           1.636    12.093    ddr3/u_ddr3_mig/u_ddr3_infrastructure/mmcm_clk
                  PLLE2_ADV_X1Y3                                                    f  ddr3/u_ddr3_mig/u_ddr3_infrastructure/plle2_i/CLKIN1
                  PLLE2_ADV_X1Y3       PLLE2_ADV (Prop_plle2_adv_CLKIN1_CLKOUT0)
                                                                    0.083    12.176 f  ddr3/u_ddr3_mig/u_ddr3_infrastructure/plle2_i/CLKOUT0
                                       net (fo=7, routed)           0.566    12.742    ddr3/u_ddr3_mig/u_memc_ui_top_axi/mem_intfc0/ddr_phy_top0/u_ddr_mc_phy_wrapper/u_ddr_mc_phy/ddr_phy_4lanes_0.u_ddr_phy_4lanes/ddr_byte_lane_D.ddr_byte_lane_D/freq_refclk
                  PHASER_IN_PHY_X1Y15                                               f  ddr3/u_ddr3_mig/u_memc_ui_top_axi/mem_intfc0/ddr_phy_top0/u_ddr_mc_phy_wrapper/u_ddr_mc_phy/ddr_phy_4lanes_0.u_ddr_phy_4lanes/ddr_byte_lane_D.ddr_byte_lane_D/phaser_in_gen.phaser_in/FREQREFCLK
                  PHASER_IN_PHY_X1Y15  PHASER_IN_PHY (Prop_phaser_in_phy_FREQREFCLK_ICLK)
                                                                    1.455    14.196 f  ddr3/u_ddr3_mig/u_memc_ui_top_axi/mem_intfc0/ddr_phy_top0/u_ddr_mc_phy_wrapper/u_ddr_mc_phy/ddr_phy_4lanes_0.u_ddr_phy_4lanes/ddr_byte_lane_D.ddr_byte_lane_D/phaser_in_gen.phaser_in/ICLK
                                       net (fo=16, routed)          0.429    14.625    ddr3/u_ddr3_mig/u_memc_ui_top_axi/mem_intfc0/ddr_phy_top0/u_ddr_mc_phy_wrapper/u_ddr_mc_phy/ddr_phy_4lanes_0.u_ddr_phy_4lanes/ddr_byte_lane_D.ddr_byte_lane_D/ddr_byte_group_io/CLKB0_4
                  ILOGIC_X1Y197        ISERDESE2                                    r  ddr3/u_ddr3_mig/u_memc_ui_top_axi/mem_intfc0/ddr_phy_top0/u_ddr_mc_phy_wrapper/u_ddr_mc_phy/ddr_phy_4lanes_0.u_ddr_phy_4lanes/ddr_byte_lane_D.ddr_byte_lane_D/ddr_byte_group_io/input_[8].iserdes_dq_.iserdesdq/CLKB  (IS_INVERTED)
                                       clock pessimism              0.597    15.222    
                                       clock uncertainty           -0.222    15.000    
                  ILOGIC_X1Y197        ISERDESE2 (Setup_iserdese2_CLKB_DDLY)
                                                                   -0.165    14.835    ddr3/u_ddr3_mig/u_memc_ui_top_axi/mem_intfc0/ddr_phy_top0/u_ddr_mc_phy_wrapper/u_ddr_mc_phy/ddr_phy_4lanes_0.u_ddr_phy_4lanes/ddr_byte_lane_D.ddr_byte_lane_D/ddr_byte_group_io/input_[8].iserdes_dq_.iserdesdq
  ---------------------------------------------------------------------------------
                                       required time                         14.835    
                                       arrival time                          -9.825    
  ---------------------------------------------------------------------------------
                                       slack                                  5.010    





Min Delay Paths
--------------------------------------------------------------------------------------
Slack (MET) :             38.785ns  (arrival time - required time)
  Source:                 ddr3/u_ddr3_mig/u_memc_ui_top_axi/mem_intfc0/mc0/mc_read_idle_r_reg/C
                            (rising edge-triggered cell FDRE clocked by clk_pll_i  {rise@0.000ns fall@5.000ns period=10.000ns})
  Destination:            ddr3/u_ddr3_mig/u_memc_ui_top_axi/mem_intfc0/ddr_phy_top0/u_ddr_mc_phy_wrapper/u_ddr_mc_phy/ddr_phy_4lanes_0.u_ddr_phy_4lanes/ddr_byte_lane_D.ddr_byte_lane_D/ddr_byte_group_io/input_[0].iserdes_dq_.iserdesdq/DDLY
                            (rising edge-triggered cell ISERDESE2 clocked by u_memc_ui_top_axi/mem_intfc0/ddr_phy_top0/u_ddr_mc_phy_wrapper/u_ddr_mc_phy/ddr_phy_4lanes_0.u_ddr_phy_4lanes/ddr_byte_lane_D.ddr_byte_lane_D/iserdes_clk  {rise@0.000ns fall@1.250ns period=2.500ns})
  Path Group:             u_memc_ui_top_axi/mem_intfc0/ddr_phy_top0/u_ddr_mc_phy_wrapper/u_ddr_mc_phy/ddr_phy_4lanes_0.u_ddr_phy_4lanes/ddr_byte_lane_D.ddr_byte_lane_D/iserdes_clk
  Path Type:              Hold (Min at Fast Process Corner)
  Requirement:            -37.500ns  (u_memc_ui_top_axi/mem_intfc0/ddr_phy_top0/u_ddr_mc_phy_wrapper/u_ddr_mc_phy/ddr_phy_4lanes_0.u_ddr_phy_4lanes/ddr_byte_lane_D.ddr_byte_lane_D/iserdes_clk rise@12.500ns - clk_pll_i rise@50.000ns)
  Data Path Delay:        2.407ns  (logic 1.091ns (45.324%)  route 1.316ns (54.676%))
  Logic Levels:           2  (IBUF_INTERMDISABLE=1 IDELAYE2=1)
  Clock Path Skew:        0.844ns (DCD - SCD - CPR)
    Destination Clock Delay (DCD):    0.726ns
    Source Clock Delay      (SCD):    0.124ns
    Clock Pessimism Removal (CPR):    -0.242ns
  Clock Uncertainty:      0.222ns  ((TSJ^2 + DJ^2)^1/2) / 2 + PE
    Total System Jitter     (TSJ):    0.071ns
    Discrete Jitter          (DJ):    0.098ns
    Phase Error              (PE):    0.162ns
  Timing Exception:       MultiCycle Path   Setup -end   6    Hold  -start 5

    Pin Reuse     Location             Delay type                Incr(ns)  Path(ns)    Netlist Resource(s)
  ---------------------------------------------------------------------------------    -------------------
                                       (clock clk_pll_i rise edge)
                                                                   50.000    50.000 r  
                  R4                                                0.000    50.000 r  clk (IN)
                                       net (fo=0)                   0.000    50.000    mmcm/inst/clk_in1
                  R4                                                                r  mmcm/inst/clkin1_ibufg/I
                  R4                   IBUF (Prop_ibuf_I_O)         0.243    50.243 r  mmcm/inst/clkin1_ibufg/O
                                       net (fo=1, routed)           0.440    50.683    mmcm/inst/clk_in1_mmcm
                  MMCME2_ADV_X1Y2                                                   r  mmcm/inst/mmcm_adv_inst/CLKIN1
                  MMCME2_ADV_X1Y2      MMCME2_ADV (Prop_mmcme2_adv_CLKIN1_CLKOUT0)
                                                                   -2.540    48.144 r  mmcm/inst/mmcm_adv_inst/CLKOUT0
                                       net (fo=1, routed)           0.531    48.675    mmcm/inst/clk_out1_mmcm
                  BUFGCTRL_X0Y2                                                     r  mmcm/inst/clkout1_buf/I
                  BUFGCTRL_X0Y2        BUFG (Prop_bufg_I_O)         0.026    48.701 r  mmcm/inst/clkout1_buf/O
                                       net (fo=2, routed)           0.606    49.306    ddr3/u_ddr3_mig/u_ddr3_infrastructure/mmcm_clk
                  PLLE2_ADV_X1Y3                                                    r  ddr3/u_ddr3_mig/u_ddr3_infrastructure/plle2_i/CLKIN1
                  PLLE2_ADV_X1Y3       PLLE2_ADV (Prop_plle2_adv_CLKIN1_CLKOUT3)
                                                                    0.050    49.356 r  ddr3/u_ddr3_mig/u_ddr3_infrastructure/plle2_i/CLKOUT3
                                       net (fo=1, routed)           0.426    49.782    ddr3/u_ddr3_mig/u_ddr3_infrastructure/pll_clk3_out
                  BUFHCE_X1Y36                                                      r  ddr3/u_ddr3_mig/u_ddr3_infrastructure/u_bufh_pll_clk3/I
                  BUFHCE_X1Y36         BUFH (Prop_bufh_I_O)         0.020    49.802 r  ddr3/u_ddr3_mig/u_ddr3_infrastructure/u_bufh_pll_clk3/O
                                       net (fo=1, routed)           0.313    50.115    ddr3/u_ddr3_mig/u_ddr3_infrastructure/pll_clk3
                  MMCME2_ADV_X1Y3                                                   r  ddr3/u_ddr3_mig/u_ddr3_infrastructure/gen_mmcm.mmcm_i/CLKIN1
                  MMCME2_ADV_X1Y3      MMCME2_ADV (Prop_mmcme2_adv_CLKIN1_CLKFBOUT)
                                                                   -1.156    48.960 r  ddr3/u_ddr3_mig/u_ddr3_infrastructure/gen_mmcm.mmcm_i/CLKFBOUT
                                       net (fo=1, routed)           0.531    49.491    ddr3/u_ddr3_mig/u_ddr3_infrastructure/clk_pll_i
                  BUFGCTRL_X0Y16                                                    r  ddr3/u_ddr3_mig/u_ddr3_infrastructure/u_bufg_clkdiv0/I
                  BUFGCTRL_X0Y16       BUFG (Prop_bufg_I_O)         0.026    49.517 r  ddr3/u_ddr3_mig/u_ddr3_infrastructure/u_bufg_clkdiv0/O
                                       net (fo=26482, routed)       0.608    50.124    ddr3/u_ddr3_mig/u_memc_ui_top_axi/mem_intfc0/mc0/CLK
                  SLICE_X142Y168       FDRE                                         r  ddr3/u_ddr3_mig/u_memc_ui_top_axi/mem_intfc0/mc0/mc_read_idle_r_reg/C
  ---------------------------------------------------------------------------------    -------------------
    Routing       SLICE_X142Y168       FDRE (Prop_fdre_C_Q)         0.164    50.288 r  ddr3/u_ddr3_mig/u_memc_ui_top_axi/mem_intfc0/mc0/mc_read_idle_r_reg/Q
                                       net (fo=36, routed)          1.316    51.604    ddr3/u_ddr3_mig/u_memc_ui_top_axi/mem_intfc0/ddr_phy_top0/u_ddr_mc_phy_wrapper/gen_dq_iobuf_HR.gen_dq_iobuf[8].u_iobuf_dq/IBUFDISABLE
    Routing       E3                                                                r  ddr3/u_ddr3_mig/u_memc_ui_top_axi/mem_intfc0/ddr_phy_top0/u_ddr_mc_phy_wrapper/gen_dq_iobuf_HR.gen_dq_iobuf[8].u_iobuf_dq/IBUF/IBUFDISABLE
    Routing       E3                   IBUF_INTERMDISABLE (Prop_ibuf_intermdisable_IBUFDISABLE_O)
                                                                    0.684    52.288 r  ddr3/u_ddr3_mig/u_memc_ui_top_axi/mem_intfc0/ddr_phy_top0/u_ddr_mc_phy_wrapper/gen_dq_iobuf_HR.gen_dq_iobuf[8].u_iobuf_dq/IBUF/O
                                       net (fo=2, routed)           0.000    52.288    ddr3/u_ddr3_mig/u_memc_ui_top_axi/mem_intfc0/ddr_phy_top0/u_ddr_mc_phy_wrapper/u_ddr_mc_phy/ddr_phy_4lanes_0.u_ddr_phy_4lanes/ddr_byte_lane_D.ddr_byte_lane_D/ddr_byte_group_io/in_dq_8
    Routing       IDELAY_X1Y187                                                     r  ddr3/u_ddr3_mig/u_memc_ui_top_axi/mem_intfc0/ddr_phy_top0/u_ddr_mc_phy_wrapper/u_ddr_mc_phy/ddr_phy_4lanes_0.u_ddr_phy_4lanes/ddr_byte_lane_D.ddr_byte_lane_D/ddr_byte_group_io/input_[0].iserdes_dq_.idelay_dq.idelaye2/IDATAIN
    Routing       IDELAY_X1Y187        IDELAYE2 (Prop_idelaye2_IDATAIN_DATAOUT)
                                                                    0.243    52.531 r  ddr3/u_ddr3_mig/u_memc_ui_top_axi/mem_intfc0/ddr_phy_top0/u_ddr_mc_phy_wrapper/u_ddr_mc_phy/ddr_phy_4lanes_0.u_ddr_phy_4lanes/ddr_byte_lane_D.ddr_byte_lane_D/ddr_byte_group_io/input_[0].iserdes_dq_.idelay_dq.idelaye2/DATAOUT
                                       net (fo=1, routed)           0.000    52.531    ddr3/u_ddr3_mig/u_memc_ui_top_axi/mem_intfc0/ddr_phy_top0/u_ddr_mc_phy_wrapper/u_ddr_mc_phy/ddr_phy_4lanes_0.u_ddr_phy_4lanes/ddr_byte_lane_D.ddr_byte_lane_D/ddr_byte_group_io/data_in_dly_0
    Routing       ILOGIC_X1Y187        ISERDESE2                                    r  ddr3/u_ddr3_mig/u_memc_ui_top_axi/mem_intfc0/ddr_phy_top0/u_ddr_mc_phy_wrapper/u_ddr_mc_phy/ddr_phy_4lanes_0.u_ddr_phy_4lanes/ddr_byte_lane_D.ddr_byte_lane_D/ddr_byte_group_io/input_[0].iserdes_dq_.iserdesdq/DDLY
  ---------------------------------------------------------------------------------    -------------------

                                       (clock u_memc_ui_top_axi/mem_intfc0/ddr_phy_top0/u_ddr_mc_phy_wrapper/u_ddr_mc_phy/ddr_phy_4lanes_0.u_ddr_phy_4lanes/ddr_byte_lane_D.ddr_byte_lane_D/iserdes_clk rise edge)
                                                                   12.500    12.500 r  
                  R4                                                0.000    12.500 r  clk (IN)
                                       net (fo=0)                   0.000    12.500    mmcm/inst/clk_in1
                  R4                                                                r  mmcm/inst/clkin1_ibufg/I
                  R4                   IBUF (Prop_ibuf_I_O)         0.431    12.931 r  mmcm/inst/clkin1_ibufg/O
                                       net (fo=1, routed)           0.480    13.411    mmcm/inst/clk_in1_mmcm
                  MMCME2_ADV_X1Y2                                                   r  mmcm/inst/mmcm_adv_inst/CLKIN1
                  MMCME2_ADV_X1Y2      MMCME2_ADV (Prop_mmcme2_adv_CLKIN1_CLKOUT0)
                                                                   -3.332    10.079 r  mmcm/inst/mmcm_adv_inst/CLKOUT0
                                       net (fo=1, routed)           0.579    10.657    mmcm/inst/clk_out1_mmcm
                  BUFGCTRL_X0Y2                                                     r  mmcm/inst/clkout1_buf/I
                  BUFGCTRL_X0Y2        BUFG (Prop_bufg_I_O)         0.029    10.686 r  mmcm/inst/clkout1_buf/O
                                       net (fo=2, routed)           0.875    11.561    ddr3/u_ddr3_mig/u_ddr3_infrastructure/mmcm_clk
                  PLLE2_ADV_X1Y3                                                    r  ddr3/u_ddr3_mig/u_ddr3_infrastructure/plle2_i/CLKIN1
                  PLLE2_ADV_X1Y3       PLLE2_ADV (Prop_plle2_adv_CLKIN1_CLKOUT0)
                                                                    0.053    11.614 r  ddr3/u_ddr3_mig/u_ddr3_infrastructure/plle2_i/CLKOUT0
                                       net (fo=7, routed)           0.211    11.825    ddr3/u_ddr3_mig/u_memc_ui_top_axi/mem_intfc0/ddr_phy_top0/u_ddr_mc_phy_wrapper/u_ddr_mc_phy/ddr_phy_4lanes_0.u_ddr_phy_4lanes/ddr_byte_lane_D.ddr_byte_lane_D/freq_refclk
                  PHASER_IN_PHY_X1Y15                                               r  ddr3/u_ddr3_mig/u_memc_ui_top_axi/mem_intfc0/ddr_phy_top0/u_ddr_mc_phy_wrapper/u_ddr_mc_phy/ddr_phy_4lanes_0.u_ddr_phy_4lanes/ddr_byte_lane_D.ddr_byte_lane_D/phaser_in_gen.phaser_in/FREQREFCLK
                  PHASER_IN_PHY_X1Y15  PHASER_IN_PHY (Prop_phaser_in_phy_FREQREFCLK_ICLK)
                                                                    1.219    13.044 r  ddr3/u_ddr3_mig/u_memc_ui_top_axi/mem_intfc0/ddr_phy_top0/u_ddr_mc_phy_wrapper/u_ddr_mc_phy/ddr_phy_4lanes_0.u_ddr_phy_4lanes/ddr_byte_lane_D.ddr_byte_lane_D/phaser_in_gen.phaser_in/ICLK
                                       net (fo=16, routed)          0.182    13.226    ddr3/u_ddr3_mig/u_memc_ui_top_axi/mem_intfc0/ddr_phy_top0/u_ddr_mc_phy_wrapper/u_ddr_mc_phy/ddr_phy_4lanes_0.u_ddr_phy_4lanes/ddr_byte_lane_D.ddr_byte_lane_D/ddr_byte_group_io/input_[9].iserdes_dq_.iserdesdq_0
                  ILOGIC_X1Y187        ISERDESE2                                    r  ddr3/u_ddr3_mig/u_memc_ui_top_axi/mem_intfc0/ddr_phy_top0/u_ddr_mc_phy_wrapper/u_ddr_mc_phy/ddr_phy_4lanes_0.u_ddr_phy_4lanes/ddr_byte_lane_D.ddr_byte_lane_D/ddr_byte_group_io/input_[0].iserdes_dq_.iserdesdq/CLK
                                       clock pessimism              0.242    13.469    
                                       clock uncertainty            0.222    13.690    
                  ILOGIC_X1Y187        ISERDESE2 (Hold_iserdese2_CLK_DDLY)
                                                                    0.056    13.746    ddr3/u_ddr3_mig/u_memc_ui_top_axi/mem_intfc0/ddr_phy_top0/u_ddr_mc_phy_wrapper/u_ddr_mc_phy/ddr_phy_4lanes_0.u_ddr_phy_4lanes/ddr_byte_lane_D.ddr_byte_lane_D/ddr_byte_group_io/input_[0].iserdes_dq_.iserdesdq
  ---------------------------------------------------------------------------------
                                       required time                        -13.746    
                                       arrival time                          52.531    
  ---------------------------------------------------------------------------------
                                       slack                                 38.785    





---------------------------------------------------------------------------------------------------
From Clock:  sync_pulse
  To Clock:  mem_refclk

Setup :            0  Failing Endpoints,  Worst Slack        0.970ns,  Total Violation        0.000ns
Hold  :            0  Failing Endpoints,  Worst Slack        0.666ns,  Total Violation        0.000ns
---------------------------------------------------------------------------------------------------


Max Delay Paths
--------------------------------------------------------------------------------------
Slack (MET) :             0.970ns  (required time - arrival time)
  Source:                 ddr3/u_ddr3_mig/u_ddr3_infrastructure/plle2_i/CLKOUT2
                            (clock source 'sync_pulse'  {rise@1.094ns fall@3.594ns period=40.000ns})
  Destination:            ddr3/u_ddr3_mig/u_memc_ui_top_axi/mem_intfc0/ddr_phy_top0/u_ddr_mc_phy_wrapper/u_ddr_mc_phy/ddr_phy_4lanes_0.u_ddr_phy_4lanes/phy_control_i/SYNCIN
                            (rising edge-triggered cell PHY_CONTROL clocked by mem_refclk  {rise@0.000ns fall@1.250ns period=2.500ns})
  Path Group:             mem_refclk
  Path Type:              Setup (Max at Slow Process Corner)
  Requirement:            1.406ns  (mem_refclk rise@5.000ns - sync_pulse fall@3.594ns)
  Data Path Delay:        0.621ns  (logic 0.000ns (0.000%)  route 0.621ns (100.000%))
  Logic Levels:           0  
  Clock Path Skew:        0.589ns (DCD - SCD + CPR)
    Destination Clock Delay (DCD):    -0.985ns = ( 4.015 - 5.000 ) 
    Source Clock Delay      (SCD):    -0.977ns = ( 2.617 - 3.594 ) 
    Clock Pessimism Removal (CPR):    0.597ns
  Clock Uncertainty:      0.222ns  ((TSJ^2 + DJ^2)^1/2) / 2 + PE
    Total System Jitter     (TSJ):    0.071ns
    Discrete Jitter          (DJ):    0.192ns
    Phase Error              (PE):    0.120ns

    Pin Reuse     Location             Delay type                Incr(ns)  Path(ns)    Netlist Resource(s)
  ---------------------------------------------------------------------------------    -------------------
                                       (clock sync_pulse fall edge)
                                                                    3.594     3.594 f  
                  R4                                                0.000     3.594 f  clk (IN)
                                       net (fo=0)                   0.000     3.594    mmcm/inst/clk_in1
                  R4                                                                f  mmcm/inst/clkin1_ibufg/I
                  R4                   IBUF (Prop_ibuf_I_O)         1.475     5.069 f  mmcm/inst/clkin1_ibufg/O
                                       net (fo=1, routed)           1.233     6.302    mmcm/inst/clk_in1_mmcm
                  MMCME2_ADV_X1Y2                                                   f  mmcm/inst/mmcm_adv_inst/CLKIN1
                  MMCME2_ADV_X1Y2      MMCME2_ADV (Prop_mmcme2_adv_CLKIN1_CLKOUT0)
                                                                   -7.432    -1.130 f  mmcm/inst/mmcm_adv_inst/CLKOUT0
                                       net (fo=1, routed)           1.808     0.679    mmcm/inst/clk_out1_mmcm
                  BUFGCTRL_X0Y2                                                     f  mmcm/inst/clkout1_buf/I
                  BUFGCTRL_X0Y2        BUFG (Prop_bufg_I_O)         0.096     0.775 f  mmcm/inst/clkout1_buf/O
                                       net (fo=2, routed)           1.754     2.529    ddr3/u_ddr3_mig/u_ddr3_infrastructure/mmcm_clk
                  PLLE2_ADV_X1Y3                                                    f  ddr3/u_ddr3_mig/u_ddr3_infrastructure/plle2_i/CLKIN1
  ---------------------------------------------------------------------------------    -------------------
    Routing       PLLE2_ADV_X1Y3       PLLE2_ADV (Prop_plle2_adv_CLKIN1_CLKOUT2)
                                                                    0.088     2.617 f  ddr3/u_ddr3_mig/u_ddr3_infrastructure/plle2_i/CLKOUT2
                                       net (fo=7, routed)           0.621     3.238    ddr3/u_ddr3_mig/u_memc_ui_top_axi/mem_intfc0/ddr_phy_top0/u_ddr_mc_phy_wrapper/u_ddr_mc_phy/ddr_phy_4lanes_0.u_ddr_phy_4lanes/sync_pulse
    Routing       PHY_CONTROL_X1Y3     PHY_CONTROL                                  f  ddr3/u_ddr3_mig/u_memc_ui_top_axi/mem_intfc0/ddr_phy_top0/u_ddr_mc_phy_wrapper/u_ddr_mc_phy/ddr_phy_4lanes_0.u_ddr_phy_4lanes/phy_control_i/SYNCIN
  ---------------------------------------------------------------------------------    -------------------

                                       (clock mem_refclk rise edge)
                                                                    5.000     5.000 r  
                  R4                                                0.000     5.000 r  clk (IN)
                                       net (fo=0)                   0.000     5.000    mmcm/inst/clk_in1
                  R4                                                                r  mmcm/inst/clkin1_ibufg/I
                  R4                   IBUF (Prop_ibuf_I_O)         1.405     6.405 r  mmcm/inst/clkin1_ibufg/O
                                       net (fo=1, routed)           1.162     7.567    mmcm/inst/clk_in1_mmcm
                  MMCME2_ADV_X1Y2                                                   r  mmcm/inst/mmcm_adv_inst/CLKIN1
                  MMCME2_ADV_X1Y2      MMCME2_ADV (Prop_mmcme2_adv_CLKIN1_CLKOUT0)
                                                                   -7.674    -0.107 r  mmcm/inst/mmcm_adv_inst/CLKOUT0
                                       net (fo=1, routed)           1.723     1.616    mmcm/inst/clk_out1_mmcm
                  BUFGCTRL_X0Y2                                                     r  mmcm/inst/clkout1_buf/I
                  BUFGCTRL_X0Y2        BUFG (Prop_bufg_I_O)         0.091     1.707 r  mmcm/inst/clkout1_buf/O
                                       net (fo=2, routed)           1.636     3.343    ddr3/u_ddr3_mig/u_ddr3_infrastructure/mmcm_clk
                  PLLE2_ADV_X1Y3                                                    r  ddr3/u_ddr3_mig/u_ddr3_infrastructure/plle2_i/CLKIN1
                  PLLE2_ADV_X1Y3       PLLE2_ADV (Prop_plle2_adv_CLKIN1_CLKOUT1)
                                                                    0.083     3.426 r  ddr3/u_ddr3_mig/u_ddr3_infrastructure/plle2_i/CLKOUT1
                                       net (fo=7, routed)           0.589     4.015    ddr3/u_ddr3_mig/u_memc_ui_top_axi/mem_intfc0/ddr_phy_top0/u_ddr_mc_phy_wrapper/u_ddr_mc_phy/ddr_phy_4lanes_0.u_ddr_phy_4lanes/mem_refclk
                  PHY_CONTROL_X1Y3     PHY_CONTROL                                  r  ddr3/u_ddr3_mig/u_memc_ui_top_axi/mem_intfc0/ddr_phy_top0/u_ddr_mc_phy_wrapper/u_ddr_mc_phy/ddr_phy_4lanes_0.u_ddr_phy_4lanes/phy_control_i/MEMREFCLK
                                       clock pessimism              0.597     4.612    
                                       clock uncertainty           -0.222     4.390    
                  PHY_CONTROL_X1Y3     PHY_CONTROL (Setup_phy_control_MEMREFCLK_SYNCIN)
                                                                   -0.182     4.208    ddr3/u_ddr3_mig/u_memc_ui_top_axi/mem_intfc0/ddr_phy_top0/u_ddr_mc_phy_wrapper/u_ddr_mc_phy/ddr_phy_4lanes_0.u_ddr_phy_4lanes/phy_control_i
  ---------------------------------------------------------------------------------
                                       required time                          4.208    
                                       arrival time                          -3.238    
  ---------------------------------------------------------------------------------
                                       slack                                  0.970    





Min Delay Paths
--------------------------------------------------------------------------------------
Slack (MET) :             0.666ns  (arrival time - required time)
  Source:                 ddr3/u_ddr3_mig/u_ddr3_infrastructure/plle2_i/CLKOUT2
                            (clock source 'sync_pulse'  {rise@1.094ns fall@3.594ns period=40.000ns})
  Destination:            ddr3/u_ddr3_mig/u_memc_ui_top_axi/mem_intfc0/ddr_phy_top0/u_ddr_mc_phy_wrapper/u_ddr_mc_phy/ddr_phy_4lanes_0.u_ddr_phy_4lanes/phy_control_i/SYNCIN
                            (rising edge-triggered cell PHY_CONTROL clocked by mem_refclk  {rise@0.000ns fall@1.250ns period=2.500ns})
  Path Group:             mem_refclk
  Path Type:              Hold (Min at Slow Process Corner)
  Requirement:            -1.094ns  (mem_refclk rise@2.500ns - sync_pulse fall@3.594ns)
  Data Path Delay:        0.589ns  (logic 0.000ns (0.000%)  route 0.589ns (100.000%))
  Logic Levels:           0  
  Clock Path Skew:        0.621ns (DCD - SCD - CPR)
    Destination Clock Delay (DCD):    -0.356ns = ( 2.144 - 2.500 ) 
    Source Clock Delay      (SCD):    -1.574ns = ( 2.020 - 3.594 ) 
    Clock Pessimism Removal (CPR):    0.597ns
  Clock Uncertainty:      0.222ns  ((TSJ^2 + DJ^2)^1/2) / 2 + PE
    Total System Jitter     (TSJ):    0.071ns
    Discrete Jitter          (DJ):    0.192ns
    Phase Error              (PE):    0.120ns

    Pin Reuse     Location             Delay type                Incr(ns)  Path(ns)    Netlist Resource(s)
  ---------------------------------------------------------------------------------    -------------------
                                       (clock sync_pulse fall edge)
                                                                    3.594     3.594 f  
                  R4                                                0.000     3.594 f  clk (IN)
                                       net (fo=0)                   0.000     3.594    mmcm/inst/clk_in1
                  R4                                                                f  mmcm/inst/clkin1_ibufg/I
                  R4                   IBUF (Prop_ibuf_I_O)         1.405     4.998 f  mmcm/inst/clkin1_ibufg/O
                                       net (fo=1, routed)           1.162     6.160    mmcm/inst/clk_in1_mmcm
                  MMCME2_ADV_X1Y2                                                   f  mmcm/inst/mmcm_adv_inst/CLKIN1
                  MMCME2_ADV_X1Y2      MMCME2_ADV (Prop_mmcme2_adv_CLKIN1_CLKOUT0)
                                                                   -7.674    -1.513 f  mmcm/inst/mmcm_adv_inst/CLKOUT0
                                       net (fo=1, routed)           1.723     0.210    mmcm/inst/clk_out1_mmcm
                  BUFGCTRL_X0Y2                                                     f  mmcm/inst/clkout1_buf/I
                  BUFGCTRL_X0Y2        BUFG (Prop_bufg_I_O)         0.091     0.301 f  mmcm/inst/clkout1_buf/O
                                       net (fo=2, routed)           1.636     1.937    ddr3/u_ddr3_mig/u_ddr3_infrastructure/mmcm_clk
                  PLLE2_ADV_X1Y3                                                    f  ddr3/u_ddr3_mig/u_ddr3_infrastructure/plle2_i/CLKIN1
  ---------------------------------------------------------------------------------    -------------------
    Routing       PLLE2_ADV_X1Y3       PLLE2_ADV (Prop_plle2_adv_CLKIN1_CLKOUT2)
                                                                    0.083     2.020 f  ddr3/u_ddr3_mig/u_ddr3_infrastructure/plle2_i/CLKOUT2
                                       net (fo=7, routed)           0.589     2.609    ddr3/u_ddr3_mig/u_memc_ui_top_axi/mem_intfc0/ddr_phy_top0/u_ddr_mc_phy_wrapper/u_ddr_mc_phy/ddr_phy_4lanes_0.u_ddr_phy_4lanes/sync_pulse
    Routing       PHY_CONTROL_X1Y3     PHY_CONTROL                                  f  ddr3/u_ddr3_mig/u_memc_ui_top_axi/mem_intfc0/ddr_phy_top0/u_ddr_mc_phy_wrapper/u_ddr_mc_phy/ddr_phy_4lanes_0.u_ddr_phy_4lanes/phy_control_i/SYNCIN
  ---------------------------------------------------------------------------------    -------------------

                                       (clock mem_refclk rise edge)
                                                                    2.500     2.500 r  
                  R4                                                0.000     2.500 r  clk (IN)
                                       net (fo=0)                   0.000     2.500    mmcm/inst/clk_in1
                  R4                                                                r  mmcm/inst/clkin1_ibufg/I
                  R4                   IBUF (Prop_ibuf_I_O)         1.475     3.975 r  mmcm/inst/clkin1_ibufg/O
                                       net (fo=1, routed)           1.233     5.208    mmcm/inst/clk_in1_mmcm
                  MMCME2_ADV_X1Y2                                                   r  mmcm/inst/mmcm_adv_inst/CLKIN1
                  MMCME2_ADV_X1Y2      MMCME2_ADV (Prop_mmcme2_adv_CLKIN1_CLKOUT0)
                                                                   -7.432    -2.224 r  mmcm/inst/mmcm_adv_inst/CLKOUT0
                                       net (fo=1, routed)           1.808    -0.415    mmcm/inst/clk_out1_mmcm
                  BUFGCTRL_X0Y2                                                     r  mmcm/inst/clkout1_buf/I
                  BUFGCTRL_X0Y2        BUFG (Prop_bufg_I_O)         0.096    -0.319 r  mmcm/inst/clkout1_buf/O
                                       net (fo=2, routed)           1.754     1.435    ddr3/u_ddr3_mig/u_ddr3_infrastructure/mmcm_clk
                  PLLE2_ADV_X1Y3                                                    r  ddr3/u_ddr3_mig/u_ddr3_infrastructure/plle2_i/CLKIN1
                  PLLE2_ADV_X1Y3       PLLE2_ADV (Prop_plle2_adv_CLKIN1_CLKOUT1)
                                                                    0.088     1.523 r  ddr3/u_ddr3_mig/u_ddr3_infrastructure/plle2_i/CLKOUT1
                                       net (fo=7, routed)           0.621     2.144    ddr3/u_ddr3_mig/u_memc_ui_top_axi/mem_intfc0/ddr_phy_top0/u_ddr_mc_phy_wrapper/u_ddr_mc_phy/ddr_phy_4lanes_0.u_ddr_phy_4lanes/mem_refclk
                  PHY_CONTROL_X1Y3     PHY_CONTROL                                  r  ddr3/u_ddr3_mig/u_memc_ui_top_axi/mem_intfc0/ddr_phy_top0/u_ddr_mc_phy_wrapper/u_ddr_mc_phy/ddr_phy_4lanes_0.u_ddr_phy_4lanes/phy_control_i/MEMREFCLK
                                       clock pessimism             -0.597     1.547    
                                       clock uncertainty            0.222     1.769    
                  PHY_CONTROL_X1Y3     PHY_CONTROL (Hold_phy_control_MEMREFCLK_SYNCIN)
                                                                    0.174     1.943    ddr3/u_ddr3_mig/u_memc_ui_top_axi/mem_intfc0/ddr_phy_top0/u_ddr_mc_phy_wrapper/u_ddr_mc_phy/ddr_phy_4lanes_0.u_ddr_phy_4lanes/phy_control_i
  ---------------------------------------------------------------------------------
                                       required time                         -1.943    
                                       arrival time                           2.609    
  ---------------------------------------------------------------------------------
                                       slack                                  0.666    





---------------------------------------------------------------------------------------------------
From Clock:  oserdes_clk
  To Clock:  oserdes_clkdiv

Setup :            0  Failing Endpoints,  Worst Slack        1.593ns,  Total Violation        0.000ns
Hold  :            0  Failing Endpoints,  Worst Slack        0.095ns,  Total Violation        0.000ns
---------------------------------------------------------------------------------------------------


Max Delay Paths
--------------------------------------------------------------------------------------
Slack (MET) :             1.593ns  (required time - arrival time)
  Source:                 ddr3/u_ddr3_mig/u_memc_ui_top_axi/mem_intfc0/ddr_phy_top0/u_ddr_mc_phy_wrapper/u_ddr_mc_phy/ddr_phy_4lanes_0.u_ddr_phy_4lanes/ddr_byte_lane_A.ddr_byte_lane_A/phaser_out/OCLK
                            (rising edge-triggered cell PHASER_OUT_PHY clocked by oserdes_clk  {rise@0.000ns fall@1.250ns period=2.500ns})
  Destination:            ddr3/u_ddr3_mig/u_memc_ui_top_axi/mem_intfc0/ddr_phy_top0/u_ddr_mc_phy_wrapper/u_ddr_mc_phy/ddr_phy_4lanes_0.u_ddr_phy_4lanes/ddr_byte_lane_A.ddr_byte_lane_A/out_fifo/RDEN
                            (rising edge-triggered cell OUT_FIFO clocked by oserdes_clkdiv  {rise@0.000ns fall@5.000ns period=10.000ns})
  Path Group:             oserdes_clkdiv
  Path Type:              Setup (Max at Slow Process Corner)
  Requirement:            2.500ns  (oserdes_clkdiv rise@10.000ns - oserdes_clk rise@7.500ns)
  Data Path Delay:        0.338ns  (logic 0.338ns (100.000%)  route 0.000ns (0.000%))
  Logic Levels:           0  
  Clock Path Skew:        0.148ns (DCD - SCD + CPR)
    Destination Clock Delay (DCD):    1.232ns = ( 11.232 - 10.000 ) 
    Source Clock Delay      (SCD):    1.773ns = ( 9.273 - 7.500 ) 
    Clock Pessimism Removal (CPR):    0.688ns
  Clock Uncertainty:      0.066ns  ((TSJ^2 + DJ^2)^1/2) / 2 + PE
    Total System Jitter     (TSJ):    0.071ns
    Discrete Jitter          (DJ):    0.111ns
    Phase Error              (PE):    0.000ns

    Pin Reuse     Location             Delay type                Incr(ns)  Path(ns)    Netlist Resource(s)
  ---------------------------------------------------------------------------------    -------------------
                                       (clock oserdes_clk rise edge)
                                                                    7.500     7.500 r  
                  R4                                                0.000     7.500 r  clk (IN)
                                       net (fo=0)                   0.000     7.500    mmcm/inst/clk_in1
                  R4                                                                r  mmcm/inst/clkin1_ibufg/I
                  R4                   IBUF (Prop_ibuf_I_O)         1.475     8.975 r  mmcm/inst/clkin1_ibufg/O
                                       net (fo=1, routed)           1.233    10.208    mmcm/inst/clk_in1_mmcm
                  MMCME2_ADV_X1Y2                                                   r  mmcm/inst/mmcm_adv_inst/CLKIN1
                  MMCME2_ADV_X1Y2      MMCME2_ADV (Prop_mmcme2_adv_CLKIN1_CLKOUT0)
                                                                   -7.432     2.776 r  mmcm/inst/mmcm_adv_inst/CLKOUT0
                                       net (fo=1, routed)           1.808     4.585    mmcm/inst/clk_out1_mmcm
                  BUFGCTRL_X0Y2                                                     r  mmcm/inst/clkout1_buf/I
                  BUFGCTRL_X0Y2        BUFG (Prop_bufg_I_O)         0.096     4.681 r  mmcm/inst/clkout1_buf/O
                                       net (fo=2, routed)           1.754     6.435    ddr3/u_ddr3_mig/u_ddr3_infrastructure/mmcm_clk
                  PLLE2_ADV_X1Y3                                                    r  ddr3/u_ddr3_mig/u_ddr3_infrastructure/plle2_i/CLKIN1
                  PLLE2_ADV_X1Y3       PLLE2_ADV (Prop_plle2_adv_CLKIN1_CLKOUT1)
                                                                    0.088     6.523 r  ddr3/u_ddr3_mig/u_ddr3_infrastructure/plle2_i/CLKOUT1
                                       net (fo=7, routed)           0.614     7.137    ddr3/u_ddr3_mig/u_memc_ui_top_axi/mem_intfc0/ddr_phy_top0/u_ddr_mc_phy_wrapper/u_ddr_mc_phy/ddr_phy_4lanes_0.u_ddr_phy_4lanes/ddr_byte_lane_A.ddr_byte_lane_A/mem_refclk
                  PHASER_OUT_PHY_X1Y12                                              r  ddr3/u_ddr3_mig/u_memc_ui_top_axi/mem_intfc0/ddr_phy_top0/u_ddr_mc_phy_wrapper/u_ddr_mc_phy/ddr_phy_4lanes_0.u_ddr_phy_4lanes/ddr_byte_lane_A.ddr_byte_lane_A/phaser_out/MEMREFCLK
                  PHASER_OUT_PHY_X1Y12 PHASER_OUT_PHY (Prop_phaser_out_phy_MEMREFCLK_OCLK)
                                                                    2.136     9.273 r  ddr3/u_ddr3_mig/u_memc_ui_top_axi/mem_intfc0/ddr_phy_top0/u_ddr_mc_phy_wrapper/u_ddr_mc_phy/ddr_phy_4lanes_0.u_ddr_phy_4lanes/ddr_byte_lane_A.ddr_byte_lane_A/phaser_out/OCLK
  ---------------------------------------------------------------------------------    -------------------
    Routing       PHASER_OUT_PHY_X1Y12 PHASER_OUT_PHY (Prop_phaser_out_phy_OCLK_RDENABLE)
                                                                    0.338     9.611 r  ddr3/u_ddr3_mig/u_memc_ui_top_axi/mem_intfc0/ddr_phy_top0/u_ddr_mc_phy_wrapper/u_ddr_mc_phy/ddr_phy_4lanes_0.u_ddr_phy_4lanes/ddr_byte_lane_A.ddr_byte_lane_A/phaser_out/RDENABLE
                                       net (fo=1, routed)           0.000     9.611    ddr3/u_ddr3_mig/u_memc_ui_top_axi/mem_intfc0/ddr_phy_top0/u_ddr_mc_phy_wrapper/u_ddr_mc_phy/ddr_phy_4lanes_0.u_ddr_phy_4lanes/ddr_byte_lane_A.ddr_byte_lane_A/po_rd_enable
    Routing       OUT_FIFO_X1Y12       OUT_FIFO                                     r  ddr3/u_ddr3_mig/u_memc_ui_top_axi/mem_intfc0/ddr_phy_top0/u_ddr_mc_phy_wrapper/u_ddr_mc_phy/ddr_phy_4lanes_0.u_ddr_phy_4lanes/ddr_byte_lane_A.ddr_byte_lane_A/out_fifo/RDEN
  ---------------------------------------------------------------------------------    -------------------

                                       (clock oserdes_clkdiv rise edge)
                                                                   10.000    10.000 r  
                  R4                                                0.000    10.000 r  clk (IN)
                                       net (fo=0)                   0.000    10.000    mmcm/inst/clk_in1
                  R4                                                                r  mmcm/inst/clkin1_ibufg/I
                  R4                   IBUF (Prop_ibuf_I_O)         1.405    11.405 r  mmcm/inst/clkin1_ibufg/O
                                       net (fo=1, routed)           1.162    12.567    mmcm/inst/clk_in1_mmcm
                  MMCME2_ADV_X1Y2                                                   r  mmcm/inst/mmcm_adv_inst/CLKIN1
                  MMCME2_ADV_X1Y2      MMCME2_ADV (Prop_mmcme2_adv_CLKIN1_CLKOUT0)
                                                                   -7.674     4.893 r  mmcm/inst/mmcm_adv_inst/CLKOUT0
                                       net (fo=1, routed)           1.723     6.616    mmcm/inst/clk_out1_mmcm
                  BUFGCTRL_X0Y2                                                     r  mmcm/inst/clkout1_buf/I
                  BUFGCTRL_X0Y2        BUFG (Prop_bufg_I_O)         0.091     6.707 r  mmcm/inst/clkout1_buf/O
                                       net (fo=2, routed)           1.636     8.343    ddr3/u_ddr3_mig/u_ddr3_infrastructure/mmcm_clk
                  PLLE2_ADV_X1Y3                                                    r  ddr3/u_ddr3_mig/u_ddr3_infrastructure/plle2_i/CLKIN1
                  PLLE2_ADV_X1Y3       PLLE2_ADV (Prop_plle2_adv_CLKIN1_CLKOUT1)
                                                                    0.083     8.426 r  ddr3/u_ddr3_mig/u_ddr3_infrastructure/plle2_i/CLKOUT1
                                       net (fo=7, routed)           0.582     9.008    ddr3/u_ddr3_mig/u_memc_ui_top_axi/mem_intfc0/ddr_phy_top0/u_ddr_mc_phy_wrapper/u_ddr_mc_phy/ddr_phy_4lanes_0.u_ddr_phy_4lanes/ddr_byte_lane_A.ddr_byte_lane_A/mem_refclk
                  PHASER_OUT_PHY_X1Y12                                              r  ddr3/u_ddr3_mig/u_memc_ui_top_axi/mem_intfc0/ddr_phy_top0/u_ddr_mc_phy_wrapper/u_ddr_mc_phy/ddr_phy_4lanes_0.u_ddr_phy_4lanes/ddr_byte_lane_A.ddr_byte_lane_A/phaser_out/MEMREFCLK
                  PHASER_OUT_PHY_X1Y12 PHASER_OUT_PHY (Prop_phaser_out_phy_MEMREFCLK_OCLK)
                                                                    2.077    11.084 r  ddr3/u_ddr3_mig/u_memc_ui_top_axi/mem_intfc0/ddr_phy_top0/u_ddr_mc_phy_wrapper/u_ddr_mc_phy/ddr_phy_4lanes_0.u_ddr_phy_4lanes/ddr_byte_lane_A.ddr_byte_lane_A/phaser_out/OCLK
                  PHASER_OUT_PHY_X1Y12 PHASER_OUT_PHY (Prop_phaser_out_phy_OCLK_OCLKDIV)
                                                                    0.148    11.232 r  ddr3/u_ddr3_mig/u_memc_ui_top_axi/mem_intfc0/ddr_phy_top0/u_ddr_mc_phy_wrapper/u_ddr_mc_phy/ddr_phy_4lanes_0.u_ddr_phy_4lanes/ddr_byte_lane_A.ddr_byte_lane_A/phaser_out/OCLKDIV
                                       net (fo=12, routed)          0.000    11.232    ddr3/u_ddr3_mig/u_memc_ui_top_axi/mem_intfc0/ddr_phy_top0/u_ddr_mc_phy_wrapper/u_ddr_mc_phy/ddr_phy_4lanes_0.u_ddr_phy_4lanes/ddr_byte_lane_A.ddr_byte_lane_A/oserdes_clkdiv
                  OUT_FIFO_X1Y12       OUT_FIFO                                     r  ddr3/u_ddr3_mig/u_memc_ui_top_axi/mem_intfc0/ddr_phy_top0/u_ddr_mc_phy_wrapper/u_ddr_mc_phy/ddr_phy_4lanes_0.u_ddr_phy_4lanes/ddr_byte_lane_A.ddr_byte_lane_A/out_fifo/RDCLK
                                       clock pessimism              0.688    11.921    
                                       clock uncertainty           -0.066    11.855    
                  OUT_FIFO_X1Y12       OUT_FIFO (Setup_out_fifo_RDCLK_RDEN)
                                                                   -0.651    11.204    ddr3/u_ddr3_mig/u_memc_ui_top_axi/mem_intfc0/ddr_phy_top0/u_ddr_mc_phy_wrapper/u_ddr_mc_phy/ddr_phy_4lanes_0.u_ddr_phy_4lanes/ddr_byte_lane_A.ddr_byte_lane_A/out_fifo
  ---------------------------------------------------------------------------------
                                       required time                         11.204    
                                       arrival time                          -9.611    
  ---------------------------------------------------------------------------------
                                       slack                                  1.593    





Min Delay Paths
--------------------------------------------------------------------------------------
Slack (MET) :             0.095ns  (arrival time - required time)
  Source:                 ddr3/u_ddr3_mig/u_memc_ui_top_axi/mem_intfc0/ddr_phy_top0/u_ddr_mc_phy_wrapper/u_ddr_mc_phy/ddr_phy_4lanes_0.u_ddr_phy_4lanes/ddr_byte_lane_A.ddr_byte_lane_A/phaser_out/OCLK
                            (rising edge-triggered cell PHASER_OUT_PHY clocked by oserdes_clk  {rise@0.000ns fall@1.250ns period=2.500ns})
  Destination:            ddr3/u_ddr3_mig/u_memc_ui_top_axi/mem_intfc0/ddr_phy_top0/u_ddr_mc_phy_wrapper/u_ddr_mc_phy/ddr_phy_4lanes_0.u_ddr_phy_4lanes/ddr_byte_lane_A.ddr_byte_lane_A/out_fifo/RDEN
                            (rising edge-triggered cell OUT_FIFO clocked by oserdes_clkdiv  {rise@0.000ns fall@5.000ns period=10.000ns})
  Path Group:             oserdes_clkdiv
  Path Type:              Hold (Min at Fast Process Corner)
  Requirement:            0.000ns  (oserdes_clkdiv rise@0.000ns - oserdes_clk rise@0.000ns)
  Data Path Delay:        0.172ns  (logic 0.172ns (100.000%)  route 0.000ns (0.000%))
  Logic Levels:           0  
  Clock Path Skew:        0.088ns (DCD - SCD - CPR)
    Destination Clock Delay (DCD):    1.278ns
    Source Clock Delay      (SCD):    1.367ns
    Clock Pessimism Removal (CPR):    -0.177ns

    Pin Reuse     Location             Delay type                Incr(ns)  Path(ns)    Netlist Resource(s)
  ---------------------------------------------------------------------------------    -------------------
                                       (clock oserdes_clk rise edge)
                                                                    0.000     0.000 r  
                  R4                                                0.000     0.000 r  clk (IN)
                                       net (fo=0)                   0.000     0.000    mmcm/inst/clk_in1
                  R4                                                                r  mmcm/inst/clkin1_ibufg/I
                  R4                   IBUF (Prop_ibuf_I_O)         0.243     0.243 r  mmcm/inst/clkin1_ibufg/O
                                       net (fo=1, routed)           0.440     0.683    mmcm/inst/clk_in1_mmcm
                  MMCME2_ADV_X1Y2                                                   r  mmcm/inst/mmcm_adv_inst/CLKIN1
                  MMCME2_ADV_X1Y2      MMCME2_ADV (Prop_mmcme2_adv_CLKIN1_CLKOUT0)
                                                                   -2.540    -1.856 r  mmcm/inst/mmcm_adv_inst/CLKOUT0
                                       net (fo=1, routed)           0.531    -1.325    mmcm/inst/clk_out1_mmcm
                  BUFGCTRL_X0Y2                                                     r  mmcm/inst/clkout1_buf/I
                  BUFGCTRL_X0Y2        BUFG (Prop_bufg_I_O)         0.026    -1.299 r  mmcm/inst/clkout1_buf/O
                                       net (fo=2, routed)           0.606    -0.694    ddr3/u_ddr3_mig/u_ddr3_infrastructure/mmcm_clk
                  PLLE2_ADV_X1Y3                                                    r  ddr3/u_ddr3_mig/u_ddr3_infrastructure/plle2_i/CLKIN1
                  PLLE2_ADV_X1Y3       PLLE2_ADV (Prop_plle2_adv_CLKIN1_CLKOUT1)
                                                                    0.050    -0.644 r  ddr3/u_ddr3_mig/u_ddr3_infrastructure/plle2_i/CLKOUT1
                                       net (fo=7, routed)           0.197    -0.447    ddr3/u_ddr3_mig/u_memc_ui_top_axi/mem_intfc0/ddr_phy_top0/u_ddr_mc_phy_wrapper/u_ddr_mc_phy/ddr_phy_4lanes_0.u_ddr_phy_4lanes/ddr_byte_lane_A.ddr_byte_lane_A/mem_refclk
                  PHASER_OUT_PHY_X1Y12                                              r  ddr3/u_ddr3_mig/u_memc_ui_top_axi/mem_intfc0/ddr_phy_top0/u_ddr_mc_phy_wrapper/u_ddr_mc_phy/ddr_phy_4lanes_0.u_ddr_phy_4lanes/ddr_byte_lane_A.ddr_byte_lane_A/phaser_out/MEMREFCLK
                  PHASER_OUT_PHY_X1Y12 PHASER_OUT_PHY (Prop_phaser_out_phy_MEMREFCLK_OCLK)
                                                                    1.813     1.367 r  ddr3/u_ddr3_mig/u_memc_ui_top_axi/mem_intfc0/ddr_phy_top0/u_ddr_mc_phy_wrapper/u_ddr_mc_phy/ddr_phy_4lanes_0.u_ddr_phy_4lanes/ddr_byte_lane_A.ddr_byte_lane_A/phaser_out/OCLK
  ---------------------------------------------------------------------------------    -------------------
    Routing       PHASER_OUT_PHY_X1Y12 PHASER_OUT_PHY (Prop_phaser_out_phy_OCLK_RDENABLE)
                                                                    0.172     1.539 r  ddr3/u_ddr3_mig/u_memc_ui_top_axi/mem_intfc0/ddr_phy_top0/u_ddr_mc_phy_wrapper/u_ddr_mc_phy/ddr_phy_4lanes_0.u_ddr_phy_4lanes/ddr_byte_lane_A.ddr_byte_lane_A/phaser_out/RDENABLE
                                       net (fo=1, routed)           0.000     1.539    ddr3/u_ddr3_mig/u_memc_ui_top_axi/mem_intfc0/ddr_phy_top0/u_ddr_mc_phy_wrapper/u_ddr_mc_phy/ddr_phy_4lanes_0.u_ddr_phy_4lanes/ddr_byte_lane_A.ddr_byte_lane_A/po_rd_enable
    Routing       OUT_FIFO_X1Y12       OUT_FIFO                                     r  ddr3/u_ddr3_mig/u_memc_ui_top_axi/mem_intfc0/ddr_phy_top0/u_ddr_mc_phy_wrapper/u_ddr_mc_phy/ddr_phy_4lanes_0.u_ddr_phy_4lanes/ddr_byte_lane_A.ddr_byte_lane_A/out_fifo/RDEN
  ---------------------------------------------------------------------------------    -------------------

                                       (clock oserdes_clkdiv rise edge)
                                                                    0.000     0.000 r  
                  R4                                                0.000     0.000 r  clk (IN)
                                       net (fo=0)                   0.000     0.000    mmcm/inst/clk_in1
                  R4                                                                r  mmcm/inst/clkin1_ibufg/I
                  R4                   IBUF (Prop_ibuf_I_O)         0.431     0.431 r  mmcm/inst/clkin1_ibufg/O
                                       net (fo=1, routed)           0.480     0.911    mmcm/inst/clk_in1_mmcm
                  MMCME2_ADV_X1Y2                                                   r  mmcm/inst/mmcm_adv_inst/CLKIN1
                  MMCME2_ADV_X1Y2      MMCME2_ADV (Prop_mmcme2_adv_CLKIN1_CLKOUT0)
                                                                   -3.332    -2.421 r  mmcm/inst/mmcm_adv_inst/CLKOUT0
                                       net (fo=1, routed)           0.579    -1.843    mmcm/inst/clk_out1_mmcm
                  BUFGCTRL_X0Y2                                                     r  mmcm/inst/clkout1_buf/I
                  BUFGCTRL_X0Y2        BUFG (Prop_bufg_I_O)         0.029    -1.814 r  mmcm/inst/clkout1_buf/O
                                       net (fo=2, routed)           0.875    -0.939    ddr3/u_ddr3_mig/u_ddr3_infrastructure/mmcm_clk
                  PLLE2_ADV_X1Y3                                                    r  ddr3/u_ddr3_mig/u_ddr3_infrastructure/plle2_i/CLKIN1
                  PLLE2_ADV_X1Y3       PLLE2_ADV (Prop_plle2_adv_CLKIN1_CLKOUT1)
                                                                    0.053    -0.886 r  ddr3/u_ddr3_mig/u_ddr3_infrastructure/plle2_i/CLKOUT1
                                       net (fo=7, routed)           0.218    -0.668    ddr3/u_ddr3_mig/u_memc_ui_top_axi/mem_intfc0/ddr_phy_top0/u_ddr_mc_phy_wrapper/u_ddr_mc_phy/ddr_phy_4lanes_0.u_ddr_phy_4lanes/ddr_byte_lane_A.ddr_byte_lane_A/mem_refclk
                  PHASER_OUT_PHY_X1Y12                                              r  ddr3/u_ddr3_mig/u_memc_ui_top_axi/mem_intfc0/ddr_phy_top0/u_ddr_mc_phy_wrapper/u_ddr_mc_phy/ddr_phy_4lanes_0.u_ddr_phy_4lanes/ddr_byte_lane_A.ddr_byte_lane_A/phaser_out/MEMREFCLK
                  PHASER_OUT_PHY_X1Y12 PHASER_OUT_PHY (Prop_phaser_out_phy_MEMREFCLK_OCLK)
                                                                    1.858     1.190 r  ddr3/u_ddr3_mig/u_memc_ui_top_axi/mem_intfc0/ddr_phy_top0/u_ddr_mc_phy_wrapper/u_ddr_mc_phy/ddr_phy_4lanes_0.u_ddr_phy_4lanes/ddr_byte_lane_A.ddr_byte_lane_A/phaser_out/OCLK
                  PHASER_OUT_PHY_X1Y12 PHASER_OUT_PHY (Prop_phaser_out_phy_OCLK_OCLKDIV)
                                                                    0.088     1.278 r  ddr3/u_ddr3_mig/u_memc_ui_top_axi/mem_intfc0/ddr_phy_top0/u_ddr_mc_phy_wrapper/u_ddr_mc_phy/ddr_phy_4lanes_0.u_ddr_phy_4lanes/ddr_byte_lane_A.ddr_byte_lane_A/phaser_out/OCLKDIV
                                       net (fo=12, routed)          0.000     1.278    ddr3/u_ddr3_mig/u_memc_ui_top_axi/mem_intfc0/ddr_phy_top0/u_ddr_mc_phy_wrapper/u_ddr_mc_phy/ddr_phy_4lanes_0.u_ddr_phy_4lanes/ddr_byte_lane_A.ddr_byte_lane_A/oserdes_clkdiv
                  OUT_FIFO_X1Y12       OUT_FIFO                                     r  ddr3/u_ddr3_mig/u_memc_ui_top_axi/mem_intfc0/ddr_phy_top0/u_ddr_mc_phy_wrapper/u_ddr_mc_phy/ddr_phy_4lanes_0.u_ddr_phy_4lanes/ddr_byte_lane_A.ddr_byte_lane_A/out_fifo/RDCLK
                                       clock pessimism              0.177     1.455    
                  OUT_FIFO_X1Y12       OUT_FIFO (Hold_out_fifo_RDCLK_RDEN)
                                                                   -0.011     1.444    ddr3/u_ddr3_mig/u_memc_ui_top_axi/mem_intfc0/ddr_phy_top0/u_ddr_mc_phy_wrapper/u_ddr_mc_phy/ddr_phy_4lanes_0.u_ddr_phy_4lanes/ddr_byte_lane_A.ddr_byte_lane_A/out_fifo
  ---------------------------------------------------------------------------------
                                       required time                         -1.444    
                                       arrival time                           1.539    
  ---------------------------------------------------------------------------------
                                       slack                                  0.095    





---------------------------------------------------------------------------------------------------
From Clock:  oserdes_clk_1
  To Clock:  oserdes_clkdiv_1

Setup :            0  Failing Endpoints,  Worst Slack        1.593ns,  Total Violation        0.000ns
Hold  :            0  Failing Endpoints,  Worst Slack        0.095ns,  Total Violation        0.000ns
---------------------------------------------------------------------------------------------------


Max Delay Paths
--------------------------------------------------------------------------------------
Slack (MET) :             1.593ns  (required time - arrival time)
  Source:                 ddr3/u_ddr3_mig/u_memc_ui_top_axi/mem_intfc0/ddr_phy_top0/u_ddr_mc_phy_wrapper/u_ddr_mc_phy/ddr_phy_4lanes_0.u_ddr_phy_4lanes/ddr_byte_lane_B.ddr_byte_lane_B/phaser_out/OCLK
                            (rising edge-triggered cell PHASER_OUT_PHY clocked by oserdes_clk_1  {rise@0.000ns fall@1.250ns period=2.500ns})
  Destination:            ddr3/u_ddr3_mig/u_memc_ui_top_axi/mem_intfc0/ddr_phy_top0/u_ddr_mc_phy_wrapper/u_ddr_mc_phy/ddr_phy_4lanes_0.u_ddr_phy_4lanes/ddr_byte_lane_B.ddr_byte_lane_B/out_fifo/RDEN
                            (rising edge-triggered cell OUT_FIFO clocked by oserdes_clkdiv_1  {rise@0.000ns fall@5.000ns period=10.000ns})
  Path Group:             oserdes_clkdiv_1
  Path Type:              Setup (Max at Slow Process Corner)
  Requirement:            2.500ns  (oserdes_clkdiv_1 rise@10.000ns - oserdes_clk_1 rise@7.500ns)
  Data Path Delay:        0.338ns  (logic 0.338ns (100.000%)  route 0.000ns (0.000%))
  Logic Levels:           0  
  Clock Path Skew:        0.148ns (DCD - SCD + CPR)
    Destination Clock Delay (DCD):    1.222ns = ( 11.222 - 10.000 ) 
    Source Clock Delay      (SCD):    1.762ns = ( 9.262 - 7.500 ) 
    Clock Pessimism Removal (CPR):    0.687ns
  Clock Uncertainty:      0.066ns  ((TSJ^2 + DJ^2)^1/2) / 2 + PE
    Total System Jitter     (TSJ):    0.071ns
    Discrete Jitter          (DJ):    0.111ns
    Phase Error              (PE):    0.000ns

    Pin Reuse     Location             Delay type                Incr(ns)  Path(ns)    Netlist Resource(s)
  ---------------------------------------------------------------------------------    -------------------
                                       (clock oserdes_clk_1 rise edge)
                                                                    7.500     7.500 r  
                  R4                                                0.000     7.500 r  clk (IN)
                                       net (fo=0)                   0.000     7.500    mmcm/inst/clk_in1
                  R4                                                                r  mmcm/inst/clkin1_ibufg/I
                  R4                   IBUF (Prop_ibuf_I_O)         1.475     8.975 r  mmcm/inst/clkin1_ibufg/O
                                       net (fo=1, routed)           1.233    10.208    mmcm/inst/clk_in1_mmcm
                  MMCME2_ADV_X1Y2                                                   r  mmcm/inst/mmcm_adv_inst/CLKIN1
                  MMCME2_ADV_X1Y2      MMCME2_ADV (Prop_mmcme2_adv_CLKIN1_CLKOUT0)
                                                                   -7.432     2.776 r  mmcm/inst/mmcm_adv_inst/CLKOUT0
                                       net (fo=1, routed)           1.808     4.585    mmcm/inst/clk_out1_mmcm
                  BUFGCTRL_X0Y2                                                     r  mmcm/inst/clkout1_buf/I
                  BUFGCTRL_X0Y2        BUFG (Prop_bufg_I_O)         0.096     4.681 r  mmcm/inst/clkout1_buf/O
                                       net (fo=2, routed)           1.754     6.435    ddr3/u_ddr3_mig/u_ddr3_infrastructure/mmcm_clk
                  PLLE2_ADV_X1Y3                                                    r  ddr3/u_ddr3_mig/u_ddr3_infrastructure/plle2_i/CLKIN1
                  PLLE2_ADV_X1Y3       PLLE2_ADV (Prop_plle2_adv_CLKIN1_CLKOUT1)
                                                                    0.088     6.523 r  ddr3/u_ddr3_mig/u_ddr3_infrastructure/plle2_i/CLKOUT1
                                       net (fo=7, routed)           0.603     7.126    ddr3/u_ddr3_mig/u_memc_ui_top_axi/mem_intfc0/ddr_phy_top0/u_ddr_mc_phy_wrapper/u_ddr_mc_phy/ddr_phy_4lanes_0.u_ddr_phy_4lanes/ddr_byte_lane_B.ddr_byte_lane_B/mem_refclk
                  PHASER_OUT_PHY_X1Y13                                              r  ddr3/u_ddr3_mig/u_memc_ui_top_axi/mem_intfc0/ddr_phy_top0/u_ddr_mc_phy_wrapper/u_ddr_mc_phy/ddr_phy_4lanes_0.u_ddr_phy_4lanes/ddr_byte_lane_B.ddr_byte_lane_B/phaser_out/MEMREFCLK
                  PHASER_OUT_PHY_X1Y13 PHASER_OUT_PHY (Prop_phaser_out_phy_MEMREFCLK_OCLK)
                                                                    2.136     9.262 r  ddr3/u_ddr3_mig/u_memc_ui_top_axi/mem_intfc0/ddr_phy_top0/u_ddr_mc_phy_wrapper/u_ddr_mc_phy/ddr_phy_4lanes_0.u_ddr_phy_4lanes/ddr_byte_lane_B.ddr_byte_lane_B/phaser_out/OCLK
  ---------------------------------------------------------------------------------    -------------------
    Routing       PHASER_OUT_PHY_X1Y13 PHASER_OUT_PHY (Prop_phaser_out_phy_OCLK_RDENABLE)
                                                                    0.338     9.600 r  ddr3/u_ddr3_mig/u_memc_ui_top_axi/mem_intfc0/ddr_phy_top0/u_ddr_mc_phy_wrapper/u_ddr_mc_phy/ddr_phy_4lanes_0.u_ddr_phy_4lanes/ddr_byte_lane_B.ddr_byte_lane_B/phaser_out/RDENABLE
                                       net (fo=1, routed)           0.000     9.600    ddr3/u_ddr3_mig/u_memc_ui_top_axi/mem_intfc0/ddr_phy_top0/u_ddr_mc_phy_wrapper/u_ddr_mc_phy/ddr_phy_4lanes_0.u_ddr_phy_4lanes/ddr_byte_lane_B.ddr_byte_lane_B/po_rd_enable
    Routing       OUT_FIFO_X1Y13       OUT_FIFO                                     r  ddr3/u_ddr3_mig/u_memc_ui_top_axi/mem_intfc0/ddr_phy_top0/u_ddr_mc_phy_wrapper/u_ddr_mc_phy/ddr_phy_4lanes_0.u_ddr_phy_4lanes/ddr_byte_lane_B.ddr_byte_lane_B/out_fifo/RDEN
  ---------------------------------------------------------------------------------    -------------------

                                       (clock oserdes_clkdiv_1 rise edge)
                                                                   10.000    10.000 r  
                  R4                                                0.000    10.000 r  clk (IN)
                                       net (fo=0)                   0.000    10.000    mmcm/inst/clk_in1
                  R4                                                                r  mmcm/inst/clkin1_ibufg/I
                  R4                   IBUF (Prop_ibuf_I_O)         1.405    11.405 r  mmcm/inst/clkin1_ibufg/O
                                       net (fo=1, routed)           1.162    12.567    mmcm/inst/clk_in1_mmcm
                  MMCME2_ADV_X1Y2                                                   r  mmcm/inst/mmcm_adv_inst/CLKIN1
                  MMCME2_ADV_X1Y2      MMCME2_ADV (Prop_mmcme2_adv_CLKIN1_CLKOUT0)
                                                                   -7.674     4.893 r  mmcm/inst/mmcm_adv_inst/CLKOUT0
                                       net (fo=1, routed)           1.723     6.616    mmcm/inst/clk_out1_mmcm
                  BUFGCTRL_X0Y2                                                     r  mmcm/inst/clkout1_buf/I
                  BUFGCTRL_X0Y2        BUFG (Prop_bufg_I_O)         0.091     6.707 r  mmcm/inst/clkout1_buf/O
                                       net (fo=2, routed)           1.636     8.343    ddr3/u_ddr3_mig/u_ddr3_infrastructure/mmcm_clk
                  PLLE2_ADV_X1Y3                                                    r  ddr3/u_ddr3_mig/u_ddr3_infrastructure/plle2_i/CLKIN1
                  PLLE2_ADV_X1Y3       PLLE2_ADV (Prop_plle2_adv_CLKIN1_CLKOUT1)
                                                                    0.083     8.426 r  ddr3/u_ddr3_mig/u_ddr3_infrastructure/plle2_i/CLKOUT1
                                       net (fo=7, routed)           0.572     8.998    ddr3/u_ddr3_mig/u_memc_ui_top_axi/mem_intfc0/ddr_phy_top0/u_ddr_mc_phy_wrapper/u_ddr_mc_phy/ddr_phy_4lanes_0.u_ddr_phy_4lanes/ddr_byte_lane_B.ddr_byte_lane_B/mem_refclk
                  PHASER_OUT_PHY_X1Y13                                              r  ddr3/u_ddr3_mig/u_memc_ui_top_axi/mem_intfc0/ddr_phy_top0/u_ddr_mc_phy_wrapper/u_ddr_mc_phy/ddr_phy_4lanes_0.u_ddr_phy_4lanes/ddr_byte_lane_B.ddr_byte_lane_B/phaser_out/MEMREFCLK
                  PHASER_OUT_PHY_X1Y13 PHASER_OUT_PHY (Prop_phaser_out_phy_MEMREFCLK_OCLK)
                                                                    2.077    11.074 r  ddr3/u_ddr3_mig/u_memc_ui_top_axi/mem_intfc0/ddr_phy_top0/u_ddr_mc_phy_wrapper/u_ddr_mc_phy/ddr_phy_4lanes_0.u_ddr_phy_4lanes/ddr_byte_lane_B.ddr_byte_lane_B/phaser_out/OCLK
                  PHASER_OUT_PHY_X1Y13 PHASER_OUT_PHY (Prop_phaser_out_phy_OCLK_OCLKDIV)
                                                                    0.148    11.222 r  ddr3/u_ddr3_mig/u_memc_ui_top_axi/mem_intfc0/ddr_phy_top0/u_ddr_mc_phy_wrapper/u_ddr_mc_phy/ddr_phy_4lanes_0.u_ddr_phy_4lanes/ddr_byte_lane_B.ddr_byte_lane_B/phaser_out/OCLKDIV
                                       net (fo=13, routed)          0.000    11.222    ddr3/u_ddr3_mig/u_memc_ui_top_axi/mem_intfc0/ddr_phy_top0/u_ddr_mc_phy_wrapper/u_ddr_mc_phy/ddr_phy_4lanes_0.u_ddr_phy_4lanes/ddr_byte_lane_B.ddr_byte_lane_B/oserdes_clkdiv
                  OUT_FIFO_X1Y13       OUT_FIFO                                     r  ddr3/u_ddr3_mig/u_memc_ui_top_axi/mem_intfc0/ddr_phy_top0/u_ddr_mc_phy_wrapper/u_ddr_mc_phy/ddr_phy_4lanes_0.u_ddr_phy_4lanes/ddr_byte_lane_B.ddr_byte_lane_B/out_fifo/RDCLK
                                       clock pessimism              0.687    11.910    
                                       clock uncertainty           -0.066    11.844    
                  OUT_FIFO_X1Y13       OUT_FIFO (Setup_out_fifo_RDCLK_RDEN)
                                                                   -0.651    11.193    ddr3/u_ddr3_mig/u_memc_ui_top_axi/mem_intfc0/ddr_phy_top0/u_ddr_mc_phy_wrapper/u_ddr_mc_phy/ddr_phy_4lanes_0.u_ddr_phy_4lanes/ddr_byte_lane_B.ddr_byte_lane_B/out_fifo
  ---------------------------------------------------------------------------------
                                       required time                         11.193    
                                       arrival time                          -9.600    
  ---------------------------------------------------------------------------------
                                       slack                                  1.593    





Min Delay Paths
--------------------------------------------------------------------------------------
Slack (MET) :             0.095ns  (arrival time - required time)
  Source:                 ddr3/u_ddr3_mig/u_memc_ui_top_axi/mem_intfc0/ddr_phy_top0/u_ddr_mc_phy_wrapper/u_ddr_mc_phy/ddr_phy_4lanes_0.u_ddr_phy_4lanes/ddr_byte_lane_B.ddr_byte_lane_B/phaser_out/OCLK
                            (rising edge-triggered cell PHASER_OUT_PHY clocked by oserdes_clk_1  {rise@0.000ns fall@1.250ns period=2.500ns})
  Destination:            ddr3/u_ddr3_mig/u_memc_ui_top_axi/mem_intfc0/ddr_phy_top0/u_ddr_mc_phy_wrapper/u_ddr_mc_phy/ddr_phy_4lanes_0.u_ddr_phy_4lanes/ddr_byte_lane_B.ddr_byte_lane_B/out_fifo/RDEN
                            (rising edge-triggered cell OUT_FIFO clocked by oserdes_clkdiv_1  {rise@0.000ns fall@5.000ns period=10.000ns})
  Path Group:             oserdes_clkdiv_1
  Path Type:              Hold (Min at Fast Process Corner)
  Requirement:            0.000ns  (oserdes_clkdiv_1 rise@0.000ns - oserdes_clk_1 rise@0.000ns)
  Data Path Delay:        0.172ns  (logic 0.172ns (100.000%)  route 0.000ns (0.000%))
  Logic Levels:           0  
  Clock Path Skew:        0.088ns (DCD - SCD - CPR)
    Destination Clock Delay (DCD):    1.269ns
    Source Clock Delay      (SCD):    1.360ns
    Clock Pessimism Removal (CPR):    -0.179ns

    Pin Reuse     Location             Delay type                Incr(ns)  Path(ns)    Netlist Resource(s)
  ---------------------------------------------------------------------------------    -------------------
                                       (clock oserdes_clk_1 rise edge)
                                                                    0.000     0.000 r  
                  R4                                                0.000     0.000 r  clk (IN)
                                       net (fo=0)                   0.000     0.000    mmcm/inst/clk_in1
                  R4                                                                r  mmcm/inst/clkin1_ibufg/I
                  R4                   IBUF (Prop_ibuf_I_O)         0.243     0.243 r  mmcm/inst/clkin1_ibufg/O
                                       net (fo=1, routed)           0.440     0.683    mmcm/inst/clk_in1_mmcm
                  MMCME2_ADV_X1Y2                                                   r  mmcm/inst/mmcm_adv_inst/CLKIN1
                  MMCME2_ADV_X1Y2      MMCME2_ADV (Prop_mmcme2_adv_CLKIN1_CLKOUT0)
                                                                   -2.540    -1.856 r  mmcm/inst/mmcm_adv_inst/CLKOUT0
                                       net (fo=1, routed)           0.531    -1.325    mmcm/inst/clk_out1_mmcm
                  BUFGCTRL_X0Y2                                                     r  mmcm/inst/clkout1_buf/I
                  BUFGCTRL_X0Y2        BUFG (Prop_bufg_I_O)         0.026    -1.299 r  mmcm/inst/clkout1_buf/O
                                       net (fo=2, routed)           0.606    -0.694    ddr3/u_ddr3_mig/u_ddr3_infrastructure/mmcm_clk
                  PLLE2_ADV_X1Y3                                                    r  ddr3/u_ddr3_mig/u_ddr3_infrastructure/plle2_i/CLKIN1
                  PLLE2_ADV_X1Y3       PLLE2_ADV (Prop_plle2_adv_CLKIN1_CLKOUT1)
                                                                    0.050    -0.644 r  ddr3/u_ddr3_mig/u_ddr3_infrastructure/plle2_i/CLKOUT1
                                       net (fo=7, routed)           0.190    -0.454    ddr3/u_ddr3_mig/u_memc_ui_top_axi/mem_intfc0/ddr_phy_top0/u_ddr_mc_phy_wrapper/u_ddr_mc_phy/ddr_phy_4lanes_0.u_ddr_phy_4lanes/ddr_byte_lane_B.ddr_byte_lane_B/mem_refclk
                  PHASER_OUT_PHY_X1Y13                                              r  ddr3/u_ddr3_mig/u_memc_ui_top_axi/mem_intfc0/ddr_phy_top0/u_ddr_mc_phy_wrapper/u_ddr_mc_phy/ddr_phy_4lanes_0.u_ddr_phy_4lanes/ddr_byte_lane_B.ddr_byte_lane_B/phaser_out/MEMREFCLK
                  PHASER_OUT_PHY_X1Y13 PHASER_OUT_PHY (Prop_phaser_out_phy_MEMREFCLK_OCLK)
                                                                    1.813     1.360 r  ddr3/u_ddr3_mig/u_memc_ui_top_axi/mem_intfc0/ddr_phy_top0/u_ddr_mc_phy_wrapper/u_ddr_mc_phy/ddr_phy_4lanes_0.u_ddr_phy_4lanes/ddr_byte_lane_B.ddr_byte_lane_B/phaser_out/OCLK
  ---------------------------------------------------------------------------------    -------------------
    Routing       PHASER_OUT_PHY_X1Y13 PHASER_OUT_PHY (Prop_phaser_out_phy_OCLK_RDENABLE)
                                                                    0.172     1.532 r  ddr3/u_ddr3_mig/u_memc_ui_top_axi/mem_intfc0/ddr_phy_top0/u_ddr_mc_phy_wrapper/u_ddr_mc_phy/ddr_phy_4lanes_0.u_ddr_phy_4lanes/ddr_byte_lane_B.ddr_byte_lane_B/phaser_out/RDENABLE
                                       net (fo=1, routed)           0.000     1.532    ddr3/u_ddr3_mig/u_memc_ui_top_axi/mem_intfc0/ddr_phy_top0/u_ddr_mc_phy_wrapper/u_ddr_mc_phy/ddr_phy_4lanes_0.u_ddr_phy_4lanes/ddr_byte_lane_B.ddr_byte_lane_B/po_rd_enable
    Routing       OUT_FIFO_X1Y13       OUT_FIFO                                     r  ddr3/u_ddr3_mig/u_memc_ui_top_axi/mem_intfc0/ddr_phy_top0/u_ddr_mc_phy_wrapper/u_ddr_mc_phy/ddr_phy_4lanes_0.u_ddr_phy_4lanes/ddr_byte_lane_B.ddr_byte_lane_B/out_fifo/RDEN
  ---------------------------------------------------------------------------------    -------------------

                                       (clock oserdes_clkdiv_1 rise edge)
                                                                    0.000     0.000 r  
                  R4                                                0.000     0.000 r  clk (IN)
                                       net (fo=0)                   0.000     0.000    mmcm/inst/clk_in1
                  R4                                                                r  mmcm/inst/clkin1_ibufg/I
                  R4                   IBUF (Prop_ibuf_I_O)         0.431     0.431 r  mmcm/inst/clkin1_ibufg/O
                                       net (fo=1, routed)           0.480     0.911    mmcm/inst/clk_in1_mmcm
                  MMCME2_ADV_X1Y2                                                   r  mmcm/inst/mmcm_adv_inst/CLKIN1
                  MMCME2_ADV_X1Y2      MMCME2_ADV (Prop_mmcme2_adv_CLKIN1_CLKOUT0)
                                                                   -3.332    -2.421 r  mmcm/inst/mmcm_adv_inst/CLKOUT0
                                       net (fo=1, routed)           0.579    -1.843    mmcm/inst/clk_out1_mmcm
                  BUFGCTRL_X0Y2                                                     r  mmcm/inst/clkout1_buf/I
                  BUFGCTRL_X0Y2        BUFG (Prop_bufg_I_O)         0.029    -1.814 r  mmcm/inst/clkout1_buf/O
                                       net (fo=2, routed)           0.875    -0.939    ddr3/u_ddr3_mig/u_ddr3_infrastructure/mmcm_clk
                  PLLE2_ADV_X1Y3                                                    r  ddr3/u_ddr3_mig/u_ddr3_infrastructure/plle2_i/CLKIN1
                  PLLE2_ADV_X1Y3       PLLE2_ADV (Prop_plle2_adv_CLKIN1_CLKOUT1)
                                                                    0.053    -0.886 r  ddr3/u_ddr3_mig/u_ddr3_infrastructure/plle2_i/CLKOUT1
                                       net (fo=7, routed)           0.209    -0.677    ddr3/u_ddr3_mig/u_memc_ui_top_axi/mem_intfc0/ddr_phy_top0/u_ddr_mc_phy_wrapper/u_ddr_mc_phy/ddr_phy_4lanes_0.u_ddr_phy_4lanes/ddr_byte_lane_B.ddr_byte_lane_B/mem_refclk
                  PHASER_OUT_PHY_X1Y13                                              r  ddr3/u_ddr3_mig/u_memc_ui_top_axi/mem_intfc0/ddr_phy_top0/u_ddr_mc_phy_wrapper/u_ddr_mc_phy/ddr_phy_4lanes_0.u_ddr_phy_4lanes/ddr_byte_lane_B.ddr_byte_lane_B/phaser_out/MEMREFCLK
                  PHASER_OUT_PHY_X1Y13 PHASER_OUT_PHY (Prop_phaser_out_phy_MEMREFCLK_OCLK)
                                                                    1.858     1.181 r  ddr3/u_ddr3_mig/u_memc_ui_top_axi/mem_intfc0/ddr_phy_top0/u_ddr_mc_phy_wrapper/u_ddr_mc_phy/ddr_phy_4lanes_0.u_ddr_phy_4lanes/ddr_byte_lane_B.ddr_byte_lane_B/phaser_out/OCLK
                  PHASER_OUT_PHY_X1Y13 PHASER_OUT_PHY (Prop_phaser_out_phy_OCLK_OCLKDIV)
                                                                    0.088     1.269 r  ddr3/u_ddr3_mig/u_memc_ui_top_axi/mem_intfc0/ddr_phy_top0/u_ddr_mc_phy_wrapper/u_ddr_mc_phy/ddr_phy_4lanes_0.u_ddr_phy_4lanes/ddr_byte_lane_B.ddr_byte_lane_B/phaser_out/OCLKDIV
                                       net (fo=13, routed)          0.000     1.269    ddr3/u_ddr3_mig/u_memc_ui_top_axi/mem_intfc0/ddr_phy_top0/u_ddr_mc_phy_wrapper/u_ddr_mc_phy/ddr_phy_4lanes_0.u_ddr_phy_4lanes/ddr_byte_lane_B.ddr_byte_lane_B/oserdes_clkdiv
                  OUT_FIFO_X1Y13       OUT_FIFO                                     r  ddr3/u_ddr3_mig/u_memc_ui_top_axi/mem_intfc0/ddr_phy_top0/u_ddr_mc_phy_wrapper/u_ddr_mc_phy/ddr_phy_4lanes_0.u_ddr_phy_4lanes/ddr_byte_lane_B.ddr_byte_lane_B/out_fifo/RDCLK
                                       clock pessimism              0.179     1.448    
                  OUT_FIFO_X1Y13       OUT_FIFO (Hold_out_fifo_RDCLK_RDEN)
                                                                   -0.011     1.437    ddr3/u_ddr3_mig/u_memc_ui_top_axi/mem_intfc0/ddr_phy_top0/u_ddr_mc_phy_wrapper/u_ddr_mc_phy/ddr_phy_4lanes_0.u_ddr_phy_4lanes/ddr_byte_lane_B.ddr_byte_lane_B/out_fifo
  ---------------------------------------------------------------------------------
                                       required time                         -1.437    
                                       arrival time                           1.532    
  ---------------------------------------------------------------------------------
                                       slack                                  0.095    





---------------------------------------------------------------------------------------------------
From Clock:  oserdes_clk_2
  To Clock:  oserdes_clkdiv_2

Setup :            0  Failing Endpoints,  Worst Slack        1.220ns,  Total Violation        0.000ns
Hold  :            0  Failing Endpoints,  Worst Slack        0.082ns,  Total Violation        0.000ns
---------------------------------------------------------------------------------------------------


Max Delay Paths
--------------------------------------------------------------------------------------
Slack (MET) :             1.220ns  (required time - arrival time)
  Source:                 ddr3/u_ddr3_mig/u_memc_ui_top_axi/mem_intfc0/ddr_phy_top0/u_ddr_mc_phy_wrapper/u_ddr_mc_phy/ddr_phy_4lanes_0.u_ddr_phy_4lanes/ddr_byte_lane_C.ddr_byte_lane_C/phaser_out/OCLK
                            (rising edge-triggered cell PHASER_OUT_PHY clocked by oserdes_clk_2  {rise@0.000ns fall@1.250ns period=2.500ns})
  Destination:            ddr3/u_ddr3_mig/u_memc_ui_top_axi/mem_intfc0/ddr_phy_top0/u_ddr_mc_phy_wrapper/u_ddr_mc_phy/ddr_phy_4lanes_0.u_ddr_phy_4lanes/ddr_byte_lane_C.ddr_byte_lane_C/ddr_byte_group_io/output_[9].oserdes_dq_.ddr.oserdes_dq_i/RST
                            (rising edge-triggered cell OSERDESE2 clocked by oserdes_clkdiv_2  {rise@0.000ns fall@2.500ns period=5.000ns})
  Path Group:             oserdes_clkdiv_2
  Path Type:              Setup (Max at Slow Process Corner)
  Requirement:            5.000ns  (oserdes_clkdiv_2 rise@5.000ns - oserdes_clk_2 rise@0.000ns)
  Data Path Delay:        3.419ns  (logic 0.517ns (15.121%)  route 2.902ns (84.879%))
  Logic Levels:           0  
  Clock Path Skew:        0.554ns (DCD - SCD + CPR)
    Destination Clock Delay (DCD):    1.638ns = ( 6.638 - 5.000 ) 
    Source Clock Delay      (SCD):    1.773ns = ( 4.273 - 2.500 ) 
    Clock Pessimism Removal (CPR):    0.688ns
  Clock Uncertainty:      0.066ns  ((TSJ^2 + DJ^2)^1/2) / 2 + PE
    Total System Jitter     (TSJ):    0.071ns
    Discrete Jitter          (DJ):    0.111ns
    Phase Error              (PE):    0.000ns
  Timing Exception:       MultiCycle Path   Setup -start 2

    Pin Reuse     Location             Delay type                Incr(ns)  Path(ns)    Netlist Resource(s)
  ---------------------------------------------------------------------------------    -------------------
                                       (clock oserdes_clk_2 rise edge)
                                                                    0.000     0.000 r  
                  R4                                                0.000     0.000 r  clk (IN)
                                       net (fo=0)                   0.000     0.000    mmcm/inst/clk_in1
                  R4                                                                r  mmcm/inst/clkin1_ibufg/I
                  R4                   IBUF (Prop_ibuf_I_O)         1.475     1.475 r  mmcm/inst/clkin1_ibufg/O
                                       net (fo=1, routed)           1.233     2.708    mmcm/inst/clk_in1_mmcm
                  MMCME2_ADV_X1Y2                                                   r  mmcm/inst/mmcm_adv_inst/CLKIN1
                  MMCME2_ADV_X1Y2      MMCME2_ADV (Prop_mmcme2_adv_CLKIN1_CLKOUT0)
                                                                   -7.432    -4.724 r  mmcm/inst/mmcm_adv_inst/CLKOUT0
                                       net (fo=1, routed)           1.808    -2.915    mmcm/inst/clk_out1_mmcm
                  BUFGCTRL_X0Y2                                                     r  mmcm/inst/clkout1_buf/I
                  BUFGCTRL_X0Y2        BUFG (Prop_bufg_I_O)         0.096    -2.819 r  mmcm/inst/clkout1_buf/O
                                       net (fo=2, routed)           1.754    -1.065    ddr3/u_ddr3_mig/u_ddr3_infrastructure/mmcm_clk
                  PLLE2_ADV_X1Y3                                                    r  ddr3/u_ddr3_mig/u_ddr3_infrastructure/plle2_i/CLKIN1
                  PLLE2_ADV_X1Y3       PLLE2_ADV (Prop_plle2_adv_CLKIN1_CLKOUT1)
                                                                    0.088    -0.977 r  ddr3/u_ddr3_mig/u_ddr3_infrastructure/plle2_i/CLKOUT1
                                       net (fo=7, routed)           0.614    -0.363    ddr3/u_ddr3_mig/u_memc_ui_top_axi/mem_intfc0/ddr_phy_top0/u_ddr_mc_phy_wrapper/u_ddr_mc_phy/ddr_phy_4lanes_0.u_ddr_phy_4lanes/ddr_byte_lane_C.ddr_byte_lane_C/mem_refclk
                  PHASER_OUT_PHY_X1Y14                                              r  ddr3/u_ddr3_mig/u_memc_ui_top_axi/mem_intfc0/ddr_phy_top0/u_ddr_mc_phy_wrapper/u_ddr_mc_phy/ddr_phy_4lanes_0.u_ddr_phy_4lanes/ddr_byte_lane_C.ddr_byte_lane_C/phaser_out/MEMREFCLK
                  PHASER_OUT_PHY_X1Y14 PHASER_OUT_PHY (Prop_phaser_out_phy_MEMREFCLK_OCLK)
                                                                    2.136     1.773 r  ddr3/u_ddr3_mig/u_memc_ui_top_axi/mem_intfc0/ddr_phy_top0/u_ddr_mc_phy_wrapper/u_ddr_mc_phy/ddr_phy_4lanes_0.u_ddr_phy_4lanes/ddr_byte_lane_C.ddr_byte_lane_C/phaser_out/OCLK
  ---------------------------------------------------------------------------------    -------------------
    Routing       PHASER_OUT_PHY_X1Y14 PHASER_OUT_PHY (Prop_phaser_out_phy_OCLK_OSERDESRST)
                                                                    0.517     2.290 r  ddr3/u_ddr3_mig/u_memc_ui_top_axi/mem_intfc0/ddr_phy_top0/u_ddr_mc_phy_wrapper/u_ddr_mc_phy/ddr_phy_4lanes_0.u_ddr_phy_4lanes/ddr_byte_lane_C.ddr_byte_lane_C/phaser_out/OSERDESRST
                                       net (fo=10, routed)          2.902     5.192    ddr3/u_ddr3_mig/u_memc_ui_top_axi/mem_intfc0/ddr_phy_top0/u_ddr_mc_phy_wrapper/u_ddr_mc_phy/ddr_phy_4lanes_0.u_ddr_phy_4lanes/ddr_byte_lane_C.ddr_byte_lane_C/ddr_byte_group_io/po_oserdes_rst
    Routing       OLOGIC_X1Y186        OSERDESE2                                    r  ddr3/u_ddr3_mig/u_memc_ui_top_axi/mem_intfc0/ddr_phy_top0/u_ddr_mc_phy_wrapper/u_ddr_mc_phy/ddr_phy_4lanes_0.u_ddr_phy_4lanes/ddr_byte_lane_C.ddr_byte_lane_C/ddr_byte_group_io/output_[9].oserdes_dq_.ddr.oserdes_dq_i/RST
  ---------------------------------------------------------------------------------    -------------------

                                       (clock oserdes_clkdiv_2 rise edge)
                                                                    5.000     5.000 r  
                  R4                                                0.000     5.000 r  clk (IN)
                                       net (fo=0)                   0.000     5.000    mmcm/inst/clk_in1
                  R4                                                                r  mmcm/inst/clkin1_ibufg/I
                  R4                   IBUF (Prop_ibuf_I_O)         1.405     6.405 r  mmcm/inst/clkin1_ibufg/O
                                       net (fo=1, routed)           1.162     7.567    mmcm/inst/clk_in1_mmcm
                  MMCME2_ADV_X1Y2                                                   r  mmcm/inst/mmcm_adv_inst/CLKIN1
                  MMCME2_ADV_X1Y2      MMCME2_ADV (Prop_mmcme2_adv_CLKIN1_CLKOUT0)
                                                                   -7.674    -0.107 r  mmcm/inst/mmcm_adv_inst/CLKOUT0
                                       net (fo=1, routed)           1.723     1.616    mmcm/inst/clk_out1_mmcm
                  BUFGCTRL_X0Y2                                                     r  mmcm/inst/clkout1_buf/I
                  BUFGCTRL_X0Y2        BUFG (Prop_bufg_I_O)         0.091     1.707 r  mmcm/inst/clkout1_buf/O
                                       net (fo=2, routed)           1.636     3.343    ddr3/u_ddr3_mig/u_ddr3_infrastructure/mmcm_clk
                  PLLE2_ADV_X1Y3                                                    r  ddr3/u_ddr3_mig/u_ddr3_infrastructure/plle2_i/CLKIN1
                  PLLE2_ADV_X1Y3       PLLE2_ADV (Prop_plle2_adv_CLKIN1_CLKOUT1)
                                                                    0.083     3.426 r  ddr3/u_ddr3_mig/u_ddr3_infrastructure/plle2_i/CLKOUT1
                                       net (fo=7, routed)           0.582     4.008    ddr3/u_ddr3_mig/u_memc_ui_top_axi/mem_intfc0/ddr_phy_top0/u_ddr_mc_phy_wrapper/u_ddr_mc_phy/ddr_phy_4lanes_0.u_ddr_phy_4lanes/ddr_byte_lane_C.ddr_byte_lane_C/mem_refclk
                  PHASER_OUT_PHY_X1Y14                                              r  ddr3/u_ddr3_mig/u_memc_ui_top_axi/mem_intfc0/ddr_phy_top0/u_ddr_mc_phy_wrapper/u_ddr_mc_phy/ddr_phy_4lanes_0.u_ddr_phy_4lanes/ddr_byte_lane_C.ddr_byte_lane_C/phaser_out/MEMREFCLK
                  PHASER_OUT_PHY_X1Y14 PHASER_OUT_PHY (Prop_phaser_out_phy_MEMREFCLK_OCLK)
                                                                    2.077     6.084 r  ddr3/u_ddr3_mig/u_memc_ui_top_axi/mem_intfc0/ddr_phy_top0/u_ddr_mc_phy_wrapper/u_ddr_mc_phy/ddr_phy_4lanes_0.u_ddr_phy_4lanes/ddr_byte_lane_C.ddr_byte_lane_C/phaser_out/OCLK
                  PHASER_OUT_PHY_X1Y14 PHASER_OUT_PHY (Prop_phaser_out_phy_OCLK_OCLKDIV)
                                                                    0.148     6.232 r  ddr3/u_ddr3_mig/u_memc_ui_top_axi/mem_intfc0/ddr_phy_top0/u_ddr_mc_phy_wrapper/u_ddr_mc_phy/ddr_phy_4lanes_0.u_ddr_phy_4lanes/ddr_byte_lane_C.ddr_byte_lane_C/phaser_out/OCLKDIV
                                       net (fo=11, routed)          0.406     6.638    ddr3/u_ddr3_mig/u_memc_ui_top_axi/mem_intfc0/ddr_phy_top0/u_ddr_mc_phy_wrapper/u_ddr_mc_phy/ddr_phy_4lanes_0.u_ddr_phy_4lanes/ddr_byte_lane_C.ddr_byte_lane_C/ddr_byte_group_io/oserdes_clkdiv
                  OLOGIC_X1Y186        OSERDESE2                                    r  ddr3/u_ddr3_mig/u_memc_ui_top_axi/mem_intfc0/ddr_phy_top0/u_ddr_mc_phy_wrapper/u_ddr_mc_phy/ddr_phy_4lanes_0.u_ddr_phy_4lanes/ddr_byte_lane_C.ddr_byte_lane_C/ddr_byte_group_io/output_[9].oserdes_dq_.ddr.oserdes_dq_i/CLKDIV
                                       clock pessimism              0.688     7.327    
                                       clock uncertainty           -0.066     7.261    
                  OLOGIC_X1Y186        OSERDESE2 (Setup_oserdese2_CLKDIV_RST)
                                                                   -0.849     6.412    ddr3/u_ddr3_mig/u_memc_ui_top_axi/mem_intfc0/ddr_phy_top0/u_ddr_mc_phy_wrapper/u_ddr_mc_phy/ddr_phy_4lanes_0.u_ddr_phy_4lanes/ddr_byte_lane_C.ddr_byte_lane_C/ddr_byte_group_io/output_[9].oserdes_dq_.ddr.oserdes_dq_i
  ---------------------------------------------------------------------------------
                                       required time                          6.412    
                                       arrival time                          -5.192    
  ---------------------------------------------------------------------------------
                                       slack                                  1.220    





Min Delay Paths
--------------------------------------------------------------------------------------
Slack (MET) :             0.082ns  (arrival time - required time)
  Source:                 ddr3/u_ddr3_mig/u_memc_ui_top_axi/mem_intfc0/ddr_phy_top0/u_ddr_mc_phy_wrapper/u_ddr_mc_phy/ddr_phy_4lanes_0.u_ddr_phy_4lanes/ddr_byte_lane_C.ddr_byte_lane_C/phaser_out/OCLK
                            (rising edge-triggered cell PHASER_OUT_PHY clocked by oserdes_clk_2  {rise@0.000ns fall@1.250ns period=2.500ns})
  Destination:            ddr3/u_ddr3_mig/u_memc_ui_top_axi/mem_intfc0/ddr_phy_top0/u_ddr_mc_phy_wrapper/u_ddr_mc_phy/ddr_phy_4lanes_0.u_ddr_phy_4lanes/ddr_byte_lane_C.ddr_byte_lane_C/ddr_byte_group_io/output_[1].oserdes_dq_.ddr.oserdes_dq_i/RST
                            (rising edge-triggered cell OSERDESE2 clocked by oserdes_clkdiv_2  {rise@0.000ns fall@2.500ns period=5.000ns})
  Path Group:             oserdes_clkdiv_2
  Path Type:              Hold (Min at Fast Process Corner)
  Requirement:            0.000ns  (oserdes_clkdiv_2 rise@0.000ns - oserdes_clk_2 rise@0.000ns)
  Data Path Delay:        0.906ns  (logic 0.272ns (30.021%)  route 0.634ns (69.979%))
  Logic Levels:           0  
  Clock Path Skew:        0.265ns (DCD - SCD - CPR)
    Destination Clock Delay (DCD):    1.455ns
    Source Clock Delay      (SCD):    1.367ns
    Clock Pessimism Removal (CPR):    -0.177ns
  Timing Exception:       MultiCycle Path   Setup -start 2    Hold  -start 1

    Pin Reuse     Location             Delay type                Incr(ns)  Path(ns)    Netlist Resource(s)
  ---------------------------------------------------------------------------------    -------------------
                                       (clock oserdes_clk_2 rise edge)
                                                                    0.000     0.000 r  
                  R4                                                0.000     0.000 r  clk (IN)
                                       net (fo=0)                   0.000     0.000    mmcm/inst/clk_in1
                  R4                                                                r  mmcm/inst/clkin1_ibufg/I
                  R4                   IBUF (Prop_ibuf_I_O)         0.243     0.243 r  mmcm/inst/clkin1_ibufg/O
                                       net (fo=1, routed)           0.440     0.683    mmcm/inst/clk_in1_mmcm
                  MMCME2_ADV_X1Y2                                                   r  mmcm/inst/mmcm_adv_inst/CLKIN1
                  MMCME2_ADV_X1Y2      MMCME2_ADV (Prop_mmcme2_adv_CLKIN1_CLKOUT0)
                                                                   -2.540    -1.856 r  mmcm/inst/mmcm_adv_inst/CLKOUT0
                                       net (fo=1, routed)           0.531    -1.325    mmcm/inst/clk_out1_mmcm
                  BUFGCTRL_X0Y2                                                     r  mmcm/inst/clkout1_buf/I
                  BUFGCTRL_X0Y2        BUFG (Prop_bufg_I_O)         0.026    -1.299 r  mmcm/inst/clkout1_buf/O
                                       net (fo=2, routed)           0.606    -0.694    ddr3/u_ddr3_mig/u_ddr3_infrastructure/mmcm_clk
                  PLLE2_ADV_X1Y3                                                    r  ddr3/u_ddr3_mig/u_ddr3_infrastructure/plle2_i/CLKIN1
                  PLLE2_ADV_X1Y3       PLLE2_ADV (Prop_plle2_adv_CLKIN1_CLKOUT1)
                                                                    0.050    -0.644 r  ddr3/u_ddr3_mig/u_ddr3_infrastructure/plle2_i/CLKOUT1
                                       net (fo=7, routed)           0.197    -0.447    ddr3/u_ddr3_mig/u_memc_ui_top_axi/mem_intfc0/ddr_phy_top0/u_ddr_mc_phy_wrapper/u_ddr_mc_phy/ddr_phy_4lanes_0.u_ddr_phy_4lanes/ddr_byte_lane_C.ddr_byte_lane_C/mem_refclk
                  PHASER_OUT_PHY_X1Y14                                              r  ddr3/u_ddr3_mig/u_memc_ui_top_axi/mem_intfc0/ddr_phy_top0/u_ddr_mc_phy_wrapper/u_ddr_mc_phy/ddr_phy_4lanes_0.u_ddr_phy_4lanes/ddr_byte_lane_C.ddr_byte_lane_C/phaser_out/MEMREFCLK
                  PHASER_OUT_PHY_X1Y14 PHASER_OUT_PHY (Prop_phaser_out_phy_MEMREFCLK_OCLK)
                                                                    1.813     1.367 r  ddr3/u_ddr3_mig/u_memc_ui_top_axi/mem_intfc0/ddr_phy_top0/u_ddr_mc_phy_wrapper/u_ddr_mc_phy/ddr_phy_4lanes_0.u_ddr_phy_4lanes/ddr_byte_lane_C.ddr_byte_lane_C/phaser_out/OCLK
  ---------------------------------------------------------------------------------    -------------------
    Routing       PHASER_OUT_PHY_X1Y14 PHASER_OUT_PHY (Prop_phaser_out_phy_OCLK_OSERDESRST)
                                                                    0.272     1.639 r  ddr3/u_ddr3_mig/u_memc_ui_top_axi/mem_intfc0/ddr_phy_top0/u_ddr_mc_phy_wrapper/u_ddr_mc_phy/ddr_phy_4lanes_0.u_ddr_phy_4lanes/ddr_byte_lane_C.ddr_byte_lane_C/phaser_out/OSERDESRST
                                       net (fo=10, routed)          0.634     2.273    ddr3/u_ddr3_mig/u_memc_ui_top_axi/mem_intfc0/ddr_phy_top0/u_ddr_mc_phy_wrapper/u_ddr_mc_phy/ddr_phy_4lanes_0.u_ddr_phy_4lanes/ddr_byte_lane_C.ddr_byte_lane_C/ddr_byte_group_io/po_oserdes_rst
    Routing       OLOGIC_X1Y176        OSERDESE2                                    r  ddr3/u_ddr3_mig/u_memc_ui_top_axi/mem_intfc0/ddr_phy_top0/u_ddr_mc_phy_wrapper/u_ddr_mc_phy/ddr_phy_4lanes_0.u_ddr_phy_4lanes/ddr_byte_lane_C.ddr_byte_lane_C/ddr_byte_group_io/output_[1].oserdes_dq_.ddr.oserdes_dq_i/RST
  ---------------------------------------------------------------------------------    -------------------

                                       (clock oserdes_clkdiv_2 rise edge)
                                                                    0.000     0.000 r  
                  R4                                                0.000     0.000 r  clk (IN)
                                       net (fo=0)                   0.000     0.000    mmcm/inst/clk_in1
                  R4                                                                r  mmcm/inst/clkin1_ibufg/I
                  R4                   IBUF (Prop_ibuf_I_O)         0.431     0.431 r  mmcm/inst/clkin1_ibufg/O
                                       net (fo=1, routed)           0.480     0.911    mmcm/inst/clk_in1_mmcm
                  MMCME2_ADV_X1Y2                                                   r  mmcm/inst/mmcm_adv_inst/CLKIN1
                  MMCME2_ADV_X1Y2      MMCME2_ADV (Prop_mmcme2_adv_CLKIN1_CLKOUT0)
                                                                   -3.332    -2.421 r  mmcm/inst/mmcm_adv_inst/CLKOUT0
                                       net (fo=1, routed)           0.579    -1.843    mmcm/inst/clk_out1_mmcm
                  BUFGCTRL_X0Y2                                                     r  mmcm/inst/clkout1_buf/I
                  BUFGCTRL_X0Y2        BUFG (Prop_bufg_I_O)         0.029    -1.814 r  mmcm/inst/clkout1_buf/O
                                       net (fo=2, routed)           0.875    -0.939    ddr3/u_ddr3_mig/u_ddr3_infrastructure/mmcm_clk
                  PLLE2_ADV_X1Y3                                                    r  ddr3/u_ddr3_mig/u_ddr3_infrastructure/plle2_i/CLKIN1
                  PLLE2_ADV_X1Y3       PLLE2_ADV (Prop_plle2_adv_CLKIN1_CLKOUT1)
                                                                    0.053    -0.886 r  ddr3/u_ddr3_mig/u_ddr3_infrastructure/plle2_i/CLKOUT1
                                       net (fo=7, routed)           0.218    -0.668    ddr3/u_ddr3_mig/u_memc_ui_top_axi/mem_intfc0/ddr_phy_top0/u_ddr_mc_phy_wrapper/u_ddr_mc_phy/ddr_phy_4lanes_0.u_ddr_phy_4lanes/ddr_byte_lane_C.ddr_byte_lane_C/mem_refclk
                  PHASER_OUT_PHY_X1Y14                                              r  ddr3/u_ddr3_mig/u_memc_ui_top_axi/mem_intfc0/ddr_phy_top0/u_ddr_mc_phy_wrapper/u_ddr_mc_phy/ddr_phy_4lanes_0.u_ddr_phy_4lanes/ddr_byte_lane_C.ddr_byte_lane_C/phaser_out/MEMREFCLK
                  PHASER_OUT_PHY_X1Y14 PHASER_OUT_PHY (Prop_phaser_out_phy_MEMREFCLK_OCLK)
                                                                    1.858     1.190 r  ddr3/u_ddr3_mig/u_memc_ui_top_axi/mem_intfc0/ddr_phy_top0/u_ddr_mc_phy_wrapper/u_ddr_mc_phy/ddr_phy_4lanes_0.u_ddr_phy_4lanes/ddr_byte_lane_C.ddr_byte_lane_C/phaser_out/OCLK
                  PHASER_OUT_PHY_X1Y14 PHASER_OUT_PHY (Prop_phaser_out_phy_OCLK_OCLKDIV)
                                                                    0.088     1.278 r  ddr3/u_ddr3_mig/u_memc_ui_top_axi/mem_intfc0/ddr_phy_top0/u_ddr_mc_phy_wrapper/u_ddr_mc_phy/ddr_phy_4lanes_0.u_ddr_phy_4lanes/ddr_byte_lane_C.ddr_byte_lane_C/phaser_out/OCLKDIV
                                       net (fo=11, routed)          0.177     1.455    ddr3/u_ddr3_mig/u_memc_ui_top_axi/mem_intfc0/ddr_phy_top0/u_ddr_mc_phy_wrapper/u_ddr_mc_phy/ddr_phy_4lanes_0.u_ddr_phy_4lanes/ddr_byte_lane_C.ddr_byte_lane_C/ddr_byte_group_io/oserdes_clkdiv
                  OLOGIC_X1Y176        OSERDESE2                                    r  ddr3/u_ddr3_mig/u_memc_ui_top_axi/mem_intfc0/ddr_phy_top0/u_ddr_mc_phy_wrapper/u_ddr_mc_phy/ddr_phy_4lanes_0.u_ddr_phy_4lanes/ddr_byte_lane_C.ddr_byte_lane_C/ddr_byte_group_io/output_[1].oserdes_dq_.ddr.oserdes_dq_i/CLKDIV
                                       clock pessimism              0.177     1.632    
                  OLOGIC_X1Y176        OSERDESE2 (Hold_oserdese2_CLKDIV_RST)
                                                                    0.559     2.191    ddr3/u_ddr3_mig/u_memc_ui_top_axi/mem_intfc0/ddr_phy_top0/u_ddr_mc_phy_wrapper/u_ddr_mc_phy/ddr_phy_4lanes_0.u_ddr_phy_4lanes/ddr_byte_lane_C.ddr_byte_lane_C/ddr_byte_group_io/output_[1].oserdes_dq_.ddr.oserdes_dq_i
  ---------------------------------------------------------------------------------
                                       required time                         -2.191    
                                       arrival time                           2.273    
  ---------------------------------------------------------------------------------
                                       slack                                  0.082    





---------------------------------------------------------------------------------------------------
From Clock:  oserdes_clk_3
  To Clock:  oserdes_clkdiv_3

Setup :            0  Failing Endpoints,  Worst Slack        1.299ns,  Total Violation        0.000ns
Hold  :            0  Failing Endpoints,  Worst Slack        0.095ns,  Total Violation        0.000ns
---------------------------------------------------------------------------------------------------


Max Delay Paths
--------------------------------------------------------------------------------------
Slack (MET) :             1.299ns  (required time - arrival time)
  Source:                 ddr3/u_ddr3_mig/u_memc_ui_top_axi/mem_intfc0/ddr_phy_top0/u_ddr_mc_phy_wrapper/u_ddr_mc_phy/ddr_phy_4lanes_0.u_ddr_phy_4lanes/ddr_byte_lane_D.ddr_byte_lane_D/phaser_out/OCLK
                            (rising edge-triggered cell PHASER_OUT_PHY clocked by oserdes_clk_3  {rise@0.000ns fall@1.250ns period=2.500ns})
  Destination:            ddr3/u_ddr3_mig/u_memc_ui_top_axi/mem_intfc0/ddr_phy_top0/u_ddr_mc_phy_wrapper/u_ddr_mc_phy/ddr_phy_4lanes_0.u_ddr_phy_4lanes/ddr_byte_lane_D.ddr_byte_lane_D/ddr_byte_group_io/output_[9].oserdes_dq_.ddr.oserdes_dq_i/RST
                            (rising edge-triggered cell OSERDESE2 clocked by oserdes_clkdiv_3  {rise@0.000ns fall@2.500ns period=5.000ns})
  Path Group:             oserdes_clkdiv_3
  Path Type:              Setup (Max at Slow Process Corner)
  Requirement:            5.000ns  (oserdes_clkdiv_3 rise@5.000ns - oserdes_clk_3 rise@0.000ns)
  Data Path Delay:        3.356ns  (logic 0.517ns (15.403%)  route 2.839ns (84.597%))
  Logic Levels:           0  
  Clock Path Skew:        0.570ns (DCD - SCD + CPR)
    Destination Clock Delay (DCD):    1.644ns = ( 6.644 - 5.000 ) 
    Source Clock Delay      (SCD):    1.762ns = ( 4.262 - 2.500 ) 
    Clock Pessimism Removal (CPR):    0.687ns
  Clock Uncertainty:      0.066ns  ((TSJ^2 + DJ^2)^1/2) / 2 + PE
    Total System Jitter     (TSJ):    0.071ns
    Discrete Jitter          (DJ):    0.111ns
    Phase Error              (PE):    0.000ns
  Timing Exception:       MultiCycle Path   Setup -start 2

    Pin Reuse     Location             Delay type                Incr(ns)  Path(ns)    Netlist Resource(s)
  ---------------------------------------------------------------------------------    -------------------
                                       (clock oserdes_clk_3 rise edge)
                                                                    0.000     0.000 r  
                  R4                                                0.000     0.000 r  clk (IN)
                                       net (fo=0)                   0.000     0.000    mmcm/inst/clk_in1
                  R4                                                                r  mmcm/inst/clkin1_ibufg/I
                  R4                   IBUF (Prop_ibuf_I_O)         1.475     1.475 r  mmcm/inst/clkin1_ibufg/O
                                       net (fo=1, routed)           1.233     2.708    mmcm/inst/clk_in1_mmcm
                  MMCME2_ADV_X1Y2                                                   r  mmcm/inst/mmcm_adv_inst/CLKIN1
                  MMCME2_ADV_X1Y2      MMCME2_ADV (Prop_mmcme2_adv_CLKIN1_CLKOUT0)
                                                                   -7.432    -4.724 r  mmcm/inst/mmcm_adv_inst/CLKOUT0
                                       net (fo=1, routed)           1.808    -2.915    mmcm/inst/clk_out1_mmcm
                  BUFGCTRL_X0Y2                                                     r  mmcm/inst/clkout1_buf/I
                  BUFGCTRL_X0Y2        BUFG (Prop_bufg_I_O)         0.096    -2.819 r  mmcm/inst/clkout1_buf/O
                                       net (fo=2, routed)           1.754    -1.065    ddr3/u_ddr3_mig/u_ddr3_infrastructure/mmcm_clk
                  PLLE2_ADV_X1Y3                                                    r  ddr3/u_ddr3_mig/u_ddr3_infrastructure/plle2_i/CLKIN1
                  PLLE2_ADV_X1Y3       PLLE2_ADV (Prop_plle2_adv_CLKIN1_CLKOUT1)
                                                                    0.088    -0.977 r  ddr3/u_ddr3_mig/u_ddr3_infrastructure/plle2_i/CLKOUT1
                                       net (fo=7, routed)           0.603    -0.374    ddr3/u_ddr3_mig/u_memc_ui_top_axi/mem_intfc0/ddr_phy_top0/u_ddr_mc_phy_wrapper/u_ddr_mc_phy/ddr_phy_4lanes_0.u_ddr_phy_4lanes/ddr_byte_lane_D.ddr_byte_lane_D/mem_refclk
                  PHASER_OUT_PHY_X1Y15                                              r  ddr3/u_ddr3_mig/u_memc_ui_top_axi/mem_intfc0/ddr_phy_top0/u_ddr_mc_phy_wrapper/u_ddr_mc_phy/ddr_phy_4lanes_0.u_ddr_phy_4lanes/ddr_byte_lane_D.ddr_byte_lane_D/phaser_out/MEMREFCLK
                  PHASER_OUT_PHY_X1Y15 PHASER_OUT_PHY (Prop_phaser_out_phy_MEMREFCLK_OCLK)
                                                                    2.136     1.762 r  ddr3/u_ddr3_mig/u_memc_ui_top_axi/mem_intfc0/ddr_phy_top0/u_ddr_mc_phy_wrapper/u_ddr_mc_phy/ddr_phy_4lanes_0.u_ddr_phy_4lanes/ddr_byte_lane_D.ddr_byte_lane_D/phaser_out/OCLK
  ---------------------------------------------------------------------------------    -------------------
    Routing       PHASER_OUT_PHY_X1Y15 PHASER_OUT_PHY (Prop_phaser_out_phy_OCLK_OSERDESRST)
                                                                    0.517     2.279 r  ddr3/u_ddr3_mig/u_memc_ui_top_axi/mem_intfc0/ddr_phy_top0/u_ddr_mc_phy_wrapper/u_ddr_mc_phy/ddr_phy_4lanes_0.u_ddr_phy_4lanes/ddr_byte_lane_D.ddr_byte_lane_D/phaser_out/OSERDESRST
                                       net (fo=10, routed)          2.839     5.118    ddr3/u_ddr3_mig/u_memc_ui_top_axi/mem_intfc0/ddr_phy_top0/u_ddr_mc_phy_wrapper/u_ddr_mc_phy/ddr_phy_4lanes_0.u_ddr_phy_4lanes/ddr_byte_lane_D.ddr_byte_lane_D/ddr_byte_group_io/po_oserdes_rst
    Routing       OLOGIC_X1Y198        OSERDESE2                                    r  ddr3/u_ddr3_mig/u_memc_ui_top_axi/mem_intfc0/ddr_phy_top0/u_ddr_mc_phy_wrapper/u_ddr_mc_phy/ddr_phy_4lanes_0.u_ddr_phy_4lanes/ddr_byte_lane_D.ddr_byte_lane_D/ddr_byte_group_io/output_[9].oserdes_dq_.ddr.oserdes_dq_i/RST
  ---------------------------------------------------------------------------------    -------------------

                                       (clock oserdes_clkdiv_3 rise edge)
                                                                    5.000     5.000 r  
                  R4                                                0.000     5.000 r  clk (IN)
                                       net (fo=0)                   0.000     5.000    mmcm/inst/clk_in1
                  R4                                                                r  mmcm/inst/clkin1_ibufg/I
                  R4                   IBUF (Prop_ibuf_I_O)         1.405     6.405 r  mmcm/inst/clkin1_ibufg/O
                                       net (fo=1, routed)           1.162     7.567    mmcm/inst/clk_in1_mmcm
                  MMCME2_ADV_X1Y2                                                   r  mmcm/inst/mmcm_adv_inst/CLKIN1
                  MMCME2_ADV_X1Y2      MMCME2_ADV (Prop_mmcme2_adv_CLKIN1_CLKOUT0)
                                                                   -7.674    -0.107 r  mmcm/inst/mmcm_adv_inst/CLKOUT0
                                       net (fo=1, routed)           1.723     1.616    mmcm/inst/clk_out1_mmcm
                  BUFGCTRL_X0Y2                                                     r  mmcm/inst/clkout1_buf/I
                  BUFGCTRL_X0Y2        BUFG (Prop_bufg_I_O)         0.091     1.707 r  mmcm/inst/clkout1_buf/O
                                       net (fo=2, routed)           1.636     3.343    ddr3/u_ddr3_mig/u_ddr3_infrastructure/mmcm_clk
                  PLLE2_ADV_X1Y3                                                    r  ddr3/u_ddr3_mig/u_ddr3_infrastructure/plle2_i/CLKIN1
                  PLLE2_ADV_X1Y3       PLLE2_ADV (Prop_plle2_adv_CLKIN1_CLKOUT1)
                                                                    0.083     3.426 r  ddr3/u_ddr3_mig/u_ddr3_infrastructure/plle2_i/CLKOUT1
                                       net (fo=7, routed)           0.572     3.998    ddr3/u_ddr3_mig/u_memc_ui_top_axi/mem_intfc0/ddr_phy_top0/u_ddr_mc_phy_wrapper/u_ddr_mc_phy/ddr_phy_4lanes_0.u_ddr_phy_4lanes/ddr_byte_lane_D.ddr_byte_lane_D/mem_refclk
                  PHASER_OUT_PHY_X1Y15                                              r  ddr3/u_ddr3_mig/u_memc_ui_top_axi/mem_intfc0/ddr_phy_top0/u_ddr_mc_phy_wrapper/u_ddr_mc_phy/ddr_phy_4lanes_0.u_ddr_phy_4lanes/ddr_byte_lane_D.ddr_byte_lane_D/phaser_out/MEMREFCLK
                  PHASER_OUT_PHY_X1Y15 PHASER_OUT_PHY (Prop_phaser_out_phy_MEMREFCLK_OCLK)
                                                                    2.077     6.074 r  ddr3/u_ddr3_mig/u_memc_ui_top_axi/mem_intfc0/ddr_phy_top0/u_ddr_mc_phy_wrapper/u_ddr_mc_phy/ddr_phy_4lanes_0.u_ddr_phy_4lanes/ddr_byte_lane_D.ddr_byte_lane_D/phaser_out/OCLK
                  PHASER_OUT_PHY_X1Y15 PHASER_OUT_PHY (Prop_phaser_out_phy_OCLK_OCLKDIV)
                                                                    0.148     6.222 r  ddr3/u_ddr3_mig/u_memc_ui_top_axi/mem_intfc0/ddr_phy_top0/u_ddr_mc_phy_wrapper/u_ddr_mc_phy/ddr_phy_4lanes_0.u_ddr_phy_4lanes/ddr_byte_lane_D.ddr_byte_lane_D/phaser_out/OCLKDIV
                                       net (fo=11, routed)          0.422     6.644    ddr3/u_ddr3_mig/u_memc_ui_top_axi/mem_intfc0/ddr_phy_top0/u_ddr_mc_phy_wrapper/u_ddr_mc_phy/ddr_phy_4lanes_0.u_ddr_phy_4lanes/ddr_byte_lane_D.ddr_byte_lane_D/ddr_byte_group_io/oserdes_clkdiv
                  OLOGIC_X1Y198        OSERDESE2                                    r  ddr3/u_ddr3_mig/u_memc_ui_top_axi/mem_intfc0/ddr_phy_top0/u_ddr_mc_phy_wrapper/u_ddr_mc_phy/ddr_phy_4lanes_0.u_ddr_phy_4lanes/ddr_byte_lane_D.ddr_byte_lane_D/ddr_byte_group_io/output_[9].oserdes_dq_.ddr.oserdes_dq_i/CLKDIV
                                       clock pessimism              0.687     7.332    
                                       clock uncertainty           -0.066     7.266    
                  OLOGIC_X1Y198        OSERDESE2 (Setup_oserdese2_CLKDIV_RST)
                                                                   -0.849     6.417    ddr3/u_ddr3_mig/u_memc_ui_top_axi/mem_intfc0/ddr_phy_top0/u_ddr_mc_phy_wrapper/u_ddr_mc_phy/ddr_phy_4lanes_0.u_ddr_phy_4lanes/ddr_byte_lane_D.ddr_byte_lane_D/ddr_byte_group_io/output_[9].oserdes_dq_.ddr.oserdes_dq_i
  ---------------------------------------------------------------------------------
                                       required time                          6.417    
                                       arrival time                          -5.118    
  ---------------------------------------------------------------------------------
                                       slack                                  1.299    





Min Delay Paths
--------------------------------------------------------------------------------------
Slack (MET) :             0.095ns  (arrival time - required time)
  Source:                 ddr3/u_ddr3_mig/u_memc_ui_top_axi/mem_intfc0/ddr_phy_top0/u_ddr_mc_phy_wrapper/u_ddr_mc_phy/ddr_phy_4lanes_0.u_ddr_phy_4lanes/ddr_byte_lane_D.ddr_byte_lane_D/phaser_out/OCLK
                            (rising edge-triggered cell PHASER_OUT_PHY clocked by oserdes_clk_3  {rise@0.000ns fall@1.250ns period=2.500ns})
  Destination:            ddr3/u_ddr3_mig/u_memc_ui_top_axi/mem_intfc0/ddr_phy_top0/u_ddr_mc_phy_wrapper/u_ddr_mc_phy/ddr_phy_4lanes_0.u_ddr_phy_4lanes/ddr_byte_lane_D.ddr_byte_lane_D/out_fifo/RDEN
                            (rising edge-triggered cell OUT_FIFO clocked by oserdes_clkdiv_3  {rise@0.000ns fall@2.500ns period=5.000ns})
  Path Group:             oserdes_clkdiv_3
  Path Type:              Hold (Min at Fast Process Corner)
  Requirement:            0.000ns  (oserdes_clkdiv_3 rise@0.000ns - oserdes_clk_3 rise@0.000ns)
  Data Path Delay:        0.172ns  (logic 0.172ns (100.000%)  route 0.000ns (0.000%))
  Logic Levels:           0  
  Clock Path Skew:        0.088ns (DCD - SCD - CPR)
    Destination Clock Delay (DCD):    1.269ns
    Source Clock Delay      (SCD):    1.360ns
    Clock Pessimism Removal (CPR):    -0.179ns

    Pin Reuse     Location             Delay type                Incr(ns)  Path(ns)    Netlist Resource(s)
  ---------------------------------------------------------------------------------    -------------------
                                       (clock oserdes_clk_3 rise edge)
                                                                    0.000     0.000 r  
                  R4                                                0.000     0.000 r  clk (IN)
                                       net (fo=0)                   0.000     0.000    mmcm/inst/clk_in1
                  R4                                                                r  mmcm/inst/clkin1_ibufg/I
                  R4                   IBUF (Prop_ibuf_I_O)         0.243     0.243 r  mmcm/inst/clkin1_ibufg/O
                                       net (fo=1, routed)           0.440     0.683    mmcm/inst/clk_in1_mmcm
                  MMCME2_ADV_X1Y2                                                   r  mmcm/inst/mmcm_adv_inst/CLKIN1
                  MMCME2_ADV_X1Y2      MMCME2_ADV (Prop_mmcme2_adv_CLKIN1_CLKOUT0)
                                                                   -2.540    -1.856 r  mmcm/inst/mmcm_adv_inst/CLKOUT0
                                       net (fo=1, routed)           0.531    -1.325    mmcm/inst/clk_out1_mmcm
                  BUFGCTRL_X0Y2                                                     r  mmcm/inst/clkout1_buf/I
                  BUFGCTRL_X0Y2        BUFG (Prop_bufg_I_O)         0.026    -1.299 r  mmcm/inst/clkout1_buf/O
                                       net (fo=2, routed)           0.606    -0.694    ddr3/u_ddr3_mig/u_ddr3_infrastructure/mmcm_clk
                  PLLE2_ADV_X1Y3                                                    r  ddr3/u_ddr3_mig/u_ddr3_infrastructure/plle2_i/CLKIN1
                  PLLE2_ADV_X1Y3       PLLE2_ADV (Prop_plle2_adv_CLKIN1_CLKOUT1)
                                                                    0.050    -0.644 r  ddr3/u_ddr3_mig/u_ddr3_infrastructure/plle2_i/CLKOUT1
                                       net (fo=7, routed)           0.190    -0.454    ddr3/u_ddr3_mig/u_memc_ui_top_axi/mem_intfc0/ddr_phy_top0/u_ddr_mc_phy_wrapper/u_ddr_mc_phy/ddr_phy_4lanes_0.u_ddr_phy_4lanes/ddr_byte_lane_D.ddr_byte_lane_D/mem_refclk
                  PHASER_OUT_PHY_X1Y15                                              r  ddr3/u_ddr3_mig/u_memc_ui_top_axi/mem_intfc0/ddr_phy_top0/u_ddr_mc_phy_wrapper/u_ddr_mc_phy/ddr_phy_4lanes_0.u_ddr_phy_4lanes/ddr_byte_lane_D.ddr_byte_lane_D/phaser_out/MEMREFCLK
                  PHASER_OUT_PHY_X1Y15 PHASER_OUT_PHY (Prop_phaser_out_phy_MEMREFCLK_OCLK)
                                                                    1.813     1.360 r  ddr3/u_ddr3_mig/u_memc_ui_top_axi/mem_intfc0/ddr_phy_top0/u_ddr_mc_phy_wrapper/u_ddr_mc_phy/ddr_phy_4lanes_0.u_ddr_phy_4lanes/ddr_byte_lane_D.ddr_byte_lane_D/phaser_out/OCLK
  ---------------------------------------------------------------------------------    -------------------
    Routing       PHASER_OUT_PHY_X1Y15 PHASER_OUT_PHY (Prop_phaser_out_phy_OCLK_RDENABLE)
                                                                    0.172     1.532 r  ddr3/u_ddr3_mig/u_memc_ui_top_axi/mem_intfc0/ddr_phy_top0/u_ddr_mc_phy_wrapper/u_ddr_mc_phy/ddr_phy_4lanes_0.u_ddr_phy_4lanes/ddr_byte_lane_D.ddr_byte_lane_D/phaser_out/RDENABLE
                                       net (fo=1, routed)           0.000     1.532    ddr3/u_ddr3_mig/u_memc_ui_top_axi/mem_intfc0/ddr_phy_top0/u_ddr_mc_phy_wrapper/u_ddr_mc_phy/ddr_phy_4lanes_0.u_ddr_phy_4lanes/ddr_byte_lane_D.ddr_byte_lane_D/po_rd_enable
    Routing       OUT_FIFO_X1Y15       OUT_FIFO                                     r  ddr3/u_ddr3_mig/u_memc_ui_top_axi/mem_intfc0/ddr_phy_top0/u_ddr_mc_phy_wrapper/u_ddr_mc_phy/ddr_phy_4lanes_0.u_ddr_phy_4lanes/ddr_byte_lane_D.ddr_byte_lane_D/out_fifo/RDEN
  ---------------------------------------------------------------------------------    -------------------

                                       (clock oserdes_clkdiv_3 rise edge)
                                                                    0.000     0.000 r  
                  R4                                                0.000     0.000 r  clk (IN)
                                       net (fo=0)                   0.000     0.000    mmcm/inst/clk_in1
                  R4                                                                r  mmcm/inst/clkin1_ibufg/I
                  R4                   IBUF (Prop_ibuf_I_O)         0.431     0.431 r  mmcm/inst/clkin1_ibufg/O
                                       net (fo=1, routed)           0.480     0.911    mmcm/inst/clk_in1_mmcm
                  MMCME2_ADV_X1Y2                                                   r  mmcm/inst/mmcm_adv_inst/CLKIN1
                  MMCME2_ADV_X1Y2      MMCME2_ADV (Prop_mmcme2_adv_CLKIN1_CLKOUT0)
                                                                   -3.332    -2.421 r  mmcm/inst/mmcm_adv_inst/CLKOUT0
                                       net (fo=1, routed)           0.579    -1.843    mmcm/inst/clk_out1_mmcm
                  BUFGCTRL_X0Y2                                                     r  mmcm/inst/clkout1_buf/I
                  BUFGCTRL_X0Y2        BUFG (Prop_bufg_I_O)         0.029    -1.814 r  mmcm/inst/clkout1_buf/O
                                       net (fo=2, routed)           0.875    -0.939    ddr3/u_ddr3_mig/u_ddr3_infrastructure/mmcm_clk
                  PLLE2_ADV_X1Y3                                                    r  ddr3/u_ddr3_mig/u_ddr3_infrastructure/plle2_i/CLKIN1
                  PLLE2_ADV_X1Y3       PLLE2_ADV (Prop_plle2_adv_CLKIN1_CLKOUT1)
                                                                    0.053    -0.886 r  ddr3/u_ddr3_mig/u_ddr3_infrastructure/plle2_i/CLKOUT1
                                       net (fo=7, routed)           0.209    -0.677    ddr3/u_ddr3_mig/u_memc_ui_top_axi/mem_intfc0/ddr_phy_top0/u_ddr_mc_phy_wrapper/u_ddr_mc_phy/ddr_phy_4lanes_0.u_ddr_phy_4lanes/ddr_byte_lane_D.ddr_byte_lane_D/mem_refclk
                  PHASER_OUT_PHY_X1Y15                                              r  ddr3/u_ddr3_mig/u_memc_ui_top_axi/mem_intfc0/ddr_phy_top0/u_ddr_mc_phy_wrapper/u_ddr_mc_phy/ddr_phy_4lanes_0.u_ddr_phy_4lanes/ddr_byte_lane_D.ddr_byte_lane_D/phaser_out/MEMREFCLK
                  PHASER_OUT_PHY_X1Y15 PHASER_OUT_PHY (Prop_phaser_out_phy_MEMREFCLK_OCLK)
                                                                    1.858     1.181 r  ddr3/u_ddr3_mig/u_memc_ui_top_axi/mem_intfc0/ddr_phy_top0/u_ddr_mc_phy_wrapper/u_ddr_mc_phy/ddr_phy_4lanes_0.u_ddr_phy_4lanes/ddr_byte_lane_D.ddr_byte_lane_D/phaser_out/OCLK
                  PHASER_OUT_PHY_X1Y15 PHASER_OUT_PHY (Prop_phaser_out_phy_OCLK_OCLKDIV)
                                                                    0.088     1.269 r  ddr3/u_ddr3_mig/u_memc_ui_top_axi/mem_intfc0/ddr_phy_top0/u_ddr_mc_phy_wrapper/u_ddr_mc_phy/ddr_phy_4lanes_0.u_ddr_phy_4lanes/ddr_byte_lane_D.ddr_byte_lane_D/phaser_out/OCLKDIV
                                       net (fo=11, routed)          0.000     1.269    ddr3/u_ddr3_mig/u_memc_ui_top_axi/mem_intfc0/ddr_phy_top0/u_ddr_mc_phy_wrapper/u_ddr_mc_phy/ddr_phy_4lanes_0.u_ddr_phy_4lanes/ddr_byte_lane_D.ddr_byte_lane_D/oserdes_clkdiv
                  OUT_FIFO_X1Y15       OUT_FIFO                                     r  ddr3/u_ddr3_mig/u_memc_ui_top_axi/mem_intfc0/ddr_phy_top0/u_ddr_mc_phy_wrapper/u_ddr_mc_phy/ddr_phy_4lanes_0.u_ddr_phy_4lanes/ddr_byte_lane_D.ddr_byte_lane_D/out_fifo/RDCLK
                                       clock pessimism              0.179     1.448    
                  OUT_FIFO_X1Y15       OUT_FIFO (Hold_out_fifo_RDCLK_RDEN)
                                                                   -0.011     1.437    ddr3/u_ddr3_mig/u_memc_ui_top_axi/mem_intfc0/ddr_phy_top0/u_ddr_mc_phy_wrapper/u_ddr_mc_phy/ddr_phy_4lanes_0.u_ddr_phy_4lanes/ddr_byte_lane_D.ddr_byte_lane_D/out_fifo
  ---------------------------------------------------------------------------------
                                       required time                         -1.437    
                                       arrival time                           1.532    
  ---------------------------------------------------------------------------------
                                       slack                                  0.095    





---------------------------------------------------------------------------------------------------
From Clock:  clk_out1_videoclock
  To Clock:  clk_pll_i

Setup :            0  Failing Endpoints,  Worst Slack        8.421ns,  Total Violation        0.000ns
Hold  :           NA  Failing Endpoints,  Worst Slack           NA  ,  Total Violation           NA
---------------------------------------------------------------------------------------------------


Max Delay Paths
--------------------------------------------------------------------------------------
Slack (MET) :             8.421ns  (required time - arrival time)
  Source:                 rasterixgen.rasterix/display/Ack_reg/C
                            (rising edge-triggered cell FDRE clocked by clk_out1_videoclock  {rise@0.000ns fall@19.841ns period=39.683ns})
  Destination:            rasterixgen.rasterix/display/AckSync_reg[0]/D
                            (rising edge-triggered cell FDRE clocked by clk_pll_i  {rise@0.000ns fall@5.000ns period=10.000ns})
  Path Group:             clk_pll_i
  Path Type:              Setup (Max at Slow Process Corner)
  Requirement:            10.000ns  (MaxDelay Path 10.000ns)
  Data Path Delay:        1.474ns  (logic 0.518ns (35.151%)  route 0.956ns (64.849%))
  Logic Levels:           0  
  Timing Exception:       MaxDelay Path 10.000ns -datapath_only

    Pin Reuse     Location             Delay type                Incr(ns)  Path(ns)    Netlist Resource(s)
  ---------------------------------------------------------------------------------    -------------------
    Placement     SLICE_X146Y115                                    0.000     0.000 r  rasterixgen.rasterix/display/Ack_reg/C
    Routing       SLICE_X146Y115       FDRE (Prop_fdre_C_Q)         0.518     0.518 r  rasterixgen.rasterix/display/Ack_reg/Q
                                       net (fo=2, routed)           0.956     1.474    rasterixgen.rasterix/display/p_1_in__0[0]
    Routing       SLICE_X147Y111       FDRE                                         r  rasterixgen.rasterix/display/AckSync_reg[0]/D
  ---------------------------------------------------------------------------------    -------------------

                                       max delay                   10.000    10.000    
                  SLICE_X147Y111       FDRE (Setup_fdre_C_D)       -0.105     9.895    rasterixgen.rasterix/display/AckSync_reg[0]
  ---------------------------------------------------------------------------------
                                       required time                          9.895    
                                       arrival time                          -1.474    
  ---------------------------------------------------------------------------------
                                       slack                                  8.421    





---------------------------------------------------------------------------------------------------
From Clock:  clk_out2_mmcm
  To Clock:  clk_pll_i

Setup :            0  Failing Endpoints,  Worst Slack       14.280ns,  Total Violation        0.000ns
Hold  :            0  Failing Endpoints,  Worst Slack        0.435ns,  Total Violation        0.000ns
---------------------------------------------------------------------------------------------------


Max Delay Paths
--------------------------------------------------------------------------------------
Slack (MET) :             14.280ns  (required time - arrival time)
  Source:                 ddr3/u_ddr3_mig/temp_mon_enabled.u_tempmon/xadc_supplied_temperature.temperature_reg[4]/C
                            (rising edge-triggered cell FDRE clocked by clk_out2_mmcm  {rise@0.000ns fall@2.500ns period=5.000ns})
  Destination:            ddr3/u_ddr3_mig/temp_mon_enabled.u_tempmon/device_temp_sync_r1_reg[4]/D
                            (rising edge-triggered cell FDRE clocked by clk_pll_i  {rise@0.000ns fall@5.000ns period=10.000ns})
  Path Group:             clk_pll_i
  Path Type:              Setup (Max at Slow Process Corner)
  Requirement:            20.000ns  (MaxDelay Path 20.000ns)
  Data Path Delay:        7.329ns  (logic 0.606ns (8.268%)  route 6.723ns (91.732%))
  Logic Levels:           1  (LUT1=1)
  Clock Path Skew:        2.084ns (DCD - SCD + CPR)
    Destination Clock Delay (DCD):    0.608ns
    Source Clock Delay      (SCD):    -1.093ns
    Clock Pessimism Removal (CPR):    0.383ns
  Clock Uncertainty:      0.226ns  ((TSJ^2 + DJ^2)^1/2) / 2 + PE
    Total System Jitter     (TSJ):    0.071ns
    Discrete Jitter          (DJ):    0.099ns
    Phase Error              (PE):    0.166ns
  Timing Exception:       MaxDelay Path 20.000ns

    Pin Reuse     Location             Delay type                Incr(ns)  Path(ns)    Netlist Resource(s)
  ---------------------------------------------------------------------------------    -------------------
                                       (clock clk_out2_mmcm rise edge)
                                                                    0.000     0.000 r  
                  R4                                                0.000     0.000 r  clk (IN)
                                       net (fo=0)                   0.000     0.000    mmcm/inst/clk_in1
                  R4                                                                r  mmcm/inst/clkin1_ibufg/I
                  R4                   IBUF (Prop_ibuf_I_O)         1.475     1.475 r  mmcm/inst/clkin1_ibufg/O
                                       net (fo=1, routed)           1.233     2.708    mmcm/inst/clk_in1_mmcm
                  MMCME2_ADV_X1Y2                                                   r  mmcm/inst/mmcm_adv_inst/CLKIN1
                  MMCME2_ADV_X1Y2      MMCME2_ADV (Prop_mmcme2_adv_CLKIN1_CLKOUT1)
                                                                   -7.432    -4.724 r  mmcm/inst/mmcm_adv_inst/CLKOUT1
                                       net (fo=1, routed)           1.808    -2.915    mmcm/inst/clk_out2_mmcm
                  BUFGCTRL_X0Y1                                                     r  mmcm/inst/clkout2_buf/I
                  BUFGCTRL_X0Y1        BUFG (Prop_bufg_I_O)         0.096    -2.819 r  mmcm/inst/clkout2_buf/O
                                       net (fo=62, routed)          1.726    -1.093    ddr3/u_ddr3_mig/temp_mon_enabled.u_tempmon/clk_ref_i
                  SLICE_X38Y176        FDRE                                         r  ddr3/u_ddr3_mig/temp_mon_enabled.u_tempmon/xadc_supplied_temperature.temperature_reg[4]/C
  ---------------------------------------------------------------------------------    -------------------
    Routing       SLICE_X38Y176        FDRE (Prop_fdre_C_Q)         0.456    -0.637 r  ddr3/u_ddr3_mig/temp_mon_enabled.u_tempmon/xadc_supplied_temperature.temperature_reg[4]/Q
                                       net (fo=1, routed)           3.419     2.782    ddr3/u_ddr3_mig/temp_mon_enabled.u_tempmon/device_temp_lcl[4]
    Routing       SLICE_X39Y241                                                     r  ddr3/u_ddr3_mig/temp_mon_enabled.u_tempmon/device_temp_lcl[4]_hold_fix/I0
    Routing       SLICE_X39Y241        LUT1 (Prop_lut1_I0_O)        0.150     2.932 r  ddr3/u_ddr3_mig/temp_mon_enabled.u_tempmon/device_temp_lcl[4]_hold_fix/O
                                       net (fo=1, routed)           3.304     6.236    ddr3/u_ddr3_mig/temp_mon_enabled.u_tempmon/device_temp_lcl[4]_hold_fix_1
    Routing       SLICE_X54Y175        FDRE                                         r  ddr3/u_ddr3_mig/temp_mon_enabled.u_tempmon/device_temp_sync_r1_reg[4]/D
  ---------------------------------------------------------------------------------    -------------------

                                       max delay                   20.000    20.000    
                  R4                                                0.000    20.000 r  clk (IN)
                                       net (fo=0)                   0.000    20.000    mmcm/inst/clk_in1
                  R4                                                                r  mmcm/inst/clkin1_ibufg/I
                  R4                   IBUF (Prop_ibuf_I_O)         1.405    21.405 r  mmcm/inst/clkin1_ibufg/O
                                       net (fo=1, routed)           1.162    22.567    mmcm/inst/clk_in1_mmcm
                  MMCME2_ADV_X1Y2                                                   r  mmcm/inst/mmcm_adv_inst/CLKIN1
                  MMCME2_ADV_X1Y2      MMCME2_ADV (Prop_mmcme2_adv_CLKIN1_CLKOUT0)
                                                                   -7.674    14.893 r  mmcm/inst/mmcm_adv_inst/CLKOUT0
                                       net (fo=1, routed)           1.723    16.616    mmcm/inst/clk_out1_mmcm
                  BUFGCTRL_X0Y2                                                     r  mmcm/inst/clkout1_buf/I
                  BUFGCTRL_X0Y2        BUFG (Prop_bufg_I_O)         0.091    16.707 r  mmcm/inst/clkout1_buf/O
                                       net (fo=2, routed)           1.636    18.343    ddr3/u_ddr3_mig/u_ddr3_infrastructure/mmcm_clk
                  PLLE2_ADV_X1Y3                                                    r  ddr3/u_ddr3_mig/u_ddr3_infrastructure/plle2_i/CLKIN1
                  PLLE2_ADV_X1Y3       PLLE2_ADV (Prop_plle2_adv_CLKIN1_CLKOUT3)
                                                                    0.083    18.426 r  ddr3/u_ddr3_mig/u_ddr3_infrastructure/plle2_i/CLKOUT3
                                       net (fo=1, routed)           1.289    19.715    ddr3/u_ddr3_mig/u_ddr3_infrastructure/pll_clk3_out
                  BUFHCE_X1Y36                                                      r  ddr3/u_ddr3_mig/u_ddr3_infrastructure/u_bufh_pll_clk3/I
                  BUFHCE_X1Y36         BUFH (Prop_bufh_I_O)         0.081    19.796 r  ddr3/u_ddr3_mig/u_ddr3_infrastructure/u_bufh_pll_clk3/O
                                       net (fo=1, routed)           0.904    20.700    ddr3/u_ddr3_mig/u_ddr3_infrastructure/pll_clk3
                  MMCME2_ADV_X1Y3                                                   r  ddr3/u_ddr3_mig/u_ddr3_infrastructure/gen_mmcm.mmcm_i/CLKIN1
                  MMCME2_ADV_X1Y3      MMCME2_ADV (Prop_mmcme2_adv_CLKIN1_CLKFBOUT)
                                                                   -3.425    17.275 r  ddr3/u_ddr3_mig/u_ddr3_infrastructure/gen_mmcm.mmcm_i/CLKFBOUT
                                       net (fo=1, routed)           1.723    18.998    ddr3/u_ddr3_mig/u_ddr3_infrastructure/clk_pll_i
                  BUFGCTRL_X0Y16                                                    r  ddr3/u_ddr3_mig/u_ddr3_infrastructure/u_bufg_clkdiv0/I
                  BUFGCTRL_X0Y16       BUFG (Prop_bufg_I_O)         0.091    19.089 r  ddr3/u_ddr3_mig/u_ddr3_infrastructure/u_bufg_clkdiv0/O
                                       net (fo=26482, routed)       1.519    20.608    ddr3/u_ddr3_mig/temp_mon_enabled.u_tempmon/device_temp_r_reg[11]_0
                  SLICE_X54Y175        FDRE                                         r  ddr3/u_ddr3_mig/temp_mon_enabled.u_tempmon/device_temp_sync_r1_reg[4]/C
                                       clock pessimism              0.383    20.991    
                                       clock uncertainty           -0.226    20.765    
                  SLICE_X54Y175        FDRE (Setup_fdre_C_D)       -0.249    20.516    ddr3/u_ddr3_mig/temp_mon_enabled.u_tempmon/device_temp_sync_r1_reg[4]
  ---------------------------------------------------------------------------------
                                       required time                         20.516    
                                       arrival time                          -6.236    
  ---------------------------------------------------------------------------------
                                       slack                                 14.280    





Min Delay Paths
--------------------------------------------------------------------------------------
Slack (MET) :             0.435ns  (arrival time - required time)
  Source:                 ddr3/u_ddr3_mig/temp_mon_enabled.u_tempmon/xadc_supplied_temperature.temperature_reg[6]/C
                            (rising edge-triggered cell FDRE clocked by clk_out2_mmcm  {rise@0.000ns fall@2.500ns period=5.000ns})
  Destination:            ddr3/u_ddr3_mig/temp_mon_enabled.u_tempmon/device_temp_sync_r1_reg[6]/D
                            (rising edge-triggered cell FDRE clocked by clk_pll_i  {rise@0.000ns fall@5.000ns period=10.000ns})
  Path Group:             clk_pll_i
  Path Type:              Hold (Min at Fast Process Corner)
  Requirement:            0.000ns  (clk_pll_i rise@0.000ns - clk_out2_mmcm rise@0.000ns)
  Data Path Delay:        2.069ns  (logic 0.226ns (10.921%)  route 1.843ns (89.079%))
  Logic Levels:           1  (LUT1=1)
  Clock Path Skew:        1.396ns (DCD - SCD - CPR)
    Destination Clock Delay (DCD):    0.133ns
    Source Clock Delay      (SCD):    -0.698ns
    Clock Pessimism Removal (CPR):    -0.565ns
  Clock Uncertainty:      0.226ns  ((TSJ^2 + DJ^2)^1/2) / 2 + PE
    Total System Jitter     (TSJ):    0.071ns
    Discrete Jitter          (DJ):    0.099ns
    Phase Error              (PE):    0.166ns

    Pin Reuse     Location             Delay type                Incr(ns)  Path(ns)    Netlist Resource(s)
  ---------------------------------------------------------------------------------    -------------------
                                       (clock clk_out2_mmcm rise edge)
                                                                    0.000     0.000 r  
                  R4                                                0.000     0.000 r  clk (IN)
                                       net (fo=0)                   0.000     0.000    mmcm/inst/clk_in1
                  R4                                                                r  mmcm/inst/clkin1_ibufg/I
                  R4                   IBUF (Prop_ibuf_I_O)         0.243     0.243 r  mmcm/inst/clkin1_ibufg/O
                                       net (fo=1, routed)           0.440     0.683    mmcm/inst/clk_in1_mmcm
                  MMCME2_ADV_X1Y2                                                   r  mmcm/inst/mmcm_adv_inst/CLKIN1
                  MMCME2_ADV_X1Y2      MMCME2_ADV (Prop_mmcme2_adv_CLKIN1_CLKOUT1)
                                                                   -2.540    -1.856 r  mmcm/inst/mmcm_adv_inst/CLKOUT1
                                       net (fo=1, routed)           0.531    -1.325    mmcm/inst/clk_out2_mmcm
                  BUFGCTRL_X0Y1                                                     r  mmcm/inst/clkout2_buf/I
                  BUFGCTRL_X0Y1        BUFG (Prop_bufg_I_O)         0.026    -1.299 r  mmcm/inst/clkout2_buf/O
                                       net (fo=62, routed)          0.602    -0.698    ddr3/u_ddr3_mig/temp_mon_enabled.u_tempmon/clk_ref_i
                  SLICE_X38Y176        FDRE                                         r  ddr3/u_ddr3_mig/temp_mon_enabled.u_tempmon/xadc_supplied_temperature.temperature_reg[6]/C
  ---------------------------------------------------------------------------------    -------------------
    Routing       SLICE_X38Y176        FDRE (Prop_fdre_C_Q)         0.128    -0.570 r  ddr3/u_ddr3_mig/temp_mon_enabled.u_tempmon/xadc_supplied_temperature.temperature_reg[6]/Q
                                       net (fo=1, routed)           0.815     0.245    ddr3/u_ddr3_mig/temp_mon_enabled.u_tempmon/device_temp_lcl[6]
    Routing       SLICE_X1Y175                                                      r  ddr3/u_ddr3_mig/temp_mon_enabled.u_tempmon/device_temp_lcl[6]_hold_fix/I0
    Routing       SLICE_X1Y175         LUT1 (Prop_lut1_I0_O)        0.098     0.343 r  ddr3/u_ddr3_mig/temp_mon_enabled.u_tempmon/device_temp_lcl[6]_hold_fix/O
                                       net (fo=1, routed)           1.029     1.372    ddr3/u_ddr3_mig/temp_mon_enabled.u_tempmon/device_temp_lcl[6]_hold_fix_1
    Routing       SLICE_X58Y175        FDRE                                         r  ddr3/u_ddr3_mig/temp_mon_enabled.u_tempmon/device_temp_sync_r1_reg[6]/D
  ---------------------------------------------------------------------------------    -------------------

                                       (clock clk_pll_i rise edge)
                                                                    0.000     0.000 r  
                  R4                                                0.000     0.000 r  clk (IN)
                                       net (fo=0)                   0.000     0.000    mmcm/inst/clk_in1
                  R4                                                                r  mmcm/inst/clkin1_ibufg/I
                  R4                   IBUF (Prop_ibuf_I_O)         0.431     0.431 r  mmcm/inst/clkin1_ibufg/O
                                       net (fo=1, routed)           0.480     0.911    mmcm/inst/clk_in1_mmcm
                  MMCME2_ADV_X1Y2                                                   r  mmcm/inst/mmcm_adv_inst/CLKIN1
                  MMCME2_ADV_X1Y2      MMCME2_ADV (Prop_mmcme2_adv_CLKIN1_CLKOUT0)
                                                                   -3.332    -2.421 r  mmcm/inst/mmcm_adv_inst/CLKOUT0
                                       net (fo=1, routed)           0.579    -1.843    mmcm/inst/clk_out1_mmcm
                  BUFGCTRL_X0Y2                                                     r  mmcm/inst/clkout1_buf/I
                  BUFGCTRL_X0Y2        BUFG (Prop_bufg_I_O)         0.029    -1.814 r  mmcm/inst/clkout1_buf/O
                                       net (fo=2, routed)           0.875    -0.939    ddr3/u_ddr3_mig/u_ddr3_infrastructure/mmcm_clk
                  PLLE2_ADV_X1Y3                                                    r  ddr3/u_ddr3_mig/u_ddr3_infrastructure/plle2_i/CLKIN1
                  PLLE2_ADV_X1Y3       PLLE2_ADV (Prop_plle2_adv_CLKIN1_CLKOUT3)
                                                                    0.053    -0.886 r  ddr3/u_ddr3_mig/u_ddr3_infrastructure/plle2_i/CLKOUT3
                                       net (fo=1, routed)           0.472    -0.414    ddr3/u_ddr3_mig/u_ddr3_infrastructure/pll_clk3_out
                  BUFHCE_X1Y36                                                      r  ddr3/u_ddr3_mig/u_ddr3_infrastructure/u_bufh_pll_clk3/I
                  BUFHCE_X1Y36         BUFH (Prop_bufh_I_O)         0.043    -0.371 r  ddr3/u_ddr3_mig/u_ddr3_infrastructure/u_bufh_pll_clk3/O
                                       net (fo=1, routed)           0.538     0.167    ddr3/u_ddr3_mig/u_ddr3_infrastructure/pll_clk3
                  MMCME2_ADV_X1Y3                                                   r  ddr3/u_ddr3_mig/u_ddr3_infrastructure/gen_mmcm.mmcm_i/CLKIN1
                  MMCME2_ADV_X1Y3      MMCME2_ADV (Prop_mmcme2_adv_CLKIN1_CLKFBOUT)
                                                                   -1.475    -1.308 r  ddr3/u_ddr3_mig/u_ddr3_infrastructure/gen_mmcm.mmcm_i/CLKFBOUT
                                       net (fo=1, routed)           0.579    -0.730    ddr3/u_ddr3_mig/u_ddr3_infrastructure/clk_pll_i
                  BUFGCTRL_X0Y16                                                    r  ddr3/u_ddr3_mig/u_ddr3_infrastructure/u_bufg_clkdiv0/I
                  BUFGCTRL_X0Y16       BUFG (Prop_bufg_I_O)         0.029    -0.701 r  ddr3/u_ddr3_mig/u_ddr3_infrastructure/u_bufg_clkdiv0/O
                                       net (fo=26482, routed)       0.834     0.133    ddr3/u_ddr3_mig/temp_mon_enabled.u_tempmon/device_temp_r_reg[11]_0
                  SLICE_X58Y175        FDRE                                         r  ddr3/u_ddr3_mig/temp_mon_enabled.u_tempmon/device_temp_sync_r1_reg[6]/C
                                       clock pessimism              0.565     0.698    
                                       clock uncertainty            0.226     0.924    
                  SLICE_X58Y175        FDRE (Hold_fdre_C_D)         0.013     0.937    ddr3/u_ddr3_mig/temp_mon_enabled.u_tempmon/device_temp_sync_r1_reg[6]
  ---------------------------------------------------------------------------------
                                       required time                         -0.937    
                                       arrival time                           1.372    
  ---------------------------------------------------------------------------------
                                       slack                                  0.435    





---------------------------------------------------------------------------------------------------
From Clock:  clk_out3_mmcm
  To Clock:  clk_pll_i

Setup :            0  Failing Endpoints,  Worst Slack       48.467ns,  Total Violation        0.000ns
Hold  :           NA  Failing Endpoints,  Worst Slack           NA  ,  Total Violation           NA
---------------------------------------------------------------------------------------------------


Max Delay Paths
--------------------------------------------------------------------------------------
Slack (MET) :             48.467ns  (required time - arrival time)
  Source:                 fpgaTop/clkconverter/clkconverter_axi_clock_converter_v2_1_35_axi_clock_converter/<hidden>/<hidden>/<hidden>/<hidden>/<hidden>/<hidden>
                            (rising edge-triggered cell FDRE clocked by clk_out3_mmcm  {rise@0.000ns fall@25.000ns period=50.000ns})
  Destination:            fpgaTop/clkconverter/clkconverter_axi_clock_converter_v2_1_35_axi_clock_converter/<hidden>/<hidden>/<hidden>/<hidden>/<hidden>/<hidden>
                            (rising edge-triggered cell FDRE clocked by clk_pll_i  {rise@0.000ns fall@5.000ns period=10.000ns})
  Path Group:             clk_pll_i
  Path Type:              Setup (Max at Slow Process Corner)
  Requirement:            50.000ns  (MaxDelay Path 50.000ns)
  Data Path Delay:        1.428ns  (logic 0.456ns (31.923%)  route 0.972ns (68.077%))
  Logic Levels:           0  
  Timing Exception:       MaxDelay Path 50.000ns -datapath_only

    Pin Reuse     Location             Delay type                Incr(ns)  Path(ns)    Netlist Resource(s)
  ---------------------------------------------------------------------------------    -------------------
    Placement     SLICE_X127Y129                                    0.000     0.000 r  fpgaTop/clkconverter/clkconverter_axi_clock_converter_v2_1_35_axi_clock_converter/<hidden>/<hidden>/<hidden>/<hidden>/<hidden>/<hidden>
    Routing       SLICE_X127Y129       FDRE (Prop_fdre_C_Q)         0.456     0.456 r  fpgaTop/clkconverter/clkconverter_axi_clock_converter_v2_1_35_axi_clock_converter/<hidden>/<hidden>/<hidden>/<hidden>/<hidden>/<hidden>
                                       net (fo=1, routed)           0.972     1.428    fpgaTop/clkconverter/clkconverter_axi_clock_converter_v2_1_35_axi_clock_converter/<hidden>/<hidden>/<hidden>/<hidden>/<hidden>/<hidden>
    Routing       SLICE_X130Y130       FDRE                                         r  fpgaTop/clkconverter/clkconverter_axi_clock_converter_v2_1_35_axi_clock_converter/<hidden>/<hidden>/<hidden>/<hidden>/<hidden>/<hidden>
  ---------------------------------------------------------------------------------    -------------------

                                       max delay                   50.000    50.000    
                  SLICE_X130Y130       FDRE (Setup_fdre_C_D)       -0.105    49.895    fpgaTop/clkconverter/clkconverter_axi_clock_converter_v2_1_35_axi_clock_converter/<hidden>/<hidden>/<hidden>/<hidden>/<hidden>/<hidden>
  ---------------------------------------------------------------------------------
                                       required time                         49.895    
                                       arrival time                          -1.428    
  ---------------------------------------------------------------------------------
                                       slack                                 48.467    





---------------------------------------------------------------------------------------------------
From Clock:  clk_pll_i
  To Clock:  clk_out2_mmcm

Setup :            0  Failing Endpoints,  Worst Slack       14.524ns,  Total Violation        0.000ns
Hold  :           NA  Failing Endpoints,  Worst Slack           NA  ,  Total Violation           NA
---------------------------------------------------------------------------------------------------


Max Delay Paths
--------------------------------------------------------------------------------------
Slack (MET) :             14.524ns  (required time - arrival time)
  Source:                 ddr3/u_ddr3_mig/u_ddr3_infrastructure/rstdiv0_sync_r1_reg_rep/C
                            (rising edge-triggered cell FDPE clocked by clk_pll_i  {rise@0.000ns fall@5.000ns period=10.000ns})
  Destination:            ddr3/u_ddr3_mig/temp_mon_enabled.u_tempmon/xadc_supplied_temperature.rst_r1_reg/D
                            (rising edge-triggered cell FDRE clocked by clk_out2_mmcm  {rise@0.000ns fall@2.500ns period=5.000ns})
  Path Group:             clk_out2_mmcm
  Path Type:              Setup (Max at Slow Process Corner)
  Requirement:            20.000ns  (MaxDelay Path 20.000ns)
  Data Path Delay:        5.381ns  (logic 0.456ns (8.475%)  route 4.925ns (91.525%))
  Logic Levels:           0  
  Timing Exception:       MaxDelay Path 20.000ns -datapath_only

    Pin Reuse     Location             Delay type                Incr(ns)  Path(ns)    Netlist Resource(s)
  ---------------------------------------------------------------------------------    -------------------
    Placement     SLICE_X117Y165                                    0.000     0.000 r  ddr3/u_ddr3_mig/u_ddr3_infrastructure/rstdiv0_sync_r1_reg_rep/C
    Routing       SLICE_X117Y165       FDPE (Prop_fdpe_C_Q)         0.456     0.456 r  ddr3/u_ddr3_mig/u_ddr3_infrastructure/rstdiv0_sync_r1_reg_rep/Q
                                       net (fo=53, routed)          4.925     5.381    ddr3/u_ddr3_mig/temp_mon_enabled.u_tempmon/in0
    Routing       SLICE_X50Y182        FDRE                                         r  ddr3/u_ddr3_mig/temp_mon_enabled.u_tempmon/xadc_supplied_temperature.rst_r1_reg/D
  ---------------------------------------------------------------------------------    -------------------

                                       max delay                   20.000    20.000    
                  SLICE_X50Y182        FDRE (Setup_fdre_C_D)       -0.095    19.905    ddr3/u_ddr3_mig/temp_mon_enabled.u_tempmon/xadc_supplied_temperature.rst_r1_reg
  ---------------------------------------------------------------------------------
                                       required time                         19.905    
                                       arrival time                          -5.381    
  ---------------------------------------------------------------------------------
                                       slack                                 14.524    





---------------------------------------------------------------------------------------------------
From Clock:  clk_pll_i
  To Clock:  clk_out3_mmcm

Setup :            0  Failing Endpoints,  Worst Slack        3.387ns,  Total Violation        0.000ns
Hold  :            0  Failing Endpoints,  Worst Slack        0.486ns,  Total Violation        0.000ns
---------------------------------------------------------------------------------------------------


Max Delay Paths
--------------------------------------------------------------------------------------
Slack (MET) :             3.387ns  (required time - arrival time)
  Source:                 rasterixgen.rasterix/gpu/rixif/graphicCore/commandParser/FSM_sequential_state_reg[1]/C
                            (rising edge-triggered cell FDRE clocked by clk_pll_i  {rise@0.000ns fall@5.000ns period=10.000ns})
  Destination:            rasterixgen.rasterix/BusySync_reg[0]/D
                            (rising edge-triggered cell FDRE clocked by clk_out3_mmcm  {rise@0.000ns fall@25.000ns period=50.000ns})
  Path Group:             clk_out3_mmcm
  Path Type:              Setup (Max at Slow Process Corner)
  Requirement:            10.000ns  (clk_out3_mmcm rise@50.000ns - clk_pll_i rise@40.000ns)
  Data Path Delay:        3.319ns  (logic 0.642ns (19.346%)  route 2.677ns (80.654%))
  Logic Levels:           1  (LUT2=1)
  Clock Path Skew:        -2.998ns (DCD - SCD + CPR)
    Destination Clock Delay (DCD):    -1.724ns = ( 48.276 - 50.000 ) 
    Source Clock Delay      (SCD):    1.657ns = ( 41.657 - 40.000 ) 
    Clock Pessimism Removal (CPR):    0.383ns
  Clock Uncertainty:      0.249ns  ((TSJ^2 + DJ^2)^1/2) / 2 + PE
    Total System Jitter     (TSJ):    0.071ns
    Discrete Jitter          (DJ):    0.183ns
    Phase Error              (PE):    0.151ns

    Pin Reuse     Location             Delay type                Incr(ns)  Path(ns)    Netlist Resource(s)
  ---------------------------------------------------------------------------------    -------------------
                                       (clock clk_pll_i rise edge)
                                                                   40.000    40.000 r  
                  R4                                                0.000    40.000 r  clk (IN)
                                       net (fo=0)                   0.000    40.000    mmcm/inst/clk_in1
                  R4                                                                r  mmcm/inst/clkin1_ibufg/I
                  R4                   IBUF (Prop_ibuf_I_O)         1.475    41.475 r  mmcm/inst/clkin1_ibufg/O
                                       net (fo=1, routed)           1.233    42.708    mmcm/inst/clk_in1_mmcm
                  MMCME2_ADV_X1Y2                                                   r  mmcm/inst/mmcm_adv_inst/CLKIN1
                  MMCME2_ADV_X1Y2      MMCME2_ADV (Prop_mmcme2_adv_CLKIN1_CLKOUT0)
                                                                   -7.432    35.276 r  mmcm/inst/mmcm_adv_inst/CLKOUT0
                                       net (fo=1, routed)           1.808    37.085    mmcm/inst/clk_out1_mmcm
                  BUFGCTRL_X0Y2                                                     r  mmcm/inst/clkout1_buf/I
                  BUFGCTRL_X0Y2        BUFG (Prop_bufg_I_O)         0.096    37.181 r  mmcm/inst/clkout1_buf/O
                                       net (fo=2, routed)           1.754    38.935    ddr3/u_ddr3_mig/u_ddr3_infrastructure/mmcm_clk
                  PLLE2_ADV_X1Y3                                                    r  ddr3/u_ddr3_mig/u_ddr3_infrastructure/plle2_i/CLKIN1
                  PLLE2_ADV_X1Y3       PLLE2_ADV (Prop_plle2_adv_CLKIN1_CLKOUT3)
                                                                    0.088    39.023 r  ddr3/u_ddr3_mig/u_ddr3_infrastructure/plle2_i/CLKOUT3
                                       net (fo=1, routed)           1.370    40.393    ddr3/u_ddr3_mig/u_ddr3_infrastructure/pll_clk3_out
                  BUFHCE_X1Y36                                                      r  ddr3/u_ddr3_mig/u_ddr3_infrastructure/u_bufh_pll_clk3/I
                  BUFHCE_X1Y36         BUFH (Prop_bufh_I_O)         0.127    40.520 r  ddr3/u_ddr3_mig/u_ddr3_infrastructure/u_bufh_pll_clk3/O
                                       net (fo=1, routed)           0.943    41.463    ddr3/u_ddr3_mig/u_ddr3_infrastructure/pll_clk3
                  MMCME2_ADV_X1Y3                                                   r  ddr3/u_ddr3_mig/u_ddr3_infrastructure/gen_mmcm.mmcm_i/CLKIN1
                  MMCME2_ADV_X1Y3      MMCME2_ADV (Prop_mmcme2_adv_CLKIN1_CLKFBOUT)
                                                                   -3.633    37.829 r  ddr3/u_ddr3_mig/u_ddr3_infrastructure/gen_mmcm.mmcm_i/CLKFBOUT
                                       net (fo=1, routed)           1.808    39.638    ddr3/u_ddr3_mig/u_ddr3_infrastructure/clk_pll_i
                  BUFGCTRL_X0Y16                                                    r  ddr3/u_ddr3_mig/u_ddr3_infrastructure/u_bufg_clkdiv0/I
                  BUFGCTRL_X0Y16       BUFG (Prop_bufg_I_O)         0.096    39.734 r  ddr3/u_ddr3_mig/u_ddr3_infrastructure/u_bufg_clkdiv0/O
                                       net (fo=26482, routed)       1.923    41.657    rasterixgen.rasterix/gpu/rixif/graphicCore/commandParser/ui_clk
                  SLICE_X152Y83        FDRE                                         r  rasterixgen.rasterix/gpu/rixif/graphicCore/commandParser/FSM_sequential_state_reg[1]/C
  ---------------------------------------------------------------------------------    -------------------
    Placement     SLICE_X152Y83        FDRE (Prop_fdre_C_Q)         0.518    42.175 r  rasterixgen.rasterix/gpu/rixif/graphicCore/commandParser/FSM_sequential_state_reg[1]/Q
                                       net (fo=36, routed)          0.774    42.949    rasterixgen.rasterix/gpu/rixif/graphicCore/commandParser/FSM_sequential_state_reg[1]_0
    Placement     SLICE_X152Y84                                                     r  rasterixgen.rasterix/gpu/rixif/graphicCore/commandParser/BusySync[0]_i_1/I0
    Routing       SLICE_X152Y84        LUT2 (Prop_lut2_I0_O)        0.124    43.073 r  rasterixgen.rasterix/gpu/rixif/graphicCore/commandParser/BusySync[0]_i_1/O
                                       net (fo=2, routed)           1.903    44.976    rasterixgen.rasterix/Busy
    Routing       SLICE_X132Y109       FDRE                                         r  rasterixgen.rasterix/BusySync_reg[0]/D
  ---------------------------------------------------------------------------------    -------------------

                                       (clock clk_out3_mmcm rise edge)
                                                                   50.000    50.000 r  
                  R4                                                0.000    50.000 r  clk (IN)
                                       net (fo=0)                   0.000    50.000    mmcm/inst/clk_in1
                  R4                                                                r  mmcm/inst/clkin1_ibufg/I
                  R4                   IBUF (Prop_ibuf_I_O)         1.405    51.405 r  mmcm/inst/clkin1_ibufg/O
                                       net (fo=1, routed)           1.162    52.567    mmcm/inst/clk_in1_mmcm
                  MMCME2_ADV_X1Y2                                                   r  mmcm/inst/mmcm_adv_inst/CLKIN1
                  MMCME2_ADV_X1Y2      MMCME2_ADV (Prop_mmcme2_adv_CLKIN1_CLKOUT2)
                                                                   -7.674    44.893 r  mmcm/inst/mmcm_adv_inst/CLKOUT2
                                       net (fo=1, routed)           1.723    46.616    mmcm/inst/clk_out3_mmcm
                  BUFGCTRL_X0Y3                                                     r  mmcm/inst/clkout3_buf/I
                  BUFGCTRL_X0Y3        BUFG (Prop_bufg_I_O)         0.091    46.707 r  mmcm/inst/clkout3_buf/O
                                       net (fo=27941, routed)       1.568    48.276    rasterixgen.rasterix/clk_out3
                  SLICE_X132Y109       FDRE                                         r  rasterixgen.rasterix/BusySync_reg[0]/C
                                       clock pessimism              0.383    48.659    
                                       clock uncertainty           -0.249    48.410    
                  SLICE_X132Y109       FDRE (Setup_fdre_C_D)       -0.047    48.363    rasterixgen.rasterix/BusySync_reg[0]
  ---------------------------------------------------------------------------------
                                       required time                         48.363    
                                       arrival time                         -44.976    
  ---------------------------------------------------------------------------------
                                       slack                                  3.387    





Min Delay Paths
--------------------------------------------------------------------------------------
Slack (MET) :             0.486ns  (arrival time - required time)
  Source:                 rasterixgen.rasterix/display/FrameAddr_reg[18]/C
                            (rising edge-triggered cell FDRE clocked by clk_pll_i  {rise@0.000ns fall@5.000ns period=10.000ns})
  Destination:            rasterixgen.rasterix/apb/DisplayAddr_reg[18]/D
                            (rising edge-triggered cell FDRE clocked by clk_out3_mmcm  {rise@0.000ns fall@25.000ns period=50.000ns})
  Path Group:             clk_out3_mmcm
  Path Type:              Hold (Min at Fast Process Corner)
  Requirement:            0.000ns  (clk_out3_mmcm rise@0.000ns - clk_pll_i rise@0.000ns)
  Data Path Delay:        0.302ns  (logic 0.141ns (46.645%)  route 0.161ns (53.355%))
  Logic Levels:           0  
  Clock Path Skew:        -0.498ns (DCD - SCD - CPR)
    Destination Clock Delay (DCD):    -0.953ns
    Source Clock Delay      (SCD):    0.110ns
    Clock Pessimism Removal (CPR):    -0.565ns
  Clock Uncertainty:      0.249ns  ((TSJ^2 + DJ^2)^1/2) / 2 + PE
    Total System Jitter     (TSJ):    0.071ns
    Discrete Jitter          (DJ):    0.183ns
    Phase Error              (PE):    0.151ns

    Pin Reuse     Location             Delay type                Incr(ns)  Path(ns)    Netlist Resource(s)
  ---------------------------------------------------------------------------------    -------------------
                                       (clock clk_pll_i rise edge)
                                                                    0.000     0.000 r  
                  R4                                                0.000     0.000 r  clk (IN)
                                       net (fo=0)                   0.000     0.000    mmcm/inst/clk_in1
                  R4                                                                r  mmcm/inst/clkin1_ibufg/I
                  R4                   IBUF (Prop_ibuf_I_O)         0.243     0.243 r  mmcm/inst/clkin1_ibufg/O
                                       net (fo=1, routed)           0.440     0.683    mmcm/inst/clk_in1_mmcm
                  MMCME2_ADV_X1Y2                                                   r  mmcm/inst/mmcm_adv_inst/CLKIN1
                  MMCME2_ADV_X1Y2      MMCME2_ADV (Prop_mmcme2_adv_CLKIN1_CLKOUT0)
                                                                   -2.540    -1.856 r  mmcm/inst/mmcm_adv_inst/CLKOUT0
                                       net (fo=1, routed)           0.531    -1.325    mmcm/inst/clk_out1_mmcm
                  BUFGCTRL_X0Y2                                                     r  mmcm/inst/clkout1_buf/I
                  BUFGCTRL_X0Y2        BUFG (Prop_bufg_I_O)         0.026    -1.299 r  mmcm/inst/clkout1_buf/O
                                       net (fo=2, routed)           0.606    -0.694    ddr3/u_ddr3_mig/u_ddr3_infrastructure/mmcm_clk
                  PLLE2_ADV_X1Y3                                                    r  ddr3/u_ddr3_mig/u_ddr3_infrastructure/plle2_i/CLKIN1
                  PLLE2_ADV_X1Y3       PLLE2_ADV (Prop_plle2_adv_CLKIN1_CLKOUT3)
                                                                    0.050    -0.644 r  ddr3/u_ddr3_mig/u_ddr3_infrastructure/plle2_i/CLKOUT3
                                       net (fo=1, routed)           0.426    -0.218    ddr3/u_ddr3_mig/u_ddr3_infrastructure/pll_clk3_out
                  BUFHCE_X1Y36                                                      r  ddr3/u_ddr3_mig/u_ddr3_infrastructure/u_bufh_pll_clk3/I
                  BUFHCE_X1Y36         BUFH (Prop_bufh_I_O)         0.020    -0.198 r  ddr3/u_ddr3_mig/u_ddr3_infrastructure/u_bufh_pll_clk3/O
                                       net (fo=1, routed)           0.313     0.115    ddr3/u_ddr3_mig/u_ddr3_infrastructure/pll_clk3
                  MMCME2_ADV_X1Y3                                                   r  ddr3/u_ddr3_mig/u_ddr3_infrastructure/gen_mmcm.mmcm_i/CLKIN1
                  MMCME2_ADV_X1Y3      MMCME2_ADV (Prop_mmcme2_adv_CLKIN1_CLKFBOUT)
                                                                   -1.156    -1.040 r  ddr3/u_ddr3_mig/u_ddr3_infrastructure/gen_mmcm.mmcm_i/CLKFBOUT
                                       net (fo=1, routed)           0.531    -0.509    ddr3/u_ddr3_mig/u_ddr3_infrastructure/clk_pll_i
                  BUFGCTRL_X0Y16                                                    r  ddr3/u_ddr3_mig/u_ddr3_infrastructure/u_bufg_clkdiv0/I
                  BUFGCTRL_X0Y16       BUFG (Prop_bufg_I_O)         0.026    -0.483 r  ddr3/u_ddr3_mig/u_ddr3_infrastructure/u_bufg_clkdiv0/O
                                       net (fo=26482, routed)       0.594     0.110    rasterixgen.rasterix/display/GPUCLK
                  SLICE_X135Y112       FDRE                                         r  rasterixgen.rasterix/display/FrameAddr_reg[18]/C
  ---------------------------------------------------------------------------------    -------------------
    Routing       SLICE_X135Y112       FDRE (Prop_fdre_C_Q)         0.141     0.251 r  rasterixgen.rasterix/display/FrameAddr_reg[18]/Q
                                       net (fo=1, routed)           0.161     0.412    rasterixgen.rasterix/apb/D[18]
    Routing       SLICE_X131Y112       FDRE                                         r  rasterixgen.rasterix/apb/DisplayAddr_reg[18]/D
  ---------------------------------------------------------------------------------    -------------------

                                       (clock clk_out3_mmcm rise edge)
                                                                    0.000     0.000 r  
                  R4                                                0.000     0.000 r  clk (IN)
                                       net (fo=0)                   0.000     0.000    mmcm/inst/clk_in1
                  R4                                                                r  mmcm/inst/clkin1_ibufg/I
                  R4                   IBUF (Prop_ibuf_I_O)         0.431     0.431 r  mmcm/inst/clkin1_ibufg/O
                                       net (fo=1, routed)           0.480     0.911    mmcm/inst/clk_in1_mmcm
                  MMCME2_ADV_X1Y2                                                   r  mmcm/inst/mmcm_adv_inst/CLKIN1
                  MMCME2_ADV_X1Y2      MMCME2_ADV (Prop_mmcme2_adv_CLKIN1_CLKOUT2)
                                                                   -3.332    -2.421 r  mmcm/inst/mmcm_adv_inst/CLKOUT2
                                       net (fo=1, routed)           0.579    -1.843    mmcm/inst/clk_out3_mmcm
                  BUFGCTRL_X0Y3                                                     r  mmcm/inst/clkout3_buf/I
                  BUFGCTRL_X0Y3        BUFG (Prop_bufg_I_O)         0.029    -1.814 r  mmcm/inst/clkout3_buf/O
                                       net (fo=27941, routed)       0.861    -0.953    rasterixgen.rasterix/apb/clk_out3
                  SLICE_X131Y112       FDRE                                         r  rasterixgen.rasterix/apb/DisplayAddr_reg[18]/C
                                       clock pessimism              0.565    -0.388    
                                       clock uncertainty            0.249    -0.139    
                  SLICE_X131Y112       FDRE (Hold_fdre_C_D)         0.066    -0.073    rasterixgen.rasterix/apb/DisplayAddr_reg[18]
  ---------------------------------------------------------------------------------
                                       required time                          0.073    
                                       arrival time                           0.412    
  ---------------------------------------------------------------------------------
                                       slack                                  0.486    





---------------------------------------------------------------------------------------------------
Path Group:  **async_default**
From Clock:  clk_out1_videoclock
  To Clock:  clk_out1_videoclock

Setup :            0  Failing Endpoints,  Worst Slack       33.230ns,  Total Violation        0.000ns
Hold  :            0  Failing Endpoints,  Worst Slack        1.357ns,  Total Violation        0.000ns
---------------------------------------------------------------------------------------------------


Max Delay Paths
--------------------------------------------------------------------------------------
Slack (MET) :             33.230ns  (required time - arrival time)
  Source:                 rasterixgen.pixelreset/U0/ACTIVE_LOW_PR_OUT_DFF[0].FDRE_PER_N/C
                            (rising edge-triggered cell FDRE clocked by clk_out1_videoclock  {rise@0.000ns fall@19.841ns period=39.683ns})
  Destination:            rasterixgen.rasterix/display/display/u_fifo/wr_ptr_q_reg[3]/CLR
                            (recovery check against rising-edge clock clk_out1_videoclock  {rise@0.000ns fall@19.841ns period=39.683ns})
  Path Group:             **async_default**
  Path Type:              Recovery (Max at Slow Process Corner)
  Requirement:            39.683ns  (clk_out1_videoclock rise@39.683ns - clk_out1_videoclock rise@0.000ns)
  Data Path Delay:        5.294ns  (logic 0.580ns (10.956%)  route 4.714ns (89.044%))
  Logic Levels:           1  (LUT1=1)
  Clock Path Skew:        -0.287ns (DCD - SCD + CPR)
    Destination Clock Delay (DCD):    -1.748ns = ( 37.934 - 39.683 ) 
    Source Clock Delay      (SCD):    -0.988ns
    Clock Pessimism Removal (CPR):    0.474ns
  Clock Uncertainty:      0.467ns  ((TSJ^2 + DJ^2)^1/2) / 2 + PE
    Total System Jitter     (TSJ):    0.071ns
    Discrete Jitter          (DJ):    0.930ns
    Phase Error              (PE):    0.000ns

    Pin Reuse     Location             Delay type                Incr(ns)  Path(ns)    Netlist Resource(s)
  ---------------------------------------------------------------------------------    -------------------
                                       (clock clk_out1_videoclock rise edge)
                                                                    0.000     0.000 r  
                  R4                                                0.000     0.000 r  clk (IN)
                                       net (fo=0)                   0.000     0.000    mmcm/inst/clk_in1
                  R4                                                                r  mmcm/inst/clkin1_ibufg/I
                  R4                   IBUF (Prop_ibuf_I_O)         1.475     1.475 r  mmcm/inst/clkin1_ibufg/O
                                       net (fo=1, routed)           1.233     2.708    mmcm/inst/clk_in1_mmcm
                  MMCME2_ADV_X1Y2                                                   r  mmcm/inst/mmcm_adv_inst/CLKIN1
                  MMCME2_ADV_X1Y2      MMCME2_ADV (Prop_mmcme2_adv_CLKIN1_CLKOUT0)
                                                                   -7.432    -4.724 r  mmcm/inst/mmcm_adv_inst/CLKOUT0
                                       net (fo=1, routed)           1.808    -2.915    mmcm/inst/clk_out1_mmcm
                  BUFGCTRL_X0Y2                                                     r  mmcm/inst/clkout1_buf/I
                  BUFGCTRL_X0Y2        BUFG (Prop_bufg_I_O)         0.096    -2.819 r  mmcm/inst/clkout1_buf/O
                                       net (fo=2, routed)           2.106    -0.713    rasterixgen.videoclock/inst/clk_in1
                  MMCME2_ADV_X1Y0                                                   r  rasterixgen.videoclock/inst/mmcm_adv_inst/CLKIN1
                  MMCME2_ADV_X1Y0      MMCME2_ADV (Prop_mmcme2_adv_CLKIN1_CLKOUT0)
                                                                   -4.900    -5.613 r  rasterixgen.videoclock/inst/mmcm_adv_inst/CLKOUT0
                                       net (fo=1, routed)           2.697    -2.915    rasterixgen.videoclock/inst/clk_out1_videoclock
                  BUFGCTRL_X0Y4                                                     r  rasterixgen.videoclock/inst/clkout1_buf/I
                  BUFGCTRL_X0Y4        BUFG (Prop_bufg_I_O)         0.096    -2.819 r  rasterixgen.videoclock/inst/clkout1_buf/O
                                       net (fo=868, routed)         1.831    -0.988    rasterixgen.pixelreset/U0/slowest_sync_clk
                  SLICE_X157Y147       FDRE                                         r  rasterixgen.pixelreset/U0/ACTIVE_LOW_PR_OUT_DFF[0].FDRE_PER_N/C
  ---------------------------------------------------------------------------------    -------------------
    Routing       SLICE_X157Y147       FDRE (Prop_fdre_C_Q)         0.456    -0.532 r  rasterixgen.pixelreset/U0/ACTIVE_LOW_PR_OUT_DFF[0].FDRE_PER_N/Q
                                       net (fo=2, routed)           0.841     0.309    rasterixgen.rasterix/display/display/u_dvi/u_tmds_green/PixelResetn
    Routing       SLICE_X155Y140                                                    r  rasterixgen.rasterix/display/display/u_dvi/u_tmds_green/araddr_q[28]_i_3/I0
    Routing       SLICE_X155Y140       LUT1 (Prop_lut1_I0_O)        0.124     0.433 f  rasterixgen.rasterix/display/display/u_dvi/u_tmds_green/araddr_q[28]_i_3/O
                                       net (fo=348, routed)         3.873     4.306    rasterixgen.rasterix/display/display/u_fifo/AR[0]
    Routing       SLICE_X103Y157       FDCE                                         f  rasterixgen.rasterix/display/display/u_fifo/wr_ptr_q_reg[3]/CLR
  ---------------------------------------------------------------------------------    -------------------

                                       (clock clk_out1_videoclock rise edge)
                                                                   39.683    39.683 r  
                  R4                                                0.000    39.683 r  clk (IN)
                                       net (fo=0)                   0.000    39.683    mmcm/inst/clk_in1
                  R4                                                                r  mmcm/inst/clkin1_ibufg/I
                  R4                   IBUF (Prop_ibuf_I_O)         1.405    41.087 r  mmcm/inst/clkin1_ibufg/O
                                       net (fo=1, routed)           1.162    42.249    mmcm/inst/clk_in1_mmcm
                  MMCME2_ADV_X1Y2                                                   r  mmcm/inst/mmcm_adv_inst/CLKIN1
                  MMCME2_ADV_X1Y2      MMCME2_ADV (Prop_mmcme2_adv_CLKIN1_CLKOUT0)
                                                                   -7.674    34.576 r  mmcm/inst/mmcm_adv_inst/CLKOUT0
                                       net (fo=1, routed)           1.723    36.299    mmcm/inst/clk_out1_mmcm
                  BUFGCTRL_X0Y2                                                     r  mmcm/inst/clkout1_buf/I
                  BUFGCTRL_X0Y2        BUFG (Prop_bufg_I_O)         0.091    36.390 r  mmcm/inst/clkout1_buf/O
                                       net (fo=2, routed)           1.972    38.361    rasterixgen.videoclock/inst/clk_in1
                  MMCME2_ADV_X1Y0                                                   r  rasterixgen.videoclock/inst/mmcm_adv_inst/CLKIN1
                  MMCME2_ADV_X1Y0      MMCME2_ADV (Prop_mmcme2_adv_CLKIN1_CLKOUT0)
                                                                   -4.637    33.725 r  rasterixgen.videoclock/inst/mmcm_adv_inst/CLKOUT0
                                       net (fo=1, routed)           2.574    36.299    rasterixgen.videoclock/inst/clk_out1_videoclock
                  BUFGCTRL_X0Y4                                                     r  rasterixgen.videoclock/inst/clkout1_buf/I
                  BUFGCTRL_X0Y4        BUFG (Prop_bufg_I_O)         0.091    36.390 r  rasterixgen.videoclock/inst/clkout1_buf/O
                                       net (fo=868, routed)         1.545    37.934    rasterixgen.rasterix/display/display/u_fifo/PixelCLK
                  SLICE_X103Y157       FDCE                                         r  rasterixgen.rasterix/display/display/u_fifo/wr_ptr_q_reg[3]/C
                                       clock pessimism              0.474    38.408    
                                       clock uncertainty           -0.467    37.942    
                  SLICE_X103Y157       FDCE (Recov_fdce_C_CLR)     -0.405    37.537    rasterixgen.rasterix/display/display/u_fifo/wr_ptr_q_reg[3]
  ---------------------------------------------------------------------------------
                                       required time                         37.537    
                                       arrival time                          -4.306    
  ---------------------------------------------------------------------------------
                                       slack                                 33.230    





Min Delay Paths
--------------------------------------------------------------------------------------
Slack (MET) :             1.357ns  (arrival time - required time)
  Source:                 rasterixgen.pixelreset/U0/ACTIVE_LOW_PR_OUT_DFF[0].FDRE_PER_N/C
                            (rising edge-triggered cell FDRE clocked by clk_out1_videoclock  {rise@0.000ns fall@19.841ns period=39.683ns})
  Destination:            rasterixgen.rasterix/display/display/allocated_q_reg[2]/CLR
                            (removal check against rising-edge clock clk_out1_videoclock  {rise@0.000ns fall@19.841ns period=39.683ns})
  Path Group:             **async_default**
  Path Type:              Removal (Min at Fast Process Corner)
  Requirement:            0.000ns  (clk_out1_videoclock rise@0.000ns - clk_out1_videoclock rise@0.000ns)
  Data Path Delay:        1.290ns  (logic 0.186ns (14.420%)  route 1.104ns (85.580%))
  Logic Levels:           1  (LUT1=1)
  Clock Path Skew:        0.000ns (DCD - SCD - CPR)
    Destination Clock Delay (DCD):    -0.932ns
    Source Clock Delay      (SCD):    -0.652ns
    Clock Pessimism Removal (CPR):    -0.280ns

    Pin Reuse     Location             Delay type                Incr(ns)  Path(ns)    Netlist Resource(s)
  ---------------------------------------------------------------------------------    -------------------
                                       (clock clk_out1_videoclock rise edge)
                                                                    0.000     0.000 r  
                  R4                                                0.000     0.000 r  clk (IN)
                                       net (fo=0)                   0.000     0.000    mmcm/inst/clk_in1
                  R4                                                                r  mmcm/inst/clkin1_ibufg/I
                  R4                   IBUF (Prop_ibuf_I_O)         0.243     0.243 r  mmcm/inst/clkin1_ibufg/O
                                       net (fo=1, routed)           0.440     0.683    mmcm/inst/clk_in1_mmcm
                  MMCME2_ADV_X1Y2                                                   r  mmcm/inst/mmcm_adv_inst/CLKIN1
                  MMCME2_ADV_X1Y2      MMCME2_ADV (Prop_mmcme2_adv_CLKIN1_CLKOUT0)
                                                                   -2.540    -1.856 r  mmcm/inst/mmcm_adv_inst/CLKOUT0
                                       net (fo=1, routed)           0.531    -1.325    mmcm/inst/clk_out1_mmcm
                  BUFGCTRL_X0Y2                                                     r  mmcm/inst/clkout1_buf/I
                  BUFGCTRL_X0Y2        BUFG (Prop_bufg_I_O)         0.026    -1.299 r  mmcm/inst/clkout1_buf/O
                                       net (fo=2, routed)           0.745    -0.555    rasterixgen.videoclock/inst/clk_in1
                  MMCME2_ADV_X1Y0                                                   r  rasterixgen.videoclock/inst/mmcm_adv_inst/CLKIN1
                  MMCME2_ADV_X1Y0      MMCME2_ADV (Prop_mmcme2_adv_CLKIN1_CLKOUT0)
                                                                   -1.683    -2.237 r  rasterixgen.videoclock/inst/mmcm_adv_inst/CLKOUT0
                                       net (fo=1, routed)           0.912    -1.325    rasterixgen.videoclock/inst/clk_out1_videoclock
                  BUFGCTRL_X0Y4                                                     r  rasterixgen.videoclock/inst/clkout1_buf/I
                  BUFGCTRL_X0Y4        BUFG (Prop_bufg_I_O)         0.026    -1.299 r  rasterixgen.videoclock/inst/clkout1_buf/O
                                       net (fo=868, routed)         0.648    -0.652    rasterixgen.pixelreset/U0/slowest_sync_clk
                  SLICE_X157Y147       FDRE                                         r  rasterixgen.pixelreset/U0/ACTIVE_LOW_PR_OUT_DFF[0].FDRE_PER_N/C
  ---------------------------------------------------------------------------------    -------------------
    Routing       SLICE_X157Y147       FDRE (Prop_fdre_C_Q)         0.141    -0.511 r  rasterixgen.pixelreset/U0/ACTIVE_LOW_PR_OUT_DFF[0].FDRE_PER_N/Q
                                       net (fo=2, routed)           0.363    -0.148    rasterixgen.rasterix/display/display/u_dvi/u_tmds_green/PixelResetn
    Routing       SLICE_X155Y140                                                    r  rasterixgen.rasterix/display/display/u_dvi/u_tmds_green/araddr_q[28]_i_3/I0
    Routing       SLICE_X155Y140       LUT1 (Prop_lut1_I0_O)        0.045    -0.103 f  rasterixgen.rasterix/display/display/u_dvi/u_tmds_green/araddr_q[28]_i_3/O
                                       net (fo=348, routed)         0.741     0.638    rasterixgen.rasterix/display/display/SR[0]
    Routing       SLICE_X146Y119       FDCE                                         f  rasterixgen.rasterix/display/display/allocated_q_reg[2]/CLR
  ---------------------------------------------------------------------------------    -------------------

                                       (clock clk_out1_videoclock rise edge)
                                                                    0.000     0.000 r  
                  R4                                                0.000     0.000 r  clk (IN)
                                       net (fo=0)                   0.000     0.000    mmcm/inst/clk_in1
                  R4                                                                r  mmcm/inst/clkin1_ibufg/I
                  R4                   IBUF (Prop_ibuf_I_O)         0.431     0.431 r  mmcm/inst/clkin1_ibufg/O
                                       net (fo=1, routed)           0.480     0.911    mmcm/inst/clk_in1_mmcm
                  MMCME2_ADV_X1Y2                                                   r  mmcm/inst/mmcm_adv_inst/CLKIN1
                  MMCME2_ADV_X1Y2      MMCME2_ADV (Prop_mmcme2_adv_CLKIN1_CLKOUT0)
                                                                   -3.332    -2.421 r  mmcm/inst/mmcm_adv_inst/CLKOUT0
                                       net (fo=1, routed)           0.579    -1.843    mmcm/inst/clk_out1_mmcm
                  BUFGCTRL_X0Y2                                                     r  mmcm/inst/clkout1_buf/I
                  BUFGCTRL_X0Y2        BUFG (Prop_bufg_I_O)         0.029    -1.814 r  mmcm/inst/clkout1_buf/O
                                       net (fo=2, routed)           1.022    -0.792    rasterixgen.videoclock/inst/clk_in1
                  MMCME2_ADV_X1Y0                                                   r  rasterixgen.videoclock/inst/mmcm_adv_inst/CLKIN1
                  MMCME2_ADV_X1Y0      MMCME2_ADV (Prop_mmcme2_adv_CLKIN1_CLKOUT0)
                                                                   -2.040    -2.832 r  rasterixgen.videoclock/inst/mmcm_adv_inst/CLKOUT0
                                       net (fo=1, routed)           0.989    -1.843    rasterixgen.videoclock/inst/clk_out1_videoclock
                  BUFGCTRL_X0Y4                                                     r  rasterixgen.videoclock/inst/clkout1_buf/I
                  BUFGCTRL_X0Y4        BUFG (Prop_bufg_I_O)         0.029    -1.814 r  rasterixgen.videoclock/inst/clkout1_buf/O
                                       net (fo=868, routed)         0.882    -0.932    rasterixgen.rasterix/display/display/PixelCLK
                  SLICE_X146Y119       FDCE                                         r  rasterixgen.rasterix/display/display/allocated_q_reg[2]/C
                                       clock pessimism              0.280    -0.652    
                  SLICE_X146Y119       FDCE (Remov_fdce_C_CLR)     -0.067    -0.719    rasterixgen.rasterix/display/display/allocated_q_reg[2]
  ---------------------------------------------------------------------------------
                                       required time                          0.719    
                                       arrival time                           0.638    
  ---------------------------------------------------------------------------------
                                       slack                                  1.357    





---------------------------------------------------------------------------------------------------
Path Group:  **async_default**
From Clock:  clk_out1_videoclock
  To Clock:  clk_out2_videoclock

Setup :            0  Failing Endpoints,  Worst Slack        1.826ns,  Total Violation        0.000ns
Hold  :            0  Failing Endpoints,  Worst Slack        0.333ns,  Total Violation        0.000ns
---------------------------------------------------------------------------------------------------


Max Delay Paths
--------------------------------------------------------------------------------------
Slack (MET) :             1.826ns  (required time - arrival time)
  Source:                 rasterixgen.pixelreset/U0/ACTIVE_LOW_PR_OUT_DFF[0].FDRE_PER_N/C
                            (rising edge-triggered cell FDRE clocked by clk_out1_videoclock  {rise@0.000ns fall@19.841ns period=39.683ns})
  Destination:            rasterixgen.rasterix/display/display/u_dvi/tmds_green_x5_q_reg[5]/CLR
                            (recovery check against rising-edge clock clk_out2_videoclock  {rise@0.000ns fall@3.968ns period=7.937ns})
  Path Group:             **async_default**
  Path Type:              Recovery (Max at Slow Process Corner)
  Requirement:            7.937ns  (clk_out2_videoclock rise@7.937ns - clk_out1_videoclock rise@0.000ns)
  Data Path Delay:        4.942ns  (logic 0.580ns (11.737%)  route 4.362ns (88.263%))
  Logic Levels:           1  (LUT1=1)
  Clock Path Skew:        -0.406ns (DCD - SCD + CPR)
    Destination Clock Delay (DCD):    -1.739ns = ( 6.197 - 7.937 ) 
    Source Clock Delay      (SCD):    -0.988ns
    Clock Pessimism Removal (CPR):    0.345ns
  Clock Uncertainty:      0.358ns  ((TSJ^2 + DJ^2)^1/2) / 2 + PE
    Total System Jitter     (TSJ):    0.071ns
    Discrete Jitter          (DJ):    0.470ns
    Phase Error              (PE):    0.120ns

    Pin Reuse     Location             Delay type                Incr(ns)  Path(ns)    Netlist Resource(s)
  ---------------------------------------------------------------------------------    -------------------
                                       (clock clk_out1_videoclock rise edge)
                                                                    0.000     0.000 r  
                  R4                                                0.000     0.000 r  clk (IN)
                                       net (fo=0)                   0.000     0.000    mmcm/inst/clk_in1
                  R4                                                                r  mmcm/inst/clkin1_ibufg/I
                  R4                   IBUF (Prop_ibuf_I_O)         1.475     1.475 r  mmcm/inst/clkin1_ibufg/O
                                       net (fo=1, routed)           1.233     2.708    mmcm/inst/clk_in1_mmcm
                  MMCME2_ADV_X1Y2                                                   r  mmcm/inst/mmcm_adv_inst/CLKIN1
                  MMCME2_ADV_X1Y2      MMCME2_ADV (Prop_mmcme2_adv_CLKIN1_CLKOUT0)
                                                                   -7.432    -4.724 r  mmcm/inst/mmcm_adv_inst/CLKOUT0
                                       net (fo=1, routed)           1.808    -2.915    mmcm/inst/clk_out1_mmcm
                  BUFGCTRL_X0Y2                                                     r  mmcm/inst/clkout1_buf/I
                  BUFGCTRL_X0Y2        BUFG (Prop_bufg_I_O)         0.096    -2.819 r  mmcm/inst/clkout1_buf/O
                                       net (fo=2, routed)           2.106    -0.713    rasterixgen.videoclock/inst/clk_in1
                  MMCME2_ADV_X1Y0                                                   r  rasterixgen.videoclock/inst/mmcm_adv_inst/CLKIN1
                  MMCME2_ADV_X1Y0      MMCME2_ADV (Prop_mmcme2_adv_CLKIN1_CLKOUT0)
                                                                   -4.900    -5.613 r  rasterixgen.videoclock/inst/mmcm_adv_inst/CLKOUT0
                                       net (fo=1, routed)           2.697    -2.915    rasterixgen.videoclock/inst/clk_out1_videoclock
                  BUFGCTRL_X0Y4                                                     r  rasterixgen.videoclock/inst/clkout1_buf/I
                  BUFGCTRL_X0Y4        BUFG (Prop_bufg_I_O)         0.096    -2.819 r  rasterixgen.videoclock/inst/clkout1_buf/O
                                       net (fo=868, routed)         1.831    -0.988    rasterixgen.pixelreset/U0/slowest_sync_clk
                  SLICE_X157Y147       FDRE                                         r  rasterixgen.pixelreset/U0/ACTIVE_LOW_PR_OUT_DFF[0].FDRE_PER_N/C
  ---------------------------------------------------------------------------------    -------------------
    Routing       SLICE_X157Y147       FDRE (Prop_fdre_C_Q)         0.456    -0.532 r  rasterixgen.pixelreset/U0/ACTIVE_LOW_PR_OUT_DFF[0].FDRE_PER_N/Q
                                       net (fo=2, routed)           0.841     0.309    rasterixgen.rasterix/display/display/u_dvi/u_tmds_green/PixelResetn
    Routing       SLICE_X155Y140                                                    r  rasterixgen.rasterix/display/display/u_dvi/u_tmds_green/araddr_q[28]_i_3/I0
    Routing       SLICE_X155Y140       LUT1 (Prop_lut1_I0_O)        0.124     0.433 f  rasterixgen.rasterix/display/display/u_dvi/u_tmds_green/araddr_q[28]_i_3/O
                                       net (fo=348, routed)         3.521     3.954    rasterixgen.rasterix/display/display/u_dvi/AR[0]
    Routing       SLICE_X114Y160       FDCE                                         f  rasterixgen.rasterix/display/display/u_dvi/tmds_green_x5_q_reg[5]/CLR
  ---------------------------------------------------------------------------------    -------------------

                                       (clock clk_out2_videoclock rise edge)
                                                                    7.937     7.937 r  
                  R4                                                0.000     7.937 r  clk (IN)
                                       net (fo=0)                   0.000     7.937    mmcm/inst/clk_in1
                  R4                                                                r  mmcm/inst/clkin1_ibufg/I
                  R4                   IBUF (Prop_ibuf_I_O)         1.405     9.341 r  mmcm/inst/clkin1_ibufg/O
                                       net (fo=1, routed)           1.162    10.503    mmcm/inst/clk_in1_mmcm
                  MMCME2_ADV_X1Y2                                                   r  mmcm/inst/mmcm_adv_inst/CLKIN1
                  MMCME2_ADV_X1Y2      MMCME2_ADV (Prop_mmcme2_adv_CLKIN1_CLKOUT0)
                                                                   -7.674     2.830 r  mmcm/inst/mmcm_adv_inst/CLKOUT0
                                       net (fo=1, routed)           1.723     4.553    mmcm/inst/clk_out1_mmcm
                  BUFGCTRL_X0Y2                                                     r  mmcm/inst/clkout1_buf/I
                  BUFGCTRL_X0Y2        BUFG (Prop_bufg_I_O)         0.091     4.644 r  mmcm/inst/clkout1_buf/O
                                       net (fo=2, routed)           1.972     6.615    rasterixgen.videoclock/inst/clk_in1
                  MMCME2_ADV_X1Y0                                                   r  rasterixgen.videoclock/inst/mmcm_adv_inst/CLKIN1
                  MMCME2_ADV_X1Y0      MMCME2_ADV (Prop_mmcme2_adv_CLKIN1_CLKOUT1)
                                                                   -4.637     1.979 r  rasterixgen.videoclock/inst/mmcm_adv_inst/CLKOUT1
                                       net (fo=1, routed)           2.574     4.553    rasterixgen.videoclock/inst/clk_out2_videoclock
                  BUFGCTRL_X0Y0                                                     r  rasterixgen.videoclock/inst/clkout2_buf/I
                  BUFGCTRL_X0Y0        BUFG (Prop_bufg_I_O)         0.091     4.644 r  rasterixgen.videoclock/inst/clkout2_buf/O
                                       net (fo=77, routed)          1.554     6.197    rasterixgen.rasterix/display/display/u_dvi/SerialCLK
                  SLICE_X114Y160       FDCE                                         r  rasterixgen.rasterix/display/display/u_dvi/tmds_green_x5_q_reg[5]/C
                                       clock pessimism              0.345     6.543    
                                       clock uncertainty           -0.358     6.185    
                  SLICE_X114Y160       FDCE (Recov_fdce_C_CLR)     -0.405     5.780    rasterixgen.rasterix/display/display/u_dvi/tmds_green_x5_q_reg[5]
  ---------------------------------------------------------------------------------
                                       required time                          5.780    
                                       arrival time                          -3.954    
  ---------------------------------------------------------------------------------
                                       slack                                  1.826    





Min Delay Paths
--------------------------------------------------------------------------------------
Slack (MET) :             0.333ns  (arrival time - required time)
  Source:                 rasterixgen.pixelreset/U0/ACTIVE_LOW_PR_OUT_DFF[0].FDRE_PER_N/C
                            (rising edge-triggered cell FDRE clocked by clk_out1_videoclock  {rise@0.000ns fall@19.841ns period=39.683ns})
  Destination:            rasterixgen.rasterix/display/display/u_dvi/dvi_clock_q_reg[6]/CLR
                            (removal check against rising-edge clock clk_out2_videoclock  {rise@0.000ns fall@3.968ns period=7.937ns})
  Path Group:             **async_default**
  Path Type:              Removal (Min at Fast Process Corner)
  Requirement:            0.000ns  (clk_out2_videoclock rise@0.000ns - clk_out1_videoclock rise@0.000ns)
  Data Path Delay:        0.978ns  (logic 0.186ns (19.023%)  route 0.792ns (80.977%))
  Logic Levels:           1  (LUT1=1)
  Clock Path Skew:        0.354ns (DCD - SCD - CPR)
    Destination Clock Delay (DCD):    -0.892ns
    Source Clock Delay      (SCD):    -0.652ns
    Clock Pessimism Removal (CPR):    -0.595ns
  Clock Uncertainty:      0.358ns  ((TSJ^2 + DJ^2)^1/2) / 2 + PE
    Total System Jitter     (TSJ):    0.071ns
    Discrete Jitter          (DJ):    0.470ns
    Phase Error              (PE):    0.120ns

    Pin Reuse     Location             Delay type                Incr(ns)  Path(ns)    Netlist Resource(s)
  ---------------------------------------------------------------------------------    -------------------
                                       (clock clk_out1_videoclock rise edge)
                                                                    0.000     0.000 r  
                  R4                                                0.000     0.000 r  clk (IN)
                                       net (fo=0)                   0.000     0.000    mmcm/inst/clk_in1
                  R4                                                                r  mmcm/inst/clkin1_ibufg/I
                  R4                   IBUF (Prop_ibuf_I_O)         0.243     0.243 r  mmcm/inst/clkin1_ibufg/O
                                       net (fo=1, routed)           0.440     0.683    mmcm/inst/clk_in1_mmcm
                  MMCME2_ADV_X1Y2                                                   r  mmcm/inst/mmcm_adv_inst/CLKIN1
                  MMCME2_ADV_X1Y2      MMCME2_ADV (Prop_mmcme2_adv_CLKIN1_CLKOUT0)
                                                                   -2.540    -1.856 r  mmcm/inst/mmcm_adv_inst/CLKOUT0
                                       net (fo=1, routed)           0.531    -1.325    mmcm/inst/clk_out1_mmcm
                  BUFGCTRL_X0Y2                                                     r  mmcm/inst/clkout1_buf/I
                  BUFGCTRL_X0Y2        BUFG (Prop_bufg_I_O)         0.026    -1.299 r  mmcm/inst/clkout1_buf/O
                                       net (fo=2, routed)           0.745    -0.555    rasterixgen.videoclock/inst/clk_in1
                  MMCME2_ADV_X1Y0                                                   r  rasterixgen.videoclock/inst/mmcm_adv_inst/CLKIN1
                  MMCME2_ADV_X1Y0      MMCME2_ADV (Prop_mmcme2_adv_CLKIN1_CLKOUT0)
                                                                   -1.683    -2.237 r  rasterixgen.videoclock/inst/mmcm_adv_inst/CLKOUT0
                                       net (fo=1, routed)           0.912    -1.325    rasterixgen.videoclock/inst/clk_out1_videoclock
                  BUFGCTRL_X0Y4                                                     r  rasterixgen.videoclock/inst/clkout1_buf/I
                  BUFGCTRL_X0Y4        BUFG (Prop_bufg_I_O)         0.026    -1.299 r  rasterixgen.videoclock/inst/clkout1_buf/O
                                       net (fo=868, routed)         0.648    -0.652    rasterixgen.pixelreset/U0/slowest_sync_clk
                  SLICE_X157Y147       FDRE                                         r  rasterixgen.pixelreset/U0/ACTIVE_LOW_PR_OUT_DFF[0].FDRE_PER_N/C
  ---------------------------------------------------------------------------------    -------------------
    Routing       SLICE_X157Y147       FDRE (Prop_fdre_C_Q)         0.141    -0.511 r  rasterixgen.pixelreset/U0/ACTIVE_LOW_PR_OUT_DFF[0].FDRE_PER_N/Q
                                       net (fo=2, routed)           0.363    -0.148    rasterixgen.rasterix/display/display/u_dvi/u_tmds_green/PixelResetn
    Routing       SLICE_X155Y140                                                    r  rasterixgen.rasterix/display/display/u_dvi/u_tmds_green/araddr_q[28]_i_3/I0
    Routing       SLICE_X155Y140       LUT1 (Prop_lut1_I0_O)        0.045    -0.103 f  rasterixgen.rasterix/display/display/u_dvi/u_tmds_green/araddr_q[28]_i_3/O
                                       net (fo=348, routed)         0.429     0.326    rasterixgen.rasterix/display/display/u_dvi/AR[0]
    Routing       SLICE_X162Y147       FDCE                                         f  rasterixgen.rasterix/display/display/u_dvi/dvi_clock_q_reg[6]/CLR
  ---------------------------------------------------------------------------------    -------------------

                                       (clock clk_out2_videoclock rise edge)
                                                                    0.000     0.000 r  
                  R4                                                0.000     0.000 r  clk (IN)
                                       net (fo=0)                   0.000     0.000    mmcm/inst/clk_in1
                  R4                                                                r  mmcm/inst/clkin1_ibufg/I
                  R4                   IBUF (Prop_ibuf_I_O)         0.431     0.431 r  mmcm/inst/clkin1_ibufg/O
                                       net (fo=1, routed)           0.480     0.911    mmcm/inst/clk_in1_mmcm
                  MMCME2_ADV_X1Y2                                                   r  mmcm/inst/mmcm_adv_inst/CLKIN1
                  MMCME2_ADV_X1Y2      MMCME2_ADV (Prop_mmcme2_adv_CLKIN1_CLKOUT0)
                                                                   -3.332    -2.421 r  mmcm/inst/mmcm_adv_inst/CLKOUT0
                                       net (fo=1, routed)           0.579    -1.843    mmcm/inst/clk_out1_mmcm
                  BUFGCTRL_X0Y2                                                     r  mmcm/inst/clkout1_buf/I
                  BUFGCTRL_X0Y2        BUFG (Prop_bufg_I_O)         0.029    -1.814 r  mmcm/inst/clkout1_buf/O
                                       net (fo=2, routed)           1.022    -0.792    rasterixgen.videoclock/inst/clk_in1
                  MMCME2_ADV_X1Y0                                                   r  rasterixgen.videoclock/inst/mmcm_adv_inst/CLKIN1
                  MMCME2_ADV_X1Y0      MMCME2_ADV (Prop_mmcme2_adv_CLKIN1_CLKOUT1)
                                                                   -2.040    -2.832 r  rasterixgen.videoclock/inst/mmcm_adv_inst/CLKOUT1
                                       net (fo=1, routed)           0.989    -1.843    rasterixgen.videoclock/inst/clk_out2_videoclock
                  BUFGCTRL_X0Y0                                                     r  rasterixgen.videoclock/inst/clkout2_buf/I
                  BUFGCTRL_X0Y0        BUFG (Prop_bufg_I_O)         0.029    -1.814 r  rasterixgen.videoclock/inst/clkout2_buf/O
                                       net (fo=77, routed)          0.922    -0.892    rasterixgen.rasterix/display/display/u_dvi/SerialCLK
                  SLICE_X162Y147       FDCE                                         r  rasterixgen.rasterix/display/display/u_dvi/dvi_clock_q_reg[6]/C
                                       clock pessimism              0.595    -0.297    
                                       clock uncertainty            0.358     0.060    
                  SLICE_X162Y147       FDCE (Remov_fdce_C_CLR)     -0.067    -0.007    rasterixgen.rasterix/display/display/u_dvi/dvi_clock_q_reg[6]
  ---------------------------------------------------------------------------------
                                       required time                          0.007    
                                       arrival time                           0.326    
  ---------------------------------------------------------------------------------
                                       slack                                  0.333    





---------------------------------------------------------------------------------------------------
Path Group:  **async_default**
From Clock:  clk_out3_mmcm
  To Clock:  clk_out3_mmcm

Setup :            0  Failing Endpoints,  Worst Slack       47.925ns,  Total Violation        0.000ns
Hold  :            0  Failing Endpoints,  Worst Slack        0.361ns,  Total Violation        0.000ns
---------------------------------------------------------------------------------------------------


Max Delay Paths
--------------------------------------------------------------------------------------
Slack (MET) :             47.925ns  (required time - arrival time)
  Source:                 fpgaTop/clkconverter/clkconverter_axi_clock_converter_v2_1_35_axi_clock_converter/<hidden>/<hidden>/<hidden>/<hidden>/<hidden>
                            (rising edge-triggered cell FDPE clocked by clk_out3_mmcm  {rise@0.000ns fall@25.000ns period=50.000ns})
  Destination:            fpgaTop/clkconverter/clkconverter_axi_clock_converter_v2_1_35_axi_clock_converter/<hidden>/<hidden>/<hidden>/<hidden>/<hidden>/<hidden>
                            (recovery check against rising-edge clock clk_out3_mmcm  {rise@0.000ns fall@25.000ns period=50.000ns})
  Path Group:             **async_default**
  Path Type:              Recovery (Max at Slow Process Corner)
  Requirement:            50.000ns  (clk_out3_mmcm rise@50.000ns - clk_out3_mmcm rise@0.000ns)
  Data Path Delay:        1.421ns  (logic 0.478ns (33.633%)  route 0.943ns (66.367%))
  Logic Levels:           0  
  Clock Path Skew:        -0.024ns (DCD - SCD + CPR)
    Destination Clock Delay (DCD):    -1.755ns = ( 48.245 - 50.000 ) 
    Source Clock Delay      (SCD):    -1.162ns
    Clock Pessimism Removal (CPR):    0.569ns
  Clock Uncertainty:      0.098ns  ((TSJ^2 + DJ^2)^1/2) / 2 + PE
    Total System Jitter     (TSJ):    0.071ns
    Discrete Jitter          (DJ):    0.183ns
    Phase Error              (PE):    0.000ns

    Pin Reuse     Location             Delay type                Incr(ns)  Path(ns)    Netlist Resource(s)
  ---------------------------------------------------------------------------------    -------------------
                                       (clock clk_out3_mmcm rise edge)
                                                                    0.000     0.000 r  
                  R4                                                0.000     0.000 r  clk (IN)
                                       net (fo=0)                   0.000     0.000    mmcm/inst/clk_in1
                  R4                                                                r  mmcm/inst/clkin1_ibufg/I
                  R4                   IBUF (Prop_ibuf_I_O)         1.475     1.475 r  mmcm/inst/clkin1_ibufg/O
                                       net (fo=1, routed)           1.233     2.708    mmcm/inst/clk_in1_mmcm
                  MMCME2_ADV_X1Y2                                                   r  mmcm/inst/mmcm_adv_inst/CLKIN1
                  MMCME2_ADV_X1Y2      MMCME2_ADV (Prop_mmcme2_adv_CLKIN1_CLKOUT2)
                                                                   -7.432    -4.724 r  mmcm/inst/mmcm_adv_inst/CLKOUT2
                                       net (fo=1, routed)           1.808    -2.915    mmcm/inst/clk_out3_mmcm
                  BUFGCTRL_X0Y3                                                     r  mmcm/inst/clkout3_buf/I
                  BUFGCTRL_X0Y3        BUFG (Prop_bufg_I_O)         0.096    -2.819 r  mmcm/inst/clkout3_buf/O
                                       net (fo=27941, routed)       1.657    -1.162    fpgaTop/clkconverter/clkconverter_axi_clock_converter_v2_1_35_axi_clock_converter/<hidden>/<hidden>/<hidden>/<hidden>/<hidden>
                  SLICE_X92Y156        FDPE                                         r  fpgaTop/clkconverter/clkconverter_axi_clock_converter_v2_1_35_axi_clock_converter/<hidden>/<hidden>/<hidden>/<hidden>/<hidden>
  ---------------------------------------------------------------------------------    -------------------
    Routing       SLICE_X92Y156        FDPE (Prop_fdpe_C_Q)         0.478    -0.684 f  fpgaTop/clkconverter/clkconverter_axi_clock_converter_v2_1_35_axi_clock_converter/<hidden>/<hidden>/<hidden>/<hidden>/<hidden>
                                       net (fo=3, routed)           0.943     0.259    fpgaTop/clkconverter/clkconverter_axi_clock_converter_v2_1_35_axi_clock_converter/<hidden>/<hidden>/<hidden>/<hidden>/<hidden>/<hidden>
    Routing       SLICE_X94Y150        FDPE                                         f  fpgaTop/clkconverter/clkconverter_axi_clock_converter_v2_1_35_axi_clock_converter/<hidden>/<hidden>/<hidden>/<hidden>/<hidden>/<hidden>
  ---------------------------------------------------------------------------------    -------------------

                                       (clock clk_out3_mmcm rise edge)
                                                                   50.000    50.000 r  
                  R4                                                0.000    50.000 r  clk (IN)
                                       net (fo=0)                   0.000    50.000    mmcm/inst/clk_in1
                  R4                                                                r  mmcm/inst/clkin1_ibufg/I
                  R4                   IBUF (Prop_ibuf_I_O)         1.405    51.405 r  mmcm/inst/clkin1_ibufg/O
                                       net (fo=1, routed)           1.162    52.567    mmcm/inst/clk_in1_mmcm
                  MMCME2_ADV_X1Y2                                                   r  mmcm/inst/mmcm_adv_inst/CLKIN1
                  MMCME2_ADV_X1Y2      MMCME2_ADV (Prop_mmcme2_adv_CLKIN1_CLKOUT2)
                                                                   -7.674    44.893 r  mmcm/inst/mmcm_adv_inst/CLKOUT2
                                       net (fo=1, routed)           1.723    46.616    mmcm/inst/clk_out3_mmcm
                  BUFGCTRL_X0Y3                                                     r  mmcm/inst/clkout3_buf/I
                  BUFGCTRL_X0Y3        BUFG (Prop_bufg_I_O)         0.091    46.707 r  mmcm/inst/clkout3_buf/O
                                       net (fo=27941, routed)       1.538    48.245    fpgaTop/clkconverter/clkconverter_axi_clock_converter_v2_1_35_axi_clock_converter/<hidden>/<hidden>/<hidden>/<hidden>/<hidden>/<hidden>
                  SLICE_X94Y150        FDPE                                         r  fpgaTop/clkconverter/clkconverter_axi_clock_converter_v2_1_35_axi_clock_converter/<hidden>/<hidden>/<hidden>/<hidden>/<hidden>/<hidden>
                                       clock pessimism              0.569    48.814    
                                       clock uncertainty           -0.098    48.716    
                  SLICE_X94Y150        FDPE (Recov_fdpe_C_PRE)     -0.532    48.184    fpgaTop/clkconverter/clkconverter_axi_clock_converter_v2_1_35_axi_clock_converter/<hidden>/<hidden>/<hidden>/<hidden>/<hidden>/<hidden>
  ---------------------------------------------------------------------------------
                                       required time                         48.184    
                                       arrival time                          -0.259    
  ---------------------------------------------------------------------------------
                                       slack                                 47.925    





Min Delay Paths
--------------------------------------------------------------------------------------
Slack (MET) :             0.361ns  (arrival time - required time)
  Source:                 fpgaTop/clkconverter/clkconverter_axi_clock_converter_v2_1_35_axi_clock_converter/<hidden>/<hidden>/<hidden>/<hidden>/<hidden>/<hidden>
                            (rising edge-triggered cell FDPE clocked by clk_out3_mmcm  {rise@0.000ns fall@25.000ns period=50.000ns})
  Destination:            fpgaTop/clkconverter/clkconverter_axi_clock_converter_v2_1_35_axi_clock_converter/<hidden>/<hidden>/<hidden>/<hidden>/<hidden>
                            (removal check against rising-edge clock clk_out3_mmcm  {rise@0.000ns fall@25.000ns period=50.000ns})
  Path Group:             **async_default**
  Path Type:              Removal (Min at Fast Process Corner)
  Requirement:            0.000ns  (clk_out3_mmcm rise@0.000ns - clk_out3_mmcm rise@0.000ns)
  Data Path Delay:        0.257ns  (logic 0.128ns (49.799%)  route 0.129ns (50.201%))
  Logic Levels:           0  
  Clock Path Skew:        0.017ns (DCD - SCD - CPR)
    Destination Clock Delay (DCD):    -0.957ns
    Source Clock Delay      (SCD):    -0.714ns
    Clock Pessimism Removal (CPR):    -0.260ns

    Pin Reuse     Location             Delay type                Incr(ns)  Path(ns)    Netlist Resource(s)
  ---------------------------------------------------------------------------------    -------------------
                                       (clock clk_out3_mmcm rise edge)
                                                                    0.000     0.000 r  
                  R4                                                0.000     0.000 r  clk (IN)
                                       net (fo=0)                   0.000     0.000    mmcm/inst/clk_in1
                  R4                                                                r  mmcm/inst/clkin1_ibufg/I
                  R4                   IBUF (Prop_ibuf_I_O)         0.243     0.243 r  mmcm/inst/clkin1_ibufg/O
                                       net (fo=1, routed)           0.440     0.683    mmcm/inst/clk_in1_mmcm
                  MMCME2_ADV_X1Y2                                                   r  mmcm/inst/mmcm_adv_inst/CLKIN1
                  MMCME2_ADV_X1Y2      MMCME2_ADV (Prop_mmcme2_adv_CLKIN1_CLKOUT2)
                                                                   -2.540    -1.856 r  mmcm/inst/mmcm_adv_inst/CLKOUT2
                                       net (fo=1, routed)           0.531    -1.325    mmcm/inst/clk_out3_mmcm
                  BUFGCTRL_X0Y3                                                     r  mmcm/inst/clkout3_buf/I
                  BUFGCTRL_X0Y3        BUFG (Prop_bufg_I_O)         0.026    -1.299 r  mmcm/inst/clkout3_buf/O
                                       net (fo=27941, routed)       0.586    -0.714    fpgaTop/clkconverter/clkconverter_axi_clock_converter_v2_1_35_axi_clock_converter/<hidden>/<hidden>/<hidden>/<hidden>/<hidden>/<hidden>
                  SLICE_X103Y146       FDPE                                         r  fpgaTop/clkconverter/clkconverter_axi_clock_converter_v2_1_35_axi_clock_converter/<hidden>/<hidden>/<hidden>/<hidden>/<hidden>/<hidden>
  ---------------------------------------------------------------------------------    -------------------
    Routing       SLICE_X103Y146       FDPE (Prop_fdpe_C_Q)         0.128    -0.586 f  fpgaTop/clkconverter/clkconverter_axi_clock_converter_v2_1_35_axi_clock_converter/<hidden>/<hidden>/<hidden>/<hidden>/<hidden>/<hidden>
                                       net (fo=9, routed)           0.129    -0.457    fpgaTop/clkconverter/clkconverter_axi_clock_converter_v2_1_35_axi_clock_converter/<hidden>/<hidden>/<hidden>/<hidden>/<hidden>
    Routing       SLICE_X102Y147       FDCE                                         f  fpgaTop/clkconverter/clkconverter_axi_clock_converter_v2_1_35_axi_clock_converter/<hidden>/<hidden>/<hidden>/<hidden>/<hidden>
  ---------------------------------------------------------------------------------    -------------------

                                       (clock clk_out3_mmcm rise edge)
                                                                    0.000     0.000 r  
                  R4                                                0.000     0.000 r  clk (IN)
                                       net (fo=0)                   0.000     0.000    mmcm/inst/clk_in1
                  R4                                                                r  mmcm/inst/clkin1_ibufg/I
                  R4                   IBUF (Prop_ibuf_I_O)         0.431     0.431 r  mmcm/inst/clkin1_ibufg/O
                                       net (fo=1, routed)           0.480     0.911    mmcm/inst/clk_in1_mmcm
                  MMCME2_ADV_X1Y2                                                   r  mmcm/inst/mmcm_adv_inst/CLKIN1
                  MMCME2_ADV_X1Y2      MMCME2_ADV (Prop_mmcme2_adv_CLKIN1_CLKOUT2)
                                                                   -3.332    -2.421 r  mmcm/inst/mmcm_adv_inst/CLKOUT2
                                       net (fo=1, routed)           0.579    -1.843    mmcm/inst/clk_out3_mmcm
                  BUFGCTRL_X0Y3                                                     r  mmcm/inst/clkout3_buf/I
                  BUFGCTRL_X0Y3        BUFG (Prop_bufg_I_O)         0.029    -1.814 r  mmcm/inst/clkout3_buf/O
                                       net (fo=27941, routed)       0.857    -0.957    fpgaTop/clkconverter/clkconverter_axi_clock_converter_v2_1_35_axi_clock_converter/<hidden>/<hidden>/<hidden>/<hidden>/<hidden>
                  SLICE_X102Y147       FDCE                                         r  fpgaTop/clkconverter/clkconverter_axi_clock_converter_v2_1_35_axi_clock_converter/<hidden>/<hidden>/<hidden>/<hidden>/<hidden>
                                       clock pessimism              0.260    -0.697    
                  SLICE_X102Y147       FDCE (Remov_fdce_C_CLR)     -0.121    -0.818    fpgaTop/clkconverter/clkconverter_axi_clock_converter_v2_1_35_axi_clock_converter/<hidden>/<hidden>/<hidden>/<hidden>/<hidden>
  ---------------------------------------------------------------------------------
                                       required time                          0.818    
                                       arrival time                          -0.457    
  ---------------------------------------------------------------------------------
                                       slack                                  0.361    





---------------------------------------------------------------------------------------------------
Path Group:  **async_default**
From Clock:  clk_pll_i
  To Clock:  clk_pll_i

Setup :            0  Failing Endpoints,  Worst Slack        6.391ns,  Total Violation        0.000ns
Hold  :            0  Failing Endpoints,  Worst Slack        0.387ns,  Total Violation        0.000ns
---------------------------------------------------------------------------------------------------


Max Delay Paths
--------------------------------------------------------------------------------------
Slack (MET) :             6.391ns  (required time - arrival time)
  Source:                 fpgaTop/rasterix/rasterixmem_wrapper/rasterixmem/rasterixmem_gpubuffer_0/axi_data_fifo_v2_1_36_axi_data_fifo/<hidden>/<hidden>/<hidden>/<hidden>/<hidden>
                            (rising edge-triggered cell FDRE clocked by clk_pll_i  {rise@0.000ns fall@5.000ns period=10.000ns})
  Destination:            fpgaTop/rasterix/rasterixmem_wrapper/rasterixmem/rasterixmem_gpubuffer_0/axi_data_fifo_v2_1_36_axi_data_fifo/<hidden>/<hidden>/<hidden>/<hidden>/<hidden>/<hidden>
                            (recovery check against rising-edge clock clk_pll_i  {rise@0.000ns fall@5.000ns period=10.000ns})
  Path Group:             **async_default**
  Path Type:              Recovery (Max at Slow Process Corner)
  Requirement:            10.000ns  (clk_pll_i rise@10.000ns - clk_pll_i rise@0.000ns)
  Data Path Delay:        3.116ns  (logic 0.580ns (18.611%)  route 2.536ns (81.389%))
  Logic Levels:           1  (LUT3=1)
  Clock Path Skew:        -0.027ns (DCD - SCD + CPR)
    Destination Clock Delay (DCD):    0.726ns = ( 10.726 - 10.000 ) 
    Source Clock Delay      (SCD):    1.491ns
    Clock Pessimism Removal (CPR):    0.739ns
  Clock Uncertainty:      0.060ns  ((TSJ^2 + DJ^2)^1/2) / 2 + PE
    Total System Jitter     (TSJ):    0.071ns
    Discrete Jitter          (DJ):    0.098ns
    Phase Error              (PE):    0.000ns

    Pin Reuse     Location             Delay type                Incr(ns)  Path(ns)    Netlist Resource(s)
  ---------------------------------------------------------------------------------    -------------------
                                       (clock clk_pll_i rise edge)
                                                                    0.000     0.000 r  
                  R4                                                0.000     0.000 r  clk (IN)
                                       net (fo=0)                   0.000     0.000    mmcm/inst/clk_in1
                  R4                                                                r  mmcm/inst/clkin1_ibufg/I
                  R4                   IBUF (Prop_ibuf_I_O)         1.475     1.475 r  mmcm/inst/clkin1_ibufg/O
                                       net (fo=1, routed)           1.233     2.708    mmcm/inst/clk_in1_mmcm
                  MMCME2_ADV_X1Y2                                                   r  mmcm/inst/mmcm_adv_inst/CLKIN1
                  MMCME2_ADV_X1Y2      MMCME2_ADV (Prop_mmcme2_adv_CLKIN1_CLKOUT0)
                                                                   -7.432    -4.724 r  mmcm/inst/mmcm_adv_inst/CLKOUT0
                                       net (fo=1, routed)           1.808    -2.915    mmcm/inst/clk_out1_mmcm
                  BUFGCTRL_X0Y2                                                     r  mmcm/inst/clkout1_buf/I
                  BUFGCTRL_X0Y2        BUFG (Prop_bufg_I_O)         0.096    -2.819 r  mmcm/inst/clkout1_buf/O
                                       net (fo=2, routed)           1.754    -1.065    ddr3/u_ddr3_mig/u_ddr3_infrastructure/mmcm_clk
                  PLLE2_ADV_X1Y3                                                    r  ddr3/u_ddr3_mig/u_ddr3_infrastructure/plle2_i/CLKIN1
                  PLLE2_ADV_X1Y3       PLLE2_ADV (Prop_plle2_adv_CLKIN1_CLKOUT3)
                                                                    0.088    -0.977 r  ddr3/u_ddr3_mig/u_ddr3_infrastructure/plle2_i/CLKOUT3
                                       net (fo=1, routed)           1.370     0.393    ddr3/u_ddr3_mig/u_ddr3_infrastructure/pll_clk3_out
                  BUFHCE_X1Y36                                                      r  ddr3/u_ddr3_mig/u_ddr3_infrastructure/u_bufh_pll_clk3/I
                  BUFHCE_X1Y36         BUFH (Prop_bufh_I_O)         0.127     0.520 r  ddr3/u_ddr3_mig/u_ddr3_infrastructure/u_bufh_pll_clk3/O
                                       net (fo=1, routed)           0.943     1.463    ddr3/u_ddr3_mig/u_ddr3_infrastructure/pll_clk3
                  MMCME2_ADV_X1Y3                                                   r  ddr3/u_ddr3_mig/u_ddr3_infrastructure/gen_mmcm.mmcm_i/CLKIN1
                  MMCME2_ADV_X1Y3      MMCME2_ADV (Prop_mmcme2_adv_CLKIN1_CLKFBOUT)
                                                                   -3.633    -2.171 r  ddr3/u_ddr3_mig/u_ddr3_infrastructure/gen_mmcm.mmcm_i/CLKFBOUT
                                       net (fo=1, routed)           1.808    -0.362    ddr3/u_ddr3_mig/u_ddr3_infrastructure/clk_pll_i
                  BUFGCTRL_X0Y16                                                    r  ddr3/u_ddr3_mig/u_ddr3_infrastructure/u_bufg_clkdiv0/I
                  BUFGCTRL_X0Y16       BUFG (Prop_bufg_I_O)         0.096    -0.266 r  ddr3/u_ddr3_mig/u_ddr3_infrastructure/u_bufg_clkdiv0/O
                                       net (fo=26482, routed)       1.757     1.491    fpgaTop/rasterix/rasterixmem_wrapper/rasterixmem/rasterixmem_gpubuffer_0/axi_data_fifo_v2_1_36_axi_data_fifo/<hidden>/<hidden>/<hidden>/<hidden>/<hidden>
                  SLICE_X149Y108       FDRE                                         r  fpgaTop/rasterix/rasterixmem_wrapper/rasterixmem/rasterixmem_gpubuffer_0/axi_data_fifo_v2_1_36_axi_data_fifo/<hidden>/<hidden>/<hidden>/<hidden>/<hidden>
  ---------------------------------------------------------------------------------    -------------------
    Routing       SLICE_X149Y108       FDRE (Prop_fdre_C_Q)         0.456     1.947 f  fpgaTop/rasterix/rasterixmem_wrapper/rasterixmem/rasterixmem_gpubuffer_0/axi_data_fifo_v2_1_36_axi_data_fifo/<hidden>/<hidden>/<hidden>/<hidden>/<hidden>
                                       net (fo=4, routed)           1.290     3.237    fpgaTop/rasterix/rasterixmem_wrapper/rasterixmem/rasterixmem_gpubuffer_0/axi_data_fifo_v2_1_36_axi_data_fifo/<hidden>/<hidden>/<hidden>/<hidden>/<hidden>
    Routing       SLICE_X149Y108                                                    f  fpgaTop/rasterix/rasterixmem_wrapper/rasterixmem/rasterixmem_gpubuffer_0/axi_data_fifo_v2_1_36_axi_data_fifo/<hidden>/<hidden>/<hidden>/<hidden>/<hidden>
    Routing       SLICE_X149Y108       LUT3 (Prop_lut3_I0_O)        0.124     3.361 f  fpgaTop/rasterix/rasterixmem_wrapper/rasterixmem/rasterixmem_gpubuffer_0/axi_data_fifo_v2_1_36_axi_data_fifo/<hidden>/<hidden>/<hidden>/<hidden>/<hidden>
                                       net (fo=31, routed)          1.247     4.608    fpgaTop/rasterix/rasterixmem_wrapper/rasterixmem/rasterixmem_gpubuffer_0/axi_data_fifo_v2_1_36_axi_data_fifo/<hidden>/<hidden>/<hidden>/<hidden>/<hidden>/<hidden>
    Routing       SLICE_X149Y111       FDCE                                         f  fpgaTop/rasterix/rasterixmem_wrapper/rasterixmem/rasterixmem_gpubuffer_0/axi_data_fifo_v2_1_36_axi_data_fifo/<hidden>/<hidden>/<hidden>/<hidden>/<hidden>/<hidden>
  ---------------------------------------------------------------------------------    -------------------

                                       (clock clk_pll_i rise edge)
                                                                   10.000    10.000 r  
                  R4                                                0.000    10.000 r  clk (IN)
                                       net (fo=0)                   0.000    10.000    mmcm/inst/clk_in1
                  R4                                                                r  mmcm/inst/clkin1_ibufg/I
                  R4                   IBUF (Prop_ibuf_I_O)         1.405    11.405 r  mmcm/inst/clkin1_ibufg/O
                                       net (fo=1, routed)           1.162    12.567    mmcm/inst/clk_in1_mmcm
                  MMCME2_ADV_X1Y2                                                   r  mmcm/inst/mmcm_adv_inst/CLKIN1
                  MMCME2_ADV_X1Y2      MMCME2_ADV (Prop_mmcme2_adv_CLKIN1_CLKOUT0)
                                                                   -7.674     4.893 r  mmcm/inst/mmcm_adv_inst/CLKOUT0
                                       net (fo=1, routed)           1.723     6.616    mmcm/inst/clk_out1_mmcm
                  BUFGCTRL_X0Y2                                                     r  mmcm/inst/clkout1_buf/I
                  BUFGCTRL_X0Y2        BUFG (Prop_bufg_I_O)         0.091     6.707 r  mmcm/inst/clkout1_buf/O
                                       net (fo=2, routed)           1.636     8.343    ddr3/u_ddr3_mig/u_ddr3_infrastructure/mmcm_clk
                  PLLE2_ADV_X1Y3                                                    r  ddr3/u_ddr3_mig/u_ddr3_infrastructure/plle2_i/CLKIN1
                  PLLE2_ADV_X1Y3       PLLE2_ADV (Prop_plle2_adv_CLKIN1_CLKOUT3)
                                                                    0.083     8.426 r  ddr3/u_ddr3_mig/u_ddr3_infrastructure/plle2_i/CLKOUT3
                                       net (fo=1, routed)           1.289     9.715    ddr3/u_ddr3_mig/u_ddr3_infrastructure/pll_clk3_out
                  BUFHCE_X1Y36                                                      r  ddr3/u_ddr3_mig/u_ddr3_infrastructure/u_bufh_pll_clk3/I
                  BUFHCE_X1Y36         BUFH (Prop_bufh_I_O)         0.081     9.796 r  ddr3/u_ddr3_mig/u_ddr3_infrastructure/u_bufh_pll_clk3/O
                                       net (fo=1, routed)           0.904    10.700    ddr3/u_ddr3_mig/u_ddr3_infrastructure/pll_clk3
                  MMCME2_ADV_X1Y3                                                   r  ddr3/u_ddr3_mig/u_ddr3_infrastructure/gen_mmcm.mmcm_i/CLKIN1
                  MMCME2_ADV_X1Y3      MMCME2_ADV (Prop_mmcme2_adv_CLKIN1_CLKFBOUT)
                                                                   -3.425     7.275 r  ddr3/u_ddr3_mig/u_ddr3_infrastructure/gen_mmcm.mmcm_i/CLKFBOUT
                                       net (fo=1, routed)           1.723     8.998    ddr3/u_ddr3_mig/u_ddr3_infrastructure/clk_pll_i
                  BUFGCTRL_X0Y16                                                    r  ddr3/u_ddr3_mig/u_ddr3_infrastructure/u_bufg_clkdiv0/I
                  BUFGCTRL_X0Y16       BUFG (Prop_bufg_I_O)         0.091     9.089 r  ddr3/u_ddr3_mig/u_ddr3_infrastructure/u_bufg_clkdiv0/O
                                       net (fo=26482, routed)       1.636    10.726    fpgaTop/rasterix/rasterixmem_wrapper/rasterixmem/rasterixmem_gpubuffer_0/axi_data_fifo_v2_1_36_axi_data_fifo/<hidden>/<hidden>/<hidden>/<hidden>/<hidden>/<hidden>
                  SLICE_X149Y111       FDCE                                         r  fpgaTop/rasterix/rasterixmem_wrapper/rasterixmem/rasterixmem_gpubuffer_0/axi_data_fifo_v2_1_36_axi_data_fifo/<hidden>/<hidden>/<hidden>/<hidden>/<hidden>/<hidden>
                                       clock pessimism              0.739    11.464    
                                       clock uncertainty           -0.060    11.404    
                  SLICE_X149Y111       FDCE (Recov_fdce_C_CLR)     -0.405    10.999    fpgaTop/rasterix/rasterixmem_wrapper/rasterixmem/rasterixmem_gpubuffer_0/axi_data_fifo_v2_1_36_axi_data_fifo/<hidden>/<hidden>/<hidden>/<hidden>/<hidden>/<hidden>
  ---------------------------------------------------------------------------------
                                       required time                         10.999    
                                       arrival time                          -4.608    
  ---------------------------------------------------------------------------------
                                       slack                                  6.391    





Min Delay Paths
--------------------------------------------------------------------------------------
Slack (MET) :             0.387ns  (arrival time - required time)
  Source:                 fpgaTop/clkconverter/clkconverter_axi_clock_converter_v2_1_35_axi_clock_converter/<hidden>/<hidden>/<hidden>/<hidden>/<hidden>
                            (rising edge-triggered cell FDPE clocked by clk_pll_i  {rise@0.000ns fall@5.000ns period=10.000ns})
  Destination:            fpgaTop/clkconverter/clkconverter_axi_clock_converter_v2_1_35_axi_clock_converter/<hidden>/<hidden>/<hidden>/<hidden>/<hidden>/<hidden>
                            (removal check against rising-edge clock clk_pll_i  {rise@0.000ns fall@5.000ns period=10.000ns})
  Path Group:             **async_default**
  Path Type:              Removal (Min at Fast Process Corner)
  Requirement:            0.000ns  (clk_pll_i rise@0.000ns - clk_pll_i rise@0.000ns)
  Data Path Delay:        0.311ns  (logic 0.164ns (52.665%)  route 0.147ns (47.335%))
  Logic Levels:           0  
  Clock Path Skew:        0.016ns (DCD - SCD - CPR)
    Destination Clock Delay (DCD):    0.143ns
    Source Clock Delay      (SCD):    0.090ns
    Clock Pessimism Removal (CPR):    0.037ns

    Pin Reuse     Location             Delay type                Incr(ns)  Path(ns)    Netlist Resource(s)
  ---------------------------------------------------------------------------------    -------------------
                                       (clock clk_pll_i rise edge)
                                                                    0.000     0.000 r  
                  R4                                                0.000     0.000 r  clk (IN)
                                       net (fo=0)                   0.000     0.000    mmcm/inst/clk_in1
                  R4                                                                r  mmcm/inst/clkin1_ibufg/I
                  R4                   IBUF (Prop_ibuf_I_O)         0.243     0.243 r  mmcm/inst/clkin1_ibufg/O
                                       net (fo=1, routed)           0.440     0.683    mmcm/inst/clk_in1_mmcm
                  MMCME2_ADV_X1Y2                                                   r  mmcm/inst/mmcm_adv_inst/CLKIN1
                  MMCME2_ADV_X1Y2      MMCME2_ADV (Prop_mmcme2_adv_CLKIN1_CLKOUT0)
                                                                   -2.540    -1.856 r  mmcm/inst/mmcm_adv_inst/CLKOUT0
                                       net (fo=1, routed)           0.531    -1.325    mmcm/inst/clk_out1_mmcm
                  BUFGCTRL_X0Y2                                                     r  mmcm/inst/clkout1_buf/I
                  BUFGCTRL_X0Y2        BUFG (Prop_bufg_I_O)         0.026    -1.299 r  mmcm/inst/clkout1_buf/O
                                       net (fo=2, routed)           0.606    -0.694    ddr3/u_ddr3_mig/u_ddr3_infrastructure/mmcm_clk
                  PLLE2_ADV_X1Y3                                                    r  ddr3/u_ddr3_mig/u_ddr3_infrastructure/plle2_i/CLKIN1
                  PLLE2_ADV_X1Y3       PLLE2_ADV (Prop_plle2_adv_CLKIN1_CLKOUT3)
                                                                    0.050    -0.644 r  ddr3/u_ddr3_mig/u_ddr3_infrastructure/plle2_i/CLKOUT3
                                       net (fo=1, routed)           0.426    -0.218    ddr3/u_ddr3_mig/u_ddr3_infrastructure/pll_clk3_out
                  BUFHCE_X1Y36                                                      r  ddr3/u_ddr3_mig/u_ddr3_infrastructure/u_bufh_pll_clk3/I
                  BUFHCE_X1Y36         BUFH (Prop_bufh_I_O)         0.020    -0.198 r  ddr3/u_ddr3_mig/u_ddr3_infrastructure/u_bufh_pll_clk3/O
                                       net (fo=1, routed)           0.313     0.115    ddr3/u_ddr3_mig/u_ddr3_infrastructure/pll_clk3
                  MMCME2_ADV_X1Y3                                                   r  ddr3/u_ddr3_mig/u_ddr3_infrastructure/gen_mmcm.mmcm_i/CLKIN1
                  MMCME2_ADV_X1Y3      MMCME2_ADV (Prop_mmcme2_adv_CLKIN1_CLKFBOUT)
                                                                   -1.156    -1.040 r  ddr3/u_ddr3_mig/u_ddr3_infrastructure/gen_mmcm.mmcm_i/CLKFBOUT
                                       net (fo=1, routed)           0.531    -0.509    ddr3/u_ddr3_mig/u_ddr3_infrastructure/clk_pll_i
                  BUFGCTRL_X0Y16                                                    r  ddr3/u_ddr3_mig/u_ddr3_infrastructure/u_bufg_clkdiv0/I
                  BUFGCTRL_X0Y16       BUFG (Prop_bufg_I_O)         0.026    -0.483 r  ddr3/u_ddr3_mig/u_ddr3_infrastructure/u_bufg_clkdiv0/O
                                       net (fo=26482, routed)       0.574     0.090    fpgaTop/clkconverter/clkconverter_axi_clock_converter_v2_1_35_axi_clock_converter/<hidden>/<hidden>/<hidden>/<hidden>/<hidden>
                  SLICE_X94Y161        FDPE                                         r  fpgaTop/clkconverter/clkconverter_axi_clock_converter_v2_1_35_axi_clock_converter/<hidden>/<hidden>/<hidden>/<hidden>/<hidden>
  ---------------------------------------------------------------------------------    -------------------
    Routing       SLICE_X94Y161        FDPE (Prop_fdpe_C_Q)         0.164     0.254 f  fpgaTop/clkconverter/clkconverter_axi_clock_converter_v2_1_35_axi_clock_converter/<hidden>/<hidden>/<hidden>/<hidden>/<hidden>
                                       net (fo=15, routed)          0.147     0.402    fpgaTop/clkconverter/clkconverter_axi_clock_converter_v2_1_35_axi_clock_converter/<hidden>/<hidden>/<hidden>/<hidden>/<hidden>/<hidden>
    Routing       SLICE_X95Y160        FDCE                                         f  fpgaTop/clkconverter/clkconverter_axi_clock_converter_v2_1_35_axi_clock_converter/<hidden>/<hidden>/<hidden>/<hidden>/<hidden>/<hidden>
  ---------------------------------------------------------------------------------    -------------------

                                       (clock clk_pll_i rise edge)
                                                                    0.000     0.000 r  
                  R4                                                0.000     0.000 r  clk (IN)
                                       net (fo=0)                   0.000     0.000    mmcm/inst/clk_in1
                  R4                                                                r  mmcm/inst/clkin1_ibufg/I
                  R4                   IBUF (Prop_ibuf_I_O)         0.431     0.431 r  mmcm/inst/clkin1_ibufg/O
                                       net (fo=1, routed)           0.480     0.911    mmcm/inst/clk_in1_mmcm
                  MMCME2_ADV_X1Y2                                                   r  mmcm/inst/mmcm_adv_inst/CLKIN1
                  MMCME2_ADV_X1Y2      MMCME2_ADV (Prop_mmcme2_adv_CLKIN1_CLKOUT0)
                                                                   -3.332    -2.421 r  mmcm/inst/mmcm_adv_inst/CLKOUT0
                                       net (fo=1, routed)           0.579    -1.843    mmcm/inst/clk_out1_mmcm
                  BUFGCTRL_X0Y2                                                     r  mmcm/inst/clkout1_buf/I
                  BUFGCTRL_X0Y2        BUFG (Prop_bufg_I_O)         0.029    -1.814 r  mmcm/inst/clkout1_buf/O
                                       net (fo=2, routed)           0.875    -0.939    ddr3/u_ddr3_mig/u_ddr3_infrastructure/mmcm_clk
                  PLLE2_ADV_X1Y3                                                    r  ddr3/u_ddr3_mig/u_ddr3_infrastructure/plle2_i/CLKIN1
                  PLLE2_ADV_X1Y3       PLLE2_ADV (Prop_plle2_adv_CLKIN1_CLKOUT3)
                                                                    0.053    -0.886 r  ddr3/u_ddr3_mig/u_ddr3_infrastructure/plle2_i/CLKOUT3
                                       net (fo=1, routed)           0.472    -0.414    ddr3/u_ddr3_mig/u_ddr3_infrastructure/pll_clk3_out
                  BUFHCE_X1Y36                                                      r  ddr3/u_ddr3_mig/u_ddr3_infrastructure/u_bufh_pll_clk3/I
                  BUFHCE_X1Y36         BUFH (Prop_bufh_I_O)         0.043    -0.371 r  ddr3/u_ddr3_mig/u_ddr3_infrastructure/u_bufh_pll_clk3/O
                                       net (fo=1, routed)           0.538     0.167    ddr3/u_ddr3_mig/u_ddr3_infrastructure/pll_clk3
                  MMCME2_ADV_X1Y3                                                   r  ddr3/u_ddr3_mig/u_ddr3_infrastructure/gen_mmcm.mmcm_i/CLKIN1
                  MMCME2_ADV_X1Y3      MMCME2_ADV (Prop_mmcme2_adv_CLKIN1_CLKFBOUT)
                                                                   -1.475    -1.308 r  ddr3/u_ddr3_mig/u_ddr3_infrastructure/gen_mmcm.mmcm_i/CLKFBOUT
                                       net (fo=1, routed)           0.579    -0.730    ddr3/u_ddr3_mig/u_ddr3_infrastructure/clk_pll_i
                  BUFGCTRL_X0Y16                                                    r  ddr3/u_ddr3_mig/u_ddr3_infrastructure/u_bufg_clkdiv0/I
                  BUFGCTRL_X0Y16       BUFG (Prop_bufg_I_O)         0.029    -0.701 r  ddr3/u_ddr3_mig/u_ddr3_infrastructure/u_bufg_clkdiv0/O
                                       net (fo=26482, routed)       0.844     0.143    fpgaTop/clkconverter/clkconverter_axi_clock_converter_v2_1_35_axi_clock_converter/<hidden>/<hidden>/<hidden>/<hidden>/<hidden>/<hidden>
                  SLICE_X95Y160        FDCE                                         r  fpgaTop/clkconverter/clkconverter_axi_clock_converter_v2_1_35_axi_clock_converter/<hidden>/<hidden>/<hidden>/<hidden>/<hidden>/<hidden>
                                       clock pessimism             -0.037     0.106    
                  SLICE_X95Y160        FDCE (Remov_fdce_C_CLR)     -0.092     0.014    fpgaTop/clkconverter/clkconverter_axi_clock_converter_v2_1_35_axi_clock_converter/<hidden>/<hidden>/<hidden>/<hidden>/<hidden>/<hidden>
  ---------------------------------------------------------------------------------
                                       required time                         -0.014    
                                       arrival time                           0.402    
  ---------------------------------------------------------------------------------
                                       slack                                  0.387    





---------------------------------------------------------------------------------------------------
Path Group:  **default**
From Clock:  clk_pll_i
  To Clock:  

Setup :            0  Failing Endpoints,  Worst Slack        0.733ns,  Total Violation        0.000ns
Hold  :           NA  Failing Endpoints,  Worst Slack           NA  ,  Total Violation           NA
---------------------------------------------------------------------------------------------------


Max Delay Paths
--------------------------------------------------------------------------------------
Slack (MET) :             0.733ns  (required time - arrival time)
  Source:                 ddr3/u_ddr3_mig/u_ddr3_infrastructure/rstdiv0_sync_r1_reg_rep/C
                            (rising edge-triggered cell FDPE clocked by clk_pll_i  {rise@0.000ns fall@5.000ns period=10.000ns})
  Destination:            ddr3/u_ddr3_mig/u_memc_ui_top_axi/mem_intfc0/ddr_phy_top0/u_ddr_mc_phy_wrapper/u_ddr_mc_phy/ddr_phy_4lanes_0.u_ddr_phy_4lanes/phy_control_i/RESET
  Path Group:             **default**
  Path Type:              Max at Slow Process Corner
  Requirement:            5.000ns  (MaxDelay Path 5.000ns)
  Data Path Delay:        4.267ns  (logic 0.456ns (10.687%)  route 3.811ns (89.313%))
  Logic Levels:           0  
  Output Delay:           0.000ns
  Timing Exception:       MaxDelay Path 5.000ns -datapath_only

    Pin Reuse     Location             Delay type                Incr(ns)  Path(ns)    Netlist Resource(s)
  ---------------------------------------------------------------------------------    -------------------
    Placement     SLICE_X117Y165                                    0.000     0.000 r  ddr3/u_ddr3_mig/u_ddr3_infrastructure/rstdiv0_sync_r1_reg_rep/C
    Routing       SLICE_X117Y165       FDPE (Prop_fdpe_C_Q)         0.456     0.456 r  ddr3/u_ddr3_mig/u_ddr3_infrastructure/rstdiv0_sync_r1_reg_rep/Q
                                       net (fo=53, routed)          3.811     4.267    ddr3/u_ddr3_mig/u_memc_ui_top_axi/mem_intfc0/ddr_phy_top0/u_ddr_mc_phy_wrapper/u_ddr_mc_phy/ddr_phy_4lanes_0.u_ddr_phy_4lanes/in0
    Routing       PHY_CONTROL_X1Y3     PHY_CONTROL                                  r  ddr3/u_ddr3_mig/u_memc_ui_top_axi/mem_intfc0/ddr_phy_top0/u_ddr_mc_phy_wrapper/u_ddr_mc_phy/ddr_phy_4lanes_0.u_ddr_phy_4lanes/phy_control_i/RESET
  ---------------------------------------------------------------------------------    -------------------

                                       max delay                    5.000     5.000    
                  PHY_CONTROL_X1Y3     PHY_CONTROL                  0.000     5.000    ddr3/u_ddr3_mig/u_memc_ui_top_axi/mem_intfc0/ddr_phy_top0/u_ddr_mc_phy_wrapper/u_ddr_mc_phy/ddr_phy_4lanes_0.u_ddr_phy_4lanes/phy_control_i
                                       output delay                -0.000     5.000    
  ---------------------------------------------------------------------------------
                                       required time                          5.000    
                                       arrival time                          -4.267    
  ---------------------------------------------------------------------------------
                                       slack                                  0.733    





--------------------------------------------------------------------------------------
Path Group:  (none)
From Clock:  clk_out2_videoclock
  To Clock:  

Max Delay             8 Endpoints
Min Delay             8 Endpoints
--------------------------------------------------------------------------------------


Max Delay Paths
--------------------------------------------------------------------------------------
Slack:                    inf
  Source:                 rasterixgen.rasterix/display/display/u_dvi/u_ddr_r/u_ddr_r/C
                            (falling edge-triggered cell ODDR clocked by clk_out2_videoclock  {rise@0.000ns fall@3.968ns period=7.937ns})
  Destination:            HDMITXn[2]
                            (output port)
  Path Group:             (none)
  Path Type:              Max at Slow Process Corner
  Data Path Delay:        2.370ns  (logic 2.369ns (99.958%)  route 0.001ns (0.042%))
  Logic Levels:           1  (OBUFDS=1)
  Clock Uncertainty:      0.520ns  ((TSJ^2 + DJ^2)^1/2) / 2 + PE
    Total System Jitter     (TSJ):    0.050ns
    Discrete Jitter          (DJ):    0.342ns
    Phase Error              (PE):    0.347ns
  Timing Exception:       False Path

    Pin Reuse     Location             Delay type                Incr(ns)  Path(ns)    Netlist Resource(s)
  ---------------------------------------------------------------------------------    -------------------
                                       (clock clk_out2_videoclock fall edge)
                                                                    3.968     3.968 f  
                  R4                                                0.000     3.968 f  clk (IN)
                                       net (fo=0)                   0.000     3.968    mmcm/inst/clk_in1
                  R4                                                                f  mmcm/inst/clkin1_ibufg/I
                  R4                   IBUF (Prop_ibuf_I_O)         1.475     5.443 f  mmcm/inst/clkin1_ibufg/O
                                       net (fo=1, routed)           1.233     6.676    mmcm/inst/clk_in1_mmcm
                  MMCME2_ADV_X1Y2                                                   f  mmcm/inst/mmcm_adv_inst/CLKIN1
                  MMCME2_ADV_X1Y2      MMCME2_ADV (Prop_mmcme2_adv_CLKIN1_CLKOUT0)
                                                                   -7.432    -0.755 f  mmcm/inst/mmcm_adv_inst/CLKOUT0
                                       net (fo=1, routed)           1.808     1.053    mmcm/inst/clk_out1_mmcm
                  BUFGCTRL_X0Y2                                                     f  mmcm/inst/clkout1_buf/I
                  BUFGCTRL_X0Y2        BUFG (Prop_bufg_I_O)         0.096     1.149 f  mmcm/inst/clkout1_buf/O
                                       net (fo=2, routed)           2.106     3.255    rasterixgen.videoclock/inst/clk_in1
                  MMCME2_ADV_X1Y0                                                   f  rasterixgen.videoclock/inst/mmcm_adv_inst/CLKIN1
                  MMCME2_ADV_X1Y0      MMCME2_ADV (Prop_mmcme2_adv_CLKIN1_CLKOUT1)
                                                                   -4.900    -1.644 f  rasterixgen.videoclock/inst/mmcm_adv_inst/CLKOUT1
                                       net (fo=1, routed)           2.697     1.053    rasterixgen.videoclock/inst/clk_out2_videoclock
                  BUFGCTRL_X0Y0                                                     f  rasterixgen.videoclock/inst/clkout2_buf/I
                  BUFGCTRL_X0Y0        BUFG (Prop_bufg_I_O)         0.096     1.149 f  rasterixgen.videoclock/inst/clkout2_buf/O
                                       net (fo=77, routed)          1.831     2.980    rasterixgen.rasterix/display/display/u_dvi/u_ddr_r/SerialCLK
                  OLOGIC_X1Y134        ODDR                                         f  rasterixgen.rasterix/display/display/u_dvi/u_ddr_r/u_ddr_r/C
  ---------------------------------------------------------------------------------    -------------------
    Routing       OLOGIC_X1Y134        ODDR (Prop_oddr_C_Q)         0.472     3.452 r  rasterixgen.rasterix/display/display/u_dvi/u_ddr_r/u_ddr_r/Q
                                       net (fo=1, routed)           0.001     3.453    TMDS[2]
    Routing       AB3                                                               r  hdmi[2].data/I
    Routing       AB3                  OBUFDS (Prop_obufds_I_OB)    1.897     5.350 r  hdmi[2].data/OB
                                       net (fo=0)                   0.000     5.350    HDMITXn[2]
                  AB2                                                               r  HDMITXn[2] (OUT)
  ---------------------------------------------------------------------------------    -------------------





Min Delay Paths
--------------------------------------------------------------------------------------
Slack:                    inf
  Source:                 rasterixgen.rasterix/display/display/u_dvi/u_ddr_c/u_ddr_r/C
                            (rising edge-triggered cell ODDR clocked by clk_out2_videoclock  {rise@0.000ns fall@3.968ns period=7.937ns})
  Destination:            HDMITXCLKp
                            (output port)
  Path Group:             (none)
  Path Type:              Min at Fast Process Corner
  Data Path Delay:        0.994ns  (logic 0.993ns (99.899%)  route 0.001ns (0.101%))
  Logic Levels:           1  (OBUFDS=1)
  Clock Uncertainty:      0.520ns  ((TSJ^2 + DJ^2)^1/2) / 2 + PE
    Total System Jitter     (TSJ):    0.050ns
    Discrete Jitter          (DJ):    0.342ns
    Phase Error              (PE):    0.347ns
  Timing Exception:       False Path

    Pin Reuse     Location             Delay type                Incr(ns)  Path(ns)    Netlist Resource(s)
  ---------------------------------------------------------------------------------    -------------------
                                       (clock clk_out2_videoclock rise edge)
                                                                    0.000     0.000 r  
                  R4                                                0.000     0.000 r  clk (IN)
                                       net (fo=0)                   0.000     0.000    mmcm/inst/clk_in1
                  R4                                                                r  mmcm/inst/clkin1_ibufg/I
                  R4                   IBUF (Prop_ibuf_I_O)         0.243     0.243 r  mmcm/inst/clkin1_ibufg/O
                                       net (fo=1, routed)           0.440     0.683    mmcm/inst/clk_in1_mmcm
                  MMCME2_ADV_X1Y2                                                   r  mmcm/inst/mmcm_adv_inst/CLKIN1
                  MMCME2_ADV_X1Y2      MMCME2_ADV (Prop_mmcme2_adv_CLKIN1_CLKOUT0)
                                                                   -2.540    -1.856 r  mmcm/inst/mmcm_adv_inst/CLKOUT0
                                       net (fo=1, routed)           0.531    -1.325    mmcm/inst/clk_out1_mmcm
                  BUFGCTRL_X0Y2                                                     r  mmcm/inst/clkout1_buf/I
                  BUFGCTRL_X0Y2        BUFG (Prop_bufg_I_O)         0.026    -1.299 r  mmcm/inst/clkout1_buf/O
                                       net (fo=2, routed)           0.745    -0.555    rasterixgen.videoclock/inst/clk_in1
                  MMCME2_ADV_X1Y0                                                   r  rasterixgen.videoclock/inst/mmcm_adv_inst/CLKIN1
                  MMCME2_ADV_X1Y0      MMCME2_ADV (Prop_mmcme2_adv_CLKIN1_CLKOUT1)
                                                                   -1.683    -2.237 r  rasterixgen.videoclock/inst/mmcm_adv_inst/CLKOUT1
                                       net (fo=1, routed)           0.912    -1.325    rasterixgen.videoclock/inst/clk_out2_videoclock
                  BUFGCTRL_X0Y0                                                     r  rasterixgen.videoclock/inst/clkout2_buf/I
                  BUFGCTRL_X0Y0        BUFG (Prop_bufg_I_O)         0.026    -1.299 r  rasterixgen.videoclock/inst/clkout2_buf/O
                                       net (fo=77, routed)          0.640    -0.660    rasterixgen.rasterix/display/display/u_dvi/u_ddr_c/SerialCLK
                  OLOGIC_X1Y148        ODDR                                         r  rasterixgen.rasterix/display/display/u_dvi/u_ddr_c/u_ddr_r/C
  ---------------------------------------------------------------------------------    -------------------
    Routing       OLOGIC_X1Y148        ODDR (Prop_oddr_C_Q)         0.177    -0.483 r  rasterixgen.rasterix/display/display/u_dvi/u_ddr_c/u_ddr_r/Q
                                       net (fo=1, routed)           0.001    -0.482    TMDS[3]
    Routing       T1                                                                r  hdmiclock/I
    Routing       T1                   OBUFDS (Prop_obufds_I_O)     0.816     0.334 r  hdmiclock/O
                                       net (fo=0)                   0.000     0.334    HDMITXCLKp
                  T1                                                                r  HDMITXCLKp (OUT)
  ---------------------------------------------------------------------------------    -------------------





--------------------------------------------------------------------------------------
Path Group:  (none)
From Clock:  clk_out3_mmcm
  To Clock:  

Max Delay             9 Endpoints
Min Delay             9 Endpoints
--------------------------------------------------------------------------------------


Max Delay Paths
--------------------------------------------------------------------------------------
Slack:                    inf
  Source:                 wallypipelinedsoc/uncoregen.uncore/pwm.pwm/pwmcompareipreg/q_reg[0]/C
                            (rising edge-triggered cell FDRE clocked by clk_out3_mmcm  {rise@0.000ns fall@25.000ns period=50.000ns})
  Destination:            GPO[3]
                            (output port)
  Path Group:             (none)
  Path Type:              Max at Slow Process Corner
  Data Path Delay:        13.894ns  (logic 4.290ns (30.877%)  route 9.604ns (69.123%))
  Logic Levels:           3  (LUT2=1 LUT6=1 OBUF=1)
  Clock Uncertainty:      0.194ns  ((TSJ^2 + DJ^2)^1/2) / 2 + PE
    Total System Jitter     (TSJ):    0.050ns
    Discrete Jitter          (DJ):    0.183ns
    Phase Error              (PE):    0.099ns
  Timing Exception:       False Path

    Pin Reuse     Location             Delay type                Incr(ns)  Path(ns)    Netlist Resource(s)
  ---------------------------------------------------------------------------------    -------------------
                                       (clock clk_out3_mmcm rise edge)
                                                                    0.000     0.000 r  
                  R4                                                0.000     0.000 r  clk (IN)
                                       net (fo=0)                   0.000     0.000    mmcm/inst/clk_in1
                  R4                                                                r  mmcm/inst/clkin1_ibufg/I
                  R4                   IBUF (Prop_ibuf_I_O)         1.475     1.475 r  mmcm/inst/clkin1_ibufg/O
                                       net (fo=1, routed)           1.233     2.708    mmcm/inst/clk_in1_mmcm
                  MMCME2_ADV_X1Y2                                                   r  mmcm/inst/mmcm_adv_inst/CLKIN1
                  MMCME2_ADV_X1Y2      MMCME2_ADV (Prop_mmcme2_adv_CLKIN1_CLKOUT2)
                                                                   -7.432    -4.724 r  mmcm/inst/mmcm_adv_inst/CLKOUT2
                                       net (fo=1, routed)           1.808    -2.915    mmcm/inst/clk_out3_mmcm
                  BUFGCTRL_X0Y3                                                     r  mmcm/inst/clkout3_buf/I
                  BUFGCTRL_X0Y3        BUFG (Prop_bufg_I_O)         0.096    -2.819 r  mmcm/inst/clkout3_buf/O
                                       net (fo=27941, routed)       1.649    -1.170    wallypipelinedsoc/uncoregen.uncore/pwm.pwm/pwmcompareipreg/clk_out3
                  SLICE_X87Y147        FDRE                                         r  wallypipelinedsoc/uncoregen.uncore/pwm.pwm/pwmcompareipreg/q_reg[0]/C
  ---------------------------------------------------------------------------------    -------------------
    Routing       SLICE_X87Y147        FDRE (Prop_fdre_C_Q)         0.456    -0.714 f  wallypipelinedsoc/uncoregen.uncore/pwm.pwm/pwmcompareipreg/q_reg[0]/Q
                                       net (fo=5, routed)           1.305     0.591    wallypipelinedsoc/uncoregen.uncore/pwm.pwm/pwmcompareipreg/q_reg[3]_0[0]
    Routing       SLICE_X94Y143                                                     f  wallypipelinedsoc/uncoregen.uncore/pwm.pwm/pwmcompareipreg/GPO_OBUF[3]_inst_i_2/I1
    Routing       SLICE_X94Y143        LUT6 (Prop_lut6_I1_O)        0.124     0.715 r  wallypipelinedsoc/uncoregen.uncore/pwm.pwm/pwmcompareipreg/GPO_OBUF[3]_inst_i_2/O
                                       net (fo=1, routed)           0.839     1.554    wallypipelinedsoc/uncoregen.uncore/gpio.gpio/gpio_out[3]
    Routing       SLICE_X94Y143                                                     r  wallypipelinedsoc/uncoregen.uncore/gpio.gpio/GPO_OBUF[3]_inst_i_1/I1
    Routing       SLICE_X94Y143        LUT2 (Prop_lut2_I1_O)        0.156     1.710 r  wallypipelinedsoc/uncoregen.uncore/gpio.gpio/GPO_OBUF[3]_inst_i_1/O
                                       net (fo=1, routed)           7.460     9.170    GPO_OBUF[3]
    Routing       U16                                                               r  GPO_OBUF[3]_inst/I
    Routing       U16                  OBUF (Prop_obuf_I_O)         3.554    12.725 r  GPO_OBUF[3]_inst/O
                                       net (fo=0)                   0.000    12.725    GPO[3]
                  U16                                                               r  GPO[3] (OUT)
  ---------------------------------------------------------------------------------    -------------------





Min Delay Paths
--------------------------------------------------------------------------------------
Slack:                    inf
  Source:                 wallypipelinedsoc/uncoregen.uncore/gpio.gpio/out_xor_reg[2]/C
                            (rising edge-triggered cell FDRE clocked by clk_out3_mmcm  {rise@0.000ns fall@25.000ns period=50.000ns})
  Destination:            GPO[2]
                            (output port)
  Path Group:             (none)
  Path Type:              Min at Fast Process Corner
  Data Path Delay:        3.726ns  (logic 1.382ns (37.099%)  route 2.343ns (62.901%))
  Logic Levels:           2  (LUT2=1 OBUF=1)
  Clock Uncertainty:      0.194ns  ((TSJ^2 + DJ^2)^1/2) / 2 + PE
    Total System Jitter     (TSJ):    0.050ns
    Discrete Jitter          (DJ):    0.183ns
    Phase Error              (PE):    0.099ns
  Timing Exception:       False Path

    Pin Reuse     Location             Delay type                Incr(ns)  Path(ns)    Netlist Resource(s)
  ---------------------------------------------------------------------------------    -------------------
                                       (clock clk_out3_mmcm rise edge)
                                                                    0.000     0.000 r  
                  R4                                                0.000     0.000 r  clk (IN)
                                       net (fo=0)                   0.000     0.000    mmcm/inst/clk_in1
                  R4                                                                r  mmcm/inst/clkin1_ibufg/I
                  R4                   IBUF (Prop_ibuf_I_O)         0.243     0.243 r  mmcm/inst/clkin1_ibufg/O
                                       net (fo=1, routed)           0.440     0.683    mmcm/inst/clk_in1_mmcm
                  MMCME2_ADV_X1Y2                                                   r  mmcm/inst/mmcm_adv_inst/CLKIN1
                  MMCME2_ADV_X1Y2      MMCME2_ADV (Prop_mmcme2_adv_CLKIN1_CLKOUT2)
                                                                   -2.540    -1.856 r  mmcm/inst/mmcm_adv_inst/CLKOUT2
                                       net (fo=1, routed)           0.531    -1.325    mmcm/inst/clk_out3_mmcm
                  BUFGCTRL_X0Y3                                                     r  mmcm/inst/clkout3_buf/I
                  BUFGCTRL_X0Y3        BUFG (Prop_bufg_I_O)         0.026    -1.299 r  mmcm/inst/clkout3_buf/O
                                       net (fo=27941, routed)       0.580    -0.720    wallypipelinedsoc/uncoregen.uncore/gpio.gpio/clk_out3
                  SLICE_X96Y142        FDRE                                         r  wallypipelinedsoc/uncoregen.uncore/gpio.gpio/out_xor_reg[2]/C
  ---------------------------------------------------------------------------------    -------------------
    Routing       SLICE_X96Y142        FDRE (Prop_fdre_C_Q)         0.164    -0.556 r  wallypipelinedsoc/uncoregen.uncore/gpio.gpio/out_xor_reg[2]/Q
                                       net (fo=2, routed)           0.194    -0.362    wallypipelinedsoc/uncoregen.uncore/gpio.gpio/out_xor_reg_n_0_[2]
    Routing       SLICE_X94Y143                                                     r  wallypipelinedsoc/uncoregen.uncore/gpio.gpio/GPO_OBUF[2]_inst_i_1/I0
    Routing       SLICE_X94Y143        LUT2 (Prop_lut2_I0_O)        0.045    -0.317 r  wallypipelinedsoc/uncoregen.uncore/gpio.gpio/GPO_OBUF[2]_inst_i_1/O
                                       net (fo=1, routed)           2.150     1.833    GPO_OBUF[2]
    Routing       T16                                                               r  GPO_OBUF[2]_inst/I
    Routing       T16                  OBUF (Prop_obuf_I_O)         1.173     3.006 r  GPO_OBUF[2]_inst/O
                                       net (fo=0)                   0.000     3.006    GPO[2]
                  T16                                                               r  GPO[2] (OUT)
  ---------------------------------------------------------------------------------    -------------------





--------------------------------------------------------------------------------------
Path Group:  (none)
From Clock:  clk_pll_i
  To Clock:  

Max Delay             1 Endpoint
Min Delay             2 Endpoints
--------------------------------------------------------------------------------------


Max Delay Paths
--------------------------------------------------------------------------------------
Slack:                    inf
  Source:                 ddr3/u_ddr3_mig/u_memc_ui_top_axi/mem_intfc0/ddr_phy_top0/u_ddr_calib_top/init_calib_complete_reg_rep__3/C
                            (rising edge-triggered cell FDRE clocked by clk_pll_i  {rise@0.000ns fall@5.000ns period=10.000ns})
  Destination:            DDR3Resetn
                            (output port)
  Path Group:             (none)
  Path Type:              Max at Slow Process Corner
  Data Path Delay:        6.960ns  (logic 2.496ns (35.856%)  route 4.465ns (64.144%))
  Logic Levels:           2  (LUT2=1 OBUF=1)
  Clock Uncertainty:      0.169ns  ((TSJ^2 + DJ^2)^1/2) / 2 + PE
    Total System Jitter     (TSJ):    0.050ns
    Discrete Jitter          (DJ):    0.098ns
    Phase Error              (PE):    0.114ns
  Timing Exception:       False Path

    Pin Reuse     Location             Delay type                Incr(ns)  Path(ns)    Netlist Resource(s)
  ---------------------------------------------------------------------------------    -------------------
                                       (clock clk_pll_i rise edge)
                                                                    0.000     0.000 r  
                  R4                                                0.000     0.000 r  clk (IN)
                                       net (fo=0)                   0.000     0.000    mmcm/inst/clk_in1
                  R4                                                                r  mmcm/inst/clkin1_ibufg/I
                  R4                   IBUF (Prop_ibuf_I_O)         1.475     1.475 r  mmcm/inst/clkin1_ibufg/O
                                       net (fo=1, routed)           1.233     2.708    mmcm/inst/clk_in1_mmcm
                  MMCME2_ADV_X1Y2                                                   r  mmcm/inst/mmcm_adv_inst/CLKIN1
                  MMCME2_ADV_X1Y2      MMCME2_ADV (Prop_mmcme2_adv_CLKIN1_CLKOUT0)
                                                                   -7.432    -4.724 r  mmcm/inst/mmcm_adv_inst/CLKOUT0
                                       net (fo=1, routed)           1.808    -2.915    mmcm/inst/clk_out1_mmcm
                  BUFGCTRL_X0Y2                                                     r  mmcm/inst/clkout1_buf/I
                  BUFGCTRL_X0Y2        BUFG (Prop_bufg_I_O)         0.096    -2.819 r  mmcm/inst/clkout1_buf/O
                                       net (fo=2, routed)           1.754    -1.065    ddr3/u_ddr3_mig/u_ddr3_infrastructure/mmcm_clk
                  PLLE2_ADV_X1Y3                                                    r  ddr3/u_ddr3_mig/u_ddr3_infrastructure/plle2_i/CLKIN1
                  PLLE2_ADV_X1Y3       PLLE2_ADV (Prop_plle2_adv_CLKIN1_CLKOUT3)
                                                                    0.088    -0.977 r  ddr3/u_ddr3_mig/u_ddr3_infrastructure/plle2_i/CLKOUT3
                                       net (fo=1, routed)           1.370     0.393    ddr3/u_ddr3_mig/u_ddr3_infrastructure/pll_clk3_out
                  BUFHCE_X1Y36                                                      r  ddr3/u_ddr3_mig/u_ddr3_infrastructure/u_bufh_pll_clk3/I
                  BUFHCE_X1Y36         BUFH (Prop_bufh_I_O)         0.127     0.520 r  ddr3/u_ddr3_mig/u_ddr3_infrastructure/u_bufh_pll_clk3/O
                                       net (fo=1, routed)           0.943     1.463    ddr3/u_ddr3_mig/u_ddr3_infrastructure/pll_clk3
                  MMCME2_ADV_X1Y3                                                   r  ddr3/u_ddr3_mig/u_ddr3_infrastructure/gen_mmcm.mmcm_i/CLKIN1
                  MMCME2_ADV_X1Y3      MMCME2_ADV (Prop_mmcme2_adv_CLKIN1_CLKFBOUT)
                                                                   -3.633    -2.171 r  ddr3/u_ddr3_mig/u_ddr3_infrastructure/gen_mmcm.mmcm_i/CLKFBOUT
                                       net (fo=1, routed)           1.808    -0.362    ddr3/u_ddr3_mig/u_ddr3_infrastructure/clk_pll_i
                  BUFGCTRL_X0Y16                                                    r  ddr3/u_ddr3_mig/u_ddr3_infrastructure/u_bufg_clkdiv0/I
                  BUFGCTRL_X0Y16       BUFG (Prop_bufg_I_O)         0.096    -0.266 r  ddr3/u_ddr3_mig/u_ddr3_infrastructure/u_bufg_clkdiv0/O
                                       net (fo=26482, routed)       1.813     1.547    ddr3/u_ddr3_mig/u_memc_ui_top_axi/mem_intfc0/ddr_phy_top0/u_ddr_calib_top/CLK
                  SLICE_X160Y163       FDRE                                         r  ddr3/u_ddr3_mig/u_memc_ui_top_axi/mem_intfc0/ddr_phy_top0/u_ddr_calib_top/init_calib_complete_reg_rep__3/C
  ---------------------------------------------------------------------------------    -------------------
    Routing       SLICE_X160Y163       FDRE (Prop_fdre_C_Q)         0.419     1.966 r  ddr3/u_ddr3_mig/u_memc_ui_top_axi/mem_intfc0/ddr_phy_top0/u_ddr_calib_top/init_calib_complete_reg_rep__3/Q
                                       net (fo=47, routed)          2.021     3.987    ddr3/u_ddr3_mig/u_memc_ui_top_axi/mem_intfc0/ddr_phy_top0/u_ddr_calib_top/u_ddr_phy_init/phy_ctl_wd_i1_reg[22]
    Routing       SLICE_X151Y174                                                    r  ddr3/u_ddr3_mig/u_memc_ui_top_axi/mem_intfc0/ddr_phy_top0/u_ddr_calib_top/u_ddr_phy_init/gen_reset_obuf.u_reset_obuf_i_1/I0
    Routing       SLICE_X151Y174       LUT2 (Prop_lut2_I0_O)        0.296     4.283 r  ddr3/u_ddr3_mig/u_memc_ui_top_axi/mem_intfc0/ddr_phy_top0/u_ddr_calib_top/u_ddr_phy_init/gen_reset_obuf.u_reset_obuf_i_1/O
                                       net (fo=1, routed)           2.444     6.726    ddr3/u_ddr3_mig/u_memc_ui_top_axi/mem_intfc0/ddr_phy_top0/u_ddr_mc_phy_wrapper/mux_reset_n
    Routing       G1                                                                r  ddr3/u_ddr3_mig/u_memc_ui_top_axi/mem_intfc0/ddr_phy_top0/u_ddr_mc_phy_wrapper/gen_reset_obuf.u_reset_obuf/I
    Routing       G1                   OBUF (Prop_obuf_I_O)         1.781     8.507 r  ddr3/u_ddr3_mig/u_memc_ui_top_axi/mem_intfc0/ddr_phy_top0/u_ddr_mc_phy_wrapper/gen_reset_obuf.u_reset_obuf/O
                                       net (fo=0)                   0.000     8.507    DDR3Resetn
                  G1                                                                r  DDR3Resetn (OUT)
  ---------------------------------------------------------------------------------    -------------------





Min Delay Paths
--------------------------------------------------------------------------------------
Slack:                    inf
  Source:                 ddr3/u_ddr3_mig/u_ddr3_infrastructure/rstdiv0_sync_r1_reg_rep/C
                            (rising edge-triggered cell FDPE clocked by clk_pll_i  {rise@0.000ns fall@5.000ns period=10.000ns})
  Destination:            ddr3/u_ddr3_mig/u_memc_ui_top_axi/mem_intfc0/ddr_phy_top0/u_ddr_mc_phy_wrapper/u_ddr_mc_phy/ddr_phy_4lanes_0.u_ddr_phy_4lanes/phy_control_i/RESET
  Path Group:             (none)
  Path Type:              Min at Fast Process Corner
  Data Path Delay:        1.907ns  (logic 0.141ns (7.395%)  route 1.766ns (92.605%))
  Logic Levels:           0  
  Clock Uncertainty:      0.169ns  ((TSJ^2 + DJ^2)^1/2) / 2 + PE
    Total System Jitter     (TSJ):    0.050ns
    Discrete Jitter          (DJ):    0.098ns
    Phase Error              (PE):    0.114ns
  Timing Exception:       False Path

    Pin Reuse     Location             Delay type                Incr(ns)  Path(ns)    Netlist Resource(s)
  ---------------------------------------------------------------------------------    -------------------
                                       (clock clk_pll_i rise edge)
                                                                    0.000     0.000 r  
                  R4                                                0.000     0.000 r  clk (IN)
                                       net (fo=0)                   0.000     0.000    mmcm/inst/clk_in1
                  R4                                                                r  mmcm/inst/clkin1_ibufg/I
                  R4                   IBUF (Prop_ibuf_I_O)         0.243     0.243 r  mmcm/inst/clkin1_ibufg/O
                                       net (fo=1, routed)           0.440     0.683    mmcm/inst/clk_in1_mmcm
                  MMCME2_ADV_X1Y2                                                   r  mmcm/inst/mmcm_adv_inst/CLKIN1
                  MMCME2_ADV_X1Y2      MMCME2_ADV (Prop_mmcme2_adv_CLKIN1_CLKOUT0)
                                                                   -2.540    -1.856 r  mmcm/inst/mmcm_adv_inst/CLKOUT0
                                       net (fo=1, routed)           0.531    -1.325    mmcm/inst/clk_out1_mmcm
                  BUFGCTRL_X0Y2                                                     r  mmcm/inst/clkout1_buf/I
                  BUFGCTRL_X0Y2        BUFG (Prop_bufg_I_O)         0.026    -1.299 r  mmcm/inst/clkout1_buf/O
                                       net (fo=2, routed)           0.606    -0.694    ddr3/u_ddr3_mig/u_ddr3_infrastructure/mmcm_clk
                  PLLE2_ADV_X1Y3                                                    r  ddr3/u_ddr3_mig/u_ddr3_infrastructure/plle2_i/CLKIN1
                  PLLE2_ADV_X1Y3       PLLE2_ADV (Prop_plle2_adv_CLKIN1_CLKOUT3)
                                                                    0.050    -0.644 r  ddr3/u_ddr3_mig/u_ddr3_infrastructure/plle2_i/CLKOUT3
                                       net (fo=1, routed)           0.426    -0.218    ddr3/u_ddr3_mig/u_ddr3_infrastructure/pll_clk3_out
                  BUFHCE_X1Y36                                                      r  ddr3/u_ddr3_mig/u_ddr3_infrastructure/u_bufh_pll_clk3/I
                  BUFHCE_X1Y36         BUFH (Prop_bufh_I_O)         0.020    -0.198 r  ddr3/u_ddr3_mig/u_ddr3_infrastructure/u_bufh_pll_clk3/O
                                       net (fo=1, routed)           0.313     0.115    ddr3/u_ddr3_mig/u_ddr3_infrastructure/pll_clk3
                  MMCME2_ADV_X1Y3                                                   r  ddr3/u_ddr3_mig/u_ddr3_infrastructure/gen_mmcm.mmcm_i/CLKIN1
                  MMCME2_ADV_X1Y3      MMCME2_ADV (Prop_mmcme2_adv_CLKIN1_CLKFBOUT)
                                                                   -1.156    -1.040 r  ddr3/u_ddr3_mig/u_ddr3_infrastructure/gen_mmcm.mmcm_i/CLKFBOUT
                                       net (fo=1, routed)           0.531    -0.509    ddr3/u_ddr3_mig/u_ddr3_infrastructure/clk_pll_i
                  BUFGCTRL_X0Y16                                                    r  ddr3/u_ddr3_mig/u_ddr3_infrastructure/u_bufg_clkdiv0/I
                  BUFGCTRL_X0Y16       BUFG (Prop_bufg_I_O)         0.026    -0.483 r  ddr3/u_ddr3_mig/u_ddr3_infrastructure/u_bufg_clkdiv0/O
                                       net (fo=26482, routed)       0.585     0.101    ddr3/u_ddr3_mig/u_ddr3_infrastructure/CLK
                  SLICE_X117Y165       FDPE                                         r  ddr3/u_ddr3_mig/u_ddr3_infrastructure/rstdiv0_sync_r1_reg_rep/C
  ---------------------------------------------------------------------------------    -------------------
    Routing       SLICE_X117Y165       FDPE (Prop_fdpe_C_Q)         0.141     0.242 r  ddr3/u_ddr3_mig/u_ddr3_infrastructure/rstdiv0_sync_r1_reg_rep/Q
                                       net (fo=53, routed)          1.766     2.008    ddr3/u_ddr3_mig/u_memc_ui_top_axi/mem_intfc0/ddr_phy_top0/u_ddr_mc_phy_wrapper/u_ddr_mc_phy/ddr_phy_4lanes_0.u_ddr_phy_4lanes/in0
    Routing       PHY_CONTROL_X1Y3     PHY_CONTROL                                  r  ddr3/u_ddr3_mig/u_memc_ui_top_axi/mem_intfc0/ddr_phy_top0/u_ddr_mc_phy_wrapper/u_ddr_mc_phy/ddr_phy_4lanes_0.u_ddr_phy_4lanes/phy_control_i/RESET
  ---------------------------------------------------------------------------------    -------------------





--------------------------------------------------------------------------------------
Path Group:  (none)
From Clock:  clk_out1_videoclock
  To Clock:  clk_out1_videoclock

Max Delay            16 Endpoints
Min Delay            16 Endpoints
--------------------------------------------------------------------------------------


Max Delay Paths
--------------------------------------------------------------------------------------
Slack:                    inf
  Source:                 rasterixgen.rasterix/memory/rasterixmem_i/interconnect/inst/clk_map/psr_aclk1/U0/ACTIVE_LOW_BSR_OUT_DFF[0].FDRE_BSR_N/C
                            (rising edge-triggered cell FDRE clocked by clk_out1_videoclock  {rise@0.000ns fall@19.841ns period=39.683ns})
  Destination:            rasterixgen.rasterix/memory/rasterixmem_i/interconnect/inst/s02_entry_pipeline/s02_transaction_regulator/inst/xpm_cdc_async_rst_inst/arststages_ff_reg[0]/CLR
                            (recovery check against rising-edge clock clk_out1_videoclock  {rise@0.000ns fall@19.841ns period=39.683ns})
  Path Group:             (none)
  Path Type:              Recovery (Max at Slow Process Corner)
  Data Path Delay:        2.533ns  (logic 0.580ns (22.899%)  route 1.953ns (77.101%))
  Logic Levels:           1  (LUT1=1)
  Clock Path Skew:        -0.670ns (DCD - SCD + CPR)
    Destination Clock Delay (DCD):    -1.658ns
    Source Clock Delay      (SCD):    -0.989ns
    Clock Pessimism Removal (CPR):    0.000ns
  Clock Uncertainty:      0.467ns  ((TSJ^2 + DJ^2)^1/2) / 2 + PE
    Total System Jitter     (TSJ):    0.071ns
    Discrete Jitter          (DJ):    0.930ns
    Phase Error              (PE):    0.000ns
  Timing Exception:       False Path

    Pin Reuse     Location             Delay type                Incr(ns)  Path(ns)    Netlist Resource(s)
  ---------------------------------------------------------------------------------    -------------------
                                       (clock clk_out1_videoclock rise edge)
                                                                    0.000     0.000 r  
                  R4                                                0.000     0.000 r  clk (IN)
                                       net (fo=0)                   0.000     0.000    mmcm/inst/clk_in1
                  R4                                                                r  mmcm/inst/clkin1_ibufg/I
                  R4                   IBUF (Prop_ibuf_I_O)         1.475     1.475 r  mmcm/inst/clkin1_ibufg/O
                                       net (fo=1, routed)           1.233     2.708    mmcm/inst/clk_in1_mmcm
                  MMCME2_ADV_X1Y2                                                   r  mmcm/inst/mmcm_adv_inst/CLKIN1
                  MMCME2_ADV_X1Y2      MMCME2_ADV (Prop_mmcme2_adv_CLKIN1_CLKOUT0)
                                                                   -7.432    -4.724 r  mmcm/inst/mmcm_adv_inst/CLKOUT0
                                       net (fo=1, routed)           1.808    -2.915    mmcm/inst/clk_out1_mmcm
                  BUFGCTRL_X0Y2                                                     r  mmcm/inst/clkout1_buf/I
                  BUFGCTRL_X0Y2        BUFG (Prop_bufg_I_O)         0.096    -2.819 r  mmcm/inst/clkout1_buf/O
                                       net (fo=2, routed)           2.106    -0.713    rasterixgen.videoclock/inst/clk_in1
                  MMCME2_ADV_X1Y0                                                   r  rasterixgen.videoclock/inst/mmcm_adv_inst/CLKIN1
                  MMCME2_ADV_X1Y0      MMCME2_ADV (Prop_mmcme2_adv_CLKIN1_CLKOUT0)
                                                                   -4.900    -5.613 r  rasterixgen.videoclock/inst/mmcm_adv_inst/CLKOUT0
                                       net (fo=1, routed)           2.697    -2.915    rasterixgen.videoclock/inst/clk_out1_videoclock
                  BUFGCTRL_X0Y4                                                     r  rasterixgen.videoclock/inst/clkout1_buf/I
                  BUFGCTRL_X0Y4        BUFG (Prop_bufg_I_O)         0.096    -2.819 r  rasterixgen.videoclock/inst/clkout1_buf/O
                                       net (fo=868, routed)         1.830    -0.989    rasterixgen.rasterix/memory/rasterixmem_i/interconnect/inst/clk_map/psr_aclk1/U0/aclk1
                  SLICE_X156Y145       FDRE                                         r  rasterixgen.rasterix/memory/rasterixmem_i/interconnect/inst/clk_map/psr_aclk1/U0/ACTIVE_LOW_BSR_OUT_DFF[0].FDRE_BSR_N/C
  ---------------------------------------------------------------------------------    -------------------
    Routing       SLICE_X156Y145       FDRE (Prop_fdre_C_Q)         0.456    -0.533 r  rasterixgen.rasterix/memory/rasterixmem_i/interconnect/inst/clk_map/psr_aclk1/U0/ACTIVE_LOW_BSR_OUT_DFF[0].FDRE_BSR_N/Q
                                       net (fo=5, routed)           0.985     0.452    rasterixgen.rasterix/memory/rasterixmem_i/interconnect/inst/s02_entry_pipeline/s02_transaction_regulator/inst/xpm_cdc_async_rst_inst/src_arst
    Routing       SLICE_X156Y141                                                    r  rasterixgen.rasterix/memory/rasterixmem_i/interconnect/inst/s02_entry_pipeline/s02_transaction_regulator/inst/xpm_cdc_async_rst_inst/arststages_ff[2]_i_1/I0
    Routing       SLICE_X156Y141       LUT1 (Prop_lut1_I0_O)        0.124     0.576 f  rasterixgen.rasterix/memory/rasterixmem_i/interconnect/inst/s02_entry_pipeline/s02_transaction_regulator/inst/xpm_cdc_async_rst_inst/arststages_ff[2]_i_1/O
                                       net (fo=3, routed)           0.968     1.544    rasterixgen.rasterix/memory/rasterixmem_i/interconnect/inst/s02_entry_pipeline/s02_transaction_regulator/inst/xpm_cdc_async_rst_inst/reset_pol
    Routing       SLICE_X146Y141       FDCE                                         f  rasterixgen.rasterix/memory/rasterixmem_i/interconnect/inst/s02_entry_pipeline/s02_transaction_regulator/inst/xpm_cdc_async_rst_inst/arststages_ff_reg[0]/CLR
  ---------------------------------------------------------------------------------    -------------------

                                       (clock clk_out1_videoclock rise edge)
                                                                    0.000     0.000 r  
                  R4                                                0.000     0.000 r  clk (IN)
                                       net (fo=0)                   0.000     0.000    mmcm/inst/clk_in1
                  R4                                                                r  mmcm/inst/clkin1_ibufg/I
                  R4                   IBUF (Prop_ibuf_I_O)         1.405     1.405 r  mmcm/inst/clkin1_ibufg/O
                                       net (fo=1, routed)           1.162     2.567    mmcm/inst/clk_in1_mmcm
                  MMCME2_ADV_X1Y2                                                   r  mmcm/inst/mmcm_adv_inst/CLKIN1
                  MMCME2_ADV_X1Y2      MMCME2_ADV (Prop_mmcme2_adv_CLKIN1_CLKOUT0)
                                                                   -7.674    -5.107 r  mmcm/inst/mmcm_adv_inst/CLKOUT0
                                       net (fo=1, routed)           1.723    -3.384    mmcm/inst/clk_out1_mmcm
                  BUFGCTRL_X0Y2                                                     r  mmcm/inst/clkout1_buf/I
                  BUFGCTRL_X0Y2        BUFG (Prop_bufg_I_O)         0.091    -3.293 r  mmcm/inst/clkout1_buf/O
                                       net (fo=2, routed)           1.972    -1.321    rasterixgen.videoclock/inst/clk_in1
                  MMCME2_ADV_X1Y0                                                   r  rasterixgen.videoclock/inst/mmcm_adv_inst/CLKIN1
                  MMCME2_ADV_X1Y0      MMCME2_ADV (Prop_mmcme2_adv_CLKIN1_CLKOUT0)
                                                                   -4.637    -5.958 r  rasterixgen.videoclock/inst/mmcm_adv_inst/CLKOUT0
                                       net (fo=1, routed)           2.574    -3.384    rasterixgen.videoclock/inst/clk_out1_videoclock
                  BUFGCTRL_X0Y4                                                     r  rasterixgen.videoclock/inst/clkout1_buf/I
                  BUFGCTRL_X0Y4        BUFG (Prop_bufg_I_O)         0.091    -3.293 r  rasterixgen.videoclock/inst/clkout1_buf/O
                                       net (fo=868, routed)         1.634    -1.658    rasterixgen.rasterix/memory/rasterixmem_i/interconnect/inst/s02_entry_pipeline/s02_transaction_regulator/inst/xpm_cdc_async_rst_inst/dest_clk
                  SLICE_X146Y141       FDCE                                         r  rasterixgen.rasterix/memory/rasterixmem_i/interconnect/inst/s02_entry_pipeline/s02_transaction_regulator/inst/xpm_cdc_async_rst_inst/arststages_ff_reg[0]/C





Min Delay Paths
--------------------------------------------------------------------------------------
Slack:                    inf
  Source:                 rasterixgen.rasterix/memory/rasterixmem_i/interconnect/inst/clk_map/psr0/U0/ACTIVE_LOW_BSR_OUT_DFF[0].FDRE_BSR_N/C
                            (rising edge-triggered cell FDRE clocked by clk_out1_videoclock  {rise@0.000ns fall@19.841ns period=39.683ns})
  Destination:            rasterixgen.rasterix/memory/rasterixmem_i/interconnect/inst/clk_map/psr_aclk1/U0/EXT_LPF/ACTIVE_LOW_EXT.ACT_LO_EXT/syncstages_ff_reg[0]/D
                            (rising edge-triggered cell FDRE clocked by clk_out1_videoclock  {rise@0.000ns fall@19.841ns period=39.683ns})
  Path Group:             (none)
  Path Type:              Hold (Min at Slow Process Corner)
  Data Path Delay:        1.249ns  (logic 0.467ns (37.393%)  route 0.782ns (62.607%))
  Logic Levels:           1  (LUT1=1)
  Clock Path Skew:        0.593ns (DCD - SCD - CPR)
    Destination Clock Delay (DCD):    -0.987ns
    Source Clock Delay      (SCD):    -1.579ns
    Clock Pessimism Removal (CPR):    -0.000ns
  Clock Uncertainty:      0.467ns  ((TSJ^2 + DJ^2)^1/2) / 2 + PE
    Total System Jitter     (TSJ):    0.071ns
    Discrete Jitter          (DJ):    0.930ns
    Phase Error              (PE):    0.000ns
  Timing Exception:       False Path

    Pin Reuse     Location             Delay type                Incr(ns)  Path(ns)    Netlist Resource(s)
  ---------------------------------------------------------------------------------    -------------------
                                       (clock clk_out1_videoclock rise edge)
                                                                    0.000     0.000 r  
                  R4                                                0.000     0.000 r  clk (IN)
                                       net (fo=0)                   0.000     0.000    mmcm/inst/clk_in1
                  R4                                                                r  mmcm/inst/clkin1_ibufg/I
                  R4                   IBUF (Prop_ibuf_I_O)         1.405     1.405 r  mmcm/inst/clkin1_ibufg/O
                                       net (fo=1, routed)           1.162     2.567    mmcm/inst/clk_in1_mmcm
                  MMCME2_ADV_X1Y2                                                   r  mmcm/inst/mmcm_adv_inst/CLKIN1
                  MMCME2_ADV_X1Y2      MMCME2_ADV (Prop_mmcme2_adv_CLKIN1_CLKOUT0)
                                                                   -7.674    -5.107 r  mmcm/inst/mmcm_adv_inst/CLKOUT0
                                       net (fo=1, routed)           1.723    -3.384    mmcm/inst/clk_out1_mmcm
                  BUFGCTRL_X0Y2                                                     r  mmcm/inst/clkout1_buf/I
                  BUFGCTRL_X0Y2        BUFG (Prop_bufg_I_O)         0.091    -3.293 r  mmcm/inst/clkout1_buf/O
                                       net (fo=2, routed)           1.972    -1.321    rasterixgen.videoclock/inst/clk_in1
                  MMCME2_ADV_X1Y0                                                   r  rasterixgen.videoclock/inst/mmcm_adv_inst/CLKIN1
                  MMCME2_ADV_X1Y0      MMCME2_ADV (Prop_mmcme2_adv_CLKIN1_CLKOUT0)
                                                                   -4.637    -5.958 r  rasterixgen.videoclock/inst/mmcm_adv_inst/CLKOUT0
                                       net (fo=1, routed)           2.574    -3.384    rasterixgen.videoclock/inst/clk_out1_videoclock
                  BUFGCTRL_X0Y4                                                     r  rasterixgen.videoclock/inst/clkout1_buf/I
                  BUFGCTRL_X0Y4        BUFG (Prop_bufg_I_O)         0.091    -3.293 r  rasterixgen.videoclock/inst/clkout1_buf/O
                                       net (fo=868, routed)         1.713    -1.579    rasterixgen.rasterix/memory/rasterixmem_i/interconnect/inst/clk_map/psr0/U0/aclk1
                  SLICE_X163Y145       FDRE                                         r  rasterixgen.rasterix/memory/rasterixmem_i/interconnect/inst/clk_map/psr0/U0/ACTIVE_LOW_BSR_OUT_DFF[0].FDRE_BSR_N/C
  ---------------------------------------------------------------------------------    -------------------
    Routing       SLICE_X163Y145       FDRE (Prop_fdre_C_Q)         0.367    -1.212 f  rasterixgen.rasterix/memory/rasterixmem_i/interconnect/inst/clk_map/psr0/U0/ACTIVE_LOW_BSR_OUT_DFF[0].FDRE_BSR_N/Q
                                       net (fo=1, routed)           0.406    -0.806    rasterixgen.rasterix/memory/rasterixmem_i/interconnect/inst/clk_map/psr0/U0/EXT_LPF/psr0_interconnect_aresetn[0]
    Routing       SLICE_X163Y145                                                    f  rasterixgen.rasterix/memory/rasterixmem_i/interconnect/inst/clk_map/psr0/U0/EXT_LPF/ACTIVE_LOW_EXT.ACT_LO_EXT_i_1/I0
    Routing       SLICE_X163Y145       LUT1 (Prop_lut1_I0_O)        0.100    -0.706 r  rasterixgen.rasterix/memory/rasterixmem_i/interconnect/inst/clk_map/psr0/U0/EXT_LPF/ACTIVE_LOW_EXT.ACT_LO_EXT_i_1/O
                                       net (fo=2, routed)           0.376    -0.331    rasterixgen.rasterix/memory/rasterixmem_i/interconnect/inst/clk_map/psr_aclk1/U0/EXT_LPF/ACTIVE_LOW_EXT.ACT_LO_EXT/src_in
    Routing       SLICE_X163Y146       FDRE                                         r  rasterixgen.rasterix/memory/rasterixmem_i/interconnect/inst/clk_map/psr_aclk1/U0/EXT_LPF/ACTIVE_LOW_EXT.ACT_LO_EXT/syncstages_ff_reg[0]/D
  ---------------------------------------------------------------------------------    -------------------

                                       (clock clk_out1_videoclock rise edge)
                                                                    0.000     0.000 r  
                  R4                                                0.000     0.000 r  clk (IN)
                                       net (fo=0)                   0.000     0.000    mmcm/inst/clk_in1
                  R4                                                                r  mmcm/inst/clkin1_ibufg/I
                  R4                   IBUF (Prop_ibuf_I_O)         1.475     1.475 r  mmcm/inst/clkin1_ibufg/O
                                       net (fo=1, routed)           1.233     2.708    mmcm/inst/clk_in1_mmcm
                  MMCME2_ADV_X1Y2                                                   r  mmcm/inst/mmcm_adv_inst/CLKIN1
                  MMCME2_ADV_X1Y2      MMCME2_ADV (Prop_mmcme2_adv_CLKIN1_CLKOUT0)
                                                                   -7.432    -4.724 r  mmcm/inst/mmcm_adv_inst/CLKOUT0
                                       net (fo=1, routed)           1.808    -2.915    mmcm/inst/clk_out1_mmcm
                  BUFGCTRL_X0Y2                                                     r  mmcm/inst/clkout1_buf/I
                  BUFGCTRL_X0Y2        BUFG (Prop_bufg_I_O)         0.096    -2.819 r  mmcm/inst/clkout1_buf/O
                                       net (fo=2, routed)           2.106    -0.713    rasterixgen.videoclock/inst/clk_in1
                  MMCME2_ADV_X1Y0                                                   r  rasterixgen.videoclock/inst/mmcm_adv_inst/CLKIN1
                  MMCME2_ADV_X1Y0      MMCME2_ADV (Prop_mmcme2_adv_CLKIN1_CLKOUT0)
                                                                   -4.900    -5.613 r  rasterixgen.videoclock/inst/mmcm_adv_inst/CLKOUT0
                                       net (fo=1, routed)           2.697    -2.915    rasterixgen.videoclock/inst/clk_out1_videoclock
                  BUFGCTRL_X0Y4                                                     r  rasterixgen.videoclock/inst/clkout1_buf/I
                  BUFGCTRL_X0Y4        BUFG (Prop_bufg_I_O)         0.096    -2.819 r  rasterixgen.videoclock/inst/clkout1_buf/O
                                       net (fo=868, routed)         1.832    -0.987    rasterixgen.rasterix/memory/rasterixmem_i/interconnect/inst/clk_map/psr_aclk1/U0/EXT_LPF/ACTIVE_LOW_EXT.ACT_LO_EXT/dest_clk
                  SLICE_X163Y146       FDRE                                         r  rasterixgen.rasterix/memory/rasterixmem_i/interconnect/inst/clk_map/psr_aclk1/U0/EXT_LPF/ACTIVE_LOW_EXT.ACT_LO_EXT/syncstages_ff_reg[0]/C





--------------------------------------------------------------------------------------
Path Group:  (none)
From Clock:  clk_pll_i
  To Clock:  clk_out1_videoclock

Max Delay             4 Endpoints
Min Delay           116 Endpoints
--------------------------------------------------------------------------------------


Max Delay Paths
--------------------------------------------------------------------------------------
Slack:                    inf
  Source:                 ddrreset/U0/ACTIVE_LOW_PR_OUT_DFF[0].FDRE_PER_N/C
                            (rising edge-triggered cell FDRE clocked by clk_pll_i  {rise@0.000ns fall@5.000ns period=10.000ns})
  Destination:            rasterixgen.rasterix/memory/rasterixmem_i/interconnect/inst/clk_map/psr0/U0/EXT_LPF/ACTIVE_LOW_AUX.ACT_LO_AUX/syncstages_ff_reg[0]/D
                            (rising edge-triggered cell FDRE clocked by clk_out1_videoclock  {rise@0.000ns fall@19.841ns period=39.683ns})
  Path Group:             (none)
  Path Type:              Setup (Max at Slow Process Corner)
  Data Path Delay:        4.224ns  (logic 0.642ns (15.201%)  route 3.582ns (84.799%))
  Logic Levels:           1  (LUT1=1)
  Clock Path Skew:        -3.242ns (DCD - SCD + CPR)
    Destination Clock Delay (DCD):    -1.579ns
    Source Clock Delay      (SCD):    1.662ns
    Clock Pessimism Removal (CPR):    0.000ns
  Clock Uncertainty:      0.652ns  ((TSJ^2 + DJ^2)^1/2) / 2 + PE
    Total System Jitter     (TSJ):    0.071ns
    Discrete Jitter          (DJ):    0.568ns
    Phase Error              (PE):    0.366ns
  Timing Exception:       False Path

    Pin Reuse     Location             Delay type                Incr(ns)  Path(ns)    Netlist Resource(s)
  ---------------------------------------------------------------------------------    -------------------
                                       (clock clk_pll_i rise edge)
                                                                    0.000     0.000 r  
                  R4                                                0.000     0.000 r  clk (IN)
                                       net (fo=0)                   0.000     0.000    mmcm/inst/clk_in1
                  R4                                                                r  mmcm/inst/clkin1_ibufg/I
                  R4                   IBUF (Prop_ibuf_I_O)         1.475     1.475 r  mmcm/inst/clkin1_ibufg/O
                                       net (fo=1, routed)           1.233     2.708    mmcm/inst/clk_in1_mmcm
                  MMCME2_ADV_X1Y2                                                   r  mmcm/inst/mmcm_adv_inst/CLKIN1
                  MMCME2_ADV_X1Y2      MMCME2_ADV (Prop_mmcme2_adv_CLKIN1_CLKOUT0)
                                                                   -7.432    -4.724 r  mmcm/inst/mmcm_adv_inst/CLKOUT0
                                       net (fo=1, routed)           1.808    -2.915    mmcm/inst/clk_out1_mmcm
                  BUFGCTRL_X0Y2                                                     r  mmcm/inst/clkout1_buf/I
                  BUFGCTRL_X0Y2        BUFG (Prop_bufg_I_O)         0.096    -2.819 r  mmcm/inst/clkout1_buf/O
                                       net (fo=2, routed)           1.754    -1.065    ddr3/u_ddr3_mig/u_ddr3_infrastructure/mmcm_clk
                  PLLE2_ADV_X1Y3                                                    r  ddr3/u_ddr3_mig/u_ddr3_infrastructure/plle2_i/CLKIN1
                  PLLE2_ADV_X1Y3       PLLE2_ADV (Prop_plle2_adv_CLKIN1_CLKOUT3)
                                                                    0.088    -0.977 r  ddr3/u_ddr3_mig/u_ddr3_infrastructure/plle2_i/CLKOUT3
                                       net (fo=1, routed)           1.370     0.393    ddr3/u_ddr3_mig/u_ddr3_infrastructure/pll_clk3_out
                  BUFHCE_X1Y36                                                      r  ddr3/u_ddr3_mig/u_ddr3_infrastructure/u_bufh_pll_clk3/I
                  BUFHCE_X1Y36         BUFH (Prop_bufh_I_O)         0.127     0.520 r  ddr3/u_ddr3_mig/u_ddr3_infrastructure/u_bufh_pll_clk3/O
                                       net (fo=1, routed)           0.943     1.463    ddr3/u_ddr3_mig/u_ddr3_infrastructure/pll_clk3
                  MMCME2_ADV_X1Y3                                                   r  ddr3/u_ddr3_mig/u_ddr3_infrastructure/gen_mmcm.mmcm_i/CLKIN1
                  MMCME2_ADV_X1Y3      MMCME2_ADV (Prop_mmcme2_adv_CLKIN1_CLKFBOUT)
                                                                   -3.633    -2.171 r  ddr3/u_ddr3_mig/u_ddr3_infrastructure/gen_mmcm.mmcm_i/CLKFBOUT
                                       net (fo=1, routed)           1.808    -0.362    ddr3/u_ddr3_mig/u_ddr3_infrastructure/clk_pll_i
                  BUFGCTRL_X0Y16                                                    r  ddr3/u_ddr3_mig/u_ddr3_infrastructure/u_bufg_clkdiv0/I
                  BUFGCTRL_X0Y16       BUFG (Prop_bufg_I_O)         0.096    -0.266 r  ddr3/u_ddr3_mig/u_ddr3_infrastructure/u_bufg_clkdiv0/O
                                       net (fo=26482, routed)       1.928     1.662    ddrreset/U0/slowest_sync_clk
                  SLICE_X142Y92        FDRE                                         r  ddrreset/U0/ACTIVE_LOW_PR_OUT_DFF[0].FDRE_PER_N/C
  ---------------------------------------------------------------------------------    -------------------
    Placement     SLICE_X142Y92        FDRE (Prop_fdre_C_Q)         0.518     2.180 f  ddrreset/U0/ACTIVE_LOW_PR_OUT_DFF[0].FDRE_PER_N/Q
                                       net (fo=425, routed)         2.985     5.166    rasterixgen.rasterix/memory/rasterixmem_i/interconnect/inst/clk_map/psr_aclk/U0/EXT_LPF/aresetn
    Placement     SLICE_X159Y146                                                    f  rasterixgen.rasterix/memory/rasterixmem_i/interconnect/inst/clk_map/psr_aclk/U0/EXT_LPF/ACTIVE_LOW_AUX.ACT_LO_AUX_i_1/I0
    Routing       SLICE_X159Y146       LUT1 (Prop_lut1_I0_O)        0.124     5.290 r  rasterixgen.rasterix/memory/rasterixmem_i/interconnect/inst/clk_map/psr_aclk/U0/EXT_LPF/ACTIVE_LOW_AUX.ACT_LO_AUX_i_1/O
                                       net (fo=3, routed)           0.596     5.886    rasterixgen.rasterix/memory/rasterixmem_i/interconnect/inst/clk_map/psr0/U0/EXT_LPF/ACTIVE_LOW_AUX.ACT_LO_AUX/src_in
    Routing       SLICE_X161Y143       FDRE                                         r  rasterixgen.rasterix/memory/rasterixmem_i/interconnect/inst/clk_map/psr0/U0/EXT_LPF/ACTIVE_LOW_AUX.ACT_LO_AUX/syncstages_ff_reg[0]/D
  ---------------------------------------------------------------------------------    -------------------

                                       (clock clk_out1_videoclock rise edge)
                                                                    0.000     0.000 r  
                  R4                                                0.000     0.000 r  clk (IN)
                                       net (fo=0)                   0.000     0.000    mmcm/inst/clk_in1
                  R4                                                                r  mmcm/inst/clkin1_ibufg/I
                  R4                   IBUF (Prop_ibuf_I_O)         1.405     1.405 r  mmcm/inst/clkin1_ibufg/O
                                       net (fo=1, routed)           1.162     2.567    mmcm/inst/clk_in1_mmcm
                  MMCME2_ADV_X1Y2                                                   r  mmcm/inst/mmcm_adv_inst/CLKIN1
                  MMCME2_ADV_X1Y2      MMCME2_ADV (Prop_mmcme2_adv_CLKIN1_CLKOUT0)
                                                                   -7.674    -5.107 r  mmcm/inst/mmcm_adv_inst/CLKOUT0
                                       net (fo=1, routed)           1.723    -3.384    mmcm/inst/clk_out1_mmcm
                  BUFGCTRL_X0Y2                                                     r  mmcm/inst/clkout1_buf/I
                  BUFGCTRL_X0Y2        BUFG (Prop_bufg_I_O)         0.091    -3.293 r  mmcm/inst/clkout1_buf/O
                                       net (fo=2, routed)           1.972    -1.321    rasterixgen.videoclock/inst/clk_in1
                  MMCME2_ADV_X1Y0                                                   r  rasterixgen.videoclock/inst/mmcm_adv_inst/CLKIN1
                  MMCME2_ADV_X1Y0      MMCME2_ADV (Prop_mmcme2_adv_CLKIN1_CLKOUT0)
                                                                   -4.637    -5.958 r  rasterixgen.videoclock/inst/mmcm_adv_inst/CLKOUT0
                                       net (fo=1, routed)           2.574    -3.384    rasterixgen.videoclock/inst/clk_out1_videoclock
                  BUFGCTRL_X0Y4                                                     r  rasterixgen.videoclock/inst/clkout1_buf/I
                  BUFGCTRL_X0Y4        BUFG (Prop_bufg_I_O)         0.091    -3.293 r  rasterixgen.videoclock/inst/clkout1_buf/O
                                       net (fo=868, routed)         1.713    -1.579    rasterixgen.rasterix/memory/rasterixmem_i/interconnect/inst/clk_map/psr0/U0/EXT_LPF/ACTIVE_LOW_AUX.ACT_LO_AUX/dest_clk
                  SLICE_X161Y143       FDRE                                         r  rasterixgen.rasterix/memory/rasterixmem_i/interconnect/inst/clk_map/psr0/U0/EXT_LPF/ACTIVE_LOW_AUX.ACT_LO_AUX/syncstages_ff_reg[0]/C





Min Delay Paths
--------------------------------------------------------------------------------------
Slack:                    inf
  Source:                 rasterixgen.rasterix/memory/rasterixmem_i/interconnect/inst/s02_nodes/s02_r_node/inst/inst_mi_handler/gen_normal_area.inst_fifo_node_payld/gen_xpm_memory_fifo.inst_fifo/gen_async_clocks.inst_cdc_addra_to_rd_clk/src_gray_ff_reg[3]/C
                            (rising edge-triggered cell FDRE clocked by clk_pll_i  {rise@0.000ns fall@5.000ns period=10.000ns})
  Destination:            rasterixgen.rasterix/memory/rasterixmem_i/interconnect/inst/s02_nodes/s02_r_node/inst/inst_mi_handler/gen_normal_area.inst_fifo_node_payld/gen_xpm_memory_fifo.inst_fifo/gen_async_clocks.inst_cdc_addra_to_rd_clk/dest_graysync_ff_reg[0][3]/D
                            (rising edge-triggered cell FDRE clocked by clk_out1_videoclock  {rise@0.000ns fall@19.841ns period=39.683ns})
  Path Group:             (none)
  Path Type:              Hold (Min at Fast Process Corner)
  Data Path Delay:        0.282ns  (logic 0.128ns (45.422%)  route 0.154ns (54.578%))
  Logic Levels:           0  
  Clock Path Skew:        -1.057ns (DCD - SCD - CPR)
    Destination Clock Delay (DCD):    -0.952ns
    Source Clock Delay      (SCD):    0.105ns
    Clock Pessimism Removal (CPR):    -0.000ns
  Clock Uncertainty:      0.652ns  ((TSJ^2 + DJ^2)^1/2) / 2 + PE
    Total System Jitter     (TSJ):    0.071ns
    Discrete Jitter          (DJ):    0.568ns
    Phase Error              (PE):    0.366ns
  Timing Exception:       False Path

    Pin Reuse     Location             Delay type                Incr(ns)  Path(ns)    Netlist Resource(s)
  ---------------------------------------------------------------------------------    -------------------
                                       (clock clk_pll_i rise edge)
                                                                    0.000     0.000 r  
                  R4                                                0.000     0.000 r  clk (IN)
                                       net (fo=0)                   0.000     0.000    mmcm/inst/clk_in1
                  R4                                                                r  mmcm/inst/clkin1_ibufg/I
                  R4                   IBUF (Prop_ibuf_I_O)         0.243     0.243 r  mmcm/inst/clkin1_ibufg/O
                                       net (fo=1, routed)           0.440     0.683    mmcm/inst/clk_in1_mmcm
                  MMCME2_ADV_X1Y2                                                   r  mmcm/inst/mmcm_adv_inst/CLKIN1
                  MMCME2_ADV_X1Y2      MMCME2_ADV (Prop_mmcme2_adv_CLKIN1_CLKOUT0)
                                                                   -2.540    -1.856 r  mmcm/inst/mmcm_adv_inst/CLKOUT0
                                       net (fo=1, routed)           0.531    -1.325    mmcm/inst/clk_out1_mmcm
                  BUFGCTRL_X0Y2                                                     r  mmcm/inst/clkout1_buf/I
                  BUFGCTRL_X0Y2        BUFG (Prop_bufg_I_O)         0.026    -1.299 r  mmcm/inst/clkout1_buf/O
                                       net (fo=2, routed)           0.606    -0.694    ddr3/u_ddr3_mig/u_ddr3_infrastructure/mmcm_clk
                  PLLE2_ADV_X1Y3                                                    r  ddr3/u_ddr3_mig/u_ddr3_infrastructure/plle2_i/CLKIN1
                  PLLE2_ADV_X1Y3       PLLE2_ADV (Prop_plle2_adv_CLKIN1_CLKOUT3)
                                                                    0.050    -0.644 r  ddr3/u_ddr3_mig/u_ddr3_infrastructure/plle2_i/CLKOUT3
                                       net (fo=1, routed)           0.426    -0.218    ddr3/u_ddr3_mig/u_ddr3_infrastructure/pll_clk3_out
                  BUFHCE_X1Y36                                                      r  ddr3/u_ddr3_mig/u_ddr3_infrastructure/u_bufh_pll_clk3/I
                  BUFHCE_X1Y36         BUFH (Prop_bufh_I_O)         0.020    -0.198 r  ddr3/u_ddr3_mig/u_ddr3_infrastructure/u_bufh_pll_clk3/O
                                       net (fo=1, routed)           0.313     0.115    ddr3/u_ddr3_mig/u_ddr3_infrastructure/pll_clk3
                  MMCME2_ADV_X1Y3                                                   r  ddr3/u_ddr3_mig/u_ddr3_infrastructure/gen_mmcm.mmcm_i/CLKIN1
                  MMCME2_ADV_X1Y3      MMCME2_ADV (Prop_mmcme2_adv_CLKIN1_CLKFBOUT)
                                                                   -1.156    -1.040 r  ddr3/u_ddr3_mig/u_ddr3_infrastructure/gen_mmcm.mmcm_i/CLKFBOUT
                                       net (fo=1, routed)           0.531    -0.509    ddr3/u_ddr3_mig/u_ddr3_infrastructure/clk_pll_i
                  BUFGCTRL_X0Y16                                                    r  ddr3/u_ddr3_mig/u_ddr3_infrastructure/u_bufg_clkdiv0/I
                  BUFGCTRL_X0Y16       BUFG (Prop_bufg_I_O)         0.026    -0.483 r  ddr3/u_ddr3_mig/u_ddr3_infrastructure/u_bufg_clkdiv0/O
                                       net (fo=26482, routed)       0.589     0.105    rasterixgen.rasterix/memory/rasterixmem_i/interconnect/inst/s02_nodes/s02_r_node/inst/inst_mi_handler/gen_normal_area.inst_fifo_node_payld/gen_xpm_memory_fifo.inst_fifo/gen_async_clocks.inst_cdc_addra_to_rd_clk/src_clk
                  SLICE_X125Y159       FDRE                                         r  rasterixgen.rasterix/memory/rasterixmem_i/interconnect/inst/s02_nodes/s02_r_node/inst/inst_mi_handler/gen_normal_area.inst_fifo_node_payld/gen_xpm_memory_fifo.inst_fifo/gen_async_clocks.inst_cdc_addra_to_rd_clk/src_gray_ff_reg[3]/C
  ---------------------------------------------------------------------------------    -------------------
    Routing       SLICE_X125Y159       FDRE (Prop_fdre_C_Q)         0.128     0.233 r  rasterixgen.rasterix/memory/rasterixmem_i/interconnect/inst/s02_nodes/s02_r_node/inst/inst_mi_handler/gen_normal_area.inst_fifo_node_payld/gen_xpm_memory_fifo.inst_fifo/gen_async_clocks.inst_cdc_addra_to_rd_clk/src_gray_ff_reg[3]/Q
                                       net (fo=1, routed)           0.154     0.387    rasterixgen.rasterix/memory/rasterixmem_i/interconnect/inst/s02_nodes/s02_r_node/inst/inst_mi_handler/gen_normal_area.inst_fifo_node_payld/gen_xpm_memory_fifo.inst_fifo/gen_async_clocks.inst_cdc_addra_to_rd_clk/async_path[3]
    Routing       SLICE_X127Y158       FDRE                                         r  rasterixgen.rasterix/memory/rasterixmem_i/interconnect/inst/s02_nodes/s02_r_node/inst/inst_mi_handler/gen_normal_area.inst_fifo_node_payld/gen_xpm_memory_fifo.inst_fifo/gen_async_clocks.inst_cdc_addra_to_rd_clk/dest_graysync_ff_reg[0][3]/D
  ---------------------------------------------------------------------------------    -------------------

                                       (clock clk_out1_videoclock rise edge)
                                                                    0.000     0.000 r  
                  R4                                                0.000     0.000 r  clk (IN)
                                       net (fo=0)                   0.000     0.000    mmcm/inst/clk_in1
                  R4                                                                r  mmcm/inst/clkin1_ibufg/I
                  R4                   IBUF (Prop_ibuf_I_O)         0.431     0.431 r  mmcm/inst/clkin1_ibufg/O
                                       net (fo=1, routed)           0.480     0.911    mmcm/inst/clk_in1_mmcm
                  MMCME2_ADV_X1Y2                                                   r  mmcm/inst/mmcm_adv_inst/CLKIN1
                  MMCME2_ADV_X1Y2      MMCME2_ADV (Prop_mmcme2_adv_CLKIN1_CLKOUT0)
                                                                   -3.332    -2.421 r  mmcm/inst/mmcm_adv_inst/CLKOUT0
                                       net (fo=1, routed)           0.579    -1.843    mmcm/inst/clk_out1_mmcm
                  BUFGCTRL_X0Y2                                                     r  mmcm/inst/clkout1_buf/I
                  BUFGCTRL_X0Y2        BUFG (Prop_bufg_I_O)         0.029    -1.814 r  mmcm/inst/clkout1_buf/O
                                       net (fo=2, routed)           1.022    -0.792    rasterixgen.videoclock/inst/clk_in1
                  MMCME2_ADV_X1Y0                                                   r  rasterixgen.videoclock/inst/mmcm_adv_inst/CLKIN1
                  MMCME2_ADV_X1Y0      MMCME2_ADV (Prop_mmcme2_adv_CLKIN1_CLKOUT0)
                                                                   -2.040    -2.832 r  rasterixgen.videoclock/inst/mmcm_adv_inst/CLKOUT0
                                       net (fo=1, routed)           0.989    -1.843    rasterixgen.videoclock/inst/clk_out1_videoclock
                  BUFGCTRL_X0Y4                                                     r  rasterixgen.videoclock/inst/clkout1_buf/I
                  BUFGCTRL_X0Y4        BUFG (Prop_bufg_I_O)         0.029    -1.814 r  rasterixgen.videoclock/inst/clkout1_buf/O
                                       net (fo=868, routed)         0.861    -0.952    rasterixgen.rasterix/memory/rasterixmem_i/interconnect/inst/s02_nodes/s02_r_node/inst/inst_mi_handler/gen_normal_area.inst_fifo_node_payld/gen_xpm_memory_fifo.inst_fifo/gen_async_clocks.inst_cdc_addra_to_rd_clk/dest_clk
                  SLICE_X127Y158       FDRE                                         r  rasterixgen.rasterix/memory/rasterixmem_i/interconnect/inst/s02_nodes/s02_r_node/inst/inst_mi_handler/gen_normal_area.inst_fifo_node_payld/gen_xpm_memory_fifo.inst_fifo/gen_async_clocks.inst_cdc_addra_to_rd_clk/dest_graysync_ff_reg[0][3]/C





--------------------------------------------------------------------------------------
Path Group:  (none)
From Clock:  
  To Clock:  clk_out2_mmcm

Max Delay            15 Endpoints
Min Delay            15 Endpoints
--------------------------------------------------------------------------------------


Max Delay Paths
--------------------------------------------------------------------------------------
Slack:                    inf
  Source:                 resetn
                            (input port)
  Destination:            ddr3/u_ddr3_mig/u_iodelay_ctrl/rst_ref_sync_r_reg[0][7]/PRE
                            (recovery check against rising-edge clock clk_out2_mmcm  {rise@0.000ns fall@2.500ns period=5.000ns})
  Path Group:             (none)
  Path Type:              Recovery (Max at Slow Process Corner)
  Data Path Delay:        7.861ns  (logic 1.217ns (15.478%)  route 6.645ns (84.522%))
  Logic Levels:           3  (IBUF=1 LUT1=1 LUT2=1)
  Clock Path Skew:        -1.754ns (DCD - SCD + CPR)
    Destination Clock Delay (DCD):    -1.754ns
    Source Clock Delay      (SCD):    0.000ns
    Clock Pessimism Removal (CPR):    0.000ns
  Clock Uncertainty:      0.161ns  ((TSJ^2 + DJ^2)^1/2) / 2 + PE
    Total System Jitter     (TSJ):    0.050ns
    Discrete Jitter          (DJ):    0.115ns
    Phase Error              (PE):    0.099ns
  Timing Exception:       False Path

    Pin Reuse     Location             Delay type                Incr(ns)  Path(ns)    Netlist Resource(s)
  ---------------------------------------------------------------------------------    -------------------
                  G4                                                0.000     0.000 r  resetn (IN)
                                       net (fo=0)                   0.000     0.000    resetn
    Routing       G4                                                                r  resetn_IBUF_inst/I
    Routing       G4                   IBUF (Prop_ibuf_I_O)         0.969     0.969 r  resetn_IBUF_inst/O
                                       net (fo=5, routed)           1.856     2.825    resetn_IBUF
    Routing       SLICE_X161Y161                                                    r  ddr3_i_1/I0
    Routing       SLICE_X161Y161       LUT2 (Prop_lut2_I0_O)        0.124     2.949 r  ddr3_i_1/O
                                       net (fo=2, routed)           1.370     4.319    ddr3/u_ddr3_mig/u_iodelay_ctrl/sys_rst_i
    Routing       SLICE_X161Y174                                                    r  ddr3/u_ddr3_mig/u_iodelay_ctrl/plle2_i_i_1/I0
    Routing       SLICE_X161Y174       LUT1 (Prop_lut1_I0_O)        0.124     4.443 f  ddr3/u_ddr3_mig/u_iodelay_ctrl/plle2_i_i_1/O
                                       net (fo=16, routed)          3.418     7.861    ddr3/u_ddr3_mig/u_iodelay_ctrl/AS[0]
    Routing       SLICE_X101Y185       FDPE                                         f  ddr3/u_ddr3_mig/u_iodelay_ctrl/rst_ref_sync_r_reg[0][7]/PRE
  ---------------------------------------------------------------------------------    -------------------

                                       (clock clk_out2_mmcm rise edge)
                                                                    0.000     0.000 r  
                  R4                                                0.000     0.000 r  clk (IN)
                                       net (fo=0)                   0.000     0.000    mmcm/inst/clk_in1
                  R4                                                                r  mmcm/inst/clkin1_ibufg/I
                  R4                   IBUF (Prop_ibuf_I_O)         1.405     1.405 r  mmcm/inst/clkin1_ibufg/O
                                       net (fo=1, routed)           1.162     2.567    mmcm/inst/clk_in1_mmcm
                  MMCME2_ADV_X1Y2                                                   r  mmcm/inst/mmcm_adv_inst/CLKIN1
                  MMCME2_ADV_X1Y2      MMCME2_ADV (Prop_mmcme2_adv_CLKIN1_CLKOUT1)
                                                                   -7.674    -5.107 r  mmcm/inst/mmcm_adv_inst/CLKOUT1
                                       net (fo=1, routed)           1.723    -3.384    mmcm/inst/clk_out2_mmcm
                  BUFGCTRL_X0Y1                                                     r  mmcm/inst/clkout2_buf/I
                  BUFGCTRL_X0Y1        BUFG (Prop_bufg_I_O)         0.091    -3.293 r  mmcm/inst/clkout2_buf/O
                                       net (fo=62, routed)          1.539    -1.754    ddr3/u_ddr3_mig/u_iodelay_ctrl/clk_ref_i
                  SLICE_X101Y185       FDPE                                         r  ddr3/u_ddr3_mig/u_iodelay_ctrl/rst_ref_sync_r_reg[0][7]/C





Min Delay Paths
--------------------------------------------------------------------------------------
Slack:                    inf
  Source:                 resetn
                            (input port)
  Destination:            ddr3/u_ddr3_mig/u_iodelay_ctrl/rst_ref_sync_r_reg[0][10]/PRE
                            (removal check against rising-edge clock clk_out2_mmcm  {rise@0.000ns fall@2.500ns period=5.000ns})
  Path Group:             (none)
  Path Type:              Removal (Min at Fast Process Corner)
  Data Path Delay:        2.858ns  (logic 0.216ns (7.555%)  route 2.642ns (92.445%))
  Logic Levels:           3  (IBUF=1 LUT1=1 LUT2=1)
  Clock Path Skew:        -0.961ns (DCD - SCD - CPR)
    Destination Clock Delay (DCD):    -0.961ns
    Source Clock Delay      (SCD):    0.000ns
    Clock Pessimism Removal (CPR):    -0.000ns
  Timing Exception:       False Path

    Pin Reuse     Location             Delay type                Incr(ns)  Path(ns)    Netlist Resource(s)
  ---------------------------------------------------------------------------------    -------------------
                  G4                                                0.000     0.000 r  resetn (IN)
                                       net (fo=0)                   0.000     0.000    resetn
    Routing       G4                                                                r  resetn_IBUF_inst/I
    Routing       G4                   IBUF (Prop_ibuf_I_O)         0.126     0.126 r  resetn_IBUF_inst/O
                                       net (fo=5, routed)           0.746     0.872    resetn_IBUF
    Routing       SLICE_X161Y161                                                    r  ddr3_i_1/I0
    Routing       SLICE_X161Y161       LUT2 (Prop_lut2_I0_O)        0.045     0.917 r  ddr3_i_1/O
                                       net (fo=2, routed)           0.588     1.505    ddr3/u_ddr3_mig/u_iodelay_ctrl/sys_rst_i
    Routing       SLICE_X161Y174                                                    r  ddr3/u_ddr3_mig/u_iodelay_ctrl/plle2_i_i_1/I0
    Routing       SLICE_X161Y174       LUT1 (Prop_lut1_I0_O)        0.045     1.550 f  ddr3/u_ddr3_mig/u_iodelay_ctrl/plle2_i_i_1/O
                                       net (fo=16, routed)          1.307     2.858    ddr3/u_ddr3_mig/u_iodelay_ctrl/AS[0]
    Routing       SLICE_X103Y190       FDPE                                         f  ddr3/u_ddr3_mig/u_iodelay_ctrl/rst_ref_sync_r_reg[0][10]/PRE
  ---------------------------------------------------------------------------------    -------------------

                                       (clock clk_out2_mmcm rise edge)
                                                                    0.000     0.000 r  
                  R4                                                0.000     0.000 r  clk (IN)
                                       net (fo=0)                   0.000     0.000    mmcm/inst/clk_in1
                  R4                                                                r  mmcm/inst/clkin1_ibufg/I
                  R4                   IBUF (Prop_ibuf_I_O)         0.431     0.431 r  mmcm/inst/clkin1_ibufg/O
                                       net (fo=1, routed)           0.480     0.911    mmcm/inst/clk_in1_mmcm
                  MMCME2_ADV_X1Y2                                                   r  mmcm/inst/mmcm_adv_inst/CLKIN1
                  MMCME2_ADV_X1Y2      MMCME2_ADV (Prop_mmcme2_adv_CLKIN1_CLKOUT1)
                                                                   -3.332    -2.421 r  mmcm/inst/mmcm_adv_inst/CLKOUT1
                                       net (fo=1, routed)           0.579    -1.843    mmcm/inst/clk_out2_mmcm
                  BUFGCTRL_X0Y1                                                     r  mmcm/inst/clkout2_buf/I
                  BUFGCTRL_X0Y1        BUFG (Prop_bufg_I_O)         0.029    -1.814 r  mmcm/inst/clkout2_buf/O
                                       net (fo=62, routed)          0.852    -0.961    ddr3/u_ddr3_mig/u_iodelay_ctrl/clk_ref_i
                  SLICE_X103Y190       FDPE                                         r  ddr3/u_ddr3_mig/u_iodelay_ctrl/rst_ref_sync_r_reg[0][10]/C





--------------------------------------------------------------------------------------
Path Group:  (none)
From Clock:  clk_pll_i
  To Clock:  clk_out2_mmcm

Max Delay             0 Endpoints
Min Delay             1 Endpoint
--------------------------------------------------------------------------------------


Min Delay Paths
--------------------------------------------------------------------------------------
Slack:                    inf
  Source:                 ddr3/u_ddr3_mig/u_ddr3_infrastructure/rstdiv0_sync_r1_reg_rep/C
                            (rising edge-triggered cell FDPE clocked by clk_pll_i  {rise@0.000ns fall@5.000ns period=10.000ns})
  Destination:            ddr3/u_ddr3_mig/temp_mon_enabled.u_tempmon/xadc_supplied_temperature.rst_r1_reg/D
                            (rising edge-triggered cell FDRE clocked by clk_out2_mmcm  {rise@0.000ns fall@2.500ns period=5.000ns})
  Path Group:             (none)
  Path Type:              Hold (Min at Fast Process Corner)
  Data Path Delay:        2.399ns  (logic 0.141ns (5.878%)  route 2.258ns (94.122%))
  Logic Levels:           0  
  Clock Path Skew:        -1.069ns (DCD - SCD - CPR)
    Destination Clock Delay (DCD):    -0.968ns
    Source Clock Delay      (SCD):    0.101ns
    Clock Pessimism Removal (CPR):    -0.000ns
  Clock Uncertainty:      0.218ns  ((TSJ^2 + DJ^2)^1/2) / 2 + PE
    Total System Jitter     (TSJ):    0.071ns
    Discrete Jitter          (DJ):    0.115ns
    Phase Error              (PE):    0.151ns
  Timing Exception:       False Path

    Pin Reuse     Location             Delay type                Incr(ns)  Path(ns)    Netlist Resource(s)
  ---------------------------------------------------------------------------------    -------------------
                                       (clock clk_pll_i rise edge)
                                                                    0.000     0.000 r  
                  R4                                                0.000     0.000 r  clk (IN)
                                       net (fo=0)                   0.000     0.000    mmcm/inst/clk_in1
                  R4                                                                r  mmcm/inst/clkin1_ibufg/I
                  R4                   IBUF (Prop_ibuf_I_O)         0.243     0.243 r  mmcm/inst/clkin1_ibufg/O
                                       net (fo=1, routed)           0.440     0.683    mmcm/inst/clk_in1_mmcm
                  MMCME2_ADV_X1Y2                                                   r  mmcm/inst/mmcm_adv_inst/CLKIN1
                  MMCME2_ADV_X1Y2      MMCME2_ADV (Prop_mmcme2_adv_CLKIN1_CLKOUT0)
                                                                   -2.540    -1.856 r  mmcm/inst/mmcm_adv_inst/CLKOUT0
                                       net (fo=1, routed)           0.531    -1.325    mmcm/inst/clk_out1_mmcm
                  BUFGCTRL_X0Y2                                                     r  mmcm/inst/clkout1_buf/I
                  BUFGCTRL_X0Y2        BUFG (Prop_bufg_I_O)         0.026    -1.299 r  mmcm/inst/clkout1_buf/O
                                       net (fo=2, routed)           0.606    -0.694    ddr3/u_ddr3_mig/u_ddr3_infrastructure/mmcm_clk
                  PLLE2_ADV_X1Y3                                                    r  ddr3/u_ddr3_mig/u_ddr3_infrastructure/plle2_i/CLKIN1
                  PLLE2_ADV_X1Y3       PLLE2_ADV (Prop_plle2_adv_CLKIN1_CLKOUT3)
                                                                    0.050    -0.644 r  ddr3/u_ddr3_mig/u_ddr3_infrastructure/plle2_i/CLKOUT3
                                       net (fo=1, routed)           0.426    -0.218    ddr3/u_ddr3_mig/u_ddr3_infrastructure/pll_clk3_out
                  BUFHCE_X1Y36                                                      r  ddr3/u_ddr3_mig/u_ddr3_infrastructure/u_bufh_pll_clk3/I
                  BUFHCE_X1Y36         BUFH (Prop_bufh_I_O)         0.020    -0.198 r  ddr3/u_ddr3_mig/u_ddr3_infrastructure/u_bufh_pll_clk3/O
                                       net (fo=1, routed)           0.313     0.115    ddr3/u_ddr3_mig/u_ddr3_infrastructure/pll_clk3
                  MMCME2_ADV_X1Y3                                                   r  ddr3/u_ddr3_mig/u_ddr3_infrastructure/gen_mmcm.mmcm_i/CLKIN1
                  MMCME2_ADV_X1Y3      MMCME2_ADV (Prop_mmcme2_adv_CLKIN1_CLKFBOUT)
                                                                   -1.156    -1.040 r  ddr3/u_ddr3_mig/u_ddr3_infrastructure/gen_mmcm.mmcm_i/CLKFBOUT
                                       net (fo=1, routed)           0.531    -0.509    ddr3/u_ddr3_mig/u_ddr3_infrastructure/clk_pll_i
                  BUFGCTRL_X0Y16                                                    r  ddr3/u_ddr3_mig/u_ddr3_infrastructure/u_bufg_clkdiv0/I
                  BUFGCTRL_X0Y16       BUFG (Prop_bufg_I_O)         0.026    -0.483 r  ddr3/u_ddr3_mig/u_ddr3_infrastructure/u_bufg_clkdiv0/O
                                       net (fo=26482, routed)       0.585     0.101    ddr3/u_ddr3_mig/u_ddr3_infrastructure/CLK
                  SLICE_X117Y165       FDPE                                         r  ddr3/u_ddr3_mig/u_ddr3_infrastructure/rstdiv0_sync_r1_reg_rep/C
  ---------------------------------------------------------------------------------    -------------------
    Routing       SLICE_X117Y165       FDPE (Prop_fdpe_C_Q)         0.141     0.242 r  ddr3/u_ddr3_mig/u_ddr3_infrastructure/rstdiv0_sync_r1_reg_rep/Q
                                       net (fo=53, routed)          2.258     2.500    ddr3/u_ddr3_mig/temp_mon_enabled.u_tempmon/in0
    Routing       SLICE_X50Y182        FDRE                                         r  ddr3/u_ddr3_mig/temp_mon_enabled.u_tempmon/xadc_supplied_temperature.rst_r1_reg/D
  ---------------------------------------------------------------------------------    -------------------

                                       (clock clk_out2_mmcm rise edge)
                                                                    0.000     0.000 r  
                  R4                                                0.000     0.000 r  clk (IN)
                                       net (fo=0)                   0.000     0.000    mmcm/inst/clk_in1
                  R4                                                                r  mmcm/inst/clkin1_ibufg/I
                  R4                   IBUF (Prop_ibuf_I_O)         0.431     0.431 r  mmcm/inst/clkin1_ibufg/O
                                       net (fo=1, routed)           0.480     0.911    mmcm/inst/clk_in1_mmcm
                  MMCME2_ADV_X1Y2                                                   r  mmcm/inst/mmcm_adv_inst/CLKIN1
                  MMCME2_ADV_X1Y2      MMCME2_ADV (Prop_mmcme2_adv_CLKIN1_CLKOUT1)
                                                                   -3.332    -2.421 r  mmcm/inst/mmcm_adv_inst/CLKOUT1
                                       net (fo=1, routed)           0.579    -1.843    mmcm/inst/clk_out2_mmcm
                  BUFGCTRL_X0Y1                                                     r  mmcm/inst/clkout2_buf/I
                  BUFGCTRL_X0Y1        BUFG (Prop_bufg_I_O)         0.029    -1.814 r  mmcm/inst/clkout2_buf/O
                                       net (fo=62, routed)          0.845    -0.968    ddr3/u_ddr3_mig/temp_mon_enabled.u_tempmon/clk_ref_i
                  SLICE_X50Y182        FDRE                                         r  ddr3/u_ddr3_mig/temp_mon_enabled.u_tempmon/xadc_supplied_temperature.rst_r1_reg/C





--------------------------------------------------------------------------------------
Path Group:  (none)
From Clock:  
  To Clock:  clk_out3_mmcm

Max Delay            11 Endpoints
Min Delay            11 Endpoints
--------------------------------------------------------------------------------------


Max Delay Paths
--------------------------------------------------------------------------------------
Slack:                    inf
  Source:                 UARTSin
                            (input port)
  Destination:            BoardInputMeta_reg[9]/D
                            (rising edge-triggered cell FDRE clocked by clk_out3_mmcm  {rise@0.000ns fall@25.000ns period=50.000ns})
  Path Group:             (none)
  Path Type:              Setup (Max at Slow Process Corner)
  Data Path Delay:        9.169ns  (logic 1.502ns (16.385%)  route 7.667ns (83.615%))
  Logic Levels:           1  (IBUF=1)
  Clock Path Skew:        -1.663ns (DCD - SCD + CPR)
    Destination Clock Delay (DCD):    -1.663ns
    Source Clock Delay      (SCD):    0.000ns
    Clock Pessimism Removal (CPR):    0.000ns
  Clock Uncertainty:      0.194ns  ((TSJ^2 + DJ^2)^1/2) / 2 + PE
    Total System Jitter     (TSJ):    0.050ns
    Discrete Jitter          (DJ):    0.183ns
    Phase Error              (PE):    0.099ns
  Timing Exception:       False Path

    Pin Reuse     Location             Delay type                Incr(ns)  Path(ns)    Netlist Resource(s)
  ---------------------------------------------------------------------------------    -------------------
                  V18                                               0.000     0.000 r  UARTSin (IN)
                                       net (fo=0)                   0.000     0.000    UARTSin
    Routing       V18                                                               r  UARTSin_IBUF_inst/I
    Routing       V18                  IBUF (Prop_ibuf_I_O)         1.502     1.502 r  UARTSin_IBUF_inst/O
                                       net (fo=1, routed)           7.667     9.169    UARTSin_IBUF
    Routing       SLICE_X147Y115       FDRE                                         r  BoardInputMeta_reg[9]/D
  ---------------------------------------------------------------------------------    -------------------

                                       (clock clk_out3_mmcm rise edge)
                                                                    0.000     0.000 r  
                  R4                                                0.000     0.000 r  clk (IN)
                                       net (fo=0)                   0.000     0.000    mmcm/inst/clk_in1
                  R4                                                                r  mmcm/inst/clkin1_ibufg/I
                  R4                   IBUF (Prop_ibuf_I_O)         1.405     1.405 r  mmcm/inst/clkin1_ibufg/O
                                       net (fo=1, routed)           1.162     2.567    mmcm/inst/clk_in1_mmcm
                  MMCME2_ADV_X1Y2                                                   r  mmcm/inst/mmcm_adv_inst/CLKIN1
                  MMCME2_ADV_X1Y2      MMCME2_ADV (Prop_mmcme2_adv_CLKIN1_CLKOUT2)
                                                                   -7.674    -5.107 r  mmcm/inst/mmcm_adv_inst/CLKOUT2
                                       net (fo=1, routed)           1.723    -3.384    mmcm/inst/clk_out3_mmcm
                  BUFGCTRL_X0Y3                                                     r  mmcm/inst/clkout3_buf/I
                  BUFGCTRL_X0Y3        BUFG (Prop_bufg_I_O)         0.091    -3.293 r  mmcm/inst/clkout3_buf/O
                                       net (fo=27941, routed)       1.629    -1.663    CPUCLK
                  SLICE_X147Y115       FDRE                                         r  BoardInputMeta_reg[9]/C





Min Delay Paths
--------------------------------------------------------------------------------------
Slack:                    inf
  Source:                 resetn
                            (input port)
  Destination:            cpureset/U0/EXT_LPF/ACTIVE_HIGH_EXT.ACT_HI_EXT/syncstages_ff_reg[0]/D
                            (rising edge-triggered cell FDRE clocked by clk_out3_mmcm  {rise@0.000ns fall@25.000ns period=50.000ns})
  Path Group:             (none)
  Path Type:              Hold (Min at Fast Process Corner)
  Data Path Delay:        1.624ns  (logic 0.168ns (10.339%)  route 1.456ns (89.661%))
  Logic Levels:           2  (IBUF=1 LUT3=1)
  Clock Path Skew:        -0.955ns (DCD - SCD - CPR)
    Destination Clock Delay (DCD):    -0.955ns
    Source Clock Delay      (SCD):    0.000ns
    Clock Pessimism Removal (CPR):    -0.000ns
  Timing Exception:       False Path

    Pin Reuse     Location             Delay type                Incr(ns)  Path(ns)    Netlist Resource(s)
  ---------------------------------------------------------------------------------    -------------------
                  G4                                                0.000     0.000 f  resetn (IN)
                                       net (fo=0)                   0.000     0.000    resetn
    Routing       G4                                                                f  resetn_IBUF_inst/I
    Routing       G4                   IBUF (Prop_ibuf_I_O)         0.126     0.126 f  resetn_IBUF_inst/O
                                       net (fo=5, routed)           0.746     0.872    resetn_IBUF
    Routing       SLICE_X161Y161                                                    f  cpureset_i_1/I0
    Routing       SLICE_X161Y161       LUT3 (Prop_lut3_I0_O)        0.042     0.914 r  cpureset_i_1/O
                                       net (fo=1, routed)           0.710     1.624    cpureset/U0/EXT_LPF/ACTIVE_HIGH_EXT.ACT_HI_EXT/src_in
    Routing       SLICE_X133Y163       FDRE                                         r  cpureset/U0/EXT_LPF/ACTIVE_HIGH_EXT.ACT_HI_EXT/syncstages_ff_reg[0]/D
  ---------------------------------------------------------------------------------    -------------------

                                       (clock clk_out3_mmcm rise edge)
                                                                    0.000     0.000 r  
                  R4                                                0.000     0.000 r  clk (IN)
                                       net (fo=0)                   0.000     0.000    mmcm/inst/clk_in1
                  R4                                                                r  mmcm/inst/clkin1_ibufg/I
                  R4                   IBUF (Prop_ibuf_I_O)         0.431     0.431 r  mmcm/inst/clkin1_ibufg/O
                                       net (fo=1, routed)           0.480     0.911    mmcm/inst/clk_in1_mmcm
                  MMCME2_ADV_X1Y2                                                   r  mmcm/inst/mmcm_adv_inst/CLKIN1
                  MMCME2_ADV_X1Y2      MMCME2_ADV (Prop_mmcme2_adv_CLKIN1_CLKOUT2)
                                                                   -3.332    -2.421 r  mmcm/inst/mmcm_adv_inst/CLKOUT2
                                       net (fo=1, routed)           0.579    -1.843    mmcm/inst/clk_out3_mmcm
                  BUFGCTRL_X0Y3                                                     r  mmcm/inst/clkout3_buf/I
                  BUFGCTRL_X0Y3        BUFG (Prop_bufg_I_O)         0.029    -1.814 r  mmcm/inst/clkout3_buf/O
                                       net (fo=27941, routed)       0.858    -0.955    cpureset/U0/EXT_LPF/ACTIVE_HIGH_EXT.ACT_HI_EXT/dest_clk
                  SLICE_X133Y163       FDRE                                         r  cpureset/U0/EXT_LPF/ACTIVE_HIGH_EXT.ACT_HI_EXT/syncstages_ff_reg[0]/C





--------------------------------------------------------------------------------------
Path Group:  (none)
From Clock:  clk_out3_mmcm
  To Clock:  clk_out3_mmcm

Max Delay            11 Endpoints
Min Delay            14 Endpoints
--------------------------------------------------------------------------------------


Max Delay Paths
--------------------------------------------------------------------------------------
Slack:                    inf
  Source:                 cpureset/U0/ACTIVE_LOW_PR_OUT_DFF[0].FDRE_PER_N/C
                            (rising edge-triggered cell FDRE clocked by clk_out3_mmcm  {rise@0.000ns fall@25.000ns period=50.000ns})
  Destination:            fpgaTop/clkconverter/clkconverter_axi_clock_converter_v2_1_35_axi_clock_converter/<hidden>/<hidden>/<hidden>/<hidden>/<hidden>/<hidden>
                            (recovery check against rising-edge clock clk_out3_mmcm  {rise@0.000ns fall@25.000ns period=50.000ns})
  Path Group:             (none)
  Path Type:              Recovery (Max at Slow Process Corner)
  Data Path Delay:        5.248ns  (logic 0.642ns (12.233%)  route 4.606ns (87.767%))
  Logic Levels:           1  (LUT2=1)
  Clock Path Skew:        -0.583ns (DCD - SCD + CPR)
    Destination Clock Delay (DCD):    -1.736ns
    Source Clock Delay      (SCD):    -1.153ns
    Clock Pessimism Removal (CPR):    0.000ns
  Clock Uncertainty:      0.098ns  ((TSJ^2 + DJ^2)^1/2) / 2 + PE
    Total System Jitter     (TSJ):    0.071ns
    Discrete Jitter          (DJ):    0.183ns
    Phase Error              (PE):    0.000ns
  Timing Exception:       False Path

    Pin Reuse     Location             Delay type                Incr(ns)  Path(ns)    Netlist Resource(s)
  ---------------------------------------------------------------------------------    -------------------
                                       (clock clk_out3_mmcm rise edge)
                                                                    0.000     0.000 r  
                  R4                                                0.000     0.000 r  clk (IN)
                                       net (fo=0)                   0.000     0.000    mmcm/inst/clk_in1
                  R4                                                                r  mmcm/inst/clkin1_ibufg/I
                  R4                   IBUF (Prop_ibuf_I_O)         1.475     1.475 r  mmcm/inst/clkin1_ibufg/O
                                       net (fo=1, routed)           1.233     2.708    mmcm/inst/clk_in1_mmcm
                  MMCME2_ADV_X1Y2                                                   r  mmcm/inst/mmcm_adv_inst/CLKIN1
                  MMCME2_ADV_X1Y2      MMCME2_ADV (Prop_mmcme2_adv_CLKIN1_CLKOUT2)
                                                                   -7.432    -4.724 r  mmcm/inst/mmcm_adv_inst/CLKOUT2
                                       net (fo=1, routed)           1.808    -2.915    mmcm/inst/clk_out3_mmcm
                  BUFGCTRL_X0Y3                                                     r  mmcm/inst/clkout3_buf/I
                  BUFGCTRL_X0Y3        BUFG (Prop_bufg_I_O)         0.096    -2.819 r  mmcm/inst/clkout3_buf/O
                                       net (fo=27941, routed)       1.666    -1.153    cpureset/U0/slowest_sync_clk
                  SLICE_X104Y164       FDRE                                         r  cpureset/U0/ACTIVE_LOW_PR_OUT_DFF[0].FDRE_PER_N/C
  ---------------------------------------------------------------------------------    -------------------
    Routing       SLICE_X104Y164       FDRE (Prop_fdre_C_Q)         0.518    -0.635 r  cpureset/U0/ACTIVE_LOW_PR_OUT_DFF[0].FDRE_PER_N/Q
                                       net (fo=18, routed)          1.108     0.472    clkconverter/inst/s_axi_aresetn
    Routing       SLICE_X96Y159                                                     r  clkconverter/inst/gen_clock_conv.gen_async_conv.asyncfifo_axi_i_1/I0
    Routing       SLICE_X96Y159        LUT2 (Prop_lut2_I0_O)        0.124     0.596 f  clkconverter/inst/gen_clock_conv.gen_async_conv.asyncfifo_axi_i_1/O
                                       net (fo=20, routed)          3.498     4.095    fpgaTop/clkconverter/clkconverter_axi_clock_converter_v2_1_35_axi_clock_converter/<hidden>/<hidden>/<hidden>/<hidden>/<hidden>/<hidden>
    Routing       SLICE_X129Y127       FDPE                                         f  fpgaTop/clkconverter/clkconverter_axi_clock_converter_v2_1_35_axi_clock_converter/<hidden>/<hidden>/<hidden>/<hidden>/<hidden>/<hidden>
  ---------------------------------------------------------------------------------    -------------------

                                       (clock clk_out3_mmcm rise edge)
                                                                    0.000     0.000 r  
                  R4                                                0.000     0.000 r  clk (IN)
                                       net (fo=0)                   0.000     0.000    mmcm/inst/clk_in1
                  R4                                                                r  mmcm/inst/clkin1_ibufg/I
                  R4                   IBUF (Prop_ibuf_I_O)         1.405     1.405 r  mmcm/inst/clkin1_ibufg/O
                                       net (fo=1, routed)           1.162     2.567    mmcm/inst/clk_in1_mmcm
                  MMCME2_ADV_X1Y2                                                   r  mmcm/inst/mmcm_adv_inst/CLKIN1
                  MMCME2_ADV_X1Y2      MMCME2_ADV (Prop_mmcme2_adv_CLKIN1_CLKOUT2)
                                                                   -7.674    -5.107 r  mmcm/inst/mmcm_adv_inst/CLKOUT2
                                       net (fo=1, routed)           1.723    -3.384    mmcm/inst/clk_out3_mmcm
                  BUFGCTRL_X0Y3                                                     r  mmcm/inst/clkout3_buf/I
                  BUFGCTRL_X0Y3        BUFG (Prop_bufg_I_O)         0.091    -3.293 r  mmcm/inst/clkout3_buf/O
                                       net (fo=27941, routed)       1.556    -1.736    fpgaTop/clkconverter/clkconverter_axi_clock_converter_v2_1_35_axi_clock_converter/<hidden>/<hidden>/<hidden>/<hidden>/<hidden>/<hidden>
                  SLICE_X129Y127       FDPE                                         r  fpgaTop/clkconverter/clkconverter_axi_clock_converter_v2_1_35_axi_clock_converter/<hidden>/<hidden>/<hidden>/<hidden>/<hidden>/<hidden>





Min Delay Paths
--------------------------------------------------------------------------------------
Slack:                    inf
  Source:                 cpureset/U0/ACTIVE_LOW_PR_OUT_DFF[0].FDRE_PER_N/C
                            (rising edge-triggered cell FDRE clocked by clk_out3_mmcm  {rise@0.000ns fall@25.000ns period=50.000ns})
  Destination:            fpgaTop/clkconverter/clkconverter_axi_clock_converter_v2_1_35_axi_clock_converter/<hidden>/<hidden>/<hidden>/<hidden>/<hidden>/<hidden>
                            (removal check against rising-edge clock clk_out3_mmcm  {rise@0.000ns fall@25.000ns period=50.000ns})
  Path Group:             (none)
  Path Type:              Removal (Min at Fast Process Corner)
  Data Path Delay:        1.149ns  (logic 0.209ns (18.187%)  route 0.940ns (81.813%))
  Logic Levels:           1  (LUT2=1)
  Clock Path Skew:        -0.250ns (DCD - SCD - CPR)
    Destination Clock Delay (DCD):    -0.967ns
    Source Clock Delay      (SCD):    -0.717ns
    Clock Pessimism Removal (CPR):    -0.000ns
  Clock Uncertainty:      0.098ns  ((TSJ^2 + DJ^2)^1/2) / 2 + PE
    Total System Jitter     (TSJ):    0.071ns
    Discrete Jitter          (DJ):    0.183ns
    Phase Error              (PE):    0.000ns
  Timing Exception:       False Path

    Pin Reuse     Location             Delay type                Incr(ns)  Path(ns)    Netlist Resource(s)
  ---------------------------------------------------------------------------------    -------------------
                                       (clock clk_out3_mmcm rise edge)
                                                                    0.000     0.000 r  
                  R4                                                0.000     0.000 r  clk (IN)
                                       net (fo=0)                   0.000     0.000    mmcm/inst/clk_in1
                  R4                                                                r  mmcm/inst/clkin1_ibufg/I
                  R4                   IBUF (Prop_ibuf_I_O)         0.243     0.243 r  mmcm/inst/clkin1_ibufg/O
                                       net (fo=1, routed)           0.440     0.683    mmcm/inst/clk_in1_mmcm
                  MMCME2_ADV_X1Y2                                                   r  mmcm/inst/mmcm_adv_inst/CLKIN1
                  MMCME2_ADV_X1Y2      MMCME2_ADV (Prop_mmcme2_adv_CLKIN1_CLKOUT2)
                                                                   -2.540    -1.856 r  mmcm/inst/mmcm_adv_inst/CLKOUT2
                                       net (fo=1, routed)           0.531    -1.325    mmcm/inst/clk_out3_mmcm
                  BUFGCTRL_X0Y3                                                     r  mmcm/inst/clkout3_buf/I
                  BUFGCTRL_X0Y3        BUFG (Prop_bufg_I_O)         0.026    -1.299 r  mmcm/inst/clkout3_buf/O
                                       net (fo=27941, routed)       0.583    -0.717    cpureset/U0/slowest_sync_clk
                  SLICE_X104Y164       FDRE                                         r  cpureset/U0/ACTIVE_LOW_PR_OUT_DFF[0].FDRE_PER_N/C
  ---------------------------------------------------------------------------------    -------------------
    Routing       SLICE_X104Y164       FDRE (Prop_fdre_C_Q)         0.164    -0.553 r  cpureset/U0/ACTIVE_LOW_PR_OUT_DFF[0].FDRE_PER_N/Q
                                       net (fo=18, routed)          0.488    -0.065    clkconverter/inst/s_axi_aresetn
    Routing       SLICE_X96Y159                                                     r  clkconverter/inst/gen_clock_conv.gen_async_conv.asyncfifo_axi_i_1/I0
    Routing       SLICE_X96Y159        LUT2 (Prop_lut2_I0_O)        0.045    -0.020 f  clkconverter/inst/gen_clock_conv.gen_async_conv.asyncfifo_axi_i_1/O
                                       net (fo=20, routed)          0.453     0.433    fpgaTop/clkconverter/clkconverter_axi_clock_converter_v2_1_35_axi_clock_converter/<hidden>/<hidden>/<hidden>/<hidden>/<hidden>/<hidden>
    Routing       SLICE_X92Y158        FDPE                                         f  fpgaTop/clkconverter/clkconverter_axi_clock_converter_v2_1_35_axi_clock_converter/<hidden>/<hidden>/<hidden>/<hidden>/<hidden>/<hidden>
  ---------------------------------------------------------------------------------    -------------------

                                       (clock clk_out3_mmcm rise edge)
                                                                    0.000     0.000 r  
                  R4                                                0.000     0.000 r  clk (IN)
                                       net (fo=0)                   0.000     0.000    mmcm/inst/clk_in1
                  R4                                                                r  mmcm/inst/clkin1_ibufg/I
                  R4                   IBUF (Prop_ibuf_I_O)         0.431     0.431 r  mmcm/inst/clkin1_ibufg/O
                                       net (fo=1, routed)           0.480     0.911    mmcm/inst/clk_in1_mmcm
                  MMCME2_ADV_X1Y2                                                   r  mmcm/inst/mmcm_adv_inst/CLKIN1
                  MMCME2_ADV_X1Y2      MMCME2_ADV (Prop_mmcme2_adv_CLKIN1_CLKOUT2)
                                                                   -3.332    -2.421 r  mmcm/inst/mmcm_adv_inst/CLKOUT2
                                       net (fo=1, routed)           0.579    -1.843    mmcm/inst/clk_out3_mmcm
                  BUFGCTRL_X0Y3                                                     r  mmcm/inst/clkout3_buf/I
                  BUFGCTRL_X0Y3        BUFG (Prop_bufg_I_O)         0.029    -1.814 r  mmcm/inst/clkout3_buf/O
                                       net (fo=27941, routed)       0.846    -0.967    fpgaTop/clkconverter/clkconverter_axi_clock_converter_v2_1_35_axi_clock_converter/<hidden>/<hidden>/<hidden>/<hidden>/<hidden>/<hidden>
                  SLICE_X92Y158        FDPE                                         r  fpgaTop/clkconverter/clkconverter_axi_clock_converter_v2_1_35_axi_clock_converter/<hidden>/<hidden>/<hidden>/<hidden>/<hidden>/<hidden>





--------------------------------------------------------------------------------------
Path Group:  (none)
From Clock:  clk_pll_i
  To Clock:  clk_out3_mmcm

Max Delay            85 Endpoints
Min Delay           123 Endpoints
--------------------------------------------------------------------------------------


Max Delay Paths
--------------------------------------------------------------------------------------
Slack:                    inf
  Source:                 ddrreset/U0/ACTIVE_LOW_PR_OUT_DFF[0].FDRE_PER_N/C
                            (rising edge-triggered cell FDRE clocked by clk_pll_i  {rise@0.000ns fall@5.000ns period=10.000ns})
  Destination:            fpgaTop/clkconverter/clkconverter_axi_clock_converter_v2_1_35_axi_clock_converter/<hidden>/<hidden>/<hidden>/<hidden>/<hidden>/<hidden>
                            (recovery check against rising-edge clock clk_out3_mmcm  {rise@0.000ns fall@25.000ns period=50.000ns})
  Path Group:             (none)
  Path Type:              Recovery (Max at Slow Process Corner)
  Data Path Delay:        11.093ns  (logic 0.642ns (5.787%)  route 10.451ns (94.213%))
  Logic Levels:           1  (LUT2=1)
  Clock Path Skew:        -3.399ns (DCD - SCD + CPR)
    Destination Clock Delay (DCD):    -1.736ns
    Source Clock Delay      (SCD):    1.662ns
    Clock Pessimism Removal (CPR):    0.000ns
  Clock Uncertainty:      0.249ns  ((TSJ^2 + DJ^2)^1/2) / 2 + PE
    Total System Jitter     (TSJ):    0.071ns
    Discrete Jitter          (DJ):    0.183ns
    Phase Error              (PE):    0.151ns
  Timing Exception:       False Path

    Pin Reuse     Location             Delay type                Incr(ns)  Path(ns)    Netlist Resource(s)
  ---------------------------------------------------------------------------------    -------------------
                                       (clock clk_pll_i rise edge)
                                                                    0.000     0.000 r  
                  R4                                                0.000     0.000 r  clk (IN)
                                       net (fo=0)                   0.000     0.000    mmcm/inst/clk_in1
                  R4                                                                r  mmcm/inst/clkin1_ibufg/I
                  R4                   IBUF (Prop_ibuf_I_O)         1.475     1.475 r  mmcm/inst/clkin1_ibufg/O
                                       net (fo=1, routed)           1.233     2.708    mmcm/inst/clk_in1_mmcm
                  MMCME2_ADV_X1Y2                                                   r  mmcm/inst/mmcm_adv_inst/CLKIN1
                  MMCME2_ADV_X1Y2      MMCME2_ADV (Prop_mmcme2_adv_CLKIN1_CLKOUT0)
                                                                   -7.432    -4.724 r  mmcm/inst/mmcm_adv_inst/CLKOUT0
                                       net (fo=1, routed)           1.808    -2.915    mmcm/inst/clk_out1_mmcm
                  BUFGCTRL_X0Y2                                                     r  mmcm/inst/clkout1_buf/I
                  BUFGCTRL_X0Y2        BUFG (Prop_bufg_I_O)         0.096    -2.819 r  mmcm/inst/clkout1_buf/O
                                       net (fo=2, routed)           1.754    -1.065    ddr3/u_ddr3_mig/u_ddr3_infrastructure/mmcm_clk
                  PLLE2_ADV_X1Y3                                                    r  ddr3/u_ddr3_mig/u_ddr3_infrastructure/plle2_i/CLKIN1
                  PLLE2_ADV_X1Y3       PLLE2_ADV (Prop_plle2_adv_CLKIN1_CLKOUT3)
                                                                    0.088    -0.977 r  ddr3/u_ddr3_mig/u_ddr3_infrastructure/plle2_i/CLKOUT3
                                       net (fo=1, routed)           1.370     0.393    ddr3/u_ddr3_mig/u_ddr3_infrastructure/pll_clk3_out
                  BUFHCE_X1Y36                                                      r  ddr3/u_ddr3_mig/u_ddr3_infrastructure/u_bufh_pll_clk3/I
                  BUFHCE_X1Y36         BUFH (Prop_bufh_I_O)         0.127     0.520 r  ddr3/u_ddr3_mig/u_ddr3_infrastructure/u_bufh_pll_clk3/O
                                       net (fo=1, routed)           0.943     1.463    ddr3/u_ddr3_mig/u_ddr3_infrastructure/pll_clk3
                  MMCME2_ADV_X1Y3                                                   r  ddr3/u_ddr3_mig/u_ddr3_infrastructure/gen_mmcm.mmcm_i/CLKIN1
                  MMCME2_ADV_X1Y3      MMCME2_ADV (Prop_mmcme2_adv_CLKIN1_CLKFBOUT)
                                                                   -3.633    -2.171 r  ddr3/u_ddr3_mig/u_ddr3_infrastructure/gen_mmcm.mmcm_i/CLKFBOUT
                                       net (fo=1, routed)           1.808    -0.362    ddr3/u_ddr3_mig/u_ddr3_infrastructure/clk_pll_i
                  BUFGCTRL_X0Y16                                                    r  ddr3/u_ddr3_mig/u_ddr3_infrastructure/u_bufg_clkdiv0/I
                  BUFGCTRL_X0Y16       BUFG (Prop_bufg_I_O)         0.096    -0.266 r  ddr3/u_ddr3_mig/u_ddr3_infrastructure/u_bufg_clkdiv0/O
                                       net (fo=26482, routed)       1.928     1.662    ddrreset/U0/slowest_sync_clk
                  SLICE_X142Y92        FDRE                                         r  ddrreset/U0/ACTIVE_LOW_PR_OUT_DFF[0].FDRE_PER_N/C
  ---------------------------------------------------------------------------------    -------------------
    Placement     SLICE_X142Y92        FDRE (Prop_fdre_C_Q)         0.518     2.180 r  ddrreset/U0/ACTIVE_LOW_PR_OUT_DFF[0].FDRE_PER_N/Q
                                       net (fo=425, routed)         6.953     9.133    clkconverter/inst/m_axi_aresetn
    Placement     SLICE_X96Y159                                                     r  clkconverter/inst/gen_clock_conv.gen_async_conv.asyncfifo_axi_i_1/I1
    Routing       SLICE_X96Y159        LUT2 (Prop_lut2_I1_O)        0.124     9.257 f  clkconverter/inst/gen_clock_conv.gen_async_conv.asyncfifo_axi_i_1/O
                                       net (fo=20, routed)          3.498    12.755    fpgaTop/clkconverter/clkconverter_axi_clock_converter_v2_1_35_axi_clock_converter/<hidden>/<hidden>/<hidden>/<hidden>/<hidden>/<hidden>
    Routing       SLICE_X129Y127       FDPE                                         f  fpgaTop/clkconverter/clkconverter_axi_clock_converter_v2_1_35_axi_clock_converter/<hidden>/<hidden>/<hidden>/<hidden>/<hidden>/<hidden>
  ---------------------------------------------------------------------------------    -------------------

                                       (clock clk_out3_mmcm rise edge)
                                                                    0.000     0.000 r  
                  R4                                                0.000     0.000 r  clk (IN)
                                       net (fo=0)                   0.000     0.000    mmcm/inst/clk_in1
                  R4                                                                r  mmcm/inst/clkin1_ibufg/I
                  R4                   IBUF (Prop_ibuf_I_O)         1.405     1.405 r  mmcm/inst/clkin1_ibufg/O
                                       net (fo=1, routed)           1.162     2.567    mmcm/inst/clk_in1_mmcm
                  MMCME2_ADV_X1Y2                                                   r  mmcm/inst/mmcm_adv_inst/CLKIN1
                  MMCME2_ADV_X1Y2      MMCME2_ADV (Prop_mmcme2_adv_CLKIN1_CLKOUT2)
                                                                   -7.674    -5.107 r  mmcm/inst/mmcm_adv_inst/CLKOUT2
                                       net (fo=1, routed)           1.723    -3.384    mmcm/inst/clk_out3_mmcm
                  BUFGCTRL_X0Y3                                                     r  mmcm/inst/clkout3_buf/I
                  BUFGCTRL_X0Y3        BUFG (Prop_bufg_I_O)         0.091    -3.293 r  mmcm/inst/clkout3_buf/O
                                       net (fo=27941, routed)       1.556    -1.736    fpgaTop/clkconverter/clkconverter_axi_clock_converter_v2_1_35_axi_clock_converter/<hidden>/<hidden>/<hidden>/<hidden>/<hidden>/<hidden>
                  SLICE_X129Y127       FDPE                                         r  fpgaTop/clkconverter/clkconverter_axi_clock_converter_v2_1_35_axi_clock_converter/<hidden>/<hidden>/<hidden>/<hidden>/<hidden>/<hidden>





Min Delay Paths
--------------------------------------------------------------------------------------
Slack:                    inf
  Source:                 fpgaTop/clkconverter/clkconverter_axi_clock_converter_v2_1_35_axi_clock_converter/<hidden>/<hidden>/<hidden>/<hidden>/<hidden>/<hidden>
                            (rising edge-triggered cell FDRE clocked by clk_pll_i  {rise@0.000ns fall@5.000ns period=10.000ns})
  Destination:            fpgaTop/clkconverter/clkconverter_axi_clock_converter_v2_1_35_axi_clock_converter/<hidden>/<hidden>/<hidden>/<hidden>/<hidden>/<hidden>
                            (rising edge-triggered cell FDRE clocked by clk_out3_mmcm  {rise@0.000ns fall@25.000ns period=50.000ns})
  Path Group:             (none)
  Path Type:              Hold (Min at Fast Process Corner)
  Data Path Delay:        0.246ns  (logic 0.148ns (60.120%)  route 0.098ns (39.880%))
  Logic Levels:           0  
  Clock Path Skew:        -1.058ns (DCD - SCD - CPR)
    Destination Clock Delay (DCD):    -0.967ns
    Source Clock Delay      (SCD):    0.091ns
    Clock Pessimism Removal (CPR):    -0.000ns
  Clock Uncertainty:      0.249ns  ((TSJ^2 + DJ^2)^1/2) / 2 + PE
    Total System Jitter     (TSJ):    0.071ns
    Discrete Jitter          (DJ):    0.183ns
    Phase Error              (PE):    0.151ns
  Timing Exception:       False Path

    Pin Reuse     Location             Delay type                Incr(ns)  Path(ns)    Netlist Resource(s)
  ---------------------------------------------------------------------------------    -------------------
                                       (clock clk_pll_i rise edge)
                                                                    0.000     0.000 r  
                  R4                                                0.000     0.000 r  clk (IN)
                                       net (fo=0)                   0.000     0.000    mmcm/inst/clk_in1
                  R4                                                                r  mmcm/inst/clkin1_ibufg/I
                  R4                   IBUF (Prop_ibuf_I_O)         0.243     0.243 r  mmcm/inst/clkin1_ibufg/O
                                       net (fo=1, routed)           0.440     0.683    mmcm/inst/clk_in1_mmcm
                  MMCME2_ADV_X1Y2                                                   r  mmcm/inst/mmcm_adv_inst/CLKIN1
                  MMCME2_ADV_X1Y2      MMCME2_ADV (Prop_mmcme2_adv_CLKIN1_CLKOUT0)
                                                                   -2.540    -1.856 r  mmcm/inst/mmcm_adv_inst/CLKOUT0
                                       net (fo=1, routed)           0.531    -1.325    mmcm/inst/clk_out1_mmcm
                  BUFGCTRL_X0Y2                                                     r  mmcm/inst/clkout1_buf/I
                  BUFGCTRL_X0Y2        BUFG (Prop_bufg_I_O)         0.026    -1.299 r  mmcm/inst/clkout1_buf/O
                                       net (fo=2, routed)           0.606    -0.694    ddr3/u_ddr3_mig/u_ddr3_infrastructure/mmcm_clk
                  PLLE2_ADV_X1Y3                                                    r  ddr3/u_ddr3_mig/u_ddr3_infrastructure/plle2_i/CLKIN1
                  PLLE2_ADV_X1Y3       PLLE2_ADV (Prop_plle2_adv_CLKIN1_CLKOUT3)
                                                                    0.050    -0.644 r  ddr3/u_ddr3_mig/u_ddr3_infrastructure/plle2_i/CLKOUT3
                                       net (fo=1, routed)           0.426    -0.218    ddr3/u_ddr3_mig/u_ddr3_infrastructure/pll_clk3_out
                  BUFHCE_X1Y36                                                      r  ddr3/u_ddr3_mig/u_ddr3_infrastructure/u_bufh_pll_clk3/I
                  BUFHCE_X1Y36         BUFH (Prop_bufh_I_O)         0.020    -0.198 r  ddr3/u_ddr3_mig/u_ddr3_infrastructure/u_bufh_pll_clk3/O
                                       net (fo=1, routed)           0.313     0.115    ddr3/u_ddr3_mig/u_ddr3_infrastructure/pll_clk3
                  MMCME2_ADV_X1Y3                                                   r  ddr3/u_ddr3_mig/u_ddr3_infrastructure/gen_mmcm.mmcm_i/CLKIN1
                  MMCME2_ADV_X1Y3      MMCME2_ADV (Prop_mmcme2_adv_CLKIN1_CLKFBOUT)
                                                                   -1.156    -1.040 r  ddr3/u_ddr3_mig/u_ddr3_infrastructure/gen_mmcm.mmcm_i/CLKFBOUT
                                       net (fo=1, routed)           0.531    -0.509    ddr3/u_ddr3_mig/u_ddr3_infrastructure/clk_pll_i
                  BUFGCTRL_X0Y16                                                    r  ddr3/u_ddr3_mig/u_ddr3_infrastructure/u_bufg_clkdiv0/I
                  BUFGCTRL_X0Y16       BUFG (Prop_bufg_I_O)         0.026    -0.483 r  ddr3/u_ddr3_mig/u_ddr3_infrastructure/u_bufg_clkdiv0/O
                                       net (fo=26482, routed)       0.575     0.091    fpgaTop/clkconverter/clkconverter_axi_clock_converter_v2_1_35_axi_clock_converter/<hidden>/<hidden>/<hidden>/<hidden>/<hidden>/<hidden>
                  SLICE_X94Y158        FDRE                                         r  fpgaTop/clkconverter/clkconverter_axi_clock_converter_v2_1_35_axi_clock_converter/<hidden>/<hidden>/<hidden>/<hidden>/<hidden>/<hidden>
  ---------------------------------------------------------------------------------    -------------------
    Routing       SLICE_X94Y158        FDRE (Prop_fdre_C_Q)         0.148     0.239 r  fpgaTop/clkconverter/clkconverter_axi_clock_converter_v2_1_35_axi_clock_converter/<hidden>/<hidden>/<hidden>/<hidden>/<hidden>/<hidden>
                                       net (fo=1, routed)           0.098     0.337    fpgaTop/clkconverter/clkconverter_axi_clock_converter_v2_1_35_axi_clock_converter/<hidden>/<hidden>/<hidden>/<hidden>/<hidden>/<hidden>
    Routing       SLICE_X93Y158        FDRE                                         r  fpgaTop/clkconverter/clkconverter_axi_clock_converter_v2_1_35_axi_clock_converter/<hidden>/<hidden>/<hidden>/<hidden>/<hidden>/<hidden>
  ---------------------------------------------------------------------------------    -------------------

                                       (clock clk_out3_mmcm rise edge)
                                                                    0.000     0.000 r  
                  R4                                                0.000     0.000 r  clk (IN)
                                       net (fo=0)                   0.000     0.000    mmcm/inst/clk_in1
                  R4                                                                r  mmcm/inst/clkin1_ibufg/I
                  R4                   IBUF (Prop_ibuf_I_O)         0.431     0.431 r  mmcm/inst/clkin1_ibufg/O
                                       net (fo=1, routed)           0.480     0.911    mmcm/inst/clk_in1_mmcm
                  MMCME2_ADV_X1Y2                                                   r  mmcm/inst/mmcm_adv_inst/CLKIN1
                  MMCME2_ADV_X1Y2      MMCME2_ADV (Prop_mmcme2_adv_CLKIN1_CLKOUT2)
                                                                   -3.332    -2.421 r  mmcm/inst/mmcm_adv_inst/CLKOUT2
                                       net (fo=1, routed)           0.579    -1.843    mmcm/inst/clk_out3_mmcm
                  BUFGCTRL_X0Y3                                                     r  mmcm/inst/clkout3_buf/I
                  BUFGCTRL_X0Y3        BUFG (Prop_bufg_I_O)         0.029    -1.814 r  mmcm/inst/clkout3_buf/O
                                       net (fo=27941, routed)       0.846    -0.967    fpgaTop/clkconverter/clkconverter_axi_clock_converter_v2_1_35_axi_clock_converter/<hidden>/<hidden>/<hidden>/<hidden>/<hidden>/<hidden>
                  SLICE_X93Y158        FDRE                                         r  fpgaTop/clkconverter/clkconverter_axi_clock_converter_v2_1_35_axi_clock_converter/<hidden>/<hidden>/<hidden>/<hidden>/<hidden>/<hidden>





--------------------------------------------------------------------------------------
Path Group:  (none)
From Clock:  
  To Clock:  clk_pll_i

Max Delay            34 Endpoints
Min Delay            34 Endpoints
--------------------------------------------------------------------------------------


Max Delay Paths
--------------------------------------------------------------------------------------
Slack:                    inf
  Source:                 resetn
                            (input port)
  Destination:            ddr3/u_ddr3_mig/u_ddr3_infrastructure/rstdiv0_sync_r1_reg_rep__2/PRE
                            (recovery check against rising-edge clock clk_pll_i  {rise@0.000ns fall@5.000ns period=10.000ns})
  Path Group:             (none)
  Path Type:              Recovery (Max at Slow Process Corner)
  Data Path Delay:        7.701ns  (logic 1.243ns (16.138%)  route 6.458ns (83.862%))
  Logic Levels:           3  (IBUF=1 LUT2=1 LUT4=1)
  Clock Path Skew:        0.632ns (DCD - SCD + CPR)
    Destination Clock Delay (DCD):    0.632ns
    Source Clock Delay      (SCD):    0.000ns
    Clock Pessimism Removal (CPR):    0.000ns
  Clock Uncertainty:      0.169ns  ((TSJ^2 + DJ^2)^1/2) / 2 + PE
    Total System Jitter     (TSJ):    0.050ns
    Discrete Jitter          (DJ):    0.098ns
    Phase Error              (PE):    0.114ns
  Timing Exception:       False Path

    Pin Reuse     Location             Delay type                Incr(ns)  Path(ns)    Netlist Resource(s)
  ---------------------------------------------------------------------------------    -------------------
                  G4                                                0.000     0.000 r  resetn (IN)
                                       net (fo=0)                   0.000     0.000    resetn
    Routing       G4                                                                r  resetn_IBUF_inst/I
    Routing       G4                   IBUF (Prop_ibuf_I_O)         0.969     0.969 r  resetn_IBUF_inst/O
                                       net (fo=5, routed)           1.856     2.825    resetn_IBUF
    Routing       SLICE_X161Y161                                                    r  ddr3_i_1/I0
    Routing       SLICE_X161Y161       LUT2 (Prop_lut2_I0_O)        0.124     2.949 r  ddr3_i_1/O
                                       net (fo=2, routed)           1.370     4.319    ddr3/u_ddr3_mig/u_iodelay_ctrl/sys_rst_i
    Routing       SLICE_X161Y174                                                    r  ddr3/u_ddr3_mig/u_iodelay_ctrl/rstdiv2_sync_r[11]_i_1/I2
    Routing       SLICE_X161Y174       LUT4 (Prop_lut4_I2_O)        0.150     4.469 f  ddr3/u_ddr3_mig/u_iodelay_ctrl/rstdiv2_sync_r[11]_i_1/O
                                       net (fo=33, routed)          3.232     7.701    ddr3/u_ddr3_mig/u_ddr3_infrastructure/rst_tmp
    Routing       SLICE_X112Y168       FDPE                                         f  ddr3/u_ddr3_mig/u_ddr3_infrastructure/rstdiv0_sync_r1_reg_rep__2/PRE
  ---------------------------------------------------------------------------------    -------------------

                                       (clock clk_pll_i rise edge)
                                                                    0.000     0.000 r  
                  R4                                                0.000     0.000 r  clk (IN)
                                       net (fo=0)                   0.000     0.000    mmcm/inst/clk_in1
                  R4                                                                r  mmcm/inst/clkin1_ibufg/I
                  R4                   IBUF (Prop_ibuf_I_O)         1.405     1.405 r  mmcm/inst/clkin1_ibufg/O
                                       net (fo=1, routed)           1.162     2.567    mmcm/inst/clk_in1_mmcm
                  MMCME2_ADV_X1Y2                                                   r  mmcm/inst/mmcm_adv_inst/CLKIN1
                  MMCME2_ADV_X1Y2      MMCME2_ADV (Prop_mmcme2_adv_CLKIN1_CLKOUT0)
                                                                   -7.674    -5.107 r  mmcm/inst/mmcm_adv_inst/CLKOUT0
                                       net (fo=1, routed)           1.723    -3.384    mmcm/inst/clk_out1_mmcm
                  BUFGCTRL_X0Y2                                                     r  mmcm/inst/clkout1_buf/I
                  BUFGCTRL_X0Y2        BUFG (Prop_bufg_I_O)         0.091    -3.293 r  mmcm/inst/clkout1_buf/O
                                       net (fo=2, routed)           1.636    -1.657    ddr3/u_ddr3_mig/u_ddr3_infrastructure/mmcm_clk
                  PLLE2_ADV_X1Y3                                                    r  ddr3/u_ddr3_mig/u_ddr3_infrastructure/plle2_i/CLKIN1
                  PLLE2_ADV_X1Y3       PLLE2_ADV (Prop_plle2_adv_CLKIN1_CLKOUT3)
                                                                    0.083    -1.574 r  ddr3/u_ddr3_mig/u_ddr3_infrastructure/plle2_i/CLKOUT3
                                       net (fo=1, routed)           1.289    -0.285    ddr3/u_ddr3_mig/u_ddr3_infrastructure/pll_clk3_out
                  BUFHCE_X1Y36                                                      r  ddr3/u_ddr3_mig/u_ddr3_infrastructure/u_bufh_pll_clk3/I
                  BUFHCE_X1Y36         BUFH (Prop_bufh_I_O)         0.081    -0.204 r  ddr3/u_ddr3_mig/u_ddr3_infrastructure/u_bufh_pll_clk3/O
                                       net (fo=1, routed)           0.904     0.700    ddr3/u_ddr3_mig/u_ddr3_infrastructure/pll_clk3
                  MMCME2_ADV_X1Y3                                                   r  ddr3/u_ddr3_mig/u_ddr3_infrastructure/gen_mmcm.mmcm_i/CLKIN1
                  MMCME2_ADV_X1Y3      MMCME2_ADV (Prop_mmcme2_adv_CLKIN1_CLKFBOUT)
                                                                   -3.425    -2.725 r  ddr3/u_ddr3_mig/u_ddr3_infrastructure/gen_mmcm.mmcm_i/CLKFBOUT
                                       net (fo=1, routed)           1.723    -1.002    ddr3/u_ddr3_mig/u_ddr3_infrastructure/clk_pll_i
                  BUFGCTRL_X0Y16                                                    r  ddr3/u_ddr3_mig/u_ddr3_infrastructure/u_bufg_clkdiv0/I
                  BUFGCTRL_X0Y16       BUFG (Prop_bufg_I_O)         0.091    -0.911 r  ddr3/u_ddr3_mig/u_ddr3_infrastructure/u_bufg_clkdiv0/O
                                       net (fo=26482, routed)       1.543     0.632    ddr3/u_ddr3_mig/u_ddr3_infrastructure/CLK
                  SLICE_X112Y168       FDPE                                         r  ddr3/u_ddr3_mig/u_ddr3_infrastructure/rstdiv0_sync_r1_reg_rep__2/C





Min Delay Paths
--------------------------------------------------------------------------------------
Slack:                    inf
  Source:                 resetn
                            (input port)
  Destination:            ddrreset/U0/EXT_LPF/ACTIVE_HIGH_AUX.ACT_HI_AUX/syncstages_ff_reg[0]/D
                            (rising edge-triggered cell FDRE clocked by clk_pll_i  {rise@0.000ns fall@5.000ns period=10.000ns})
  Path Group:             (none)
  Path Type:              Hold (Min at Fast Process Corner)
  Data Path Delay:        1.045ns  (logic 0.168ns (16.060%)  route 0.878ns (83.940%))
  Logic Levels:           2  (IBUF=1 LUT1=1)
  Clock Path Skew:        0.223ns (DCD - SCD - CPR)
    Destination Clock Delay (DCD):    0.223ns
    Source Clock Delay      (SCD):    0.000ns
    Clock Pessimism Removal (CPR):    -0.000ns
  Timing Exception:       False Path

    Pin Reuse     Location             Delay type                Incr(ns)  Path(ns)    Netlist Resource(s)
  ---------------------------------------------------------------------------------    -------------------
                  G4                                                0.000     0.000 f  resetn (IN)
                                       net (fo=0)                   0.000     0.000    resetn
    Routing       G4                                                                f  resetn_IBUF_inst/I
    Routing       G4                   IBUF (Prop_ibuf_I_O)         0.126     0.126 f  resetn_IBUF_inst/O
                                       net (fo=5, routed)           0.878     1.003    resetn_IBUF
    Routing       SLICE_X161Y148                                                    f  mmcm_i_1/I0
    Routing       SLICE_X161Y148       LUT1 (Prop_lut1_I0_O)        0.042     1.045 r  mmcm_i_1/O
                                       net (fo=1, routed)           0.000     1.045    ddrreset/U0/EXT_LPF/ACTIVE_HIGH_AUX.ACT_HI_AUX/src_in
    Routing       SLICE_X161Y148       FDRE                                         r  ddrreset/U0/EXT_LPF/ACTIVE_HIGH_AUX.ACT_HI_AUX/syncstages_ff_reg[0]/D
  ---------------------------------------------------------------------------------    -------------------

                                       (clock clk_pll_i rise edge)
                                                                    0.000     0.000 r  
                  R4                                                0.000     0.000 r  clk (IN)
                                       net (fo=0)                   0.000     0.000    mmcm/inst/clk_in1
                  R4                                                                r  mmcm/inst/clkin1_ibufg/I
                  R4                   IBUF (Prop_ibuf_I_O)         0.431     0.431 r  mmcm/inst/clkin1_ibufg/O
                                       net (fo=1, routed)           0.480     0.911    mmcm/inst/clk_in1_mmcm
                  MMCME2_ADV_X1Y2                                                   r  mmcm/inst/mmcm_adv_inst/CLKIN1
                  MMCME2_ADV_X1Y2      MMCME2_ADV (Prop_mmcme2_adv_CLKIN1_CLKOUT0)
                                                                   -3.332    -2.421 r  mmcm/inst/mmcm_adv_inst/CLKOUT0
                                       net (fo=1, routed)           0.579    -1.843    mmcm/inst/clk_out1_mmcm
                  BUFGCTRL_X0Y2                                                     r  mmcm/inst/clkout1_buf/I
                  BUFGCTRL_X0Y2        BUFG (Prop_bufg_I_O)         0.029    -1.814 r  mmcm/inst/clkout1_buf/O
                                       net (fo=2, routed)           0.875    -0.939    ddr3/u_ddr3_mig/u_ddr3_infrastructure/mmcm_clk
                  PLLE2_ADV_X1Y3                                                    r  ddr3/u_ddr3_mig/u_ddr3_infrastructure/plle2_i/CLKIN1
                  PLLE2_ADV_X1Y3       PLLE2_ADV (Prop_plle2_adv_CLKIN1_CLKOUT3)
                                                                    0.053    -0.886 r  ddr3/u_ddr3_mig/u_ddr3_infrastructure/plle2_i/CLKOUT3
                                       net (fo=1, routed)           0.472    -0.414    ddr3/u_ddr3_mig/u_ddr3_infrastructure/pll_clk3_out
                  BUFHCE_X1Y36                                                      r  ddr3/u_ddr3_mig/u_ddr3_infrastructure/u_bufh_pll_clk3/I
                  BUFHCE_X1Y36         BUFH (Prop_bufh_I_O)         0.043    -0.371 r  ddr3/u_ddr3_mig/u_ddr3_infrastructure/u_bufh_pll_clk3/O
                                       net (fo=1, routed)           0.538     0.167    ddr3/u_ddr3_mig/u_ddr3_infrastructure/pll_clk3
                  MMCME2_ADV_X1Y3                                                   r  ddr3/u_ddr3_mig/u_ddr3_infrastructure/gen_mmcm.mmcm_i/CLKIN1
                  MMCME2_ADV_X1Y3      MMCME2_ADV (Prop_mmcme2_adv_CLKIN1_CLKFBOUT)
                                                                   -1.475    -1.308 r  ddr3/u_ddr3_mig/u_ddr3_infrastructure/gen_mmcm.mmcm_i/CLKFBOUT
                                       net (fo=1, routed)           0.579    -0.730    ddr3/u_ddr3_mig/u_ddr3_infrastructure/clk_pll_i
                  BUFGCTRL_X0Y16                                                    r  ddr3/u_ddr3_mig/u_ddr3_infrastructure/u_bufg_clkdiv0/I
                  BUFGCTRL_X0Y16       BUFG (Prop_bufg_I_O)         0.029    -0.701 r  ddr3/u_ddr3_mig/u_ddr3_infrastructure/u_bufg_clkdiv0/O
                                       net (fo=26482, routed)       0.924     0.223    ddrreset/U0/EXT_LPF/ACTIVE_HIGH_AUX.ACT_HI_AUX/dest_clk
                  SLICE_X161Y148       FDRE                                         r  ddrreset/U0/EXT_LPF/ACTIVE_HIGH_AUX.ACT_HI_AUX/syncstages_ff_reg[0]/C





--------------------------------------------------------------------------------------
Path Group:  (none)
From Clock:  clk_out1_videoclock
  To Clock:  clk_pll_i

Max Delay             1 Endpoint
Min Delay            85 Endpoints
--------------------------------------------------------------------------------------


Max Delay Paths
--------------------------------------------------------------------------------------
Slack:                    inf
  Source:                 rasterixgen.rasterix/memory/rasterixmem_i/interconnect/inst/clk_map/psr0/U0/ACTIVE_LOW_BSR_OUT_DFF[0].FDRE_BSR_N/C
                            (rising edge-triggered cell FDRE clocked by clk_out1_videoclock  {rise@0.000ns fall@19.841ns period=39.683ns})
  Destination:            rasterixgen.rasterix/memory/rasterixmem_i/interconnect/inst/clk_map/psr_aclk/U0/EXT_LPF/ACTIVE_LOW_EXT.ACT_LO_EXT/syncstages_ff_reg[0]/D
                            (rising edge-triggered cell FDRE clocked by clk_pll_i  {rise@0.000ns fall@5.000ns period=10.000ns})
  Path Group:             (none)
  Path Type:              Setup (Max at Slow Process Corner)
  Data Path Delay:        1.377ns  (logic 0.580ns (42.120%)  route 0.797ns (57.880%))
  Logic Levels:           1  (LUT1=1)
  Clock Path Skew:        1.792ns (DCD - SCD + CPR)
    Destination Clock Delay (DCD):    0.806ns
    Source Clock Delay      (SCD):    -0.987ns
    Clock Pessimism Removal (CPR):    0.000ns
  Clock Uncertainty:      0.652ns  ((TSJ^2 + DJ^2)^1/2) / 2 + PE
    Total System Jitter     (TSJ):    0.071ns
    Discrete Jitter          (DJ):    0.568ns
    Phase Error              (PE):    0.366ns
  Timing Exception:       False Path

    Pin Reuse     Location             Delay type                Incr(ns)  Path(ns)    Netlist Resource(s)
  ---------------------------------------------------------------------------------    -------------------
                                       (clock clk_out1_videoclock rise edge)
                                                                    0.000     0.000 r  
                  R4                                                0.000     0.000 r  clk (IN)
                                       net (fo=0)                   0.000     0.000    mmcm/inst/clk_in1
                  R4                                                                r  mmcm/inst/clkin1_ibufg/I
                  R4                   IBUF (Prop_ibuf_I_O)         1.475     1.475 r  mmcm/inst/clkin1_ibufg/O
                                       net (fo=1, routed)           1.233     2.708    mmcm/inst/clk_in1_mmcm
                  MMCME2_ADV_X1Y2                                                   r  mmcm/inst/mmcm_adv_inst/CLKIN1
                  MMCME2_ADV_X1Y2      MMCME2_ADV (Prop_mmcme2_adv_CLKIN1_CLKOUT0)
                                                                   -7.432    -4.724 r  mmcm/inst/mmcm_adv_inst/CLKOUT0
                                       net (fo=1, routed)           1.808    -2.915    mmcm/inst/clk_out1_mmcm
                  BUFGCTRL_X0Y2                                                     r  mmcm/inst/clkout1_buf/I
                  BUFGCTRL_X0Y2        BUFG (Prop_bufg_I_O)         0.096    -2.819 r  mmcm/inst/clkout1_buf/O
                                       net (fo=2, routed)           2.106    -0.713    rasterixgen.videoclock/inst/clk_in1
                  MMCME2_ADV_X1Y0                                                   r  rasterixgen.videoclock/inst/mmcm_adv_inst/CLKIN1
                  MMCME2_ADV_X1Y0      MMCME2_ADV (Prop_mmcme2_adv_CLKIN1_CLKOUT0)
                                                                   -4.900    -5.613 r  rasterixgen.videoclock/inst/mmcm_adv_inst/CLKOUT0
                                       net (fo=1, routed)           2.697    -2.915    rasterixgen.videoclock/inst/clk_out1_videoclock
                  BUFGCTRL_X0Y4                                                     r  rasterixgen.videoclock/inst/clkout1_buf/I
                  BUFGCTRL_X0Y4        BUFG (Prop_bufg_I_O)         0.096    -2.819 r  rasterixgen.videoclock/inst/clkout1_buf/O
                                       net (fo=868, routed)         1.832    -0.987    rasterixgen.rasterix/memory/rasterixmem_i/interconnect/inst/clk_map/psr0/U0/aclk1
                  SLICE_X163Y145       FDRE                                         r  rasterixgen.rasterix/memory/rasterixmem_i/interconnect/inst/clk_map/psr0/U0/ACTIVE_LOW_BSR_OUT_DFF[0].FDRE_BSR_N/C
  ---------------------------------------------------------------------------------    -------------------
    Routing       SLICE_X163Y145       FDRE (Prop_fdre_C_Q)         0.456    -0.531 f  rasterixgen.rasterix/memory/rasterixmem_i/interconnect/inst/clk_map/psr0/U0/ACTIVE_LOW_BSR_OUT_DFF[0].FDRE_BSR_N/Q
                                       net (fo=1, routed)           0.498    -0.033    rasterixgen.rasterix/memory/rasterixmem_i/interconnect/inst/clk_map/psr0/U0/EXT_LPF/psr0_interconnect_aresetn[0]
    Routing       SLICE_X163Y145                                                    f  rasterixgen.rasterix/memory/rasterixmem_i/interconnect/inst/clk_map/psr0/U0/EXT_LPF/ACTIVE_LOW_EXT.ACT_LO_EXT_i_1/I0
    Routing       SLICE_X163Y145       LUT1 (Prop_lut1_I0_O)        0.124     0.091 r  rasterixgen.rasterix/memory/rasterixmem_i/interconnect/inst/clk_map/psr0/U0/EXT_LPF/ACTIVE_LOW_EXT.ACT_LO_EXT_i_1/O
                                       net (fo=2, routed)           0.299     0.390    rasterixgen.rasterix/memory/rasterixmem_i/interconnect/inst/clk_map/psr_aclk/U0/EXT_LPF/ACTIVE_LOW_EXT.ACT_LO_EXT/src_in
    Routing       SLICE_X161Y145       FDRE                                         r  rasterixgen.rasterix/memory/rasterixmem_i/interconnect/inst/clk_map/psr_aclk/U0/EXT_LPF/ACTIVE_LOW_EXT.ACT_LO_EXT/syncstages_ff_reg[0]/D
  ---------------------------------------------------------------------------------    -------------------

                                       (clock clk_pll_i rise edge)
                                                                    0.000     0.000 r  
                  R4                                                0.000     0.000 r  clk (IN)
                                       net (fo=0)                   0.000     0.000    mmcm/inst/clk_in1
                  R4                                                                r  mmcm/inst/clkin1_ibufg/I
                  R4                   IBUF (Prop_ibuf_I_O)         1.405     1.405 r  mmcm/inst/clkin1_ibufg/O
                                       net (fo=1, routed)           1.162     2.567    mmcm/inst/clk_in1_mmcm
                  MMCME2_ADV_X1Y2                                                   r  mmcm/inst/mmcm_adv_inst/CLKIN1
                  MMCME2_ADV_X1Y2      MMCME2_ADV (Prop_mmcme2_adv_CLKIN1_CLKOUT0)
                                                                   -7.674    -5.107 r  mmcm/inst/mmcm_adv_inst/CLKOUT0
                                       net (fo=1, routed)           1.723    -3.384    mmcm/inst/clk_out1_mmcm
                  BUFGCTRL_X0Y2                                                     r  mmcm/inst/clkout1_buf/I
                  BUFGCTRL_X0Y2        BUFG (Prop_bufg_I_O)         0.091    -3.293 r  mmcm/inst/clkout1_buf/O
                                       net (fo=2, routed)           1.636    -1.657    ddr3/u_ddr3_mig/u_ddr3_infrastructure/mmcm_clk
                  PLLE2_ADV_X1Y3                                                    r  ddr3/u_ddr3_mig/u_ddr3_infrastructure/plle2_i/CLKIN1
                  PLLE2_ADV_X1Y3       PLLE2_ADV (Prop_plle2_adv_CLKIN1_CLKOUT3)
                                                                    0.083    -1.574 r  ddr3/u_ddr3_mig/u_ddr3_infrastructure/plle2_i/CLKOUT3
                                       net (fo=1, routed)           1.289    -0.285    ddr3/u_ddr3_mig/u_ddr3_infrastructure/pll_clk3_out
                  BUFHCE_X1Y36                                                      r  ddr3/u_ddr3_mig/u_ddr3_infrastructure/u_bufh_pll_clk3/I
                  BUFHCE_X1Y36         BUFH (Prop_bufh_I_O)         0.081    -0.204 r  ddr3/u_ddr3_mig/u_ddr3_infrastructure/u_bufh_pll_clk3/O
                                       net (fo=1, routed)           0.904     0.700    ddr3/u_ddr3_mig/u_ddr3_infrastructure/pll_clk3
                  MMCME2_ADV_X1Y3                                                   r  ddr3/u_ddr3_mig/u_ddr3_infrastructure/gen_mmcm.mmcm_i/CLKIN1
                  MMCME2_ADV_X1Y3      MMCME2_ADV (Prop_mmcme2_adv_CLKIN1_CLKFBOUT)
                                                                   -3.425    -2.725 r  ddr3/u_ddr3_mig/u_ddr3_infrastructure/gen_mmcm.mmcm_i/CLKFBOUT
                                       net (fo=1, routed)           1.723    -1.002    ddr3/u_ddr3_mig/u_ddr3_infrastructure/clk_pll_i
                  BUFGCTRL_X0Y16                                                    r  ddr3/u_ddr3_mig/u_ddr3_infrastructure/u_bufg_clkdiv0/I
                  BUFGCTRL_X0Y16       BUFG (Prop_bufg_I_O)         0.091    -0.911 r  ddr3/u_ddr3_mig/u_ddr3_infrastructure/u_bufg_clkdiv0/O
                                       net (fo=26482, routed)       1.716     0.806    rasterixgen.rasterix/memory/rasterixmem_i/interconnect/inst/clk_map/psr_aclk/U0/EXT_LPF/ACTIVE_LOW_EXT.ACT_LO_EXT/dest_clk
                  SLICE_X161Y145       FDRE                                         r  rasterixgen.rasterix/memory/rasterixmem_i/interconnect/inst/clk_map/psr_aclk/U0/EXT_LPF/ACTIVE_LOW_EXT.ACT_LO_EXT/syncstages_ff_reg[0]/C





Min Delay Paths
--------------------------------------------------------------------------------------
Slack:                    inf
  Source:                 rasterixgen.rasterix/memory/rasterixmem_i/interconnect/inst/s02_nodes/s02_r_node/inst/inst_mi_handler/gen_normal_area.inst_fifo_node_payld/gen_xpm_memory_fifo.inst_fifo/gen_async_clocks.inst_cdc_addrb_to_wr_clk/src_gray_ff_reg[1]/C
                            (rising edge-triggered cell FDRE clocked by clk_out1_videoclock  {rise@0.000ns fall@19.841ns period=39.683ns})
  Destination:            rasterixgen.rasterix/memory/rasterixmem_i/interconnect/inst/s02_nodes/s02_r_node/inst/inst_mi_handler/gen_normal_area.inst_fifo_node_payld/gen_xpm_memory_fifo.inst_fifo/gen_async_clocks.inst_cdc_addrb_to_wr_clk/dest_graysync_ff_reg[0][1]/D
                            (rising edge-triggered cell FDRE clocked by clk_pll_i  {rise@0.000ns fall@5.000ns period=10.000ns})
  Path Group:             (none)
  Path Type:              Hold (Min at Slow Process Corner)
  Data Path Delay:        0.588ns  (logic 0.337ns (57.319%)  route 0.251ns (42.681%))
  Logic Levels:           0  
  Clock Path Skew:        3.144ns (DCD - SCD - CPR)
    Destination Clock Delay (DCD):    1.409ns
    Source Clock Delay      (SCD):    -1.735ns
    Clock Pessimism Removal (CPR):    -0.000ns
  Clock Uncertainty:      0.652ns  ((TSJ^2 + DJ^2)^1/2) / 2 + PE
    Total System Jitter     (TSJ):    0.071ns
    Discrete Jitter          (DJ):    0.568ns
    Phase Error              (PE):    0.366ns
  Timing Exception:       False Path

    Pin Reuse     Location             Delay type                Incr(ns)  Path(ns)    Netlist Resource(s)
  ---------------------------------------------------------------------------------    -------------------
                                       (clock clk_out1_videoclock rise edge)
                                                                    0.000     0.000 r  
                  R4                                                0.000     0.000 r  clk (IN)
                                       net (fo=0)                   0.000     0.000    mmcm/inst/clk_in1
                  R4                                                                r  mmcm/inst/clkin1_ibufg/I
                  R4                   IBUF (Prop_ibuf_I_O)         1.405     1.405 r  mmcm/inst/clkin1_ibufg/O
                                       net (fo=1, routed)           1.162     2.567    mmcm/inst/clk_in1_mmcm
                  MMCME2_ADV_X1Y2                                                   r  mmcm/inst/mmcm_adv_inst/CLKIN1
                  MMCME2_ADV_X1Y2      MMCME2_ADV (Prop_mmcme2_adv_CLKIN1_CLKOUT0)
                                                                   -7.674    -5.107 r  mmcm/inst/mmcm_adv_inst/CLKOUT0
                                       net (fo=1, routed)           1.723    -3.384    mmcm/inst/clk_out1_mmcm
                  BUFGCTRL_X0Y2                                                     r  mmcm/inst/clkout1_buf/I
                  BUFGCTRL_X0Y2        BUFG (Prop_bufg_I_O)         0.091    -3.293 r  mmcm/inst/clkout1_buf/O
                                       net (fo=2, routed)           1.972    -1.321    rasterixgen.videoclock/inst/clk_in1
                  MMCME2_ADV_X1Y0                                                   r  rasterixgen.videoclock/inst/mmcm_adv_inst/CLKIN1
                  MMCME2_ADV_X1Y0      MMCME2_ADV (Prop_mmcme2_adv_CLKIN1_CLKOUT0)
                                                                   -4.637    -5.958 r  rasterixgen.videoclock/inst/mmcm_adv_inst/CLKOUT0
                                       net (fo=1, routed)           2.574    -3.384    rasterixgen.videoclock/inst/clk_out1_videoclock
                  BUFGCTRL_X0Y4                                                     r  rasterixgen.videoclock/inst/clkout1_buf/I
                  BUFGCTRL_X0Y4        BUFG (Prop_bufg_I_O)         0.091    -3.293 r  rasterixgen.videoclock/inst/clkout1_buf/O
                                       net (fo=868, routed)         1.558    -1.735    rasterixgen.rasterix/memory/rasterixmem_i/interconnect/inst/s02_nodes/s02_r_node/inst/inst_mi_handler/gen_normal_area.inst_fifo_node_payld/gen_xpm_memory_fifo.inst_fifo/gen_async_clocks.inst_cdc_addrb_to_wr_clk/src_clk
                  SLICE_X125Y157       FDRE                                         r  rasterixgen.rasterix/memory/rasterixmem_i/interconnect/inst/s02_nodes/s02_r_node/inst/inst_mi_handler/gen_normal_area.inst_fifo_node_payld/gen_xpm_memory_fifo.inst_fifo/gen_async_clocks.inst_cdc_addrb_to_wr_clk/src_gray_ff_reg[1]/C
  ---------------------------------------------------------------------------------    -------------------
    Routing       SLICE_X125Y157       FDRE (Prop_fdre_C_Q)         0.337    -1.398 r  rasterixgen.rasterix/memory/rasterixmem_i/interconnect/inst/s02_nodes/s02_r_node/inst/inst_mi_handler/gen_normal_area.inst_fifo_node_payld/gen_xpm_memory_fifo.inst_fifo/gen_async_clocks.inst_cdc_addrb_to_wr_clk/src_gray_ff_reg[1]/Q
                                       net (fo=1, routed)           0.251    -1.147    rasterixgen.rasterix/memory/rasterixmem_i/interconnect/inst/s02_nodes/s02_r_node/inst/inst_mi_handler/gen_normal_area.inst_fifo_node_payld/gen_xpm_memory_fifo.inst_fifo/gen_async_clocks.inst_cdc_addrb_to_wr_clk/async_path[1]
    Routing       SLICE_X126Y157       FDRE                                         r  rasterixgen.rasterix/memory/rasterixmem_i/interconnect/inst/s02_nodes/s02_r_node/inst/inst_mi_handler/gen_normal_area.inst_fifo_node_payld/gen_xpm_memory_fifo.inst_fifo/gen_async_clocks.inst_cdc_addrb_to_wr_clk/dest_graysync_ff_reg[0][1]/D
  ---------------------------------------------------------------------------------    -------------------

                                       (clock clk_pll_i rise edge)
                                                                    0.000     0.000 r  
                  R4                                                0.000     0.000 r  clk (IN)
                                       net (fo=0)                   0.000     0.000    mmcm/inst/clk_in1
                  R4                                                                r  mmcm/inst/clkin1_ibufg/I
                  R4                   IBUF (Prop_ibuf_I_O)         1.475     1.475 r  mmcm/inst/clkin1_ibufg/O
                                       net (fo=1, routed)           1.233     2.708    mmcm/inst/clk_in1_mmcm
                  MMCME2_ADV_X1Y2                                                   r  mmcm/inst/mmcm_adv_inst/CLKIN1
                  MMCME2_ADV_X1Y2      MMCME2_ADV (Prop_mmcme2_adv_CLKIN1_CLKOUT0)
                                                                   -7.432    -4.724 r  mmcm/inst/mmcm_adv_inst/CLKOUT0
                                       net (fo=1, routed)           1.808    -2.915    mmcm/inst/clk_out1_mmcm
                  BUFGCTRL_X0Y2                                                     r  mmcm/inst/clkout1_buf/I
                  BUFGCTRL_X0Y2        BUFG (Prop_bufg_I_O)         0.096    -2.819 r  mmcm/inst/clkout1_buf/O
                                       net (fo=2, routed)           1.754    -1.065    ddr3/u_ddr3_mig/u_ddr3_infrastructure/mmcm_clk
                  PLLE2_ADV_X1Y3                                                    r  ddr3/u_ddr3_mig/u_ddr3_infrastructure/plle2_i/CLKIN1
                  PLLE2_ADV_X1Y3       PLLE2_ADV (Prop_plle2_adv_CLKIN1_CLKOUT3)
                                                                    0.088    -0.977 r  ddr3/u_ddr3_mig/u_ddr3_infrastructure/plle2_i/CLKOUT3
                                       net (fo=1, routed)           1.370     0.393    ddr3/u_ddr3_mig/u_ddr3_infrastructure/pll_clk3_out
                  BUFHCE_X1Y36                                                      r  ddr3/u_ddr3_mig/u_ddr3_infrastructure/u_bufh_pll_clk3/I
                  BUFHCE_X1Y36         BUFH (Prop_bufh_I_O)         0.127     0.520 r  ddr3/u_ddr3_mig/u_ddr3_infrastructure/u_bufh_pll_clk3/O
                                       net (fo=1, routed)           0.943     1.463    ddr3/u_ddr3_mig/u_ddr3_infrastructure/pll_clk3
                  MMCME2_ADV_X1Y3                                                   r  ddr3/u_ddr3_mig/u_ddr3_infrastructure/gen_mmcm.mmcm_i/CLKIN1
                  MMCME2_ADV_X1Y3      MMCME2_ADV (Prop_mmcme2_adv_CLKIN1_CLKFBOUT)
                                                                   -3.633    -2.171 r  ddr3/u_ddr3_mig/u_ddr3_infrastructure/gen_mmcm.mmcm_i/CLKFBOUT
                                       net (fo=1, routed)           1.808    -0.362    ddr3/u_ddr3_mig/u_ddr3_infrastructure/clk_pll_i
                  BUFGCTRL_X0Y16                                                    r  ddr3/u_ddr3_mig/u_ddr3_infrastructure/u_bufg_clkdiv0/I
                  BUFGCTRL_X0Y16       BUFG (Prop_bufg_I_O)         0.096    -0.266 r  ddr3/u_ddr3_mig/u_ddr3_infrastructure/u_bufg_clkdiv0/O
                                       net (fo=26482, routed)       1.675     1.409    rasterixgen.rasterix/memory/rasterixmem_i/interconnect/inst/s02_nodes/s02_r_node/inst/inst_mi_handler/gen_normal_area.inst_fifo_node_payld/gen_xpm_memory_fifo.inst_fifo/gen_async_clocks.inst_cdc_addrb_to_wr_clk/dest_clk
                  SLICE_X126Y157       FDRE                                         r  rasterixgen.rasterix/memory/rasterixmem_i/interconnect/inst/s02_nodes/s02_r_node/inst/inst_mi_handler/gen_normal_area.inst_fifo_node_payld/gen_xpm_memory_fifo.inst_fifo/gen_async_clocks.inst_cdc_addrb_to_wr_clk/dest_graysync_ff_reg[0][1]/C





--------------------------------------------------------------------------------------
Path Group:  (none)
From Clock:  clk_out3_mmcm
  To Clock:  clk_pll_i

Max Delay           186 Endpoints
Min Delay           224 Endpoints
--------------------------------------------------------------------------------------


Max Delay Paths
--------------------------------------------------------------------------------------
Slack:                    inf
  Source:                 cpureset/U0/ACTIVE_LOW_PR_OUT_DFF[0].FDRE_PER_N/C
                            (rising edge-triggered cell FDRE clocked by clk_out3_mmcm  {rise@0.000ns fall@25.000ns period=50.000ns})
  Destination:            fpgaTop/clkconverter/clkconverter_axi_clock_converter_v2_1_35_axi_clock_converter/<hidden>/<hidden>/<hidden>/<hidden>/<hidden>/<hidden>
                            (recovery check against rising-edge clock clk_pll_i  {rise@0.000ns fall@5.000ns period=10.000ns})
  Path Group:             (none)
  Path Type:              Recovery (Max at Slow Process Corner)
  Data Path Delay:        5.248ns  (logic 0.642ns (12.233%)  route 4.606ns (87.767%))
  Logic Levels:           1  (LUT2=1)
  Clock Path Skew:        1.802ns (DCD - SCD + CPR)
    Destination Clock Delay (DCD):    0.649ns
    Source Clock Delay      (SCD):    -1.153ns
    Clock Pessimism Removal (CPR):    0.000ns
  Clock Uncertainty:      0.228ns  ((TSJ^2 + DJ^2)^1/2) / 2 + PE
    Total System Jitter     (TSJ):    0.071ns
    Discrete Jitter          (DJ):    0.103ns
    Phase Error              (PE):    0.166ns
  Timing Exception:       False Path

    Pin Reuse     Location             Delay type                Incr(ns)  Path(ns)    Netlist Resource(s)
  ---------------------------------------------------------------------------------    -------------------
                                       (clock clk_out3_mmcm rise edge)
                                                                    0.000     0.000 r  
                  R4                                                0.000     0.000 r  clk (IN)
                                       net (fo=0)                   0.000     0.000    mmcm/inst/clk_in1
                  R4                                                                r  mmcm/inst/clkin1_ibufg/I
                  R4                   IBUF (Prop_ibuf_I_O)         1.475     1.475 r  mmcm/inst/clkin1_ibufg/O
                                       net (fo=1, routed)           1.233     2.708    mmcm/inst/clk_in1_mmcm
                  MMCME2_ADV_X1Y2                                                   r  mmcm/inst/mmcm_adv_inst/CLKIN1
                  MMCME2_ADV_X1Y2      MMCME2_ADV (Prop_mmcme2_adv_CLKIN1_CLKOUT2)
                                                                   -7.432    -4.724 r  mmcm/inst/mmcm_adv_inst/CLKOUT2
                                       net (fo=1, routed)           1.808    -2.915    mmcm/inst/clk_out3_mmcm
                  BUFGCTRL_X0Y3                                                     r  mmcm/inst/clkout3_buf/I
                  BUFGCTRL_X0Y3        BUFG (Prop_bufg_I_O)         0.096    -2.819 r  mmcm/inst/clkout3_buf/O
                                       net (fo=27941, routed)       1.666    -1.153    cpureset/U0/slowest_sync_clk
                  SLICE_X104Y164       FDRE                                         r  cpureset/U0/ACTIVE_LOW_PR_OUT_DFF[0].FDRE_PER_N/C
  ---------------------------------------------------------------------------------    -------------------
    Routing       SLICE_X104Y164       FDRE (Prop_fdre_C_Q)         0.518    -0.635 r  cpureset/U0/ACTIVE_LOW_PR_OUT_DFF[0].FDRE_PER_N/Q
                                       net (fo=18, routed)          1.108     0.472    clkconverter/inst/s_axi_aresetn
    Routing       SLICE_X96Y159                                                     r  clkconverter/inst/gen_clock_conv.gen_async_conv.asyncfifo_axi_i_1/I0
    Routing       SLICE_X96Y159        LUT2 (Prop_lut2_I0_O)        0.124     0.596 f  clkconverter/inst/gen_clock_conv.gen_async_conv.asyncfifo_axi_i_1/O
                                       net (fo=20, routed)          3.498     4.095    fpgaTop/clkconverter/clkconverter_axi_clock_converter_v2_1_35_axi_clock_converter/<hidden>/<hidden>/<hidden>/<hidden>/<hidden>/<hidden>
    Routing       SLICE_X128Y127       FDPE                                         f  fpgaTop/clkconverter/clkconverter_axi_clock_converter_v2_1_35_axi_clock_converter/<hidden>/<hidden>/<hidden>/<hidden>/<hidden>/<hidden>
  ---------------------------------------------------------------------------------    -------------------

                                       (clock clk_pll_i rise edge)
                                                                    0.000     0.000 r  
                  R4                                                0.000     0.000 r  clk (IN)
                                       net (fo=0)                   0.000     0.000    mmcm/inst/clk_in1
                  R4                                                                r  mmcm/inst/clkin1_ibufg/I
                  R4                   IBUF (Prop_ibuf_I_O)         1.405     1.405 r  mmcm/inst/clkin1_ibufg/O
                                       net (fo=1, routed)           1.162     2.567    mmcm/inst/clk_in1_mmcm
                  MMCME2_ADV_X1Y2                                                   r  mmcm/inst/mmcm_adv_inst/CLKIN1
                  MMCME2_ADV_X1Y2      MMCME2_ADV (Prop_mmcme2_adv_CLKIN1_CLKOUT0)
                                                                   -7.674    -5.107 r  mmcm/inst/mmcm_adv_inst/CLKOUT0
                                       net (fo=1, routed)           1.723    -3.384    mmcm/inst/clk_out1_mmcm
                  BUFGCTRL_X0Y2                                                     r  mmcm/inst/clkout1_buf/I
                  BUFGCTRL_X0Y2        BUFG (Prop_bufg_I_O)         0.091    -3.293 r  mmcm/inst/clkout1_buf/O
                                       net (fo=2, routed)           1.636    -1.657    ddr3/u_ddr3_mig/u_ddr3_infrastructure/mmcm_clk
                  PLLE2_ADV_X1Y3                                                    r  ddr3/u_ddr3_mig/u_ddr3_infrastructure/plle2_i/CLKIN1
                  PLLE2_ADV_X1Y3       PLLE2_ADV (Prop_plle2_adv_CLKIN1_CLKOUT3)
                                                                    0.083    -1.574 r  ddr3/u_ddr3_mig/u_ddr3_infrastructure/plle2_i/CLKOUT3
                                       net (fo=1, routed)           1.289    -0.285    ddr3/u_ddr3_mig/u_ddr3_infrastructure/pll_clk3_out
                  BUFHCE_X1Y36                                                      r  ddr3/u_ddr3_mig/u_ddr3_infrastructure/u_bufh_pll_clk3/I
                  BUFHCE_X1Y36         BUFH (Prop_bufh_I_O)         0.081    -0.204 r  ddr3/u_ddr3_mig/u_ddr3_infrastructure/u_bufh_pll_clk3/O
                                       net (fo=1, routed)           0.904     0.700    ddr3/u_ddr3_mig/u_ddr3_infrastructure/pll_clk3
                  MMCME2_ADV_X1Y3                                                   r  ddr3/u_ddr3_mig/u_ddr3_infrastructure/gen_mmcm.mmcm_i/CLKIN1
                  MMCME2_ADV_X1Y3      MMCME2_ADV (Prop_mmcme2_adv_CLKIN1_CLKFBOUT)
                                                                   -3.425    -2.725 r  ddr3/u_ddr3_mig/u_ddr3_infrastructure/gen_mmcm.mmcm_i/CLKFBOUT
                                       net (fo=1, routed)           1.723    -1.002    ddr3/u_ddr3_mig/u_ddr3_infrastructure/clk_pll_i
                  BUFGCTRL_X0Y16                                                    r  ddr3/u_ddr3_mig/u_ddr3_infrastructure/u_bufg_clkdiv0/I
                  BUFGCTRL_X0Y16       BUFG (Prop_bufg_I_O)         0.091    -0.911 r  ddr3/u_ddr3_mig/u_ddr3_infrastructure/u_bufg_clkdiv0/O
                                       net (fo=26482, routed)       1.559     0.649    fpgaTop/clkconverter/clkconverter_axi_clock_converter_v2_1_35_axi_clock_converter/<hidden>/<hidden>/<hidden>/<hidden>/<hidden>/<hidden>
                  SLICE_X128Y127       FDPE                                         r  fpgaTop/clkconverter/clkconverter_axi_clock_converter_v2_1_35_axi_clock_converter/<hidden>/<hidden>/<hidden>/<hidden>/<hidden>/<hidden>





Min Delay Paths
--------------------------------------------------------------------------------------
Slack:                    inf
  Source:                 fpgaTop/clkconverter/clkconverter_axi_clock_converter_v2_1_35_axi_clock_converter/<hidden>/<hidden>/<hidden>/<hidden>/<hidden>/<hidden>
                            (rising edge-triggered cell FDRE clocked by clk_out3_mmcm  {rise@0.000ns fall@25.000ns period=50.000ns})
  Destination:            fpgaTop/clkconverter/clkconverter_axi_clock_converter_v2_1_35_axi_clock_converter/<hidden>/<hidden>/<hidden>/<hidden>/<hidden>/<hidden>
                            (rising edge-triggered cell FDRE clocked by clk_pll_i  {rise@0.000ns fall@5.000ns period=10.000ns})
  Path Group:             (none)
  Path Type:              Hold (Min at Slow Process Corner)
  Data Path Delay:        0.616ns  (logic 0.337ns (54.731%)  route 0.279ns (45.269%))
  Logic Levels:           0  
  Clock Path Skew:        3.148ns (DCD - SCD - CPR)
    Destination Clock Delay (DCD):    1.387ns
    Source Clock Delay      (SCD):    -1.761ns
    Clock Pessimism Removal (CPR):    -0.000ns
  Clock Uncertainty:      0.228ns  ((TSJ^2 + DJ^2)^1/2) / 2 + PE
    Total System Jitter     (TSJ):    0.071ns
    Discrete Jitter          (DJ):    0.103ns
    Phase Error              (PE):    0.166ns
  Timing Exception:       False Path

    Pin Reuse     Location             Delay type                Incr(ns)  Path(ns)    Netlist Resource(s)
  ---------------------------------------------------------------------------------    -------------------
                                       (clock clk_out3_mmcm rise edge)
                                                                    0.000     0.000 r  
                  R4                                                0.000     0.000 r  clk (IN)
                                       net (fo=0)                   0.000     0.000    mmcm/inst/clk_in1
                  R4                                                                r  mmcm/inst/clkin1_ibufg/I
                  R4                   IBUF (Prop_ibuf_I_O)         1.405     1.405 r  mmcm/inst/clkin1_ibufg/O
                                       net (fo=1, routed)           1.162     2.567    mmcm/inst/clk_in1_mmcm
                  MMCME2_ADV_X1Y2                                                   r  mmcm/inst/mmcm_adv_inst/CLKIN1
                  MMCME2_ADV_X1Y2      MMCME2_ADV (Prop_mmcme2_adv_CLKIN1_CLKOUT2)
                                                                   -7.674    -5.107 r  mmcm/inst/mmcm_adv_inst/CLKOUT2
                                       net (fo=1, routed)           1.723    -3.384    mmcm/inst/clk_out3_mmcm
                  BUFGCTRL_X0Y3                                                     r  mmcm/inst/clkout3_buf/I
                  BUFGCTRL_X0Y3        BUFG (Prop_bufg_I_O)         0.091    -3.293 r  mmcm/inst/clkout3_buf/O
                                       net (fo=27941, routed)       1.532    -1.761    fpgaTop/clkconverter/clkconverter_axi_clock_converter_v2_1_35_axi_clock_converter/<hidden>/<hidden>/<hidden>/<hidden>/<hidden>/<hidden>
                  SLICE_X91Y159        FDRE                                         r  fpgaTop/clkconverter/clkconverter_axi_clock_converter_v2_1_35_axi_clock_converter/<hidden>/<hidden>/<hidden>/<hidden>/<hidden>/<hidden>
  ---------------------------------------------------------------------------------    -------------------
    Routing       SLICE_X91Y159        FDRE (Prop_fdre_C_Q)         0.337    -1.424 r  fpgaTop/clkconverter/clkconverter_axi_clock_converter_v2_1_35_axi_clock_converter/<hidden>/<hidden>/<hidden>/<hidden>/<hidden>/<hidden>
                                       net (fo=1, routed)           0.279    -1.145    fpgaTop/clkconverter/clkconverter_axi_clock_converter_v2_1_35_axi_clock_converter/<hidden>/<hidden>/<hidden>/<hidden>/<hidden>/<hidden>
    Routing       SLICE_X92Y159        FDRE                                         r  fpgaTop/clkconverter/clkconverter_axi_clock_converter_v2_1_35_axi_clock_converter/<hidden>/<hidden>/<hidden>/<hidden>/<hidden>/<hidden>
  ---------------------------------------------------------------------------------    -------------------

                                       (clock clk_pll_i rise edge)
                                                                    0.000     0.000 r  
                  R4                                                0.000     0.000 r  clk (IN)
                                       net (fo=0)                   0.000     0.000    mmcm/inst/clk_in1
                  R4                                                                r  mmcm/inst/clkin1_ibufg/I
                  R4                   IBUF (Prop_ibuf_I_O)         1.475     1.475 r  mmcm/inst/clkin1_ibufg/O
                                       net (fo=1, routed)           1.233     2.708    mmcm/inst/clk_in1_mmcm
                  MMCME2_ADV_X1Y2                                                   r  mmcm/inst/mmcm_adv_inst/CLKIN1
                  MMCME2_ADV_X1Y2      MMCME2_ADV (Prop_mmcme2_adv_CLKIN1_CLKOUT0)
                                                                   -7.432    -4.724 r  mmcm/inst/mmcm_adv_inst/CLKOUT0
                                       net (fo=1, routed)           1.808    -2.915    mmcm/inst/clk_out1_mmcm
                  BUFGCTRL_X0Y2                                                     r  mmcm/inst/clkout1_buf/I
                  BUFGCTRL_X0Y2        BUFG (Prop_bufg_I_O)         0.096    -2.819 r  mmcm/inst/clkout1_buf/O
                                       net (fo=2, routed)           1.754    -1.065    ddr3/u_ddr3_mig/u_ddr3_infrastructure/mmcm_clk
                  PLLE2_ADV_X1Y3                                                    r  ddr3/u_ddr3_mig/u_ddr3_infrastructure/plle2_i/CLKIN1
                  PLLE2_ADV_X1Y3       PLLE2_ADV (Prop_plle2_adv_CLKIN1_CLKOUT3)
                                                                    0.088    -0.977 r  ddr3/u_ddr3_mig/u_ddr3_infrastructure/plle2_i/CLKOUT3
                                       net (fo=1, routed)           1.370     0.393    ddr3/u_ddr3_mig/u_ddr3_infrastructure/pll_clk3_out
                  BUFHCE_X1Y36                                                      r  ddr3/u_ddr3_mig/u_ddr3_infrastructure/u_bufh_pll_clk3/I
                  BUFHCE_X1Y36         BUFH (Prop_bufh_I_O)         0.127     0.520 r  ddr3/u_ddr3_mig/u_ddr3_infrastructure/u_bufh_pll_clk3/O
                                       net (fo=1, routed)           0.943     1.463    ddr3/u_ddr3_mig/u_ddr3_infrastructure/pll_clk3
                  MMCME2_ADV_X1Y3                                                   r  ddr3/u_ddr3_mig/u_ddr3_infrastructure/gen_mmcm.mmcm_i/CLKIN1
                  MMCME2_ADV_X1Y3      MMCME2_ADV (Prop_mmcme2_adv_CLKIN1_CLKFBOUT)
                                                                   -3.633    -2.171 r  ddr3/u_ddr3_mig/u_ddr3_infrastructure/gen_mmcm.mmcm_i/CLKFBOUT
                                       net (fo=1, routed)           1.808    -0.362    ddr3/u_ddr3_mig/u_ddr3_infrastructure/clk_pll_i
                  BUFGCTRL_X0Y16                                                    r  ddr3/u_ddr3_mig/u_ddr3_infrastructure/u_bufg_clkdiv0/I
                  BUFGCTRL_X0Y16       BUFG (Prop_bufg_I_O)         0.096    -0.266 r  ddr3/u_ddr3_mig/u_ddr3_infrastructure/u_bufg_clkdiv0/O
                                       net (fo=26482, routed)       1.653     1.387    fpgaTop/clkconverter/clkconverter_axi_clock_converter_v2_1_35_axi_clock_converter/<hidden>/<hidden>/<hidden>/<hidden>/<hidden>/<hidden>
                  SLICE_X92Y159        FDRE                                         r  fpgaTop/clkconverter/clkconverter_axi_clock_converter_v2_1_35_axi_clock_converter/<hidden>/<hidden>/<hidden>/<hidden>/<hidden>/<hidden>





--------------------------------------------------------------------------------------
Path Group:  (none)
From Clock:  clk_pll_i
  To Clock:  clk_pll_i

Max Delay            97 Endpoints
Min Delay            97 Endpoints
--------------------------------------------------------------------------------------


Max Delay Paths
--------------------------------------------------------------------------------------
Slack:                    inf
  Source:                 ddrreset/U0/ACTIVE_LOW_PR_OUT_DFF[0].FDRE_PER_N/C
                            (rising edge-triggered cell FDRE clocked by clk_pll_i  {rise@0.000ns fall@5.000ns period=10.000ns})
  Destination:            fpgaTop/clkconverter/clkconverter_axi_clock_converter_v2_1_35_axi_clock_converter/<hidden>/<hidden>/<hidden>/<hidden>/<hidden>/<hidden>
                            (recovery check against rising-edge clock clk_pll_i  {rise@0.000ns fall@5.000ns period=10.000ns})
  Path Group:             (none)
  Path Type:              Recovery (Max at Slow Process Corner)
  Data Path Delay:        11.093ns  (logic 0.642ns (5.787%)  route 10.451ns (94.213%))
  Logic Levels:           1  (LUT2=1)
  Clock Path Skew:        -1.014ns (DCD - SCD + CPR)
    Destination Clock Delay (DCD):    0.649ns
    Source Clock Delay      (SCD):    1.662ns
    Clock Pessimism Removal (CPR):    0.000ns
  Clock Uncertainty:      0.060ns  ((TSJ^2 + DJ^2)^1/2) / 2 + PE
    Total System Jitter     (TSJ):    0.071ns
    Discrete Jitter          (DJ):    0.098ns
    Phase Error              (PE):    0.000ns
  Timing Exception:       False Path

    Pin Reuse     Location             Delay type                Incr(ns)  Path(ns)    Netlist Resource(s)
  ---------------------------------------------------------------------------------    -------------------
                                       (clock clk_pll_i rise edge)
                                                                    0.000     0.000 r  
                  R4                                                0.000     0.000 r  clk (IN)
                                       net (fo=0)                   0.000     0.000    mmcm/inst/clk_in1
                  R4                                                                r  mmcm/inst/clkin1_ibufg/I
                  R4                   IBUF (Prop_ibuf_I_O)         1.475     1.475 r  mmcm/inst/clkin1_ibufg/O
                                       net (fo=1, routed)           1.233     2.708    mmcm/inst/clk_in1_mmcm
                  MMCME2_ADV_X1Y2                                                   r  mmcm/inst/mmcm_adv_inst/CLKIN1
                  MMCME2_ADV_X1Y2      MMCME2_ADV (Prop_mmcme2_adv_CLKIN1_CLKOUT0)
                                                                   -7.432    -4.724 r  mmcm/inst/mmcm_adv_inst/CLKOUT0
                                       net (fo=1, routed)           1.808    -2.915    mmcm/inst/clk_out1_mmcm
                  BUFGCTRL_X0Y2                                                     r  mmcm/inst/clkout1_buf/I
                  BUFGCTRL_X0Y2        BUFG (Prop_bufg_I_O)         0.096    -2.819 r  mmcm/inst/clkout1_buf/O
                                       net (fo=2, routed)           1.754    -1.065    ddr3/u_ddr3_mig/u_ddr3_infrastructure/mmcm_clk
                  PLLE2_ADV_X1Y3                                                    r  ddr3/u_ddr3_mig/u_ddr3_infrastructure/plle2_i/CLKIN1
                  PLLE2_ADV_X1Y3       PLLE2_ADV (Prop_plle2_adv_CLKIN1_CLKOUT3)
                                                                    0.088    -0.977 r  ddr3/u_ddr3_mig/u_ddr3_infrastructure/plle2_i/CLKOUT3
                                       net (fo=1, routed)           1.370     0.393    ddr3/u_ddr3_mig/u_ddr3_infrastructure/pll_clk3_out
                  BUFHCE_X1Y36                                                      r  ddr3/u_ddr3_mig/u_ddr3_infrastructure/u_bufh_pll_clk3/I
                  BUFHCE_X1Y36         BUFH (Prop_bufh_I_O)         0.127     0.520 r  ddr3/u_ddr3_mig/u_ddr3_infrastructure/u_bufh_pll_clk3/O
                                       net (fo=1, routed)           0.943     1.463    ddr3/u_ddr3_mig/u_ddr3_infrastructure/pll_clk3
                  MMCME2_ADV_X1Y3                                                   r  ddr3/u_ddr3_mig/u_ddr3_infrastructure/gen_mmcm.mmcm_i/CLKIN1
                  MMCME2_ADV_X1Y3      MMCME2_ADV (Prop_mmcme2_adv_CLKIN1_CLKFBOUT)
                                                                   -3.633    -2.171 r  ddr3/u_ddr3_mig/u_ddr3_infrastructure/gen_mmcm.mmcm_i/CLKFBOUT
                                       net (fo=1, routed)           1.808    -0.362    ddr3/u_ddr3_mig/u_ddr3_infrastructure/clk_pll_i
                  BUFGCTRL_X0Y16                                                    r  ddr3/u_ddr3_mig/u_ddr3_infrastructure/u_bufg_clkdiv0/I
                  BUFGCTRL_X0Y16       BUFG (Prop_bufg_I_O)         0.096    -0.266 r  ddr3/u_ddr3_mig/u_ddr3_infrastructure/u_bufg_clkdiv0/O
                                       net (fo=26482, routed)       1.928     1.662    ddrreset/U0/slowest_sync_clk
                  SLICE_X142Y92        FDRE                                         r  ddrreset/U0/ACTIVE_LOW_PR_OUT_DFF[0].FDRE_PER_N/C
  ---------------------------------------------------------------------------------    -------------------
    Placement     SLICE_X142Y92        FDRE (Prop_fdre_C_Q)         0.518     2.180 r  ddrreset/U0/ACTIVE_LOW_PR_OUT_DFF[0].FDRE_PER_N/Q
                                       net (fo=425, routed)         6.953     9.133    clkconverter/inst/m_axi_aresetn
    Placement     SLICE_X96Y159                                                     r  clkconverter/inst/gen_clock_conv.gen_async_conv.asyncfifo_axi_i_1/I1
    Routing       SLICE_X96Y159        LUT2 (Prop_lut2_I1_O)        0.124     9.257 f  clkconverter/inst/gen_clock_conv.gen_async_conv.asyncfifo_axi_i_1/O
                                       net (fo=20, routed)          3.498    12.755    fpgaTop/clkconverter/clkconverter_axi_clock_converter_v2_1_35_axi_clock_converter/<hidden>/<hidden>/<hidden>/<hidden>/<hidden>/<hidden>
    Routing       SLICE_X128Y127       FDPE                                         f  fpgaTop/clkconverter/clkconverter_axi_clock_converter_v2_1_35_axi_clock_converter/<hidden>/<hidden>/<hidden>/<hidden>/<hidden>/<hidden>
  ---------------------------------------------------------------------------------    -------------------

                                       (clock clk_pll_i rise edge)
                                                                    0.000     0.000 r  
                  R4                                                0.000     0.000 r  clk (IN)
                                       net (fo=0)                   0.000     0.000    mmcm/inst/clk_in1
                  R4                                                                r  mmcm/inst/clkin1_ibufg/I
                  R4                   IBUF (Prop_ibuf_I_O)         1.405     1.405 r  mmcm/inst/clkin1_ibufg/O
                                       net (fo=1, routed)           1.162     2.567    mmcm/inst/clk_in1_mmcm
                  MMCME2_ADV_X1Y2                                                   r  mmcm/inst/mmcm_adv_inst/CLKIN1
                  MMCME2_ADV_X1Y2      MMCME2_ADV (Prop_mmcme2_adv_CLKIN1_CLKOUT0)
                                                                   -7.674    -5.107 r  mmcm/inst/mmcm_adv_inst/CLKOUT0
                                       net (fo=1, routed)           1.723    -3.384    mmcm/inst/clk_out1_mmcm
                  BUFGCTRL_X0Y2                                                     r  mmcm/inst/clkout1_buf/I
                  BUFGCTRL_X0Y2        BUFG (Prop_bufg_I_O)         0.091    -3.293 r  mmcm/inst/clkout1_buf/O
                                       net (fo=2, routed)           1.636    -1.657    ddr3/u_ddr3_mig/u_ddr3_infrastructure/mmcm_clk
                  PLLE2_ADV_X1Y3                                                    r  ddr3/u_ddr3_mig/u_ddr3_infrastructure/plle2_i/CLKIN1
                  PLLE2_ADV_X1Y3       PLLE2_ADV (Prop_plle2_adv_CLKIN1_CLKOUT3)
                                                                    0.083    -1.574 r  ddr3/u_ddr3_mig/u_ddr3_infrastructure/plle2_i/CLKOUT3
                                       net (fo=1, routed)           1.289    -0.285    ddr3/u_ddr3_mig/u_ddr3_infrastructure/pll_clk3_out
                  BUFHCE_X1Y36                                                      r  ddr3/u_ddr3_mig/u_ddr3_infrastructure/u_bufh_pll_clk3/I
                  BUFHCE_X1Y36         BUFH (Prop_bufh_I_O)         0.081    -0.204 r  ddr3/u_ddr3_mig/u_ddr3_infrastructure/u_bufh_pll_clk3/O
                                       net (fo=1, routed)           0.904     0.700    ddr3/u_ddr3_mig/u_ddr3_infrastructure/pll_clk3
                  MMCME2_ADV_X1Y3                                                   r  ddr3/u_ddr3_mig/u_ddr3_infrastructure/gen_mmcm.mmcm_i/CLKIN1
                  MMCME2_ADV_X1Y3      MMCME2_ADV (Prop_mmcme2_adv_CLKIN1_CLKFBOUT)
                                                                   -3.425    -2.725 r  ddr3/u_ddr3_mig/u_ddr3_infrastructure/gen_mmcm.mmcm_i/CLKFBOUT
                                       net (fo=1, routed)           1.723    -1.002    ddr3/u_ddr3_mig/u_ddr3_infrastructure/clk_pll_i
                  BUFGCTRL_X0Y16                                                    r  ddr3/u_ddr3_mig/u_ddr3_infrastructure/u_bufg_clkdiv0/I
                  BUFGCTRL_X0Y16       BUFG (Prop_bufg_I_O)         0.091    -0.911 r  ddr3/u_ddr3_mig/u_ddr3_infrastructure/u_bufg_clkdiv0/O
                                       net (fo=26482, routed)       1.559     0.649    fpgaTop/clkconverter/clkconverter_axi_clock_converter_v2_1_35_axi_clock_converter/<hidden>/<hidden>/<hidden>/<hidden>/<hidden>/<hidden>
                  SLICE_X128Y127       FDPE                                         r  fpgaTop/clkconverter/clkconverter_axi_clock_converter_v2_1_35_axi_clock_converter/<hidden>/<hidden>/<hidden>/<hidden>/<hidden>/<hidden>





Min Delay Paths
--------------------------------------------------------------------------------------
Slack:                    inf
  Source:                 rasterixgen.rasterix/memory/rasterixmem_i/interconnect/inst/clk_map/psr_aclk/U0/ACTIVE_LOW_BSR_OUT_DFF[0].FDRE_BSR_N/C
                            (rising edge-triggered cell FDRE clocked by clk_pll_i  {rise@0.000ns fall@5.000ns period=10.000ns})
  Destination:            rasterixgen.rasterix/memory/rasterixmem_i/interconnect/inst/s02_nodes/s02_ar_node/inst/m_sc_xpm_cdc_async_rst_inst/arststages_ff_reg[0]/CLR
                            (removal check against rising-edge clock clk_pll_i  {rise@0.000ns fall@5.000ns period=10.000ns})
  Path Group:             (none)
  Path Type:              Removal (Min at Fast Process Corner)
  Data Path Delay:        0.629ns  (logic 0.186ns (29.551%)  route 0.443ns (70.449%))
  Logic Levels:           1  (LUT1=1)
  Clock Path Skew:        0.056ns (DCD - SCD - CPR)
    Destination Clock Delay (DCD):    0.221ns
    Source Clock Delay      (SCD):    0.165ns
    Clock Pessimism Removal (CPR):    -0.000ns
  Clock Uncertainty:      0.060ns  ((TSJ^2 + DJ^2)^1/2) / 2 + PE
    Total System Jitter     (TSJ):    0.071ns
    Discrete Jitter          (DJ):    0.098ns
    Phase Error              (PE):    0.000ns
  Timing Exception:       False Path

    Pin Reuse     Location             Delay type                Incr(ns)  Path(ns)    Netlist Resource(s)
  ---------------------------------------------------------------------------------    -------------------
                                       (clock clk_pll_i rise edge)
                                                                    0.000     0.000 r  
                  R4                                                0.000     0.000 r  clk (IN)
                                       net (fo=0)                   0.000     0.000    mmcm/inst/clk_in1
                  R4                                                                r  mmcm/inst/clkin1_ibufg/I
                  R4                   IBUF (Prop_ibuf_I_O)         0.243     0.243 r  mmcm/inst/clkin1_ibufg/O
                                       net (fo=1, routed)           0.440     0.683    mmcm/inst/clk_in1_mmcm
                  MMCME2_ADV_X1Y2                                                   r  mmcm/inst/mmcm_adv_inst/CLKIN1
                  MMCME2_ADV_X1Y2      MMCME2_ADV (Prop_mmcme2_adv_CLKIN1_CLKOUT0)
                                                                   -2.540    -1.856 r  mmcm/inst/mmcm_adv_inst/CLKOUT0
                                       net (fo=1, routed)           0.531    -1.325    mmcm/inst/clk_out1_mmcm
                  BUFGCTRL_X0Y2                                                     r  mmcm/inst/clkout1_buf/I
                  BUFGCTRL_X0Y2        BUFG (Prop_bufg_I_O)         0.026    -1.299 r  mmcm/inst/clkout1_buf/O
                                       net (fo=2, routed)           0.606    -0.694    ddr3/u_ddr3_mig/u_ddr3_infrastructure/mmcm_clk
                  PLLE2_ADV_X1Y3                                                    r  ddr3/u_ddr3_mig/u_ddr3_infrastructure/plle2_i/CLKIN1
                  PLLE2_ADV_X1Y3       PLLE2_ADV (Prop_plle2_adv_CLKIN1_CLKOUT3)
                                                                    0.050    -0.644 r  ddr3/u_ddr3_mig/u_ddr3_infrastructure/plle2_i/CLKOUT3
                                       net (fo=1, routed)           0.426    -0.218    ddr3/u_ddr3_mig/u_ddr3_infrastructure/pll_clk3_out
                  BUFHCE_X1Y36                                                      r  ddr3/u_ddr3_mig/u_ddr3_infrastructure/u_bufh_pll_clk3/I
                  BUFHCE_X1Y36         BUFH (Prop_bufh_I_O)         0.020    -0.198 r  ddr3/u_ddr3_mig/u_ddr3_infrastructure/u_bufh_pll_clk3/O
                                       net (fo=1, routed)           0.313     0.115    ddr3/u_ddr3_mig/u_ddr3_infrastructure/pll_clk3
                  MMCME2_ADV_X1Y3                                                   r  ddr3/u_ddr3_mig/u_ddr3_infrastructure/gen_mmcm.mmcm_i/CLKIN1
                  MMCME2_ADV_X1Y3      MMCME2_ADV (Prop_mmcme2_adv_CLKIN1_CLKFBOUT)
                                                                   -1.156    -1.040 r  ddr3/u_ddr3_mig/u_ddr3_infrastructure/gen_mmcm.mmcm_i/CLKFBOUT
                                       net (fo=1, routed)           0.531    -0.509    ddr3/u_ddr3_mig/u_ddr3_infrastructure/clk_pll_i
                  BUFGCTRL_X0Y16                                                    r  ddr3/u_ddr3_mig/u_ddr3_infrastructure/u_bufg_clkdiv0/I
                  BUFGCTRL_X0Y16       BUFG (Prop_bufg_I_O)         0.026    -0.483 r  ddr3/u_ddr3_mig/u_ddr3_infrastructure/u_bufg_clkdiv0/O
                                       net (fo=26482, routed)       0.649     0.165    rasterixgen.rasterix/memory/rasterixmem_i/interconnect/inst/clk_map/psr_aclk/U0/aclk
                  SLICE_X156Y143       FDRE                                         r  rasterixgen.rasterix/memory/rasterixmem_i/interconnect/inst/clk_map/psr_aclk/U0/ACTIVE_LOW_BSR_OUT_DFF[0].FDRE_BSR_N/C
  ---------------------------------------------------------------------------------    -------------------
    Routing       SLICE_X156Y143       FDRE (Prop_fdre_C_Q)         0.141     0.306 r  rasterixgen.rasterix/memory/rasterixmem_i/interconnect/inst/clk_map/psr_aclk/U0/ACTIVE_LOW_BSR_OUT_DFF[0].FDRE_BSR_N/Q
                                       net (fo=24, routed)          0.267     0.573    rasterixgen.rasterix/memory/rasterixmem_i/interconnect/inst/s02_nodes/s02_ar_node/inst/m_sc_xpm_cdc_async_rst_inst/src_arst
    Routing       SLICE_X156Y144                                                    r  rasterixgen.rasterix/memory/rasterixmem_i/interconnect/inst/s02_nodes/s02_ar_node/inst/m_sc_xpm_cdc_async_rst_inst/arststages_ff[2]_i_1/I0
    Routing       SLICE_X156Y144       LUT1 (Prop_lut1_I0_O)        0.045     0.618 f  rasterixgen.rasterix/memory/rasterixmem_i/interconnect/inst/s02_nodes/s02_ar_node/inst/m_sc_xpm_cdc_async_rst_inst/arststages_ff[2]_i_1/O
                                       net (fo=3, routed)           0.177     0.795    rasterixgen.rasterix/memory/rasterixmem_i/interconnect/inst/s02_nodes/s02_ar_node/inst/m_sc_xpm_cdc_async_rst_inst/reset_pol
    Routing       SLICE_X156Y144       FDCE                                         f  rasterixgen.rasterix/memory/rasterixmem_i/interconnect/inst/s02_nodes/s02_ar_node/inst/m_sc_xpm_cdc_async_rst_inst/arststages_ff_reg[0]/CLR
  ---------------------------------------------------------------------------------    -------------------

                                       (clock clk_pll_i rise edge)
                                                                    0.000     0.000 r  
                  R4                                                0.000     0.000 r  clk (IN)
                                       net (fo=0)                   0.000     0.000    mmcm/inst/clk_in1
                  R4                                                                r  mmcm/inst/clkin1_ibufg/I
                  R4                   IBUF (Prop_ibuf_I_O)         0.431     0.431 r  mmcm/inst/clkin1_ibufg/O
                                       net (fo=1, routed)           0.480     0.911    mmcm/inst/clk_in1_mmcm
                  MMCME2_ADV_X1Y2                                                   r  mmcm/inst/mmcm_adv_inst/CLKIN1
                  MMCME2_ADV_X1Y2      MMCME2_ADV (Prop_mmcme2_adv_CLKIN1_CLKOUT0)
                                                                   -3.332    -2.421 r  mmcm/inst/mmcm_adv_inst/CLKOUT0
                                       net (fo=1, routed)           0.579    -1.843    mmcm/inst/clk_out1_mmcm
                  BUFGCTRL_X0Y2                                                     r  mmcm/inst/clkout1_buf/I
                  BUFGCTRL_X0Y2        BUFG (Prop_bufg_I_O)         0.029    -1.814 r  mmcm/inst/clkout1_buf/O
                                       net (fo=2, routed)           0.875    -0.939    ddr3/u_ddr3_mig/u_ddr3_infrastructure/mmcm_clk
                  PLLE2_ADV_X1Y3                                                    r  ddr3/u_ddr3_mig/u_ddr3_infrastructure/plle2_i/CLKIN1
                  PLLE2_ADV_X1Y3       PLLE2_ADV (Prop_plle2_adv_CLKIN1_CLKOUT3)
                                                                    0.053    -0.886 r  ddr3/u_ddr3_mig/u_ddr3_infrastructure/plle2_i/CLKOUT3
                                       net (fo=1, routed)           0.472    -0.414    ddr3/u_ddr3_mig/u_ddr3_infrastructure/pll_clk3_out
                  BUFHCE_X1Y36                                                      r  ddr3/u_ddr3_mig/u_ddr3_infrastructure/u_bufh_pll_clk3/I
                  BUFHCE_X1Y36         BUFH (Prop_bufh_I_O)         0.043    -0.371 r  ddr3/u_ddr3_mig/u_ddr3_infrastructure/u_bufh_pll_clk3/O
                                       net (fo=1, routed)           0.538     0.167    ddr3/u_ddr3_mig/u_ddr3_infrastructure/pll_clk3
                  MMCME2_ADV_X1Y3                                                   r  ddr3/u_ddr3_mig/u_ddr3_infrastructure/gen_mmcm.mmcm_i/CLKIN1
                  MMCME2_ADV_X1Y3      MMCME2_ADV (Prop_mmcme2_adv_CLKIN1_CLKFBOUT)
                                                                   -1.475    -1.308 r  ddr3/u_ddr3_mig/u_ddr3_infrastructure/gen_mmcm.mmcm_i/CLKFBOUT
                                       net (fo=1, routed)           0.579    -0.730    ddr3/u_ddr3_mig/u_ddr3_infrastructure/clk_pll_i
                  BUFGCTRL_X0Y16                                                    r  ddr3/u_ddr3_mig/u_ddr3_infrastructure/u_bufg_clkdiv0/I
                  BUFGCTRL_X0Y16       BUFG (Prop_bufg_I_O)         0.029    -0.701 r  ddr3/u_ddr3_mig/u_ddr3_infrastructure/u_bufg_clkdiv0/O
                                       net (fo=26482, routed)       0.922     0.221    rasterixgen.rasterix/memory/rasterixmem_i/interconnect/inst/s02_nodes/s02_ar_node/inst/m_sc_xpm_cdc_async_rst_inst/dest_clk
                  SLICE_X156Y144       FDCE                                         r  rasterixgen.rasterix/memory/rasterixmem_i/interconnect/inst/s02_nodes/s02_ar_node/inst/m_sc_xpm_cdc_async_rst_inst/arststages_ff_reg[0]/C





--------------------------------------------------------------------------------------
Path Group:  (none)
From Clock:  mem_refclk
  To Clock:  clk_pll_i

Max Delay             2 Endpoints
Min Delay             2 Endpoints
--------------------------------------------------------------------------------------


Max Delay Paths
--------------------------------------------------------------------------------------
Slack:                    inf
  Source:                 ddr3/u_ddr3_mig/u_memc_ui_top_axi/mem_intfc0/ddr_phy_top0/u_ddr_mc_phy_wrapper/u_ddr_mc_phy/ddr_phy_4lanes_0.u_ddr_phy_4lanes/ddr_byte_lane_D.ddr_byte_lane_D/phaser_in_gen.phaser_in/MEMREFCLK
                            (rising edge-triggered cell PHASER_IN_PHY clocked by mem_refclk  {rise@0.000ns fall@1.250ns period=2.500ns})
  Destination:            ddr3/u_ddr3_mig/u_memc_ui_top_axi/mem_intfc0/ddr_phy_top0/u_ddr_calib_top/dqsfind_calib_left.u_ddr_phy_dqs_found_cal_hr/pi_dqs_found_lanes_r1_reg[3]/D
                            (rising edge-triggered cell FDRE clocked by clk_pll_i  {rise@0.000ns fall@5.000ns period=10.000ns})
  Path Group:             (none)
  Path Type:              Setup (Max at Slow Process Corner)
  Data Path Delay:        2.638ns  (logic 0.402ns (15.237%)  route 2.236ns (84.763%))
  Logic Levels:           0  
  Clock Path Skew:        1.015ns (DCD - SCD + CPR)
    Destination Clock Delay (DCD):    0.635ns
    Source Clock Delay      (SCD):    -0.380ns
    Clock Pessimism Removal (CPR):    0.000ns
  Clock Uncertainty:      0.226ns  ((TSJ^2 + DJ^2)^1/2) / 2 + PE
    Total System Jitter     (TSJ):    0.071ns
    Discrete Jitter          (DJ):    0.098ns
    Phase Error              (PE):    0.166ns
  Timing Exception:       False Path

    Pin Reuse     Location             Delay type                Incr(ns)  Path(ns)    Netlist Resource(s)
  ---------------------------------------------------------------------------------    -------------------
                                       (clock mem_refclk rise edge)
                                                                    0.000     0.000 r  
                  R4                                                0.000     0.000 r  clk (IN)
                                       net (fo=0)                   0.000     0.000    mmcm/inst/clk_in1
                  R4                                                                r  mmcm/inst/clkin1_ibufg/I
                  R4                   IBUF (Prop_ibuf_I_O)         1.475     1.475 r  mmcm/inst/clkin1_ibufg/O
                                       net (fo=1, routed)           1.233     2.708    mmcm/inst/clk_in1_mmcm
                  MMCME2_ADV_X1Y2                                                   r  mmcm/inst/mmcm_adv_inst/CLKIN1
                  MMCME2_ADV_X1Y2      MMCME2_ADV (Prop_mmcme2_adv_CLKIN1_CLKOUT0)
                                                                   -7.432    -4.724 r  mmcm/inst/mmcm_adv_inst/CLKOUT0
                                       net (fo=1, routed)           1.808    -2.915    mmcm/inst/clk_out1_mmcm
                  BUFGCTRL_X0Y2                                                     r  mmcm/inst/clkout1_buf/I
                  BUFGCTRL_X0Y2        BUFG (Prop_bufg_I_O)         0.096    -2.819 r  mmcm/inst/clkout1_buf/O
                                       net (fo=2, routed)           1.754    -1.065    ddr3/u_ddr3_mig/u_ddr3_infrastructure/mmcm_clk
                  PLLE2_ADV_X1Y3                                                    r  ddr3/u_ddr3_mig/u_ddr3_infrastructure/plle2_i/CLKIN1
                  PLLE2_ADV_X1Y3       PLLE2_ADV (Prop_plle2_adv_CLKIN1_CLKOUT1)
                                                                    0.088    -0.977 r  ddr3/u_ddr3_mig/u_ddr3_infrastructure/plle2_i/CLKOUT1
                                       net (fo=7, routed)           0.597    -0.380    ddr3/u_ddr3_mig/u_memc_ui_top_axi/mem_intfc0/ddr_phy_top0/u_ddr_mc_phy_wrapper/u_ddr_mc_phy/ddr_phy_4lanes_0.u_ddr_phy_4lanes/ddr_byte_lane_D.ddr_byte_lane_D/mem_refclk
                  PHASER_IN_PHY_X1Y15  PHASER_IN_PHY                                r  ddr3/u_ddr3_mig/u_memc_ui_top_axi/mem_intfc0/ddr_phy_top0/u_ddr_mc_phy_wrapper/u_ddr_mc_phy/ddr_phy_4lanes_0.u_ddr_phy_4lanes/ddr_byte_lane_D.ddr_byte_lane_D/phaser_in_gen.phaser_in/MEMREFCLK
  ---------------------------------------------------------------------------------    -------------------
    Routing       PHASER_IN_PHY_X1Y15  PHASER_IN_PHY (Prop_phaser_in_phy_MEMREFCLK_DQSFOUND)
                                                                    0.402     0.022 r  ddr3/u_ddr3_mig/u_memc_ui_top_axi/mem_intfc0/ddr_phy_top0/u_ddr_mc_phy_wrapper/u_ddr_mc_phy/ddr_phy_4lanes_0.u_ddr_phy_4lanes/ddr_byte_lane_D.ddr_byte_lane_D/phaser_in_gen.phaser_in/DQSFOUND
                                       net (fo=1, routed)           2.236     2.258    ddr3/u_ddr3_mig/u_memc_ui_top_axi/mem_intfc0/ddr_phy_top0/u_ddr_calib_top/dqsfind_calib_left.u_ddr_phy_dqs_found_cal_hr/pi_dqs_found_lanes[1]
    Routing       SLICE_X131Y170       FDRE                                         r  ddr3/u_ddr3_mig/u_memc_ui_top_axi/mem_intfc0/ddr_phy_top0/u_ddr_calib_top/dqsfind_calib_left.u_ddr_phy_dqs_found_cal_hr/pi_dqs_found_lanes_r1_reg[3]/D
  ---------------------------------------------------------------------------------    -------------------

                                       (clock clk_pll_i rise edge)
                                                                    0.000     0.000 r  
                  R4                                                0.000     0.000 r  clk (IN)
                                       net (fo=0)                   0.000     0.000    mmcm/inst/clk_in1
                  R4                                                                r  mmcm/inst/clkin1_ibufg/I
                  R4                   IBUF (Prop_ibuf_I_O)         1.405     1.405 r  mmcm/inst/clkin1_ibufg/O
                                       net (fo=1, routed)           1.162     2.567    mmcm/inst/clk_in1_mmcm
                  MMCME2_ADV_X1Y2                                                   r  mmcm/inst/mmcm_adv_inst/CLKIN1
                  MMCME2_ADV_X1Y2      MMCME2_ADV (Prop_mmcme2_adv_CLKIN1_CLKOUT0)
                                                                   -7.674    -5.107 r  mmcm/inst/mmcm_adv_inst/CLKOUT0
                                       net (fo=1, routed)           1.723    -3.384    mmcm/inst/clk_out1_mmcm
                  BUFGCTRL_X0Y2                                                     r  mmcm/inst/clkout1_buf/I
                  BUFGCTRL_X0Y2        BUFG (Prop_bufg_I_O)         0.091    -3.293 r  mmcm/inst/clkout1_buf/O
                                       net (fo=2, routed)           1.636    -1.657    ddr3/u_ddr3_mig/u_ddr3_infrastructure/mmcm_clk
                  PLLE2_ADV_X1Y3                                                    r  ddr3/u_ddr3_mig/u_ddr3_infrastructure/plle2_i/CLKIN1
                  PLLE2_ADV_X1Y3       PLLE2_ADV (Prop_plle2_adv_CLKIN1_CLKOUT3)
                                                                    0.083    -1.574 r  ddr3/u_ddr3_mig/u_ddr3_infrastructure/plle2_i/CLKOUT3
                                       net (fo=1, routed)           1.289    -0.285    ddr3/u_ddr3_mig/u_ddr3_infrastructure/pll_clk3_out
                  BUFHCE_X1Y36                                                      r  ddr3/u_ddr3_mig/u_ddr3_infrastructure/u_bufh_pll_clk3/I
                  BUFHCE_X1Y36         BUFH (Prop_bufh_I_O)         0.081    -0.204 r  ddr3/u_ddr3_mig/u_ddr3_infrastructure/u_bufh_pll_clk3/O
                                       net (fo=1, routed)           0.904     0.700    ddr3/u_ddr3_mig/u_ddr3_infrastructure/pll_clk3
                  MMCME2_ADV_X1Y3                                                   r  ddr3/u_ddr3_mig/u_ddr3_infrastructure/gen_mmcm.mmcm_i/CLKIN1
                  MMCME2_ADV_X1Y3      MMCME2_ADV (Prop_mmcme2_adv_CLKIN1_CLKFBOUT)
                                                                   -3.425    -2.725 r  ddr3/u_ddr3_mig/u_ddr3_infrastructure/gen_mmcm.mmcm_i/CLKFBOUT
                                       net (fo=1, routed)           1.723    -1.002    ddr3/u_ddr3_mig/u_ddr3_infrastructure/clk_pll_i
                  BUFGCTRL_X0Y16                                                    r  ddr3/u_ddr3_mig/u_ddr3_infrastructure/u_bufg_clkdiv0/I
                  BUFGCTRL_X0Y16       BUFG (Prop_bufg_I_O)         0.091    -0.911 r  ddr3/u_ddr3_mig/u_ddr3_infrastructure/u_bufg_clkdiv0/O
                                       net (fo=26482, routed)       1.546     0.635    ddr3/u_ddr3_mig/u_memc_ui_top_axi/mem_intfc0/ddr_phy_top0/u_ddr_calib_top/dqsfind_calib_left.u_ddr_phy_dqs_found_cal_hr/CLK
                  SLICE_X131Y170       FDRE                                         r  ddr3/u_ddr3_mig/u_memc_ui_top_axi/mem_intfc0/ddr_phy_top0/u_ddr_calib_top/dqsfind_calib_left.u_ddr_phy_dqs_found_cal_hr/pi_dqs_found_lanes_r1_reg[3]/C





Min Delay Paths
--------------------------------------------------------------------------------------
Slack:                    inf
  Source:                 ddr3/u_ddr3_mig/u_memc_ui_top_axi/mem_intfc0/ddr_phy_top0/u_ddr_mc_phy_wrapper/u_ddr_mc_phy/ddr_phy_4lanes_0.u_ddr_phy_4lanes/ddr_byte_lane_C.ddr_byte_lane_C/phaser_in_gen.phaser_in/MEMREFCLK
                            (rising edge-triggered cell PHASER_IN_PHY clocked by mem_refclk  {rise@0.000ns fall@1.250ns period=2.500ns})
  Destination:            ddr3/u_ddr3_mig/u_memc_ui_top_axi/mem_intfc0/ddr_phy_top0/u_ddr_calib_top/dqsfind_calib_left.u_ddr_phy_dqs_found_cal_hr/pi_dqs_found_lanes_r1_reg[2]/D
                            (rising edge-triggered cell FDRE clocked by clk_pll_i  {rise@0.000ns fall@5.000ns period=10.000ns})
  Path Group:             (none)
  Path Type:              Hold (Min at Fast Process Corner)
  Data Path Delay:        1.128ns  (logic 0.204ns (18.086%)  route 0.924ns (81.914%))
  Logic Levels:           0  
  Clock Path Skew:        0.596ns (DCD - SCD - CPR)
    Destination Clock Delay (DCD):    0.149ns
    Source Clock Delay      (SCD):    -0.447ns
    Clock Pessimism Removal (CPR):    -0.000ns
  Clock Uncertainty:      0.226ns  ((TSJ^2 + DJ^2)^1/2) / 2 + PE
    Total System Jitter     (TSJ):    0.071ns
    Discrete Jitter          (DJ):    0.098ns
    Phase Error              (PE):    0.166ns
  Timing Exception:       False Path

    Pin Reuse     Location             Delay type                Incr(ns)  Path(ns)    Netlist Resource(s)
  ---------------------------------------------------------------------------------    -------------------
                                       (clock mem_refclk rise edge)
                                                                    0.000     0.000 r  
                  R4                                                0.000     0.000 r  clk (IN)
                                       net (fo=0)                   0.000     0.000    mmcm/inst/clk_in1
                  R4                                                                r  mmcm/inst/clkin1_ibufg/I
                  R4                   IBUF (Prop_ibuf_I_O)         0.243     0.243 r  mmcm/inst/clkin1_ibufg/O
                                       net (fo=1, routed)           0.440     0.683    mmcm/inst/clk_in1_mmcm
                  MMCME2_ADV_X1Y2                                                   r  mmcm/inst/mmcm_adv_inst/CLKIN1
                  MMCME2_ADV_X1Y2      MMCME2_ADV (Prop_mmcme2_adv_CLKIN1_CLKOUT0)
                                                                   -2.540    -1.856 r  mmcm/inst/mmcm_adv_inst/CLKOUT0
                                       net (fo=1, routed)           0.531    -1.325    mmcm/inst/clk_out1_mmcm
                  BUFGCTRL_X0Y2                                                     r  mmcm/inst/clkout1_buf/I
                  BUFGCTRL_X0Y2        BUFG (Prop_bufg_I_O)         0.026    -1.299 r  mmcm/inst/clkout1_buf/O
                                       net (fo=2, routed)           0.606    -0.694    ddr3/u_ddr3_mig/u_ddr3_infrastructure/mmcm_clk
                  PLLE2_ADV_X1Y3                                                    r  ddr3/u_ddr3_mig/u_ddr3_infrastructure/plle2_i/CLKIN1
                  PLLE2_ADV_X1Y3       PLLE2_ADV (Prop_plle2_adv_CLKIN1_CLKOUT1)
                                                                    0.050    -0.644 r  ddr3/u_ddr3_mig/u_ddr3_infrastructure/plle2_i/CLKOUT1
                                       net (fo=7, routed)           0.197    -0.447    ddr3/u_ddr3_mig/u_memc_ui_top_axi/mem_intfc0/ddr_phy_top0/u_ddr_mc_phy_wrapper/u_ddr_mc_phy/ddr_phy_4lanes_0.u_ddr_phy_4lanes/ddr_byte_lane_C.ddr_byte_lane_C/mem_refclk
                  PHASER_IN_PHY_X1Y14  PHASER_IN_PHY                                r  ddr3/u_ddr3_mig/u_memc_ui_top_axi/mem_intfc0/ddr_phy_top0/u_ddr_mc_phy_wrapper/u_ddr_mc_phy/ddr_phy_4lanes_0.u_ddr_phy_4lanes/ddr_byte_lane_C.ddr_byte_lane_C/phaser_in_gen.phaser_in/MEMREFCLK
  ---------------------------------------------------------------------------------    -------------------
    Routing       PHASER_IN_PHY_X1Y14  PHASER_IN_PHY (Prop_phaser_in_phy_MEMREFCLK_DQSFOUND)
                                                                    0.204    -0.243 r  ddr3/u_ddr3_mig/u_memc_ui_top_axi/mem_intfc0/ddr_phy_top0/u_ddr_mc_phy_wrapper/u_ddr_mc_phy/ddr_phy_4lanes_0.u_ddr_phy_4lanes/ddr_byte_lane_C.ddr_byte_lane_C/phaser_in_gen.phaser_in/DQSFOUND
                                       net (fo=1, routed)           0.924     0.681    ddr3/u_ddr3_mig/u_memc_ui_top_axi/mem_intfc0/ddr_phy_top0/u_ddr_calib_top/dqsfind_calib_left.u_ddr_phy_dqs_found_cal_hr/pi_dqs_found_lanes[0]
    Routing       SLICE_X134Y171       FDRE                                         r  ddr3/u_ddr3_mig/u_memc_ui_top_axi/mem_intfc0/ddr_phy_top0/u_ddr_calib_top/dqsfind_calib_left.u_ddr_phy_dqs_found_cal_hr/pi_dqs_found_lanes_r1_reg[2]/D
  ---------------------------------------------------------------------------------    -------------------

                                       (clock clk_pll_i rise edge)
                                                                    0.000     0.000 r  
                  R4                                                0.000     0.000 r  clk (IN)
                                       net (fo=0)                   0.000     0.000    mmcm/inst/clk_in1
                  R4                                                                r  mmcm/inst/clkin1_ibufg/I
                  R4                   IBUF (Prop_ibuf_I_O)         0.431     0.431 r  mmcm/inst/clkin1_ibufg/O
                                       net (fo=1, routed)           0.480     0.911    mmcm/inst/clk_in1_mmcm
                  MMCME2_ADV_X1Y2                                                   r  mmcm/inst/mmcm_adv_inst/CLKIN1
                  MMCME2_ADV_X1Y2      MMCME2_ADV (Prop_mmcme2_adv_CLKIN1_CLKOUT0)
                                                                   -3.332    -2.421 r  mmcm/inst/mmcm_adv_inst/CLKOUT0
                                       net (fo=1, routed)           0.579    -1.843    mmcm/inst/clk_out1_mmcm
                  BUFGCTRL_X0Y2                                                     r  mmcm/inst/clkout1_buf/I
                  BUFGCTRL_X0Y2        BUFG (Prop_bufg_I_O)         0.029    -1.814 r  mmcm/inst/clkout1_buf/O
                                       net (fo=2, routed)           0.875    -0.939    ddr3/u_ddr3_mig/u_ddr3_infrastructure/mmcm_clk
                  PLLE2_ADV_X1Y3                                                    r  ddr3/u_ddr3_mig/u_ddr3_infrastructure/plle2_i/CLKIN1
                  PLLE2_ADV_X1Y3       PLLE2_ADV (Prop_plle2_adv_CLKIN1_CLKOUT3)
                                                                    0.053    -0.886 r  ddr3/u_ddr3_mig/u_ddr3_infrastructure/plle2_i/CLKOUT3
                                       net (fo=1, routed)           0.472    -0.414    ddr3/u_ddr3_mig/u_ddr3_infrastructure/pll_clk3_out
                  BUFHCE_X1Y36                                                      r  ddr3/u_ddr3_mig/u_ddr3_infrastructure/u_bufh_pll_clk3/I
                  BUFHCE_X1Y36         BUFH (Prop_bufh_I_O)         0.043    -0.371 r  ddr3/u_ddr3_mig/u_ddr3_infrastructure/u_bufh_pll_clk3/O
                                       net (fo=1, routed)           0.538     0.167    ddr3/u_ddr3_mig/u_ddr3_infrastructure/pll_clk3
                  MMCME2_ADV_X1Y3                                                   r  ddr3/u_ddr3_mig/u_ddr3_infrastructure/gen_mmcm.mmcm_i/CLKIN1
                  MMCME2_ADV_X1Y3      MMCME2_ADV (Prop_mmcme2_adv_CLKIN1_CLKFBOUT)
                                                                   -1.475    -1.308 r  ddr3/u_ddr3_mig/u_ddr3_infrastructure/gen_mmcm.mmcm_i/CLKFBOUT
                                       net (fo=1, routed)           0.579    -0.730    ddr3/u_ddr3_mig/u_ddr3_infrastructure/clk_pll_i
                  BUFGCTRL_X0Y16                                                    r  ddr3/u_ddr3_mig/u_ddr3_infrastructure/u_bufg_clkdiv0/I
                  BUFGCTRL_X0Y16       BUFG (Prop_bufg_I_O)         0.029    -0.701 r  ddr3/u_ddr3_mig/u_ddr3_infrastructure/u_bufg_clkdiv0/O
                                       net (fo=26482, routed)       0.850     0.149    ddr3/u_ddr3_mig/u_memc_ui_top_axi/mem_intfc0/ddr_phy_top0/u_ddr_calib_top/dqsfind_calib_left.u_ddr_phy_dqs_found_cal_hr/CLK
                  SLICE_X134Y171       FDRE                                         r  ddr3/u_ddr3_mig/u_memc_ui_top_axi/mem_intfc0/ddr_phy_top0/u_ddr_calib_top/dqsfind_calib_left.u_ddr_phy_dqs_found_cal_hr/pi_dqs_found_lanes_r1_reg[2]/C





--------------------------------------------------------------------------------------
Path Group:  (none)
From Clock:  
  To Clock:  clk_out1_videoclock

Max Delay             1 Endpoint
Min Delay             1 Endpoint
--------------------------------------------------------------------------------------


Max Delay Paths
--------------------------------------------------------------------------------------
Slack:                    inf
  Source:                 rasterixgen.videoclock/inst/mmcm_adv_inst/LOCKED
                            (internal pin)
  Destination:            rasterixgen.pixelreset/U0/EXT_LPF/lpf_int_reg/D
                            (rising edge-triggered cell FDRE clocked by clk_out1_videoclock  {rise@0.000ns fall@19.841ns period=39.683ns})
  Path Group:             (none)
  Path Type:              Setup (Max at Slow Process Corner)
  Data Path Delay:        4.500ns  (logic 0.124ns (2.756%)  route 4.376ns (97.244%))
  Logic Levels:           1  (LUT4=1)
  Clock Uncertainty:      0.584ns  ((TSJ^2 + DJ^2)^1/2) / 2 + PE
    Total System Jitter     (TSJ):    0.050ns
    Discrete Jitter          (DJ):    0.470ns
    Phase Error              (PE):    0.347ns

    Pin Reuse     Location             Delay type                Incr(ns)  Path(ns)    Netlist Resource(s)
  ---------------------------------------------------------------------------------    -------------------
    Routing       MMCME2_ADV_X1Y0      MMCME2_ADV                   0.000     0.000 f  rasterixgen.videoclock/inst/mmcm_adv_inst/LOCKED
                                       net (fo=1, routed)           4.376     4.376    rasterixgen.pixelreset/U0/EXT_LPF/dcm_locked
    Routing       SLICE_X157Y147                                                    f  rasterixgen.pixelreset/U0/EXT_LPF/lpf_int0/I0
    Routing       SLICE_X157Y147       LUT4 (Prop_lut4_I0_O)        0.124     4.500 r  rasterixgen.pixelreset/U0/EXT_LPF/lpf_int0/O
                                       net (fo=1, routed)           0.000     4.500    rasterixgen.pixelreset/U0/EXT_LPF/lpf_int0__0
    Routing       SLICE_X157Y147       FDRE                                         r  rasterixgen.pixelreset/U0/EXT_LPF/lpf_int_reg/D
  ---------------------------------------------------------------------------------    -------------------

                                       (clock clk_out1_videoclock rise edge)
                                                                    0.000     0.000 r  
                  R4                                                0.000     0.000 r  clk (IN)
                                       net (fo=0)                   0.000     0.000    mmcm/inst/clk_in1
                  R4                                                                r  mmcm/inst/clkin1_ibufg/I
                  R4                   IBUF (Prop_ibuf_I_O)         1.405     1.405 r  mmcm/inst/clkin1_ibufg/O
                                       net (fo=1, routed)           1.162     2.567    mmcm/inst/clk_in1_mmcm
                  MMCME2_ADV_X1Y2                                                   r  mmcm/inst/mmcm_adv_inst/CLKIN1
                  MMCME2_ADV_X1Y2      MMCME2_ADV (Prop_mmcme2_adv_CLKIN1_CLKOUT0)
                                                                   -7.674    -5.107 r  mmcm/inst/mmcm_adv_inst/CLKOUT0
                                       net (fo=1, routed)           1.723    -3.384    mmcm/inst/clk_out1_mmcm
                  BUFGCTRL_X0Y2                                                     r  mmcm/inst/clkout1_buf/I
                  BUFGCTRL_X0Y2        BUFG (Prop_bufg_I_O)         0.091    -3.293 r  mmcm/inst/clkout1_buf/O
                                       net (fo=2, routed)           1.972    -1.321    rasterixgen.videoclock/inst/clk_in1
                  MMCME2_ADV_X1Y0                                                   r  rasterixgen.videoclock/inst/mmcm_adv_inst/CLKIN1
                  MMCME2_ADV_X1Y0      MMCME2_ADV (Prop_mmcme2_adv_CLKIN1_CLKOUT0)
                                                                   -4.637    -5.958 r  rasterixgen.videoclock/inst/mmcm_adv_inst/CLKOUT0
                                       net (fo=1, routed)           2.574    -3.384    rasterixgen.videoclock/inst/clk_out1_videoclock
                  BUFGCTRL_X0Y4                                                     r  rasterixgen.videoclock/inst/clkout1_buf/I
                  BUFGCTRL_X0Y4        BUFG (Prop_bufg_I_O)         0.091    -3.293 r  rasterixgen.videoclock/inst/clkout1_buf/O
                                       net (fo=868, routed)         1.712    -1.580    rasterixgen.pixelreset/U0/EXT_LPF/slowest_sync_clk
                  SLICE_X157Y147       FDRE                                         r  rasterixgen.pixelreset/U0/EXT_LPF/lpf_int_reg/C





Min Delay Paths
--------------------------------------------------------------------------------------
Slack:                    inf
  Source:                 rasterixgen.videoclock/inst/mmcm_adv_inst/LOCKED
                            (internal pin)
  Destination:            rasterixgen.pixelreset/U0/EXT_LPF/lpf_int_reg/D
                            (rising edge-triggered cell FDRE clocked by clk_out1_videoclock  {rise@0.000ns fall@19.841ns period=39.683ns})
  Path Group:             (none)
  Path Type:              Hold (Min at Fast Process Corner)
  Data Path Delay:        1.695ns  (logic 0.045ns (2.655%)  route 1.650ns (97.345%))
  Logic Levels:           1  (LUT4=1)
  Clock Uncertainty:      0.584ns  ((TSJ^2 + DJ^2)^1/2) / 2 + PE
    Total System Jitter     (TSJ):    0.050ns
    Discrete Jitter          (DJ):    0.470ns
    Phase Error              (PE):    0.347ns

    Pin Reuse     Location             Delay type                Incr(ns)  Path(ns)    Netlist Resource(s)
  ---------------------------------------------------------------------------------    -------------------
    Routing       MMCME2_ADV_X1Y0      MMCME2_ADV                   0.000     0.000 f  rasterixgen.videoclock/inst/mmcm_adv_inst/LOCKED
                                       net (fo=1, routed)           1.650     1.650    rasterixgen.pixelreset/U0/EXT_LPF/dcm_locked
    Routing       SLICE_X157Y147                                                    f  rasterixgen.pixelreset/U0/EXT_LPF/lpf_int0/I0
    Routing       SLICE_X157Y147       LUT4 (Prop_lut4_I0_O)        0.045     1.695 r  rasterixgen.pixelreset/U0/EXT_LPF/lpf_int0/O
                                       net (fo=1, routed)           0.000     1.695    rasterixgen.pixelreset/U0/EXT_LPF/lpf_int0__0
    Routing       SLICE_X157Y147       FDRE                                         r  rasterixgen.pixelreset/U0/EXT_LPF/lpf_int_reg/D
  ---------------------------------------------------------------------------------    -------------------

                                       (clock clk_out1_videoclock rise edge)
                                                                    0.000     0.000 r  
                  R4                                                0.000     0.000 r  clk (IN)
                                       net (fo=0)                   0.000     0.000    mmcm/inst/clk_in1
                  R4                                                                r  mmcm/inst/clkin1_ibufg/I
                  R4                   IBUF (Prop_ibuf_I_O)         0.431     0.431 r  mmcm/inst/clkin1_ibufg/O
                                       net (fo=1, routed)           0.480     0.911    mmcm/inst/clk_in1_mmcm
                  MMCME2_ADV_X1Y2                                                   r  mmcm/inst/mmcm_adv_inst/CLKIN1
                  MMCME2_ADV_X1Y2      MMCME2_ADV (Prop_mmcme2_adv_CLKIN1_CLKOUT0)
                                                                   -3.332    -2.421 r  mmcm/inst/mmcm_adv_inst/CLKOUT0
                                       net (fo=1, routed)           0.579    -1.843    mmcm/inst/clk_out1_mmcm
                  BUFGCTRL_X0Y2                                                     r  mmcm/inst/clkout1_buf/I
                  BUFGCTRL_X0Y2        BUFG (Prop_bufg_I_O)         0.029    -1.814 r  mmcm/inst/clkout1_buf/O
                                       net (fo=2, routed)           1.022    -0.792    rasterixgen.videoclock/inst/clk_in1
                  MMCME2_ADV_X1Y0                                                   r  rasterixgen.videoclock/inst/mmcm_adv_inst/CLKIN1
                  MMCME2_ADV_X1Y0      MMCME2_ADV (Prop_mmcme2_adv_CLKIN1_CLKOUT0)
                                                                   -2.040    -2.832 r  rasterixgen.videoclock/inst/mmcm_adv_inst/CLKOUT0
                                       net (fo=1, routed)           0.989    -1.843    rasterixgen.videoclock/inst/clk_out1_videoclock
                  BUFGCTRL_X0Y4                                                     r  rasterixgen.videoclock/inst/clkout1_buf/I
                  BUFGCTRL_X0Y4        BUFG (Prop_bufg_I_O)         0.029    -1.814 r  rasterixgen.videoclock/inst/clkout1_buf/O
                                       net (fo=868, routed)         0.921    -0.893    rasterixgen.pixelreset/U0/EXT_LPF/slowest_sync_clk
                  SLICE_X157Y147       FDRE                                         r  rasterixgen.pixelreset/U0/EXT_LPF/lpf_int_reg/C





--------------------------------------------------------------------------------------
Path Group:  (none)
From Clock:  
  To Clock:  clk_pll_i

Max Delay            35 Endpoints
Min Delay            35 Endpoints
--------------------------------------------------------------------------------------


Max Delay Paths
--------------------------------------------------------------------------------------
Slack:                    inf
  Source:                 ddr3/u_ddr3_mig/u_ddr3_infrastructure/gen_mmcm.mmcm_i/LOCKED
                            (internal pin)
  Destination:            ddr3/u_ddr3_mig/u_ddr3_infrastructure/rstdiv0_sync_r1_reg_rep__2/PRE
                            (recovery check against rising-edge clock clk_pll_i  {rise@0.000ns fall@5.000ns period=10.000ns})
  Path Group:             (none)
  Path Type:              Recovery (Max at Slow Process Corner)
  Data Path Delay:        5.065ns  (logic 0.118ns (2.330%)  route 4.947ns (97.670%))
  Logic Levels:           1  (LUT4=1)
  Clock Uncertainty:      0.169ns  ((TSJ^2 + DJ^2)^1/2) / 2 + PE
    Total System Jitter     (TSJ):    0.050ns
    Discrete Jitter          (DJ):    0.098ns
    Phase Error              (PE):    0.114ns

    Pin Reuse     Location             Delay type                Incr(ns)  Path(ns)    Netlist Resource(s)
  ---------------------------------------------------------------------------------    -------------------
    Routing       MMCME2_ADV_X1Y3      MMCME2_ADV                   0.000     0.000 r  ddr3/u_ddr3_mig/u_ddr3_infrastructure/gen_mmcm.mmcm_i/LOCKED
                                       net (fo=3, routed)           1.716     1.716    ddr3/u_ddr3_mig/u_iodelay_ctrl/rstdiv2_sync_r_reg[11]
    Routing       SLICE_X161Y174                                                    r  ddr3/u_ddr3_mig/u_iodelay_ctrl/rstdiv2_sync_r[11]_i_1/I0
    Routing       SLICE_X161Y174       LUT4 (Prop_lut4_I0_O)        0.118     1.834 f  ddr3/u_ddr3_mig/u_iodelay_ctrl/rstdiv2_sync_r[11]_i_1/O
                                       net (fo=33, routed)          3.232     5.065    ddr3/u_ddr3_mig/u_ddr3_infrastructure/rst_tmp
    Routing       SLICE_X112Y168       FDPE                                         f  ddr3/u_ddr3_mig/u_ddr3_infrastructure/rstdiv0_sync_r1_reg_rep__2/PRE
  ---------------------------------------------------------------------------------    -------------------

                                       (clock clk_pll_i rise edge)
                                                                    0.000     0.000 r  
                  R4                                                0.000     0.000 r  clk (IN)
                                       net (fo=0)                   0.000     0.000    mmcm/inst/clk_in1
                  R4                                                                r  mmcm/inst/clkin1_ibufg/I
                  R4                   IBUF (Prop_ibuf_I_O)         1.405     1.405 r  mmcm/inst/clkin1_ibufg/O
                                       net (fo=1, routed)           1.162     2.567    mmcm/inst/clk_in1_mmcm
                  MMCME2_ADV_X1Y2                                                   r  mmcm/inst/mmcm_adv_inst/CLKIN1
                  MMCME2_ADV_X1Y2      MMCME2_ADV (Prop_mmcme2_adv_CLKIN1_CLKOUT0)
                                                                   -7.674    -5.107 r  mmcm/inst/mmcm_adv_inst/CLKOUT0
                                       net (fo=1, routed)           1.723    -3.384    mmcm/inst/clk_out1_mmcm
                  BUFGCTRL_X0Y2                                                     r  mmcm/inst/clkout1_buf/I
                  BUFGCTRL_X0Y2        BUFG (Prop_bufg_I_O)         0.091    -3.293 r  mmcm/inst/clkout1_buf/O
                                       net (fo=2, routed)           1.636    -1.657    ddr3/u_ddr3_mig/u_ddr3_infrastructure/mmcm_clk
                  PLLE2_ADV_X1Y3                                                    r  ddr3/u_ddr3_mig/u_ddr3_infrastructure/plle2_i/CLKIN1
                  PLLE2_ADV_X1Y3       PLLE2_ADV (Prop_plle2_adv_CLKIN1_CLKOUT3)
                                                                    0.083    -1.574 r  ddr3/u_ddr3_mig/u_ddr3_infrastructure/plle2_i/CLKOUT3
                                       net (fo=1, routed)           1.289    -0.285    ddr3/u_ddr3_mig/u_ddr3_infrastructure/pll_clk3_out
                  BUFHCE_X1Y36                                                      r  ddr3/u_ddr3_mig/u_ddr3_infrastructure/u_bufh_pll_clk3/I
                  BUFHCE_X1Y36         BUFH (Prop_bufh_I_O)         0.081    -0.204 r  ddr3/u_ddr3_mig/u_ddr3_infrastructure/u_bufh_pll_clk3/O
                                       net (fo=1, routed)           0.904     0.700    ddr3/u_ddr3_mig/u_ddr3_infrastructure/pll_clk3
                  MMCME2_ADV_X1Y3                                                   r  ddr3/u_ddr3_mig/u_ddr3_infrastructure/gen_mmcm.mmcm_i/CLKIN1
                  MMCME2_ADV_X1Y3      MMCME2_ADV (Prop_mmcme2_adv_CLKIN1_CLKFBOUT)
                                                                   -3.425    -2.725 r  ddr3/u_ddr3_mig/u_ddr3_infrastructure/gen_mmcm.mmcm_i/CLKFBOUT
                                       net (fo=1, routed)           1.723    -1.002    ddr3/u_ddr3_mig/u_ddr3_infrastructure/clk_pll_i
                  BUFGCTRL_X0Y16                                                    r  ddr3/u_ddr3_mig/u_ddr3_infrastructure/u_bufg_clkdiv0/I
                  BUFGCTRL_X0Y16       BUFG (Prop_bufg_I_O)         0.091    -0.911 r  ddr3/u_ddr3_mig/u_ddr3_infrastructure/u_bufg_clkdiv0/O
                                       net (fo=26482, routed)       1.543     0.632    ddr3/u_ddr3_mig/u_ddr3_infrastructure/CLK
                  SLICE_X112Y168       FDPE                                         r  ddr3/u_ddr3_mig/u_ddr3_infrastructure/rstdiv0_sync_r1_reg_rep__2/C





Min Delay Paths
--------------------------------------------------------------------------------------
Slack:                    inf
  Source:                 ddr3/u_ddr3_mig/u_iodelay_ctrl/u_idelayctrl_200/RDY
                            (internal pin)
  Destination:            ddr3/u_ddr3_mig/u_ddr3_infrastructure/rstdiv0_sync_r1_reg_rep__18/PRE
                            (removal check against rising-edge clock clk_pll_i  {rise@0.000ns fall@5.000ns period=10.000ns})
  Path Group:             (none)
  Path Type:              Removal (Min at Fast Process Corner)
  Data Path Delay:        0.900ns  (logic 0.046ns (5.113%)  route 0.854ns (94.886%))
  Logic Levels:           1  (LUT4=1)
  Clock Uncertainty:      0.169ns  ((TSJ^2 + DJ^2)^1/2) / 2 + PE
    Total System Jitter     (TSJ):    0.050ns
    Discrete Jitter          (DJ):    0.098ns
    Phase Error              (PE):    0.114ns

    Pin Reuse     Location             Delay type                Incr(ns)  Path(ns)    Netlist Resource(s)
  ---------------------------------------------------------------------------------    -------------------
    Routing       IDELAYCTRL_X1Y3      IDELAYCTRL                   0.000     0.000 r  ddr3/u_ddr3_mig/u_iodelay_ctrl/u_idelayctrl_200/RDY
                                       net (fo=1, routed)           0.373     0.373    ddr3/u_ddr3_mig/u_iodelay_ctrl/iodelay_ctrl_rdy[0]
    Routing       SLICE_X161Y174                                                    r  ddr3/u_ddr3_mig/u_iodelay_ctrl/rstdiv2_sync_r[11]_i_1/I1
    Routing       SLICE_X161Y174       LUT4 (Prop_lut4_I1_O)        0.046     0.419 f  ddr3/u_ddr3_mig/u_iodelay_ctrl/rstdiv2_sync_r[11]_i_1/O
                                       net (fo=33, routed)          0.481     0.900    ddr3/u_ddr3_mig/u_ddr3_infrastructure/rst_tmp
    Routing       SLICE_X144Y164       FDPE                                         f  ddr3/u_ddr3_mig/u_ddr3_infrastructure/rstdiv0_sync_r1_reg_rep__18/PRE
  ---------------------------------------------------------------------------------    -------------------

                                       (clock clk_pll_i rise edge)
                                                                    0.000     0.000 r  
                  R4                                                0.000     0.000 r  clk (IN)
                                       net (fo=0)                   0.000     0.000    mmcm/inst/clk_in1
                  R4                                                                r  mmcm/inst/clkin1_ibufg/I
                  R4                   IBUF (Prop_ibuf_I_O)         0.431     0.431 r  mmcm/inst/clkin1_ibufg/O
                                       net (fo=1, routed)           0.480     0.911    mmcm/inst/clk_in1_mmcm
                  MMCME2_ADV_X1Y2                                                   r  mmcm/inst/mmcm_adv_inst/CLKIN1
                  MMCME2_ADV_X1Y2      MMCME2_ADV (Prop_mmcme2_adv_CLKIN1_CLKOUT0)
                                                                   -3.332    -2.421 r  mmcm/inst/mmcm_adv_inst/CLKOUT0
                                       net (fo=1, routed)           0.579    -1.843    mmcm/inst/clk_out1_mmcm
                  BUFGCTRL_X0Y2                                                     r  mmcm/inst/clkout1_buf/I
                  BUFGCTRL_X0Y2        BUFG (Prop_bufg_I_O)         0.029    -1.814 r  mmcm/inst/clkout1_buf/O
                                       net (fo=2, routed)           0.875    -0.939    ddr3/u_ddr3_mig/u_ddr3_infrastructure/mmcm_clk
                  PLLE2_ADV_X1Y3                                                    r  ddr3/u_ddr3_mig/u_ddr3_infrastructure/plle2_i/CLKIN1
                  PLLE2_ADV_X1Y3       PLLE2_ADV (Prop_plle2_adv_CLKIN1_CLKOUT3)
                                                                    0.053    -0.886 r  ddr3/u_ddr3_mig/u_ddr3_infrastructure/plle2_i/CLKOUT3
                                       net (fo=1, routed)           0.472    -0.414    ddr3/u_ddr3_mig/u_ddr3_infrastructure/pll_clk3_out
                  BUFHCE_X1Y36                                                      r  ddr3/u_ddr3_mig/u_ddr3_infrastructure/u_bufh_pll_clk3/I
                  BUFHCE_X1Y36         BUFH (Prop_bufh_I_O)         0.043    -0.371 r  ddr3/u_ddr3_mig/u_ddr3_infrastructure/u_bufh_pll_clk3/O
                                       net (fo=1, routed)           0.538     0.167    ddr3/u_ddr3_mig/u_ddr3_infrastructure/pll_clk3
                  MMCME2_ADV_X1Y3                                                   r  ddr3/u_ddr3_mig/u_ddr3_infrastructure/gen_mmcm.mmcm_i/CLKIN1
                  MMCME2_ADV_X1Y3      MMCME2_ADV (Prop_mmcme2_adv_CLKIN1_CLKFBOUT)
                                                                   -1.475    -1.308 r  ddr3/u_ddr3_mig/u_ddr3_infrastructure/gen_mmcm.mmcm_i/CLKFBOUT
                                       net (fo=1, routed)           0.579    -0.730    ddr3/u_ddr3_mig/u_ddr3_infrastructure/clk_pll_i
                  BUFGCTRL_X0Y16                                                    r  ddr3/u_ddr3_mig/u_ddr3_infrastructure/u_bufg_clkdiv0/I
                  BUFGCTRL_X0Y16       BUFG (Prop_bufg_I_O)         0.029    -0.701 r  ddr3/u_ddr3_mig/u_ddr3_infrastructure/u_bufg_clkdiv0/O
                                       net (fo=26482, routed)       0.882     0.182    ddr3/u_ddr3_mig/u_ddr3_infrastructure/CLK
                  SLICE_X144Y164       FDPE                                         r  ddr3/u_ddr3_mig/u_ddr3_infrastructure/rstdiv0_sync_r1_reg_rep__18/C





