Copyright 1986-2022 Xilinx, Inc. All Rights Reserved. Copyright 2022-2025 Advanced Micro Devices, Inc. All Rights Reserved.
--------------------------------------------------------------------------------------------------------------------------------------------------------------------------------------------
| Tool Version : Vivado v.2025.2 (lin64) Build 6299465 Fri Nov 14 12:34:56 MST 2025
| Date         : Wed Sep  9 19:46:39 2026
| Host         : RESEARCH-HOST running 64-bit Ubuntu 24.04.4 LTS
| Command      : report_timing_summary -delay_type min_max -report_unconstrained -file /path/to/research/experiments/rasterix-integration-20260909/upstream-refinement/timing_summary.rpt
| Design       : fpgaTop
| Device       : 7a200t-sbg484
| Speed File   : -1  PRODUCTION 1.23 2018-06-13
| Design State : Physopt postRoute
--------------------------------------------------------------------------------------------------------------------------------------------------------------------------------------------

Timing Summary Report

------------------------------------------------------------------------------------------------
| Timer Settings
| --------------
------------------------------------------------------------------------------------------------

  Enable Multi Corner Analysis               :  Yes
  Enable Pessimism Removal                   :  Yes
  Pessimism Removal Resolution               :  Nearest Common Node
  Enable Input Delay Default Clock           :  No
  Enable Preset / Clear Arcs                 :  No
  Disable Flight Delays                      :  No
  Ignore I/O Paths                           :  No
  Timing Early Launch at Borrowing Latches   :  No
  Borrow Time for Max Delay Exceptions       :  Yes
  Merge Timing Exceptions                    :  Yes
  Inter-SLR Compensation                     :  Conservative

  Corner  Analyze    Analyze    
  Name    Max Paths  Min Paths  
  ------  ---------  ---------  
  Slow    Yes        Yes        
  Fast    Yes        Yes        


------------------------------------------------------------------------------------------------
| Report Methodology
| ------------------
------------------------------------------------------------------------------------------------

Rule       Severity  Description                                      Violations  
---------  --------  -----------------------------------------------  ----------  
PDRC-190   Warning   Suboptimally placed synchronized register chain  12          
SYNTH-6    Warning   Timing of a RAM block might be sub-optimal       107         
SYNTH-9    Warning   Small multiplier                                 164         
SYNTH-10   Warning   Wide multiplier                                  36          
SYNTH-15   Warning   Byte wide write enable not inferred              17          
SYNTH-16   Warning   Address collision                                50          
XDCB-5     Warning   Runtime inefficient way to find pin objects      1           
XDCH-2     Warning   Same min and max delay values on IO port         3           
REQP-1959  Advisory  connects_SERDES_RST_driver_not_FF                16          

Note: This report is based on the most recent report_methodology run and may not be up-to-date. Run report_methodology on the current design for the latest report.



check_timing report

Table of Contents
-----------------
1. checking no_clock (0)
2. checking constant_clock (0)
3. checking pulse_width_clock (0)
4. checking unconstrained_internal_endpoints (0)
5. checking no_input_delay (11)
6. checking no_output_delay (14)
7. checking multiple_clock (0)
8. checking generated_clocks (0)
9. checking loops (0)
10. checking partial_input_delay (0)
11. checking partial_output_delay (0)
12. checking latch_loops (0)

1. checking no_clock (0)
------------------------
 There are 0 register/latch pins with no clock.


2. checking constant_clock (0)
------------------------------
 There are 0 register/latch pins with constant_clock.


3. checking pulse_width_clock (0)
---------------------------------
 There are 0 register/latch pins which need pulse_width check


4. checking unconstrained_internal_endpoints (0)
------------------------------------------------
 There are 0 pins that are not constrained for maximum delay.

 There are 0 pins that are not constrained for maximum delay due to constant clock.


5. checking no_input_delay (11)
-------------------------------
 There are 0 input ports with no input delay specified.

 There are 11 input ports with no input delay but user has a false path constraint. (MEDIUM)


6. checking no_output_delay (14)
--------------------------------
 There are 0 ports with no output delay specified.

 There are 14 ports with no output delay but user has a false path constraint (MEDIUM)

 There are 0 ports with no output delay but with a timing clock defined on it or propagating through it


7. checking multiple_clock (0)
------------------------------
 There are 0 register/latch pins with multiple clocks.


8. checking generated_clocks (0)
--------------------------------
 There are 0 generated clocks that are not connected to a clock source.


9. checking loops (0)
---------------------
 There are 0 combinational loops in the design.


10. checking partial_input_delay (0)
------------------------------------
 There are 0 input ports with partial input delay specified.


11. checking partial_output_delay (0)
-------------------------------------
 There are 0 ports with partial output delay specified.


12. checking latch_loops (0)
----------------------------
 There are 0 combinational latch loops in the design through latch input



------------------------------------------------------------------------------------------------
| Design Timing Summary
| ---------------------
------------------------------------------------------------------------------------------------

    WNS(ns)      TNS(ns)  TNS Failing Endpoints  TNS Total Endpoints      WHS(ns)      THS(ns)  THS Failing Endpoints  THS Total Endpoints     WPWS(ns)     TPWS(ns)  TPWS Failing Endpoints  TPWS Total Endpoints  
    -------      -------  ---------------------  -------------------      -------      -------  ---------------------  -------------------     --------     --------  ----------------------  --------------------  
      0.170        0.000                      0               149727        0.008        0.000                      0               149582        0.000        0.000                       0                 52501  


All user specified timing constraints are met.


------------------------------------------------------------------------------------------------
| Clock Summary
| -------------
------------------------------------------------------------------------------------------------

Clock                                                                                                                                                            Waveform(ns)         Period(ns)      Frequency(MHz)
-----                                                                                                                                                            ------------         ----------      --------------
clk                                                                                                                                                              {0.000 5.000}        10.000          100.000         
  clk_out1_mmcm                                                                                                                                                  {0.000 5.000}        10.000          100.000         
    clk_out1_videoclock                                                                                                                                          {0.000 19.841}       39.683          25.200          
    clk_out2_videoclock                                                                                                                                          {0.000 3.968}        7.937           126.000         
    clkfbout_videoclock                                                                                                                                          {0.000 25.000}       50.000          20.000          
    freq_refclk                                                                                                                                                  {0.000 0.625}        1.250           800.000         
      u_memc_ui_top_axi/mem_intfc0/ddr_phy_top0/u_ddr_mc_phy_wrapper/u_ddr_mc_phy/ddr_phy_4lanes_0.u_ddr_phy_4lanes/ddr_byte_lane_C.ddr_byte_lane_C/iserdes_clk  {0.000 1.250}        2.500           400.000         
        iserdes_clkdiv                                                                                                                                           {0.000 5.000}        10.000          100.000         
      u_memc_ui_top_axi/mem_intfc0/ddr_phy_top0/u_ddr_mc_phy_wrapper/u_ddr_mc_phy/ddr_phy_4lanes_0.u_ddr_phy_4lanes/ddr_byte_lane_D.ddr_byte_lane_D/iserdes_clk  {0.000 1.250}        2.500           400.000         
        iserdes_clkdiv_1                                                                                                                                         {0.000 5.000}        10.000          100.000         
    mem_refclk                                                                                                                                                   {0.000 1.250}        2.500           400.000         
      oserdes_clk                                                                                                                                                {0.000 1.250}        2.500           400.000         
        oserdes_clkdiv                                                                                                                                           {0.000 5.000}        10.000          100.000         
      oserdes_clk_1                                                                                                                                              {0.000 1.250}        2.500           400.000         
        oserdes_clkdiv_1                                                                                                                                         {0.000 5.000}        10.000          100.000         
      oserdes_clk_2                                                                                                                                              {0.000 1.250}        2.500           400.000         
        oserdes_clkdiv_2                                                                                                                                         {0.000 2.500}        5.000           200.000         
      oserdes_clk_3                                                                                                                                              {0.000 1.250}        2.500           400.000         
        oserdes_clkdiv_3                                                                                                                                         {0.000 2.500}        5.000           200.000         
    pll_clk3_out                                                                                                                                                 {0.000 5.000}        10.000          100.000         
      clk_pll_i                                                                                                                                                  {0.000 5.000}        10.000          100.000         
    pll_clkfbout                                                                                                                                                 {0.000 5.000}        10.000          100.000         
    sync_pulse                                                                                                                                                   {1.094 3.594}        40.000          25.000          
  clk_out2_mmcm                                                                                                                                                  {0.000 2.500}        5.000           200.000         
  clk_out3_mmcm                                                                                                                                                  {0.000 25.000}       50.000          20.000          
  clkfbout_mmcm                                                                                                                                                  {0.000 5.000}        10.000          100.000         


------------------------------------------------------------------------------------------------
| Intra Clock Table
| -----------------
------------------------------------------------------------------------------------------------

Clock                                                                                                                                                                WNS(ns)      TNS(ns)  TNS Failing Endpoints  TNS Total Endpoints      WHS(ns)      THS(ns)  THS Failing Endpoints  THS Total Endpoints     WPWS(ns)     TPWS(ns)  TPWS Failing Endpoints  TPWS Total Endpoints  
-----                                                                                                                                                                -------      -------  ---------------------  -------------------      -------      -------  ---------------------  -------------------     --------     --------  ----------------------  --------------------  
clk                                                                                                                                                                                                                                                                                                                3.000        0.000                       0                     1  
  clk_out1_mmcm                                                                                                                                                                                                                                                                                                    3.000        0.000                       0                     4  
    clk_out1_videoclock                                                                                                                                               28.985        0.000                      0                 2144        0.035        0.000                      0                 2144       18.591        0.000                       0                   870  
    clk_out2_videoclock                                                                                                                                                4.541        0.000                      0                   80        0.137        0.000                      0                   80        3.468        0.000                       0                    79  
    clkfbout_videoclock                                                                                                                                                                                                                                                                                           47.845        0.000                       0                     3  
    freq_refclk                                                                                                                                                                                                                                                                                                    0.000        0.000                       0                     8  
      u_memc_ui_top_axi/mem_intfc0/ddr_phy_top0/u_ddr_mc_phy_wrapper/u_ddr_mc_phy/ddr_phy_4lanes_0.u_ddr_phy_4lanes/ddr_byte_lane_C.ddr_byte_lane_C/iserdes_clk                                                                                                                                                    0.833        0.000                       0                    16  
        iserdes_clkdiv                                                                                                                                                 7.965        0.000                      0                   33        0.071        0.000                      0                   33        2.850        0.000                       0                     9  
      u_memc_ui_top_axi/mem_intfc0/ddr_phy_top0/u_ddr_mc_phy_wrapper/u_ddr_mc_phy/ddr_phy_4lanes_0.u_ddr_phy_4lanes/ddr_byte_lane_D.ddr_byte_lane_D/iserdes_clk                                                                                                                                                    0.833        0.000                       0                    16  
        iserdes_clkdiv_1                                                                                                                                               7.948        0.000                      0                   33        0.071        0.000                      0                   33        2.850        0.000                       0                     9  
    mem_refclk                                                                                                                                                         1.330        0.000                      0                    1        0.336        0.000                      0                    1        0.625        0.000                       0                     8  
      oserdes_clk                                                                                                                                                                                                                                                                                                  0.833        0.000                       0                    12  
        oserdes_clkdiv                                                                                                                                                 8.040        0.000                      0                   44        0.090        0.000                      0                   44        2.850        0.000                       0                    12  
      oserdes_clk_1                                                                                                                                                                                                                                                                                                0.833        0.000                       0                    12  
        oserdes_clkdiv_1                                                                                                                                               8.563        0.000                      0                   48        0.094        0.000                      0                   48        2.850        0.000                       0                    13  
      oserdes_clk_2                                                                                                                                                    0.912        0.000                      0                    4        0.413        0.000                      0                    4        0.833        0.000                       0                    12  
        oserdes_clkdiv_2                                                                                                                                               3.570        0.000                      0                   36        0.092        0.000                      0                   36        0.000        0.000                       0                    11  
      oserdes_clk_3                                                                                                                                                    0.928        0.000                      0                    4        0.408        0.000                      0                    4        0.833        0.000                       0                    12  
        oserdes_clkdiv_3                                                                                                                                               3.586        0.000                      0                   36        0.086        0.000                      0                   36        0.000        0.000                       0                    11  
    pll_clk3_out                                                                                                                                                                                                                                                                                                   3.000        0.000                       0                     3  
      clk_pll_i                                                                                                                                                        0.170        0.000                      0                68001        0.008        0.000                      0                68001        2.850        0.000                       0                 25277  
    pll_clkfbout                                                                                                                                                                                                                                                                                                   8.751        0.000                       0                     2  
    sync_pulse                                                                                                                                                                                                                                                                                                     1.250        0.000                       0                     8  
  clk_out2_mmcm                                                                                                                                                        2.227        0.000                      0                  126        0.122        0.000                      0                  126        0.264        0.000                       0                    64  
  clk_out3_mmcm                                                                                                                                                        0.564        0.000                      0                78251        0.036        0.000                      0                78248       23.750        0.000                       0                 26026  
  clkfbout_mmcm                                                                                                                                                                                                                                                                                                    7.845        0.000                       0                     3  


------------------------------------------------------------------------------------------------
| Inter Clock Table
| -----------------
------------------------------------------------------------------------------------------------

From Clock                                                                                                                                                 To Clock                                                                                                                                                       WNS(ns)      TNS(ns)  TNS Failing Endpoints  TNS Total Endpoints      WHS(ns)      THS(ns)  THS Failing Endpoints  THS Total Endpoints  
----------                                                                                                                                                 --------                                                                                                                                                       -------      -------  ---------------------  -------------------      -------      -------  ---------------------  -------------------  
clk_pll_i                                                                                                                                                  clk_out1_videoclock                                                                                                                                              7.582        0.000                      0                  112                                                                        
clk_out1_videoclock                                                                                                                                        clk_out2_videoclock                                                                                                                                              4.580        0.000                      0                   30        0.063        0.000                      0                   30  
clk_pll_i                                                                                                                                                  u_memc_ui_top_axi/mem_intfc0/ddr_phy_top0/u_ddr_mc_phy_wrapper/u_ddr_mc_phy/ddr_phy_4lanes_0.u_ddr_phy_4lanes/ddr_byte_lane_C.ddr_byte_lane_C/iserdes_clk        6.412        0.000                      0                    8       38.353        0.000                      0                    8  
clk_pll_i                                                                                                                                                  u_memc_ui_top_axi/mem_intfc0/ddr_phy_top0/u_ddr_mc_phy_wrapper/u_ddr_mc_phy/ddr_phy_4lanes_0.u_ddr_phy_4lanes/ddr_byte_lane_D.ddr_byte_lane_D/iserdes_clk        7.523        0.000                      0                    8       37.934        0.000                      0                    8  
sync_pulse                                                                                                                                                 mem_refclk                                                                                                                                                       0.970        0.000                      0                    1        0.666        0.000                      0                    1  
oserdes_clk                                                                                                                                                oserdes_clkdiv                                                                                                                                                   1.593        0.000                      0                   12        0.095        0.000                      0                   12  
oserdes_clk_1                                                                                                                                              oserdes_clkdiv_1                                                                                                                                                 1.593        0.000                      0                   13        0.095        0.000                      0                   13  
oserdes_clk_2                                                                                                                                              oserdes_clkdiv_2                                                                                                                                                 1.141        0.000                      0                   15        0.076        0.000                      0                   15  
oserdes_clk_3                                                                                                                                              oserdes_clkdiv_3                                                                                                                                                 1.299        0.000                      0                   15        0.095        0.000                      0                   15  
clk_out1_videoclock                                                                                                                                        clk_pll_i                                                                                                                                                        7.337        0.000                      0                   84                                                                        
clk_out2_mmcm                                                                                                                                              clk_pll_i                                                                                                                                                       16.597        0.000                      0                   12        0.135        0.000                      0                   12  
clk_out3_mmcm                                                                                                                                              clk_pll_i                                                                                                                                                       48.360        0.000                      0                   38                                                                        
clk_pll_i                                                                                                                                                  clk_out2_mmcm                                                                                                                                                   14.426        0.000                      0                    1                                                                        
clk_pll_i                                                                                                                                                  clk_out3_mmcm                                                                                                                                                    2.782        0.000                      0                   73        0.499        0.000                      0                   35  


------------------------------------------------------------------------------------------------
| Other Path Groups Table
| -----------------------
------------------------------------------------------------------------------------------------

Path Group           From Clock           To Clock                 WNS(ns)      TNS(ns)  TNS Failing Endpoints  TNS Total Endpoints      WHS(ns)      THS(ns)  THS Failing Endpoints  THS Total Endpoints  
----------           ----------           --------                 -------      -------  ---------------------  -------------------      -------      -------  ---------------------  -------------------  
**async_default**    clk_out1_videoclock  clk_out1_videoclock       33.398        0.000                      0                  217        0.921        0.000                      0                  217  
**async_default**    clk_out1_videoclock  clk_out2_videoclock        1.772        0.000                      0                   73        0.942        0.000                      0                   73  
**async_default**    clk_out3_mmcm        clk_out3_mmcm             47.210        0.000                      0                  111        0.397        0.000                      0                  111  
**async_default**    clk_pll_i            clk_pll_i                  6.369        0.000                      0                  195        0.166        0.000                      0                  195  
**default**          clk_pll_i                                       0.949        0.000                      0                    1                                                                        


------------------------------------------------------------------------------------------------
| User Ignored Path Table
| -----------------------
------------------------------------------------------------------------------------------------

Path Group           From Clock           To Clock           
----------           ----------           --------           
(none)               clk_out2_videoclock                       
(none)               clk_out3_mmcm                             
(none)               clk_pll_i                                 
(none)               clk_out1_videoclock  clk_out1_videoclock  
(none)               clk_pll_i            clk_out1_videoclock  
(none)                                    clk_out2_mmcm        
(none)               clk_pll_i            clk_out2_mmcm        
(none)                                    clk_out3_mmcm        
(none)               clk_out3_mmcm        clk_out3_mmcm        
(none)               clk_pll_i            clk_out3_mmcm        
(none)                                    clk_pll_i            
(none)               clk_out1_videoclock  clk_pll_i            
(none)               clk_out3_mmcm        clk_pll_i            
(none)               clk_pll_i            clk_pll_i            
(none)               mem_refclk           clk_pll_i            


------------------------------------------------------------------------------------------------
| Unconstrained Path Table
| ------------------------
------------------------------------------------------------------------------------------------

Path Group           From Clock           To Clock           
----------           ----------           --------           
(none)                                    clk_out1_videoclock  
(none)                                    clk_pll_i            


------------------------------------------------------------------------------------------------
| Timing Details
| --------------
------------------------------------------------------------------------------------------------


---------------------------------------------------------------------------------------------------
From Clock:  clk
  To Clock:  clk

Setup :           NA  Failing Endpoints,  Worst Slack           NA  ,  Total Violation           NA
Hold  :           NA  Failing Endpoints,  Worst Slack           NA  ,  Total Violation           NA
PW    :            0  Failing Endpoints,  Worst Slack        3.000ns,  Total Violation        0.000ns
---------------------------------------------------------------------------------------------------


Pulse Width Checks
--------------------------------------------------------------------------------------
Clock Name:         clk
Waveform(ns):       { 0.000 5.000 }
Period(ns):         10.000
Sources:            { clk }

Check Type        Corner  Lib Pin            Reference Pin  Required(ns)  Actual(ns)  Slack(ns)  Location         Pin
Min Period        n/a     MMCME2_ADV/CLKIN1  n/a            1.249         10.000      8.751      MMCME2_ADV_X1Y2  mmcm/inst/mmcm_adv_inst/CLKIN1
Max Period        n/a     MMCME2_ADV/CLKIN1  n/a            100.000       10.000      90.000     MMCME2_ADV_X1Y2  mmcm/inst/mmcm_adv_inst/CLKIN1
Low Pulse Width   Slow    MMCME2_ADV/CLKIN1  n/a            2.000         5.000       3.000      MMCME2_ADV_X1Y2  mmcm/inst/mmcm_adv_inst/CLKIN1
High Pulse Width  Slow    MMCME2_ADV/CLKIN1  n/a            2.000         5.000       3.000      MMCME2_ADV_X1Y2  mmcm/inst/mmcm_adv_inst/CLKIN1



---------------------------------------------------------------------------------------------------
From Clock:  clk_out1_mmcm
  To Clock:  clk_out1_mmcm

Setup :           NA  Failing Endpoints,  Worst Slack           NA  ,  Total Violation           NA
Hold  :           NA  Failing Endpoints,  Worst Slack           NA  ,  Total Violation           NA
PW    :            0  Failing Endpoints,  Worst Slack        3.000ns,  Total Violation        0.000ns
---------------------------------------------------------------------------------------------------


Pulse Width Checks
--------------------------------------------------------------------------------------
Clock Name:         clk_out1_mmcm
Waveform(ns):       { 0.000 5.000 }
Period(ns):         10.000
Sources:            { mmcm/inst/mmcm_adv_inst/CLKOUT0 }

Check Type        Corner  Lib Pin           Reference Pin  Required(ns)  Actual(ns)  Slack(ns)  Location        Pin
Min Period        n/a     BUFG/I            n/a            2.155         10.000      7.845      BUFGCTRL_X0Y2   mmcm/inst/clkout1_buf/I
Max Period        n/a     PLLE2_ADV/CLKIN1  n/a            52.633        10.000      42.633     PLLE2_ADV_X1Y3  ddr3/u_ddr3_mig/u_ddr3_infrastructure/plle2_i/CLKIN1
Low Pulse Width   Slow    PLLE2_ADV/CLKIN1  n/a            2.000         5.000       3.000      PLLE2_ADV_X1Y3  ddr3/u_ddr3_mig/u_ddr3_infrastructure/plle2_i/CLKIN1
High Pulse Width  Slow    PLLE2_ADV/CLKIN1  n/a            2.000         5.000       3.000      PLLE2_ADV_X1Y3  ddr3/u_ddr3_mig/u_ddr3_infrastructure/plle2_i/CLKIN1



---------------------------------------------------------------------------------------------------
From Clock:  clk_out1_videoclock
  To Clock:  clk_out1_videoclock

Setup :            0  Failing Endpoints,  Worst Slack       28.985ns,  Total Violation        0.000ns
Hold  :            0  Failing Endpoints,  Worst Slack        0.035ns,  Total Violation        0.000ns
PW    :            0  Failing Endpoints,  Worst Slack       18.591ns,  Total Violation        0.000ns
---------------------------------------------------------------------------------------------------


Max Delay Paths
--------------------------------------------------------------------------------------
Slack (MET) :             28.985ns  (required time - arrival time)
  Source:                 rasterixgen.rasterix/display/display/u_fifo/u_ram/ram_reg_0/CLKBWRCLK
                            (rising edge-triggered cell RAMB36E1 clocked by clk_out1_videoclock  {rise@0.000ns fall@19.841ns period=39.683ns})
  Destination:            rasterixgen.rasterix/display/display/u_dvi/u_tmds_blue/encoded_q_reg[6]/D
                            (rising edge-triggered cell FDCE clocked by clk_out1_videoclock  {rise@0.000ns fall@19.841ns period=39.683ns})
  Path Group:             clk_out1_videoclock
  Path Type:              Setup (Max at Slow Process Corner)
  Requirement:            39.683ns  (clk_out1_videoclock rise@39.683ns - clk_out1_videoclock rise@0.000ns)
  Data Path Delay:        10.186ns  (logic 3.678ns (36.108%)  route 6.508ns (63.892%))
  Logic Levels:           6  (LUT3=3 LUT4=1 LUT6=2)
  Clock Path Skew:        -0.074ns (DCD - SCD + CPR)
    Destination Clock Delay (DCD):    -1.581ns = ( 38.101 - 39.683 ) 
    Source Clock Delay      (SCD):    -1.034ns
    Clock Pessimism Removal (CPR):    0.474ns
  Clock Uncertainty:      0.467ns  ((TSJ^2 + DJ^2)^1/2) / 2 + PE
    Total System Jitter     (TSJ):    0.071ns
    Discrete Jitter          (DJ):    0.930ns
    Phase Error              (PE):    0.000ns

    Location             Delay type                Incr(ns)  Path(ns)    Netlist Resource(s)
  -------------------------------------------------------------------    -------------------
                         (clock clk_out1_videoclock rise edge)
                                                      0.000     0.000 r  
    R4                                                0.000     0.000 r  clk (IN)
                         net (fo=0)                   0.000     0.000    mmcm/inst/clk_in1
    R4                   IBUF (Prop_ibuf_I_O)         1.475     1.475 r  mmcm/inst/clkin1_ibufg/O
                         net (fo=1, routed)           1.233     2.708    mmcm/inst/clk_in1_mmcm
    MMCME2_ADV_X1Y2      MMCME2_ADV (Prop_mmcme2_adv_CLKIN1_CLKOUT0)
                                                     -7.432    -4.724 r  mmcm/inst/mmcm_adv_inst/CLKOUT0
                         net (fo=1, routed)           1.808    -2.915    mmcm/inst/clk_out1_mmcm
    BUFGCTRL_X0Y2        BUFG (Prop_bufg_I_O)         0.096    -2.819 r  mmcm/inst/clkout1_buf/O
                         net (fo=2, routed)           2.106    -0.713    rasterixgen.videoclock/inst/clk_in1
    MMCME2_ADV_X1Y0      MMCME2_ADV (Prop_mmcme2_adv_CLKIN1_CLKOUT0)
                                                     -4.900    -5.613 r  rasterixgen.videoclock/inst/mmcm_adv_inst/CLKOUT0
                         net (fo=1, routed)           2.697    -2.915    rasterixgen.videoclock/inst/clk_out1_videoclock
    BUFGCTRL_X0Y4        BUFG (Prop_bufg_I_O)         0.096    -2.819 r  rasterixgen.videoclock/inst/clkout1_buf/O
                         net (fo=868, routed)         1.785    -1.034    rasterixgen.rasterix/display/display/u_fifo/u_ram/PixelCLK
    RAMB36_X7Y30         RAMB36E1                                     r  rasterixgen.rasterix/display/display/u_fifo/u_ram/ram_reg_0/CLKBWRCLK
  -------------------------------------------------------------------    -------------------
    RAMB36_X7Y30         RAMB36E1 (Prop_ramb36e1_CLKBWRCLK_DOBDO[0])
                                                      2.454     1.420 r  rasterixgen.rasterix/display/display/u_fifo/u_ram/ram_reg_0/DOBDO[0]
                         net (fo=2, routed)           1.350     2.770    rasterixgen.rasterix/display/display/u_fifo/u_ram/data_out_w[0]
    SLICE_X150Y150       LUT3 (Prop_lut3_I2_O)        0.124     2.894 r  rasterixgen.rasterix/display/display/u_fifo/u_ram/encoded_q[4]_i_4__0/O
                         net (fo=1, routed)           0.689     3.583    rasterixgen.rasterix/display/display/u_fifo/u_ram/encoded_q[4]_i_4__0_n_0
    SLICE_X150Y150       LUT6 (Prop_lut6_I0_O)        0.124     3.707 r  rasterixgen.rasterix/display/display/u_fifo/u_ram/encoded_q[4]_i_2__1/O
                         net (fo=20, routed)          1.763     5.470    rasterixgen.rasterix/display/display/u_fifo/u_ram/word_sel_q_reg_8
    SLICE_X158Y148       LUT3 (Prop_lut3_I0_O)        0.152     5.622 r  rasterixgen.rasterix/display/display/u_fifo/u_ram/dc_bias_q[3]_i_9/O
                         net (fo=4, routed)           0.809     6.431    rasterixgen.rasterix/display/display/u_dvi/u_tmds_blue/encoded_q_reg[5]_2
    SLICE_X158Y147       LUT6 (Prop_lut6_I4_O)        0.348     6.779 r  rasterixgen.rasterix/display/display/u_dvi/u_tmds_blue/dc_bias_q[3]_i_3__0/O
                         net (fo=8, routed)           0.856     7.634    rasterixgen.rasterix/display/display/u_dvi/u_tmds_blue/dc_bias_q_reg[3]_0
    SLICE_X158Y146       LUT3 (Prop_lut3_I1_O)        0.148     7.782 r  rasterixgen.rasterix/display/display/u_dvi/u_tmds_blue/encoded_q[9]_i_2__0/O
                         net (fo=6, routed)           1.042     8.824    rasterixgen.rasterix/display/display/u_fifo/u_ram/encoded_q_reg[4]_1
    SLICE_X159Y145       LUT4 (Prop_lut4_I1_O)        0.328     9.152 r  rasterixgen.rasterix/display/display/u_fifo/u_ram/encoded_q[6]_i_1__1/O
                         net (fo=1, routed)           0.000     9.152    rasterixgen.rasterix/display/display/u_dvi/u_tmds_blue/encoded_q_reg[8]_0[1]
    SLICE_X159Y145       FDCE                                         r  rasterixgen.rasterix/display/display/u_dvi/u_tmds_blue/encoded_q_reg[6]/D
  -------------------------------------------------------------------    -------------------

                         (clock clk_out1_videoclock rise edge)
                                                     39.683    39.683 r  
    R4                                                0.000    39.683 r  clk (IN)
                         net (fo=0)                   0.000    39.683    mmcm/inst/clk_in1
    R4                   IBUF (Prop_ibuf_I_O)         1.405    41.087 r  mmcm/inst/clkin1_ibufg/O
                         net (fo=1, routed)           1.162    42.249    mmcm/inst/clk_in1_mmcm
    MMCME2_ADV_X1Y2      MMCME2_ADV (Prop_mmcme2_adv_CLKIN1_CLKOUT0)
                                                     -7.674    34.576 r  mmcm/inst/mmcm_adv_inst/CLKOUT0
                         net (fo=1, routed)           1.723    36.299    mmcm/inst/clk_out1_mmcm
    BUFGCTRL_X0Y2        BUFG (Prop_bufg_I_O)         0.091    36.390 r  mmcm/inst/clkout1_buf/O
                         net (fo=2, routed)           1.972    38.361    rasterixgen.videoclock/inst/clk_in1
    MMCME2_ADV_X1Y0      MMCME2_ADV (Prop_mmcme2_adv_CLKIN1_CLKOUT0)
                                                     -4.637    33.725 r  rasterixgen.videoclock/inst/mmcm_adv_inst/CLKOUT0
                         net (fo=1, routed)           2.574    36.299    rasterixgen.videoclock/inst/clk_out1_videoclock
    BUFGCTRL_X0Y4        BUFG (Prop_bufg_I_O)         0.091    36.390 r  rasterixgen.videoclock/inst/clkout1_buf/O
                         net (fo=868, routed)         1.711    38.101    rasterixgen.rasterix/display/display/u_dvi/u_tmds_blue/PixelCLK
    SLICE_X159Y145       FDCE                                         r  rasterixgen.rasterix/display/display/u_dvi/u_tmds_blue/encoded_q_reg[6]/C
                         clock pessimism              0.474    38.575    
                         clock uncertainty           -0.467    38.108    
    SLICE_X159Y145       FDCE (Setup_fdce_C_D)        0.029    38.137    rasterixgen.rasterix/display/display/u_dvi/u_tmds_blue/encoded_q_reg[6]
  -------------------------------------------------------------------
                         required time                         38.137    
                         arrival time                          -9.152    
  -------------------------------------------------------------------
                         slack                                 28.985    





Min Delay Paths
--------------------------------------------------------------------------------------
Slack (MET) :             0.035ns  (arrival time - required time)
  Source:                 rasterixgen.rasterix/memory/rasterixmem_i/interconnect/inst/s02_entry_pipeline/s02_mmu/inst/r_sreg/m_vector_i_reg[1073]/C
                            (rising edge-triggered cell FDRE clocked by clk_out1_videoclock  {rise@0.000ns fall@19.841ns period=39.683ns})
  Destination:            rasterixgen.rasterix/display/display/u_fifo/u_ram/ram_reg_0/DIADI[14]
                            (rising edge-triggered cell RAMB36E1 clocked by clk_out1_videoclock  {rise@0.000ns fall@19.841ns period=39.683ns})
  Path Group:             clk_out1_videoclock
  Path Type:              Hold (Min at Fast Process Corner)
  Requirement:            0.000ns  (clk_out1_videoclock rise@0.000ns - clk_out1_videoclock rise@0.000ns)
  Data Path Delay:        0.248ns  (logic 0.141ns (56.898%)  route 0.107ns (43.102%))
  Logic Levels:           0  
  Clock Path Skew:        0.057ns (DCD - SCD - CPR)
    Destination Clock Delay (DCD):    -0.884ns
    Source Clock Delay      (SCD):    -0.683ns
    Clock Pessimism Removal (CPR):    -0.258ns

    Location             Delay type                Incr(ns)  Path(ns)    Netlist Resource(s)
  -------------------------------------------------------------------    -------------------
                         (clock clk_out1_videoclock rise edge)
                                                      0.000     0.000 r  
    R4                                                0.000     0.000 r  clk (IN)
                         net (fo=0)                   0.000     0.000    mmcm/inst/clk_in1
    R4                   IBUF (Prop_ibuf_I_O)         0.243     0.243 r  mmcm/inst/clkin1_ibufg/O
                         net (fo=1, routed)           0.440     0.683    mmcm/inst/clk_in1_mmcm
    MMCME2_ADV_X1Y2      MMCME2_ADV (Prop_mmcme2_adv_CLKIN1_CLKOUT0)
                                                     -2.540    -1.856 r  mmcm/inst/mmcm_adv_inst/CLKOUT0
                         net (fo=1, routed)           0.531    -1.325    mmcm/inst/clk_out1_mmcm
    BUFGCTRL_X0Y2        BUFG (Prop_bufg_I_O)         0.026    -1.299 r  mmcm/inst/clkout1_buf/O
                         net (fo=2, routed)           0.745    -0.555    rasterixgen.videoclock/inst/clk_in1
    MMCME2_ADV_X1Y0      MMCME2_ADV (Prop_mmcme2_adv_CLKIN1_CLKOUT0)
                                                     -1.683    -2.237 r  rasterixgen.videoclock/inst/mmcm_adv_inst/CLKOUT0
                         net (fo=1, routed)           0.912    -1.325    rasterixgen.videoclock/inst/clk_out1_videoclock
    BUFGCTRL_X0Y4        BUFG (Prop_bufg_I_O)         0.026    -1.299 r  rasterixgen.videoclock/inst/clkout1_buf/O
                         net (fo=868, routed)         0.617    -0.683    rasterixgen.rasterix/memory/rasterixmem_i/interconnect/inst/s02_entry_pipeline/s02_mmu/inst/r_sreg/aclk
    SLICE_X141Y152       FDRE                                         r  rasterixgen.rasterix/memory/rasterixmem_i/interconnect/inst/s02_entry_pipeline/s02_mmu/inst/r_sreg/m_vector_i_reg[1073]/C
  -------------------------------------------------------------------    -------------------
    SLICE_X141Y152       FDRE (Prop_fdre_C_Q)         0.141    -0.542 r  rasterixgen.rasterix/memory/rasterixmem_i/interconnect/inst/s02_entry_pipeline/s02_mmu/inst/r_sreg/m_vector_i_reg[1073]/Q
                         net (fo=1, routed)           0.107    -0.435    rasterixgen.rasterix/display/display/u_fifo/u_ram/RDATA[14]
    RAMB36_X7Y30         RAMB36E1                                     r  rasterixgen.rasterix/display/display/u_fifo/u_ram/ram_reg_0/DIADI[14]
  -------------------------------------------------------------------    -------------------

                         (clock clk_out1_videoclock rise edge)
                                                      0.000     0.000 r  
    R4                                                0.000     0.000 r  clk (IN)
                         net (fo=0)                   0.000     0.000    mmcm/inst/clk_in1
    R4                   IBUF (Prop_ibuf_I_O)         0.431     0.431 r  mmcm/inst/clkin1_ibufg/O
                         net (fo=1, routed)           0.480     0.911    mmcm/inst/clk_in1_mmcm
    MMCME2_ADV_X1Y2      MMCME2_ADV (Prop_mmcme2_adv_CLKIN1_CLKOUT0)
                                                     -3.332    -2.421 r  mmcm/inst/mmcm_adv_inst/CLKOUT0
                         net (fo=1, routed)           0.579    -1.843    mmcm/inst/clk_out1_mmcm
    BUFGCTRL_X0Y2        BUFG (Prop_bufg_I_O)         0.029    -1.814 r  mmcm/inst/clkout1_buf/O
                         net (fo=2, routed)           1.022    -0.792    rasterixgen.videoclock/inst/clk_in1
    MMCME2_ADV_X1Y0      MMCME2_ADV (Prop_mmcme2_adv_CLKIN1_CLKOUT0)
                                                     -2.040    -2.832 r  rasterixgen.videoclock/inst/mmcm_adv_inst/CLKOUT0
                         net (fo=1, routed)           0.989    -1.843    rasterixgen.videoclock/inst/clk_out1_videoclock
    BUFGCTRL_X0Y4        BUFG (Prop_bufg_I_O)         0.029    -1.814 r  rasterixgen.videoclock/inst/clkout1_buf/O
                         net (fo=868, routed)         0.930    -0.884    rasterixgen.rasterix/display/display/u_fifo/u_ram/PixelCLK
    RAMB36_X7Y30         RAMB36E1                                     r  rasterixgen.rasterix/display/display/u_fifo/u_ram/ram_reg_0/CLKARDCLK
                         clock pessimism              0.258    -0.625    
    RAMB36_X7Y30         RAMB36E1 (Hold_ramb36e1_CLKARDCLK_DIADI[14])
                                                      0.155    -0.470    rasterixgen.rasterix/display/display/u_fifo/u_ram/ram_reg_0
  -------------------------------------------------------------------
                         required time                          0.470    
                         arrival time                          -0.435    
  -------------------------------------------------------------------
                         slack                                  0.035    





Pulse Width Checks
--------------------------------------------------------------------------------------
Clock Name:         clk_out1_videoclock
Waveform(ns):       { 0.000 19.841 }
Period(ns):         39.683
Sources:            { rasterixgen.videoclock/inst/mmcm_adv_inst/CLKOUT0 }

Check Type        Corner  Lib Pin             Reference Pin  Required(ns)  Actual(ns)  Slack(ns)  Location         Pin
Min Period        n/a     RAMB36E1/CLKARDCLK  n/a            2.944         39.683      36.739     RAMB36_X7Y30     rasterixgen.rasterix/display/display/u_fifo/u_ram/ram_reg_0/CLKARDCLK
Max Period        n/a     MMCME2_ADV/CLKOUT0  n/a            213.360       39.683      173.677    MMCME2_ADV_X1Y0  rasterixgen.videoclock/inst/mmcm_adv_inst/CLKOUT0
Low Pulse Width   Slow    RAMD32/CLK          n/a            1.250         19.841      18.591     SLICE_X132Y167   rasterixgen.rasterix/memory/rasterixmem_i/interconnect/inst/s02_nodes/s02_ar_node/inst/inst_mi_handler/gen_normal_area.inst_fifo_node_payld/gen_xpm_memory_fifo.inst_fifo/gen_mem_rep[0].inst_xpm_memory/xpm_memory_base_inst/gen_wr_a.gen_word_narrow.mem_reg_0_31_0_5/RAMA/CLK
High Pulse Width  Slow    RAMD32/CLK          n/a            1.250         19.841      18.591     SLICE_X132Y167   rasterixgen.rasterix/memory/rasterixmem_i/interconnect/inst/s02_nodes/s02_ar_node/inst/inst_mi_handler/gen_normal_area.inst_fifo_node_payld/gen_xpm_memory_fifo.inst_fifo/gen_mem_rep[0].inst_xpm_memory/xpm_memory_base_inst/gen_wr_a.gen_word_narrow.mem_reg_0_31_0_5/RAMA/CLK



---------------------------------------------------------------------------------------------------
From Clock:  clk_out2_videoclock
  To Clock:  clk_out2_videoclock

Setup :            0  Failing Endpoints,  Worst Slack        4.541ns,  Total Violation        0.000ns
Hold  :            0  Failing Endpoints,  Worst Slack        0.137ns,  Total Violation        0.000ns
PW    :            0  Failing Endpoints,  Worst Slack        3.468ns,  Total Violation        0.000ns
---------------------------------------------------------------------------------------------------


Max Delay Paths
--------------------------------------------------------------------------------------
Slack (MET) :             4.541ns  (required time - arrival time)
  Source:                 rasterixgen.rasterix/display/display/u_dvi/u_resync/sync_q_reg/C
                            (rising edge-triggered cell FDCE clocked by clk_out2_videoclock  {rise@0.000ns fall@3.968ns period=7.937ns})
  Destination:            rasterixgen.rasterix/display/display/u_dvi/tmds_red_x5_q_reg[8]/CE
                            (rising edge-triggered cell FDCE clocked by clk_out2_videoclock  {rise@0.000ns fall@3.968ns period=7.937ns})
  Path Group:             clk_out2_videoclock
  Path Type:              Setup (Max at Slow Process Corner)
  Requirement:            7.937ns  (clk_out2_videoclock rise@7.937ns - clk_out2_videoclock rise@0.000ns)
  Data Path Delay:        2.941ns  (logic 0.773ns (26.279%)  route 2.168ns (73.721%))
  Logic Levels:           1  (LUT2=1)
  Clock Path Skew:        -0.037ns (DCD - SCD + CPR)
    Destination Clock Delay (DCD):    -1.580ns = ( 6.356 - 7.937 ) 
    Source Clock Delay      (SCD):    -0.990ns
    Clock Pessimism Removal (CPR):    0.554ns
  Clock Uncertainty:      0.212ns  ((TSJ^2 + DJ^2)^1/2) / 2 + PE
    Total System Jitter     (TSJ):    0.071ns
    Discrete Jitter          (DJ):    0.419ns
    Phase Error              (PE):    0.000ns

    Location             Delay type                Incr(ns)  Path(ns)    Netlist Resource(s)
  -------------------------------------------------------------------    -------------------
                         (clock clk_out2_videoclock rise edge)
                                                      0.000     0.000 r  
    R4                                                0.000     0.000 r  clk (IN)
                         net (fo=0)                   0.000     0.000    mmcm/inst/clk_in1
    R4                   IBUF (Prop_ibuf_I_O)         1.475     1.475 r  mmcm/inst/clkin1_ibufg/O
                         net (fo=1, routed)           1.233     2.708    mmcm/inst/clk_in1_mmcm
    MMCME2_ADV_X1Y2      MMCME2_ADV (Prop_mmcme2_adv_CLKIN1_CLKOUT0)
                                                     -7.432    -4.724 r  mmcm/inst/mmcm_adv_inst/CLKOUT0
                         net (fo=1, routed)           1.808    -2.915    mmcm/inst/clk_out1_mmcm
    BUFGCTRL_X0Y2        BUFG (Prop_bufg_I_O)         0.096    -2.819 r  mmcm/inst/clkout1_buf/O
                         net (fo=2, routed)           2.106    -0.713    rasterixgen.videoclock/inst/clk_in1
    MMCME2_ADV_X1Y0      MMCME2_ADV (Prop_mmcme2_adv_CLKIN1_CLKOUT1)
                                                     -4.900    -5.613 r  rasterixgen.videoclock/inst/mmcm_adv_inst/CLKOUT1
                         net (fo=1, routed)           2.697    -2.915    rasterixgen.videoclock/inst/clk_out2_videoclock
    BUFGCTRL_X0Y0        BUFG (Prop_bufg_I_O)         0.096    -2.819 r  rasterixgen.videoclock/inst/clkout2_buf/O
                         net (fo=77, routed)          1.829    -0.990    rasterixgen.rasterix/display/display/u_dvi/u_resync/SerialCLK
    SLICE_X162Y138       FDCE                                         r  rasterixgen.rasterix/display/display/u_dvi/u_resync/sync_q_reg/C
  -------------------------------------------------------------------    -------------------
    SLICE_X162Y138       FDCE (Prop_fdce_C_Q)         0.478    -0.512 r  rasterixgen.rasterix/display/display/u_dvi/u_resync/sync_q_reg/Q
                         net (fo=2, routed)           1.009     0.497    rasterixgen.rasterix/display/display/u_dvi/u_resync/sync_q
    SLICE_X162Y138       LUT2 (Prop_lut2_I1_O)        0.295     0.792 r  rasterixgen.rasterix/display/display/u_dvi/u_resync/tmds_red_x5_q[8]_i_1/O
                         net (fo=29, routed)          1.160     1.952    rasterixgen.rasterix/display/display/u_dvi/capture_w
    SLICE_X159Y147       FDCE                                         r  rasterixgen.rasterix/display/display/u_dvi/tmds_red_x5_q_reg[8]/CE
  -------------------------------------------------------------------    -------------------

                         (clock clk_out2_videoclock rise edge)
                                                      7.937     7.937 r  
    R4                                                0.000     7.937 r  clk (IN)
                         net (fo=0)                   0.000     7.937    mmcm/inst/clk_in1
    R4                   IBUF (Prop_ibuf_I_O)         1.405     9.341 r  mmcm/inst/clkin1_ibufg/O
                         net (fo=1, routed)           1.162    10.503    mmcm/inst/clk_in1_mmcm
    MMCME2_ADV_X1Y2      MMCME2_ADV (Prop_mmcme2_adv_CLKIN1_CLKOUT0)
                                                     -7.674     2.830 r  mmcm/inst/mmcm_adv_inst/CLKOUT0
                         net (fo=1, routed)           1.723     4.553    mmcm/inst/clk_out1_mmcm
    BUFGCTRL_X0Y2        BUFG (Prop_bufg_I_O)         0.091     4.644 r  mmcm/inst/clkout1_buf/O
                         net (fo=2, routed)           1.972     6.615    rasterixgen.videoclock/inst/clk_in1
    MMCME2_ADV_X1Y0      MMCME2_ADV (Prop_mmcme2_adv_CLKIN1_CLKOUT1)
                                                     -4.637     1.979 r  rasterixgen.videoclock/inst/mmcm_adv_inst/CLKOUT1
                         net (fo=1, routed)           2.574     4.553    rasterixgen.videoclock/inst/clk_out2_videoclock
    BUFGCTRL_X0Y0        BUFG (Prop_bufg_I_O)         0.091     4.644 r  rasterixgen.videoclock/inst/clkout2_buf/O
                         net (fo=77, routed)          1.712     6.356    rasterixgen.rasterix/display/display/u_dvi/SerialCLK
    SLICE_X159Y147       FDCE                                         r  rasterixgen.rasterix/display/display/u_dvi/tmds_red_x5_q_reg[8]/C
                         clock pessimism              0.554     6.910    
                         clock uncertainty           -0.212     6.697    
    SLICE_X159Y147       FDCE (Setup_fdce_C_CE)      -0.205     6.492    rasterixgen.rasterix/display/display/u_dvi/tmds_red_x5_q_reg[8]
  -------------------------------------------------------------------
                         required time                          6.492    
                         arrival time                          -1.952    
  -------------------------------------------------------------------
                         slack                                  4.541    





Min Delay Paths
--------------------------------------------------------------------------------------
Slack (MET) :             0.137ns  (arrival time - required time)
  Source:                 rasterixgen.rasterix/display/display/u_dvi/dvi_strobe_q_reg/C
                            (rising edge-triggered cell FDCE clocked by clk_out2_videoclock  {rise@0.000ns fall@3.968ns period=7.937ns})
  Destination:            rasterixgen.rasterix/display/display/u_dvi/dvi_green_q_reg[5]/D
                            (rising edge-triggered cell FDCE clocked by clk_out2_videoclock  {rise@0.000ns fall@3.968ns period=7.937ns})
  Path Group:             clk_out2_videoclock
  Path Type:              Hold (Min at Fast Process Corner)
  Requirement:            0.000ns  (clk_out2_videoclock rise@0.000ns - clk_out2_videoclock rise@0.000ns)
  Data Path Delay:        0.517ns  (logic 0.189ns (36.591%)  route 0.328ns (63.409%))
  Logic Levels:           1  (LUT3=1)
  Clock Path Skew:        0.273ns (DCD - SCD - CPR)
    Destination Clock Delay (DCD):    -0.894ns
    Source Clock Delay      (SCD):    -0.653ns
    Clock Pessimism Removal (CPR):    -0.514ns

    Location             Delay type                Incr(ns)  Path(ns)    Netlist Resource(s)
  -------------------------------------------------------------------    -------------------
                         (clock clk_out2_videoclock rise edge)
                                                      0.000     0.000 r  
    R4                                                0.000     0.000 r  clk (IN)
                         net (fo=0)                   0.000     0.000    mmcm/inst/clk_in1
    R4                   IBUF (Prop_ibuf_I_O)         0.243     0.243 r  mmcm/inst/clkin1_ibufg/O
                         net (fo=1, routed)           0.440     0.683    mmcm/inst/clk_in1_mmcm
    MMCME2_ADV_X1Y2      MMCME2_ADV (Prop_mmcme2_adv_CLKIN1_CLKOUT0)
                                                     -2.540    -1.856 r  mmcm/inst/mmcm_adv_inst/CLKOUT0
                         net (fo=1, routed)           0.531    -1.325    mmcm/inst/clk_out1_mmcm
    BUFGCTRL_X0Y2        BUFG (Prop_bufg_I_O)         0.026    -1.299 r  mmcm/inst/clkout1_buf/O
                         net (fo=2, routed)           0.745    -0.555    rasterixgen.videoclock/inst/clk_in1
    MMCME2_ADV_X1Y0      MMCME2_ADV (Prop_mmcme2_adv_CLKIN1_CLKOUT1)
                                                     -1.683    -2.237 r  rasterixgen.videoclock/inst/mmcm_adv_inst/CLKOUT1
                         net (fo=1, routed)           0.912    -1.325    rasterixgen.videoclock/inst/clk_out2_videoclock
    BUFGCTRL_X0Y0        BUFG (Prop_bufg_I_O)         0.026    -1.299 r  rasterixgen.videoclock/inst/clkout2_buf/O
                         net (fo=77, routed)          0.647    -0.653    rasterixgen.rasterix/display/display/u_dvi/SerialCLK
    SLICE_X160Y151       FDCE                                         r  rasterixgen.rasterix/display/display/u_dvi/dvi_strobe_q_reg/C
  -------------------------------------------------------------------    -------------------
    SLICE_X160Y151       FDCE (Prop_fdce_C_Q)         0.141    -0.512 r  rasterixgen.rasterix/display/display/u_dvi/dvi_strobe_q_reg/Q
                         net (fo=30, routed)          0.328    -0.184    rasterixgen.rasterix/display/display/u_dvi/dvi_strobe_q
    SLICE_X157Y143       LUT3 (Prop_lut3_I1_O)        0.048    -0.136 r  rasterixgen.rasterix/display/display/u_dvi/dvi_green_q[5]_i_1/O
                         net (fo=1, routed)           0.000    -0.136    rasterixgen.rasterix/display/display/u_dvi/dvi_green_q[5]_i_1_n_0
    SLICE_X157Y143       FDCE                                         r  rasterixgen.rasterix/display/display/u_dvi/dvi_green_q_reg[5]/D
  -------------------------------------------------------------------    -------------------

                         (clock clk_out2_videoclock rise edge)
                                                      0.000     0.000 r  
    R4                                                0.000     0.000 r  clk (IN)
                         net (fo=0)                   0.000     0.000    mmcm/inst/clk_in1
    R4                   IBUF (Prop_ibuf_I_O)         0.431     0.431 r  mmcm/inst/clkin1_ibufg/O
                         net (fo=1, routed)           0.480     0.911    mmcm/inst/clk_in1_mmcm
    MMCME2_ADV_X1Y2      MMCME2_ADV (Prop_mmcme2_adv_CLKIN1_CLKOUT0)
                                                     -3.332    -2.421 r  mmcm/inst/mmcm_adv_inst/CLKOUT0
                         net (fo=1, routed)           0.579    -1.843    mmcm/inst/clk_out1_mmcm
    BUFGCTRL_X0Y2        BUFG (Prop_bufg_I_O)         0.029    -1.814 r  mmcm/inst/clkout1_buf/O
                         net (fo=2, routed)           1.022    -0.792    rasterixgen.videoclock/inst/clk_in1
    MMCME2_ADV_X1Y0      MMCME2_ADV (Prop_mmcme2_adv_CLKIN1_CLKOUT1)
                                                     -2.040    -2.832 r  rasterixgen.videoclock/inst/mmcm_adv_inst/CLKOUT1
                         net (fo=1, routed)           0.989    -1.843    rasterixgen.videoclock/inst/clk_out2_videoclock
    BUFGCTRL_X0Y0        BUFG (Prop_bufg_I_O)         0.029    -1.814 r  rasterixgen.videoclock/inst/clkout2_buf/O
                         net (fo=77, routed)          0.920    -0.894    rasterixgen.rasterix/display/display/u_dvi/SerialCLK
    SLICE_X157Y143       FDCE                                         r  rasterixgen.rasterix/display/display/u_dvi/dvi_green_q_reg[5]/C
                         clock pessimism              0.514    -0.380    
    SLICE_X157Y143       FDCE (Hold_fdce_C_D)         0.107    -0.273    rasterixgen.rasterix/display/display/u_dvi/dvi_green_q_reg[5]
  -------------------------------------------------------------------
                         required time                          0.273    
                         arrival time                          -0.136    
  -------------------------------------------------------------------
                         slack                                  0.137    





Pulse Width Checks
--------------------------------------------------------------------------------------
Clock Name:         clk_out2_videoclock
Waveform(ns):       { 0.000 3.968 }
Period(ns):         7.937
Sources:            { rasterixgen.videoclock/inst/mmcm_adv_inst/CLKOUT1 }

Check Type        Corner  Lib Pin             Reference Pin  Required(ns)  Actual(ns)  Slack(ns)  Location         Pin
Min Period        n/a     BUFG/I              n/a            2.155         7.937       5.781      BUFGCTRL_X0Y0    rasterixgen.videoclock/inst/clkout2_buf/I
Max Period        n/a     MMCME2_ADV/CLKOUT1  n/a            213.360       7.937       205.423    MMCME2_ADV_X1Y0  rasterixgen.videoclock/inst/mmcm_adv_inst/CLKOUT1
Low Pulse Width   Slow    FDCE/C              n/a            0.500         3.968       3.468      SLICE_X158Y143   rasterixgen.rasterix/display/display/u_dvi/dvi_blue_q_reg[0]/C
High Pulse Width  Slow    FDCE/C              n/a            0.500         3.968       3.468      SLICE_X158Y143   rasterixgen.rasterix/display/display/u_dvi/dvi_blue_q_reg[0]/C



---------------------------------------------------------------------------------------------------
From Clock:  clkfbout_videoclock
  To Clock:  clkfbout_videoclock

Setup :           NA  Failing Endpoints,  Worst Slack           NA  ,  Total Violation           NA
Hold  :           NA  Failing Endpoints,  Worst Slack           NA  ,  Total Violation           NA
PW    :            0  Failing Endpoints,  Worst Slack       47.845ns,  Total Violation        0.000ns
---------------------------------------------------------------------------------------------------


Pulse Width Checks
--------------------------------------------------------------------------------------
Clock Name:         clkfbout_videoclock
Waveform(ns):       { 0.000 25.000 }
Period(ns):         50.000
Sources:            { rasterixgen.videoclock/inst/mmcm_adv_inst/CLKFBOUT }

Check Type  Corner  Lib Pin             Reference Pin  Required(ns)  Actual(ns)  Slack(ns)  Location         Pin
Min Period  n/a     BUFG/I              n/a            2.155         50.000      47.845     BUFGCTRL_X0Y6    rasterixgen.videoclock/inst/clkf_buf/I
Max Period  n/a     MMCME2_ADV/CLKFBIN  n/a            100.000       50.000      50.000     MMCME2_ADV_X1Y0  rasterixgen.videoclock/inst/mmcm_adv_inst/CLKFBIN



---------------------------------------------------------------------------------------------------
From Clock:  freq_refclk
  To Clock:  freq_refclk

Setup :           NA  Failing Endpoints,  Worst Slack           NA  ,  Total Violation           NA
Hold  :           NA  Failing Endpoints,  Worst Slack           NA  ,  Total Violation           NA
PW    :            0  Failing Endpoints,  Worst Slack        0.000ns,  Total Violation        0.000ns
---------------------------------------------------------------------------------------------------


Pulse Width Checks
--------------------------------------------------------------------------------------
Clock Name:         freq_refclk
Waveform(ns):       { 0.000 0.625 }
Period(ns):         1.250
Sources:            { ddr3/u_ddr3_mig/u_ddr3_infrastructure/plle2_i/CLKOUT0 }

Check Type        Corner  Lib Pin                    Reference Pin  Required(ns)  Actual(ns)  Slack(ns)  Location              Pin
Min Period        n/a     PHASER_OUT_PHY/FREQREFCLK  n/a            1.250         1.250       0.000      PHASER_OUT_PHY_X1Y12  ddr3/u_ddr3_mig/u_memc_ui_top_axi/mem_intfc0/ddr_phy_top0/u_ddr_mc_phy_wrapper/u_ddr_mc_phy/ddr_phy_4lanes_0.u_ddr_phy_4lanes/ddr_byte_lane_A.ddr_byte_lane_A/phaser_out/FREQREFCLK
Max Period        n/a     PHASER_OUT_PHY/FREQREFCLK  n/a            2.500         1.250       1.250      PHASER_OUT_PHY_X1Y12  ddr3/u_ddr3_mig/u_memc_ui_top_axi/mem_intfc0/ddr_phy_top0/u_ddr_mc_phy_wrapper/u_ddr_mc_phy/ddr_phy_4lanes_0.u_ddr_phy_4lanes/ddr_byte_lane_A.ddr_byte_lane_A/phaser_out/FREQREFCLK
Low Pulse Width   Slow    PHASER_REF/CLKIN           n/a            0.562         0.625       0.063      PHASER_REF_X1Y3       ddr3/u_ddr3_mig/u_memc_ui_top_axi/mem_intfc0/ddr_phy_top0/u_ddr_mc_phy_wrapper/u_ddr_mc_phy/ddr_phy_4lanes_0.u_ddr_phy_4lanes/phaser_ref_i/CLKIN
High Pulse Width  Slow    PHASER_OUT_PHY/FREQREFCLK  n/a            0.563         0.625       0.062      PHASER_OUT_PHY_X1Y12  ddr3/u_ddr3_mig/u_memc_ui_top_axi/mem_intfc0/ddr_phy_top0/u_ddr_mc_phy_wrapper/u_ddr_mc_phy/ddr_phy_4lanes_0.u_ddr_phy_4lanes/ddr_byte_lane_A.ddr_byte_lane_A/phaser_out/FREQREFCLK



---------------------------------------------------------------------------------------------------
From Clock:  u_memc_ui_top_axi/mem_intfc0/ddr_phy_top0/u_ddr_mc_phy_wrapper/u_ddr_mc_phy/ddr_phy_4lanes_0.u_ddr_phy_4lanes/ddr_byte_lane_C.ddr_byte_lane_C/iserdes_clk
  To Clock:  u_memc_ui_top_axi/mem_intfc0/ddr_phy_top0/u_ddr_mc_phy_wrapper/u_ddr_mc_phy/ddr_phy_4lanes_0.u_ddr_phy_4lanes/ddr_byte_lane_C.ddr_byte_lane_C/iserdes_clk

Setup :           NA  Failing Endpoints,  Worst Slack           NA  ,  Total Violation           NA
Hold  :           NA  Failing Endpoints,  Worst Slack           NA  ,  Total Violation           NA
PW    :            0  Failing Endpoints,  Worst Slack        0.833ns,  Total Violation        0.000ns
---------------------------------------------------------------------------------------------------


Pulse Width Checks
--------------------------------------------------------------------------------------
Clock Name:         u_memc_ui_top_axi/mem_intfc0/ddr_phy_top0/u_ddr_mc_phy_wrapper/u_ddr_mc_phy/ddr_phy_4lanes_0.u_ddr_phy_4lanes/ddr_byte_lane_C.ddr_byte_lane_C/iserdes_clk
Waveform(ns):       { 0.000 1.250 }
Period(ns):         2.500
Sources:            { ddr3/u_ddr3_mig/u_memc_ui_top_axi/mem_intfc0/ddr_phy_top0/u_ddr_mc_phy_wrapper/u_ddr_mc_phy/ddr_phy_4lanes_0.u_ddr_phy_4lanes/ddr_byte_lane_C.ddr_byte_lane_C/phaser_in_gen.phaser_in/ICLK }

Check Type  Corner  Lib Pin        Reference Pin  Required(ns)  Actual(ns)  Slack(ns)  Location       Pin
Min Period  n/a     ISERDESE2/CLK  n/a            1.667         2.500       0.833      ILOGIC_X1Y176  ddr3/u_ddr3_mig/u_memc_ui_top_axi/mem_intfc0/ddr_phy_top0/u_ddr_mc_phy_wrapper/u_ddr_mc_phy/ddr_phy_4lanes_0.u_ddr_phy_4lanes/ddr_byte_lane_C.ddr_byte_lane_C/ddr_byte_group_io/input_[1].iserdes_dq_.iserdesdq/CLK



---------------------------------------------------------------------------------------------------
From Clock:  iserdes_clkdiv
  To Clock:  iserdes_clkdiv

Setup :            0  Failing Endpoints,  Worst Slack        7.965ns,  Total Violation        0.000ns
Hold  :            0  Failing Endpoints,  Worst Slack        0.071ns,  Total Violation        0.000ns
PW    :            0  Failing Endpoints,  Worst Slack        2.850ns,  Total Violation        0.000ns
---------------------------------------------------------------------------------------------------


Max Delay Paths
--------------------------------------------------------------------------------------
Slack (MET) :             7.965ns  (required time - arrival time)
  Source:                 ddr3/u_ddr3_mig/u_memc_ui_top_axi/mem_intfc0/ddr_phy_top0/u_ddr_mc_phy_wrapper/u_ddr_mc_phy/ddr_phy_4lanes_0.u_ddr_phy_4lanes/ddr_byte_lane_C.ddr_byte_lane_C/ddr_byte_group_io/input_[1].iserdes_dq_.iserdesdq/CLKDIVP
                            (rising edge-triggered cell ISERDESE2 clocked by iserdes_clkdiv  {rise@0.000ns fall@5.000ns period=10.000ns})
  Destination:            ddr3/u_ddr3_mig/u_memc_ui_top_axi/mem_intfc0/ddr_phy_top0/u_ddr_mc_phy_wrapper/u_ddr_mc_phy/ddr_phy_4lanes_0.u_ddr_phy_4lanes/ddr_byte_lane_C.ddr_byte_lane_C/in_fifo_gen.in_fifo/D1[3]
                            (rising edge-triggered cell IN_FIFO clocked by iserdes_clkdiv  {rise@0.000ns fall@5.000ns period=10.000ns})
  Path Group:             iserdes_clkdiv
  Path Type:              Setup (Max at Slow Process Corner)
  Requirement:            10.000ns  (iserdes_clkdiv rise@10.000ns - iserdes_clkdiv rise@0.000ns)
  Data Path Delay:        0.954ns  (logic 0.425ns (44.547%)  route 0.529ns (55.453%))
  Logic Levels:           0  
  Clock Path Skew:        -0.450ns (DCD - SCD + CPR)
    Destination Clock Delay (DCD):    0.619ns = ( 10.619 - 10.000 ) 
    Source Clock Delay      (SCD):    1.745ns
    Clock Pessimism Removal (CPR):    0.676ns
  Clock Uncertainty:      0.060ns  ((TSJ^2 + DJ^2)^1/2) / 2 + PE
    Total System Jitter     (TSJ):    0.071ns
    Discrete Jitter          (DJ):    0.098ns
    Phase Error              (PE):    0.000ns

    Location             Delay type                Incr(ns)  Path(ns)    Netlist Resource(s)
  -------------------------------------------------------------------    -------------------
                         (clock iserdes_clkdiv rise edge)
                                                      0.000     0.000 r  
    R4                                                0.000     0.000 r  clk (IN)
                         net (fo=0)                   0.000     0.000    mmcm/inst/clk_in1
    R4                   IBUF (Prop_ibuf_I_O)         1.475     1.475 r  mmcm/inst/clkin1_ibufg/O
                         net (fo=1, routed)           1.233     2.708    mmcm/inst/clk_in1_mmcm
    MMCME2_ADV_X1Y2      MMCME2_ADV (Prop_mmcme2_adv_CLKIN1_CLKOUT0)
                                                     -7.432    -4.724 r  mmcm/inst/mmcm_adv_inst/CLKOUT0
                         net (fo=1, routed)           1.808    -2.915    mmcm/inst/clk_out1_mmcm
    BUFGCTRL_X0Y2        BUFG (Prop_bufg_I_O)         0.096    -2.819 r  mmcm/inst/clkout1_buf/O
                         net (fo=2, routed)           1.754    -1.065    ddr3/u_ddr3_mig/u_ddr3_infrastructure/mmcm_clk
    PLLE2_ADV_X1Y3       PLLE2_ADV (Prop_plle2_adv_CLKIN1_CLKOUT0)
                                                      0.088    -0.977 r  ddr3/u_ddr3_mig/u_ddr3_infrastructure/plle2_i/CLKOUT0
                         net (fo=7, routed)           0.607    -0.370    ddr3/u_ddr3_mig/u_memc_ui_top_axi/mem_intfc0/ddr_phy_top0/u_ddr_mc_phy_wrapper/u_ddr_mc_phy/ddr_phy_4lanes_0.u_ddr_phy_4lanes/ddr_byte_lane_C.ddr_byte_lane_C/freq_refclk
    PHASER_IN_PHY_X1Y14  PHASER_IN_PHY (Prop_phaser_in_phy_FREQREFCLK_ICLK)
                                                      1.493     1.122 r  ddr3/u_ddr3_mig/u_memc_ui_top_axi/mem_intfc0/ddr_phy_top0/u_ddr_mc_phy_wrapper/u_ddr_mc_phy/ddr_phy_4lanes_0.u_ddr_phy_4lanes/ddr_byte_lane_C.ddr_byte_lane_C/phaser_in_gen.phaser_in/ICLK
    PHASER_IN_PHY_X1Y14  PHASER_IN_PHY (Prop_phaser_in_phy_ICLK_ICLKDIV)
                                                      0.173     1.295 r  ddr3/u_ddr3_mig/u_memc_ui_top_axi/mem_intfc0/ddr_phy_top0/u_ddr_mc_phy_wrapper/u_ddr_mc_phy/ddr_phy_4lanes_0.u_ddr_phy_4lanes/ddr_byte_lane_C.ddr_byte_lane_C/phaser_in_gen.phaser_in/ICLKDIV
                         net (fo=9, routed)           0.450     1.745    ddr3/u_ddr3_mig/u_memc_ui_top_axi/mem_intfc0/ddr_phy_top0/u_ddr_mc_phy_wrapper/u_ddr_mc_phy/ddr_phy_4lanes_0.u_ddr_phy_4lanes/ddr_byte_lane_C.ddr_byte_lane_C/ddr_byte_group_io/iserdes_clkdiv
    ILOGIC_X1Y176        ISERDESE2                                    r  ddr3/u_ddr3_mig/u_memc_ui_top_axi/mem_intfc0/ddr_phy_top0/u_ddr_mc_phy_wrapper/u_ddr_mc_phy/ddr_phy_4lanes_0.u_ddr_phy_4lanes/ddr_byte_lane_C.ddr_byte_lane_C/ddr_byte_group_io/input_[1].iserdes_dq_.iserdesdq/CLKDIVP
  -------------------------------------------------------------------    -------------------
    ILOGIC_X1Y176        ISERDESE2 (Prop_iserdese2_CLKDIVP_Q1)
                                                      0.425     2.170 r  ddr3/u_ddr3_mig/u_memc_ui_top_axi/mem_intfc0/ddr_phy_top0/u_ddr_mc_phy_wrapper/u_ddr_mc_phy/ddr_phy_4lanes_0.u_ddr_phy_4lanes/ddr_byte_lane_C.ddr_byte_lane_C/ddr_byte_group_io/input_[1].iserdes_dq_.iserdesdq/Q1
                         net (fo=1, routed)           0.529     2.699    ddr3/u_ddr3_mig/u_memc_ui_top_axi/mem_intfc0/ddr_phy_top0/u_ddr_mc_phy_wrapper/u_ddr_mc_phy/ddr_phy_4lanes_0.u_ddr_phy_4lanes/ddr_byte_lane_C.ddr_byte_lane_C/if_d1[3]
    IN_FIFO_X1Y14        IN_FIFO                                      r  ddr3/u_ddr3_mig/u_memc_ui_top_axi/mem_intfc0/ddr_phy_top0/u_ddr_mc_phy_wrapper/u_ddr_mc_phy/ddr_phy_4lanes_0.u_ddr_phy_4lanes/ddr_byte_lane_C.ddr_byte_lane_C/in_fifo_gen.in_fifo/D1[3]
  -------------------------------------------------------------------    -------------------

                         (clock iserdes_clkdiv rise edge)
                                                     10.000    10.000 r  
    R4                                                0.000    10.000 r  clk (IN)
                         net (fo=0)                   0.000    10.000    mmcm/inst/clk_in1
    R4                   IBUF (Prop_ibuf_I_O)         1.405    11.405 r  mmcm/inst/clkin1_ibufg/O
                         net (fo=1, routed)           1.162    12.567    mmcm/inst/clk_in1_mmcm
    MMCME2_ADV_X1Y2      MMCME2_ADV (Prop_mmcme2_adv_CLKIN1_CLKOUT0)
                                                     -7.674     4.893 r  mmcm/inst/mmcm_adv_inst/CLKOUT0
                         net (fo=1, routed)           1.723     6.616    mmcm/inst/clk_out1_mmcm
    BUFGCTRL_X0Y2        BUFG (Prop_bufg_I_O)         0.091     6.707 r  mmcm/inst/clkout1_buf/O
                         net (fo=2, routed)           1.636     8.343    ddr3/u_ddr3_mig/u_ddr3_infrastructure/mmcm_clk
    PLLE2_ADV_X1Y3       PLLE2_ADV (Prop_plle2_adv_CLKIN1_CLKOUT0)
                                                      0.083     8.426 r  ddr3/u_ddr3_mig/u_ddr3_infrastructure/plle2_i/CLKOUT0
                         net (fo=7, routed)           0.576     9.002    ddr3/u_ddr3_mig/u_memc_ui_top_axi/mem_intfc0/ddr_phy_top0/u_ddr_mc_phy_wrapper/u_ddr_mc_phy/ddr_phy_4lanes_0.u_ddr_phy_4lanes/ddr_byte_lane_C.ddr_byte_lane_C/freq_refclk
    PHASER_IN_PHY_X1Y14  PHASER_IN_PHY (Prop_phaser_in_phy_FREQREFCLK_ICLK)
                                                      1.455    10.456 r  ddr3/u_ddr3_mig/u_memc_ui_top_axi/mem_intfc0/ddr_phy_top0/u_ddr_mc_phy_wrapper/u_ddr_mc_phy/ddr_phy_4lanes_0.u_ddr_phy_4lanes/ddr_byte_lane_C.ddr_byte_lane_C/phaser_in_gen.phaser_in/ICLK
    PHASER_IN_PHY_X1Y14  PHASER_IN_PHY (Prop_phaser_in_phy_ICLK_ICLKDIV)
                                                      0.163    10.619 r  ddr3/u_ddr3_mig/u_memc_ui_top_axi/mem_intfc0/ddr_phy_top0/u_ddr_mc_phy_wrapper/u_ddr_mc_phy/ddr_phy_4lanes_0.u_ddr_phy_4lanes/ddr_byte_lane_C.ddr_byte_lane_C/phaser_in_gen.phaser_in/ICLKDIV
                         net (fo=9, routed)           0.000    10.619    ddr3/u_ddr3_mig/u_memc_ui_top_axi/mem_intfc0/ddr_phy_top0/u_ddr_mc_phy_wrapper/u_ddr_mc_phy/ddr_phy_4lanes_0.u_ddr_phy_4lanes/ddr_byte_lane_C.ddr_byte_lane_C/iserdes_clkdiv
    IN_FIFO_X1Y14        IN_FIFO                                      r  ddr3/u_ddr3_mig/u_memc_ui_top_axi/mem_intfc0/ddr_phy_top0/u_ddr_mc_phy_wrapper/u_ddr_mc_phy/ddr_phy_4lanes_0.u_ddr_phy_4lanes/ddr_byte_lane_C.ddr_byte_lane_C/in_fifo_gen.in_fifo/WRCLK
                         clock pessimism              0.676    11.295    
                         clock uncertainty           -0.060    11.235    
    IN_FIFO_X1Y14        IN_FIFO (Setup_in_fifo_WRCLK_D1[3])
                                                     -0.571    10.664    ddr3/u_ddr3_mig/u_memc_ui_top_axi/mem_intfc0/ddr_phy_top0/u_ddr_mc_phy_wrapper/u_ddr_mc_phy/ddr_phy_4lanes_0.u_ddr_phy_4lanes/ddr_byte_lane_C.ddr_byte_lane_C/in_fifo_gen.in_fifo
  -------------------------------------------------------------------
                         required time                         10.664    
                         arrival time                          -2.699    
  -------------------------------------------------------------------
                         slack                                  7.965    





Min Delay Paths
--------------------------------------------------------------------------------------
Slack (MET) :             0.071ns  (arrival time - required time)
  Source:                 ddr3/u_ddr3_mig/u_memc_ui_top_axi/mem_intfc0/ddr_phy_top0/u_ddr_mc_phy_wrapper/u_ddr_mc_phy/ddr_phy_4lanes_0.u_ddr_phy_4lanes/ddr_byte_lane_C.ddr_byte_lane_C/phaser_in_gen.phaser_in/ICLKDIV
                            (rising edge-triggered cell PHASER_IN_PHY clocked by iserdes_clkdiv  {rise@0.000ns fall@5.000ns period=10.000ns})
  Destination:            ddr3/u_ddr3_mig/u_memc_ui_top_axi/mem_intfc0/ddr_phy_top0/u_ddr_mc_phy_wrapper/u_ddr_mc_phy/ddr_phy_4lanes_0.u_ddr_phy_4lanes/ddr_byte_lane_C.ddr_byte_lane_C/in_fifo_gen.in_fifo/WREN
                            (rising edge-triggered cell IN_FIFO clocked by iserdes_clkdiv  {rise@0.000ns fall@5.000ns period=10.000ns})
  Path Group:             iserdes_clkdiv
  Path Type:              Hold (Min at Fast Process Corner)
  Requirement:            0.000ns  (iserdes_clkdiv rise@0.000ns - iserdes_clkdiv rise@0.000ns)
  Data Path Delay:        0.058ns  (logic 0.058ns (100.000%)  route 0.000ns (0.000%))
  Logic Levels:           0  
  Clock Path Skew:        0.000ns (DCD - SCD - CPR)
    Destination Clock Delay (DCD):    0.646ns
    Source Clock Delay      (SCD):    0.839ns
    Clock Pessimism Removal (CPR):    -0.192ns

    Location             Delay type                Incr(ns)  Path(ns)    Netlist Resource(s)
  -------------------------------------------------------------------    -------------------
                         (clock iserdes_clkdiv rise edge)
                                                      0.000     0.000 r  
    R4                                                0.000     0.000 r  clk (IN)
                         net (fo=0)                   0.000     0.000    mmcm/inst/clk_in1
    R4                   IBUF (Prop_ibuf_I_O)         0.243     0.243 r  mmcm/inst/clkin1_ibufg/O
                         net (fo=1, routed)           0.440     0.683    mmcm/inst/clk_in1_mmcm
    MMCME2_ADV_X1Y2      MMCME2_ADV (Prop_mmcme2_adv_CLKIN1_CLKOUT0)
                                                     -2.540    -1.856 r  mmcm/inst/mmcm_adv_inst/CLKOUT0
                         net (fo=1, routed)           0.531    -1.325    mmcm/inst/clk_out1_mmcm
    BUFGCTRL_X0Y2        BUFG (Prop_bufg_I_O)         0.026    -1.299 r  mmcm/inst/clkout1_buf/O
                         net (fo=2, routed)           0.606    -0.694    ddr3/u_ddr3_mig/u_ddr3_infrastructure/mmcm_clk
    PLLE2_ADV_X1Y3       PLLE2_ADV (Prop_plle2_adv_CLKIN1_CLKOUT0)
                                                      0.050    -0.644 r  ddr3/u_ddr3_mig/u_ddr3_infrastructure/plle2_i/CLKOUT0
                         net (fo=7, routed)           0.197    -0.447    ddr3/u_ddr3_mig/u_memc_ui_top_axi/mem_intfc0/ddr_phy_top0/u_ddr_mc_phy_wrapper/u_ddr_mc_phy/ddr_phy_4lanes_0.u_ddr_phy_4lanes/ddr_byte_lane_C.ddr_byte_lane_C/freq_refclk
    PHASER_IN_PHY_X1Y14  PHASER_IN_PHY (Prop_phaser_in_phy_FREQREFCLK_ICLK)
                                                      1.195     0.749 r  ddr3/u_ddr3_mig/u_memc_ui_top_axi/mem_intfc0/ddr_phy_top0/u_ddr_mc_phy_wrapper/u_ddr_mc_phy/ddr_phy_4lanes_0.u_ddr_phy_4lanes/ddr_byte_lane_C.ddr_byte_lane_C/phaser_in_gen.phaser_in/ICLK
    PHASER_IN_PHY_X1Y14  PHASER_IN_PHY (Prop_phaser_in_phy_ICLK_ICLKDIV)
                                                      0.090     0.839 r  ddr3/u_ddr3_mig/u_memc_ui_top_axi/mem_intfc0/ddr_phy_top0/u_ddr_mc_phy_wrapper/u_ddr_mc_phy/ddr_phy_4lanes_0.u_ddr_phy_4lanes/ddr_byte_lane_C.ddr_byte_lane_C/phaser_in_gen.phaser_in/ICLKDIV
  -------------------------------------------------------------------    -------------------
    PHASER_IN_PHY_X1Y14  PHASER_IN_PHY (Prop_phaser_in_phy_ICLKDIV_WRENABLE)
                                                      0.058     0.897 r  ddr3/u_ddr3_mig/u_memc_ui_top_axi/mem_intfc0/ddr_phy_top0/u_ddr_mc_phy_wrapper/u_ddr_mc_phy/ddr_phy_4lanes_0.u_ddr_phy_4lanes/ddr_byte_lane_C.ddr_byte_lane_C/phaser_in_gen.phaser_in/WRENABLE
                         net (fo=1, routed)           0.000     0.897    ddr3/u_ddr3_mig/u_memc_ui_top_axi/mem_intfc0/ddr_phy_top0/u_ddr_mc_phy_wrapper/u_ddr_mc_phy/ddr_phy_4lanes_0.u_ddr_phy_4lanes/ddr_byte_lane_C.ddr_byte_lane_C/ififo_wr_enable
    IN_FIFO_X1Y14        IN_FIFO                                      r  ddr3/u_ddr3_mig/u_memc_ui_top_axi/mem_intfc0/ddr_phy_top0/u_ddr_mc_phy_wrapper/u_ddr_mc_phy/ddr_phy_4lanes_0.u_ddr_phy_4lanes/ddr_byte_lane_C.ddr_byte_lane_C/in_fifo_gen.in_fifo/WREN
  -------------------------------------------------------------------    -------------------

                         (clock iserdes_clkdiv rise edge)
                                                      0.000     0.000 r  
    R4                                                0.000     0.000 r  clk (IN)
                         net (fo=0)                   0.000     0.000    mmcm/inst/clk_in1
    R4                   IBUF (Prop_ibuf_I_O)         0.431     0.431 r  mmcm/inst/clkin1_ibufg/O
                         net (fo=1, routed)           0.480     0.911    mmcm/inst/clk_in1_mmcm
    MMCME2_ADV_X1Y2      MMCME2_ADV (Prop_mmcme2_adv_CLKIN1_CLKOUT0)
                                                     -3.332    -2.421 r  mmcm/inst/mmcm_adv_inst/CLKOUT0
                         net (fo=1, routed)           0.579    -1.843    mmcm/inst/clk_out1_mmcm
    BUFGCTRL_X0Y2        BUFG (Prop_bufg_I_O)         0.029    -1.814 r  mmcm/inst/clkout1_buf/O
                         net (fo=2, routed)           0.875    -0.939    ddr3/u_ddr3_mig/u_ddr3_infrastructure/mmcm_clk
    PLLE2_ADV_X1Y3       PLLE2_ADV (Prop_plle2_adv_CLKIN1_CLKOUT0)
                                                      0.053    -0.886 r  ddr3/u_ddr3_mig/u_ddr3_infrastructure/plle2_i/CLKOUT0
                         net (fo=7, routed)           0.217    -0.669    ddr3/u_ddr3_mig/u_memc_ui_top_axi/mem_intfc0/ddr_phy_top0/u_ddr_mc_phy_wrapper/u_ddr_mc_phy/ddr_phy_4lanes_0.u_ddr_phy_4lanes/ddr_byte_lane_C.ddr_byte_lane_C/freq_refclk
    PHASER_IN_PHY_X1Y14  PHASER_IN_PHY (Prop_phaser_in_phy_FREQREFCLK_ICLK)
                                                      1.219     0.550 r  ddr3/u_ddr3_mig/u_memc_ui_top_axi/mem_intfc0/ddr_phy_top0/u_ddr_mc_phy_wrapper/u_ddr_mc_phy/ddr_phy_4lanes_0.u_ddr_phy_4lanes/ddr_byte_lane_C.ddr_byte_lane_C/phaser_in_gen.phaser_in/ICLK
    PHASER_IN_PHY_X1Y14  PHASER_IN_PHY (Prop_phaser_in_phy_ICLK_ICLKDIV)
                                                      0.096     0.646 r  ddr3/u_ddr3_mig/u_memc_ui_top_axi/mem_intfc0/ddr_phy_top0/u_ddr_mc_phy_wrapper/u_ddr_mc_phy/ddr_phy_4lanes_0.u_ddr_phy_4lanes/ddr_byte_lane_C.ddr_byte_lane_C/phaser_in_gen.phaser_in/ICLKDIV
                         net (fo=9, routed)           0.000     0.646    ddr3/u_ddr3_mig/u_memc_ui_top_axi/mem_intfc0/ddr_phy_top0/u_ddr_mc_phy_wrapper/u_ddr_mc_phy/ddr_phy_4lanes_0.u_ddr_phy_4lanes/ddr_byte_lane_C.ddr_byte_lane_C/iserdes_clkdiv
    IN_FIFO_X1Y14        IN_FIFO                                      r  ddr3/u_ddr3_mig/u_memc_ui_top_axi/mem_intfc0/ddr_phy_top0/u_ddr_mc_phy_wrapper/u_ddr_mc_phy/ddr_phy_4lanes_0.u_ddr_phy_4lanes/ddr_byte_lane_C.ddr_byte_lane_C/in_fifo_gen.in_fifo/WRCLK
                         clock pessimism              0.192     0.839    
    IN_FIFO_X1Y14        IN_FIFO (Hold_in_fifo_WRCLK_WREN)
                                                     -0.013     0.826    ddr3/u_ddr3_mig/u_memc_ui_top_axi/mem_intfc0/ddr_phy_top0/u_ddr_mc_phy_wrapper/u_ddr_mc_phy/ddr_phy_4lanes_0.u_ddr_phy_4lanes/ddr_byte_lane_C.ddr_byte_lane_C/in_fifo_gen.in_fifo
  -------------------------------------------------------------------
                         required time                         -0.826    
                         arrival time                           0.897    
  -------------------------------------------------------------------
                         slack                                  0.071    





Pulse Width Checks
--------------------------------------------------------------------------------------
Clock Name:         iserdes_clkdiv
Waveform(ns):       { 0.000 5.000 }
Period(ns):         10.000
Sources:            { ddr3/u_ddr3_mig/u_memc_ui_top_axi/mem_intfc0/ddr_phy_top0/u_ddr_mc_phy_wrapper/u_ddr_mc_phy/ddr_phy_4lanes_0.u_ddr_phy_4lanes/ddr_byte_lane_C.ddr_byte_lane_C/phaser_in_gen.phaser_in/ICLKDIV }

Check Type        Corner  Lib Pin        Reference Pin  Required(ns)  Actual(ns)  Slack(ns)  Location       Pin
Min Period        n/a     IN_FIFO/WRCLK  n/a            5.000         10.000      5.000      IN_FIFO_X1Y14  ddr3/u_ddr3_mig/u_memc_ui_top_axi/mem_intfc0/ddr_phy_top0/u_ddr_mc_phy_wrapper/u_ddr_mc_phy/ddr_phy_4lanes_0.u_ddr_phy_4lanes/ddr_byte_lane_C.ddr_byte_lane_C/in_fifo_gen.in_fifo/WRCLK
Low Pulse Width   Slow    IN_FIFO/WRCLK  n/a            2.150         5.000       2.850      IN_FIFO_X1Y14  ddr3/u_ddr3_mig/u_memc_ui_top_axi/mem_intfc0/ddr_phy_top0/u_ddr_mc_phy_wrapper/u_ddr_mc_phy/ddr_phy_4lanes_0.u_ddr_phy_4lanes/ddr_byte_lane_C.ddr_byte_lane_C/in_fifo_gen.in_fifo/WRCLK
High Pulse Width  Slow    IN_FIFO/WRCLK  n/a            2.150         5.000       2.850      IN_FIFO_X1Y14  ddr3/u_ddr3_mig/u_memc_ui_top_axi/mem_intfc0/ddr_phy_top0/u_ddr_mc_phy_wrapper/u_ddr_mc_phy/ddr_phy_4lanes_0.u_ddr_phy_4lanes/ddr_byte_lane_C.ddr_byte_lane_C/in_fifo_gen.in_fifo/WRCLK



---------------------------------------------------------------------------------------------------
From Clock:  u_memc_ui_top_axi/mem_intfc0/ddr_phy_top0/u_ddr_mc_phy_wrapper/u_ddr_mc_phy/ddr_phy_4lanes_0.u_ddr_phy_4lanes/ddr_byte_lane_D.ddr_byte_lane_D/iserdes_clk
  To Clock:  u_memc_ui_top_axi/mem_intfc0/ddr_phy_top0/u_ddr_mc_phy_wrapper/u_ddr_mc_phy/ddr_phy_4lanes_0.u_ddr_phy_4lanes/ddr_byte_lane_D.ddr_byte_lane_D/iserdes_clk

Setup :           NA  Failing Endpoints,  Worst Slack           NA  ,  Total Violation           NA
Hold  :           NA  Failing Endpoints,  Worst Slack           NA  ,  Total Violation           NA
PW    :            0  Failing Endpoints,  Worst Slack        0.833ns,  Total Violation        0.000ns
---------------------------------------------------------------------------------------------------


Pulse Width Checks
--------------------------------------------------------------------------------------
Clock Name:         u_memc_ui_top_axi/mem_intfc0/ddr_phy_top0/u_ddr_mc_phy_wrapper/u_ddr_mc_phy/ddr_phy_4lanes_0.u_ddr_phy_4lanes/ddr_byte_lane_D.ddr_byte_lane_D/iserdes_clk
Waveform(ns):       { 0.000 1.250 }
Period(ns):         2.500
Sources:            { ddr3/u_ddr3_mig/u_memc_ui_top_axi/mem_intfc0/ddr_phy_top0/u_ddr_mc_phy_wrapper/u_ddr_mc_phy/ddr_phy_4lanes_0.u_ddr_phy_4lanes/ddr_byte_lane_D.ddr_byte_lane_D/phaser_in_gen.phaser_in/ICLK }

Check Type  Corner  Lib Pin        Reference Pin  Required(ns)  Actual(ns)  Slack(ns)  Location       Pin
Min Period  n/a     ISERDESE2/CLK  n/a            1.667         2.500       0.833      ILOGIC_X1Y187  ddr3/u_ddr3_mig/u_memc_ui_top_axi/mem_intfc0/ddr_phy_top0/u_ddr_mc_phy_wrapper/u_ddr_mc_phy/ddr_phy_4lanes_0.u_ddr_phy_4lanes/ddr_byte_lane_D.ddr_byte_lane_D/ddr_byte_group_io/input_[0].iserdes_dq_.iserdesdq/CLK



---------------------------------------------------------------------------------------------------
From Clock:  iserdes_clkdiv_1
  To Clock:  iserdes_clkdiv_1

Setup :            0  Failing Endpoints,  Worst Slack        7.948ns,  Total Violation        0.000ns
Hold  :            0  Failing Endpoints,  Worst Slack        0.071ns,  Total Violation        0.000ns
PW    :            0  Failing Endpoints,  Worst Slack        2.850ns,  Total Violation        0.000ns
---------------------------------------------------------------------------------------------------


Max Delay Paths
--------------------------------------------------------------------------------------
Slack (MET) :             7.948ns  (required time - arrival time)
  Source:                 ddr3/u_ddr3_mig/u_memc_ui_top_axi/mem_intfc0/ddr_phy_top0/u_ddr_mc_phy_wrapper/u_ddr_mc_phy/ddr_phy_4lanes_0.u_ddr_phy_4lanes/ddr_byte_lane_D.ddr_byte_lane_D/ddr_byte_group_io/input_[1].iserdes_dq_.iserdesdq/CLKDIVP
                            (rising edge-triggered cell ISERDESE2 clocked by iserdes_clkdiv_1  {rise@0.000ns fall@5.000ns period=10.000ns})
  Destination:            ddr3/u_ddr3_mig/u_memc_ui_top_axi/mem_intfc0/ddr_phy_top0/u_ddr_mc_phy_wrapper/u_ddr_mc_phy/ddr_phy_4lanes_0.u_ddr_phy_4lanes/ddr_byte_lane_D.ddr_byte_lane_D/in_fifo_gen.in_fifo/D1[3]
                            (rising edge-triggered cell IN_FIFO clocked by iserdes_clkdiv_1  {rise@0.000ns fall@5.000ns period=10.000ns})
  Path Group:             iserdes_clkdiv_1
  Path Type:              Setup (Max at Slow Process Corner)
  Requirement:            10.000ns  (iserdes_clkdiv_1 rise@10.000ns - iserdes_clkdiv_1 rise@0.000ns)
  Data Path Delay:        0.954ns  (logic 0.425ns (44.547%)  route 0.529ns (55.453%))
  Logic Levels:           0  
  Clock Path Skew:        -0.467ns (DCD - SCD + CPR)
    Destination Clock Delay (DCD):    0.609ns = ( 10.609 - 10.000 ) 
    Source Clock Delay      (SCD):    1.752ns
    Clock Pessimism Removal (CPR):    0.676ns
  Clock Uncertainty:      0.060ns  ((TSJ^2 + DJ^2)^1/2) / 2 + PE
    Total System Jitter     (TSJ):    0.071ns
    Discrete Jitter          (DJ):    0.098ns
    Phase Error              (PE):    0.000ns

    Location             Delay type                Incr(ns)  Path(ns)    Netlist Resource(s)
  -------------------------------------------------------------------    -------------------
                         (clock iserdes_clkdiv_1 rise edge)
                                                      0.000     0.000 r  
    R4                                                0.000     0.000 r  clk (IN)
                         net (fo=0)                   0.000     0.000    mmcm/inst/clk_in1
    R4                   IBUF (Prop_ibuf_I_O)         1.475     1.475 r  mmcm/inst/clkin1_ibufg/O
                         net (fo=1, routed)           1.233     2.708    mmcm/inst/clk_in1_mmcm
    MMCME2_ADV_X1Y2      MMCME2_ADV (Prop_mmcme2_adv_CLKIN1_CLKOUT0)
                                                     -7.432    -4.724 r  mmcm/inst/mmcm_adv_inst/CLKOUT0
                         net (fo=1, routed)           1.808    -2.915    mmcm/inst/clk_out1_mmcm
    BUFGCTRL_X0Y2        BUFG (Prop_bufg_I_O)         0.096    -2.819 r  mmcm/inst/clkout1_buf/O
                         net (fo=2, routed)           1.754    -1.065    ddr3/u_ddr3_mig/u_ddr3_infrastructure/mmcm_clk
    PLLE2_ADV_X1Y3       PLLE2_ADV (Prop_plle2_adv_CLKIN1_CLKOUT0)
                                                      0.088    -0.977 r  ddr3/u_ddr3_mig/u_ddr3_infrastructure/plle2_i/CLKOUT0
                         net (fo=7, routed)           0.597    -0.380    ddr3/u_ddr3_mig/u_memc_ui_top_axi/mem_intfc0/ddr_phy_top0/u_ddr_mc_phy_wrapper/u_ddr_mc_phy/ddr_phy_4lanes_0.u_ddr_phy_4lanes/ddr_byte_lane_D.ddr_byte_lane_D/freq_refclk
    PHASER_IN_PHY_X1Y15  PHASER_IN_PHY (Prop_phaser_in_phy_FREQREFCLK_ICLK)
                                                      1.493     1.112 r  ddr3/u_ddr3_mig/u_memc_ui_top_axi/mem_intfc0/ddr_phy_top0/u_ddr_mc_phy_wrapper/u_ddr_mc_phy/ddr_phy_4lanes_0.u_ddr_phy_4lanes/ddr_byte_lane_D.ddr_byte_lane_D/phaser_in_gen.phaser_in/ICLK
    PHASER_IN_PHY_X1Y15  PHASER_IN_PHY (Prop_phaser_in_phy_ICLK_ICLKDIV)
                                                      0.173     1.285 r  ddr3/u_ddr3_mig/u_memc_ui_top_axi/mem_intfc0/ddr_phy_top0/u_ddr_mc_phy_wrapper/u_ddr_mc_phy/ddr_phy_4lanes_0.u_ddr_phy_4lanes/ddr_byte_lane_D.ddr_byte_lane_D/phaser_in_gen.phaser_in/ICLKDIV
                         net (fo=9, routed)           0.467     1.752    ddr3/u_ddr3_mig/u_memc_ui_top_axi/mem_intfc0/ddr_phy_top0/u_ddr_mc_phy_wrapper/u_ddr_mc_phy/ddr_phy_4lanes_0.u_ddr_phy_4lanes/ddr_byte_lane_D.ddr_byte_lane_D/ddr_byte_group_io/iserdes_clkdiv
    ILOGIC_X1Y188        ISERDESE2                                    r  ddr3/u_ddr3_mig/u_memc_ui_top_axi/mem_intfc0/ddr_phy_top0/u_ddr_mc_phy_wrapper/u_ddr_mc_phy/ddr_phy_4lanes_0.u_ddr_phy_4lanes/ddr_byte_lane_D.ddr_byte_lane_D/ddr_byte_group_io/input_[1].iserdes_dq_.iserdesdq/CLKDIVP
  -------------------------------------------------------------------    -------------------
    ILOGIC_X1Y188        ISERDESE2 (Prop_iserdese2_CLKDIVP_Q1)
                                                      0.425     2.177 r  ddr3/u_ddr3_mig/u_memc_ui_top_axi/mem_intfc0/ddr_phy_top0/u_ddr_mc_phy_wrapper/u_ddr_mc_phy/ddr_phy_4lanes_0.u_ddr_phy_4lanes/ddr_byte_lane_D.ddr_byte_lane_D/ddr_byte_group_io/input_[1].iserdes_dq_.iserdesdq/Q1
                         net (fo=1, routed)           0.529     2.706    ddr3/u_ddr3_mig/u_memc_ui_top_axi/mem_intfc0/ddr_phy_top0/u_ddr_mc_phy_wrapper/u_ddr_mc_phy/ddr_phy_4lanes_0.u_ddr_phy_4lanes/ddr_byte_lane_D.ddr_byte_lane_D/if_d1[3]
    IN_FIFO_X1Y15        IN_FIFO                                      r  ddr3/u_ddr3_mig/u_memc_ui_top_axi/mem_intfc0/ddr_phy_top0/u_ddr_mc_phy_wrapper/u_ddr_mc_phy/ddr_phy_4lanes_0.u_ddr_phy_4lanes/ddr_byte_lane_D.ddr_byte_lane_D/in_fifo_gen.in_fifo/D1[3]
  -------------------------------------------------------------------    -------------------

                         (clock iserdes_clkdiv_1 rise edge)
                                                     10.000    10.000 r  
    R4                                                0.000    10.000 r  clk (IN)
                         net (fo=0)                   0.000    10.000    mmcm/inst/clk_in1
    R4                   IBUF (Prop_ibuf_I_O)         1.405    11.405 r  mmcm/inst/clkin1_ibufg/O
                         net (fo=1, routed)           1.162    12.567    mmcm/inst/clk_in1_mmcm
    MMCME2_ADV_X1Y2      MMCME2_ADV (Prop_mmcme2_adv_CLKIN1_CLKOUT0)
                                                     -7.674     4.893 r  mmcm/inst/mmcm_adv_inst/CLKOUT0
                         net (fo=1, routed)           1.723     6.616    mmcm/inst/clk_out1_mmcm
    BUFGCTRL_X0Y2        BUFG (Prop_bufg_I_O)         0.091     6.707 r  mmcm/inst/clkout1_buf/O
                         net (fo=2, routed)           1.636     8.343    ddr3/u_ddr3_mig/u_ddr3_infrastructure/mmcm_clk
    PLLE2_ADV_X1Y3       PLLE2_ADV (Prop_plle2_adv_CLKIN1_CLKOUT0)
                                                      0.083     8.426 r  ddr3/u_ddr3_mig/u_ddr3_infrastructure/plle2_i/CLKOUT0
                         net (fo=7, routed)           0.566     8.992    ddr3/u_ddr3_mig/u_memc_ui_top_axi/mem_intfc0/ddr_phy_top0/u_ddr_mc_phy_wrapper/u_ddr_mc_phy/ddr_phy_4lanes_0.u_ddr_phy_4lanes/ddr_byte_lane_D.ddr_byte_lane_D/freq_refclk
    PHASER_IN_PHY_X1Y15  PHASER_IN_PHY (Prop_phaser_in_phy_FREQREFCLK_ICLK)
                                                      1.455    10.446 r  ddr3/u_ddr3_mig/u_memc_ui_top_axi/mem_intfc0/ddr_phy_top0/u_ddr_mc_phy_wrapper/u_ddr_mc_phy/ddr_phy_4lanes_0.u_ddr_phy_4lanes/ddr_byte_lane_D.ddr_byte_lane_D/phaser_in_gen.phaser_in/ICLK
    PHASER_IN_PHY_X1Y15  PHASER_IN_PHY (Prop_phaser_in_phy_ICLK_ICLKDIV)
                                                      0.163    10.609 r  ddr3/u_ddr3_mig/u_memc_ui_top_axi/mem_intfc0/ddr_phy_top0/u_ddr_mc_phy_wrapper/u_ddr_mc_phy/ddr_phy_4lanes_0.u_ddr_phy_4lanes/ddr_byte_lane_D.ddr_byte_lane_D/phaser_in_gen.phaser_in/ICLKDIV
                         net (fo=9, routed)           0.000    10.609    ddr3/u_ddr3_mig/u_memc_ui_top_axi/mem_intfc0/ddr_phy_top0/u_ddr_mc_phy_wrapper/u_ddr_mc_phy/ddr_phy_4lanes_0.u_ddr_phy_4lanes/ddr_byte_lane_D.ddr_byte_lane_D/iserdes_clkdiv
    IN_FIFO_X1Y15        IN_FIFO                                      r  ddr3/u_ddr3_mig/u_memc_ui_top_axi/mem_intfc0/ddr_phy_top0/u_ddr_mc_phy_wrapper/u_ddr_mc_phy/ddr_phy_4lanes_0.u_ddr_phy_4lanes/ddr_byte_lane_D.ddr_byte_lane_D/in_fifo_gen.in_fifo/WRCLK
                         clock pessimism              0.676    11.285    
                         clock uncertainty           -0.060    11.225    
    IN_FIFO_X1Y15        IN_FIFO (Setup_in_fifo_WRCLK_D1[3])
                                                     -0.571    10.654    ddr3/u_ddr3_mig/u_memc_ui_top_axi/mem_intfc0/ddr_phy_top0/u_ddr_mc_phy_wrapper/u_ddr_mc_phy/ddr_phy_4lanes_0.u_ddr_phy_4lanes/ddr_byte_lane_D.ddr_byte_lane_D/in_fifo_gen.in_fifo
  -------------------------------------------------------------------
                         required time                         10.654    
                         arrival time                          -2.706    
  -------------------------------------------------------------------
                         slack                                  7.948    





Min Delay Paths
--------------------------------------------------------------------------------------
Slack (MET) :             0.071ns  (arrival time - required time)
  Source:                 ddr3/u_ddr3_mig/u_memc_ui_top_axi/mem_intfc0/ddr_phy_top0/u_ddr_mc_phy_wrapper/u_ddr_mc_phy/ddr_phy_4lanes_0.u_ddr_phy_4lanes/ddr_byte_lane_D.ddr_byte_lane_D/phaser_in_gen.phaser_in/ICLKDIV
                            (rising edge-triggered cell PHASER_IN_PHY clocked by iserdes_clkdiv_1  {rise@0.000ns fall@5.000ns period=10.000ns})
  Destination:            ddr3/u_ddr3_mig/u_memc_ui_top_axi/mem_intfc0/ddr_phy_top0/u_ddr_mc_phy_wrapper/u_ddr_mc_phy/ddr_phy_4lanes_0.u_ddr_phy_4lanes/ddr_byte_lane_D.ddr_byte_lane_D/in_fifo_gen.in_fifo/WREN
                            (rising edge-triggered cell IN_FIFO clocked by iserdes_clkdiv_1  {rise@0.000ns fall@5.000ns period=10.000ns})
  Path Group:             iserdes_clkdiv_1
  Path Type:              Hold (Min at Fast Process Corner)
  Requirement:            0.000ns  (iserdes_clkdiv_1 rise@0.000ns - iserdes_clkdiv_1 rise@0.000ns)
  Data Path Delay:        0.058ns  (logic 0.058ns (100.000%)  route 0.000ns (0.000%))
  Logic Levels:           0  
  Clock Path Skew:        0.000ns (DCD - SCD - CPR)
    Destination Clock Delay (DCD):    0.640ns
    Source Clock Delay      (SCD):    0.833ns
    Clock Pessimism Removal (CPR):    -0.192ns

    Location             Delay type                Incr(ns)  Path(ns)    Netlist Resource(s)
  -------------------------------------------------------------------    -------------------
                         (clock iserdes_clkdiv_1 rise edge)
                                                      0.000     0.000 r  
    R4                                                0.000     0.000 r  clk (IN)
                         net (fo=0)                   0.000     0.000    mmcm/inst/clk_in1
    R4                   IBUF (Prop_ibuf_I_O)         0.243     0.243 r  mmcm/inst/clkin1_ibufg/O
                         net (fo=1, routed)           0.440     0.683    mmcm/inst/clk_in1_mmcm
    MMCME2_ADV_X1Y2      MMCME2_ADV (Prop_mmcme2_adv_CLKIN1_CLKOUT0)
                                                     -2.540    -1.856 r  mmcm/inst/mmcm_adv_inst/CLKOUT0
                         net (fo=1, routed)           0.531    -1.325    mmcm/inst/clk_out1_mmcm
    BUFGCTRL_X0Y2        BUFG (Prop_bufg_I_O)         0.026    -1.299 r  mmcm/inst/clkout1_buf/O
                         net (fo=2, routed)           0.606    -0.694    ddr3/u_ddr3_mig/u_ddr3_infrastructure/mmcm_clk
    PLLE2_ADV_X1Y3       PLLE2_ADV (Prop_plle2_adv_CLKIN1_CLKOUT0)
                                                      0.050    -0.644 r  ddr3/u_ddr3_mig/u_ddr3_infrastructure/plle2_i/CLKOUT0
                         net (fo=7, routed)           0.191    -0.453    ddr3/u_ddr3_mig/u_memc_ui_top_axi/mem_intfc0/ddr_phy_top0/u_ddr_mc_phy_wrapper/u_ddr_mc_phy/ddr_phy_4lanes_0.u_ddr_phy_4lanes/ddr_byte_lane_D.ddr_byte_lane_D/freq_refclk
    PHASER_IN_PHY_X1Y15  PHASER_IN_PHY (Prop_phaser_in_phy_FREQREFCLK_ICLK)
                                                      1.195     0.743 r  ddr3/u_ddr3_mig/u_memc_ui_top_axi/mem_intfc0/ddr_phy_top0/u_ddr_mc_phy_wrapper/u_ddr_mc_phy/ddr_phy_4lanes_0.u_ddr_phy_4lanes/ddr_byte_lane_D.ddr_byte_lane_D/phaser_in_gen.phaser_in/ICLK
    PHASER_IN_PHY_X1Y15  PHASER_IN_PHY (Prop_phaser_in_phy_ICLK_ICLKDIV)
                                                      0.090     0.833 r  ddr3/u_ddr3_mig/u_memc_ui_top_axi/mem_intfc0/ddr_phy_top0/u_ddr_mc_phy_wrapper/u_ddr_mc_phy/ddr_phy_4lanes_0.u_ddr_phy_4lanes/ddr_byte_lane_D.ddr_byte_lane_D/phaser_in_gen.phaser_in/ICLKDIV
  -------------------------------------------------------------------    -------------------
    PHASER_IN_PHY_X1Y15  PHASER_IN_PHY (Prop_phaser_in_phy_ICLKDIV_WRENABLE)
                                                      0.058     0.891 r  ddr3/u_ddr3_mig/u_memc_ui_top_axi/mem_intfc0/ddr_phy_top0/u_ddr_mc_phy_wrapper/u_ddr_mc_phy/ddr_phy_4lanes_0.u_ddr_phy_4lanes/ddr_byte_lane_D.ddr_byte_lane_D/phaser_in_gen.phaser_in/WRENABLE
                         net (fo=1, routed)           0.000     0.891    ddr3/u_ddr3_mig/u_memc_ui_top_axi/mem_intfc0/ddr_phy_top0/u_ddr_mc_phy_wrapper/u_ddr_mc_phy/ddr_phy_4lanes_0.u_ddr_phy_4lanes/ddr_byte_lane_D.ddr_byte_lane_D/ififo_wr_enable
    IN_FIFO_X1Y15        IN_FIFO                                      r  ddr3/u_ddr3_mig/u_memc_ui_top_axi/mem_intfc0/ddr_phy_top0/u_ddr_mc_phy_wrapper/u_ddr_mc_phy/ddr_phy_4lanes_0.u_ddr_phy_4lanes/ddr_byte_lane_D.ddr_byte_lane_D/in_fifo_gen.in_fifo/WREN
  -------------------------------------------------------------------    -------------------

                         (clock iserdes_clkdiv_1 rise edge)
                                                      0.000     0.000 r  
    R4                                                0.000     0.000 r  clk (IN)
                         net (fo=0)                   0.000     0.000    mmcm/inst/clk_in1
    R4                   IBUF (Prop_ibuf_I_O)         0.431     0.431 r  mmcm/inst/clkin1_ibufg/O
                         net (fo=1, routed)           0.480     0.911    mmcm/inst/clk_in1_mmcm
    MMCME2_ADV_X1Y2      MMCME2_ADV (Prop_mmcme2_adv_CLKIN1_CLKOUT0)
                                                     -3.332    -2.421 r  mmcm/inst/mmcm_adv_inst/CLKOUT0
                         net (fo=1, routed)           0.579    -1.843    mmcm/inst/clk_out1_mmcm
    BUFGCTRL_X0Y2        BUFG (Prop_bufg_I_O)         0.029    -1.814 r  mmcm/inst/clkout1_buf/O
                         net (fo=2, routed)           0.875    -0.939    ddr3/u_ddr3_mig/u_ddr3_infrastructure/mmcm_clk
    PLLE2_ADV_X1Y3       PLLE2_ADV (Prop_plle2_adv_CLKIN1_CLKOUT0)
                                                      0.053    -0.886 r  ddr3/u_ddr3_mig/u_ddr3_infrastructure/plle2_i/CLKOUT0
                         net (fo=7, routed)           0.211    -0.675    ddr3/u_ddr3_mig/u_memc_ui_top_axi/mem_intfc0/ddr_phy_top0/u_ddr_mc_phy_wrapper/u_ddr_mc_phy/ddr_phy_4lanes_0.u_ddr_phy_4lanes/ddr_byte_lane_D.ddr_byte_lane_D/freq_refclk
    PHASER_IN_PHY_X1Y15  PHASER_IN_PHY (Prop_phaser_in_phy_FREQREFCLK_ICLK)
                                                      1.219     0.544 r  ddr3/u_ddr3_mig/u_memc_ui_top_axi/mem_intfc0/ddr_phy_top0/u_ddr_mc_phy_wrapper/u_ddr_mc_phy/ddr_phy_4lanes_0.u_ddr_phy_4lanes/ddr_byte_lane_D.ddr_byte_lane_D/phaser_in_gen.phaser_in/ICLK
    PHASER_IN_PHY_X1Y15  PHASER_IN_PHY (Prop_phaser_in_phy_ICLK_ICLKDIV)
                                                      0.096     0.640 r  ddr3/u_ddr3_mig/u_memc_ui_top_axi/mem_intfc0/ddr_phy_top0/u_ddr_mc_phy_wrapper/u_ddr_mc_phy/ddr_phy_4lanes_0.u_ddr_phy_4lanes/ddr_byte_lane_D.ddr_byte_lane_D/phaser_in_gen.phaser_in/ICLKDIV
                         net (fo=9, routed)           0.000     0.640    ddr3/u_ddr3_mig/u_memc_ui_top_axi/mem_intfc0/ddr_phy_top0/u_ddr_mc_phy_wrapper/u_ddr_mc_phy/ddr_phy_4lanes_0.u_ddr_phy_4lanes/ddr_byte_lane_D.ddr_byte_lane_D/iserdes_clkdiv
    IN_FIFO_X1Y15        IN_FIFO                                      r  ddr3/u_ddr3_mig/u_memc_ui_top_axi/mem_intfc0/ddr_phy_top0/u_ddr_mc_phy_wrapper/u_ddr_mc_phy/ddr_phy_4lanes_0.u_ddr_phy_4lanes/ddr_byte_lane_D.ddr_byte_lane_D/in_fifo_gen.in_fifo/WRCLK
                         clock pessimism              0.192     0.833    
    IN_FIFO_X1Y15        IN_FIFO (Hold_in_fifo_WRCLK_WREN)
                                                     -0.013     0.820    ddr3/u_ddr3_mig/u_memc_ui_top_axi/mem_intfc0/ddr_phy_top0/u_ddr_mc_phy_wrapper/u_ddr_mc_phy/ddr_phy_4lanes_0.u_ddr_phy_4lanes/ddr_byte_lane_D.ddr_byte_lane_D/in_fifo_gen.in_fifo
  -------------------------------------------------------------------
                         required time                         -0.820    
                         arrival time                           0.891    
  -------------------------------------------------------------------
                         slack                                  0.071    





Pulse Width Checks
--------------------------------------------------------------------------------------
Clock Name:         iserdes_clkdiv_1
Waveform(ns):       { 0.000 5.000 }
Period(ns):         10.000
Sources:            { ddr3/u_ddr3_mig/u_memc_ui_top_axi/mem_intfc0/ddr_phy_top0/u_ddr_mc_phy_wrapper/u_ddr_mc_phy/ddr_phy_4lanes_0.u_ddr_phy_4lanes/ddr_byte_lane_D.ddr_byte_lane_D/phaser_in_gen.phaser_in/ICLKDIV }

Check Type        Corner  Lib Pin        Reference Pin  Required(ns)  Actual(ns)  Slack(ns)  Location       Pin
Min Period        n/a     IN_FIFO/WRCLK  n/a            5.000         10.000      5.000      IN_FIFO_X1Y15  ddr3/u_ddr3_mig/u_memc_ui_top_axi/mem_intfc0/ddr_phy_top0/u_ddr_mc_phy_wrapper/u_ddr_mc_phy/ddr_phy_4lanes_0.u_ddr_phy_4lanes/ddr_byte_lane_D.ddr_byte_lane_D/in_fifo_gen.in_fifo/WRCLK
Low Pulse Width   Slow    IN_FIFO/WRCLK  n/a            2.150         5.000       2.850      IN_FIFO_X1Y15  ddr3/u_ddr3_mig/u_memc_ui_top_axi/mem_intfc0/ddr_phy_top0/u_ddr_mc_phy_wrapper/u_ddr_mc_phy/ddr_phy_4lanes_0.u_ddr_phy_4lanes/ddr_byte_lane_D.ddr_byte_lane_D/in_fifo_gen.in_fifo/WRCLK
High Pulse Width  Slow    IN_FIFO/WRCLK  n/a            2.150         5.000       2.850      IN_FIFO_X1Y15  ddr3/u_ddr3_mig/u_memc_ui_top_axi/mem_intfc0/ddr_phy_top0/u_ddr_mc_phy_wrapper/u_ddr_mc_phy/ddr_phy_4lanes_0.u_ddr_phy_4lanes/ddr_byte_lane_D.ddr_byte_lane_D/in_fifo_gen.in_fifo/WRCLK



---------------------------------------------------------------------------------------------------
From Clock:  mem_refclk
  To Clock:  mem_refclk

Setup :            0  Failing Endpoints,  Worst Slack        1.330ns,  Total Violation        0.000ns
Hold  :            0  Failing Endpoints,  Worst Slack        0.336ns,  Total Violation        0.000ns
PW    :            0  Failing Endpoints,  Worst Slack        0.625ns,  Total Violation        0.000ns
---------------------------------------------------------------------------------------------------


Max Delay Paths
--------------------------------------------------------------------------------------
Slack (MET) :             1.330ns  (required time - arrival time)
  Source:                 ddr3/u_ddr3_mig/u_memc_ui_top_axi/mem_intfc0/ddr_phy_top0/u_ddr_mc_phy_wrapper/u_ddr_mc_phy/ddr_phy_4lanes_0.u_ddr_phy_4lanes/phy_control_i/MEMREFCLK
                            (rising edge-triggered cell PHY_CONTROL clocked by mem_refclk  {rise@0.000ns fall@1.250ns period=2.500ns})
  Destination:            ddr3/u_ddr3_mig/u_memc_ui_top_axi/mem_intfc0/ddr_phy_top0/u_ddr_mc_phy_wrapper/u_ddr_mc_phy/ddr_phy_4lanes_0.u_ddr_phy_4lanes/phy_control_i/PHYCTLMSTREMPTY
                            (rising edge-triggered cell PHY_CONTROL clocked by mem_refclk  {rise@0.000ns fall@1.250ns period=2.500ns})
  Path Group:             mem_refclk
  Path Type:              Setup (Max at Slow Process Corner)
  Requirement:            2.500ns  (mem_refclk rise@2.500ns - mem_refclk rise@0.000ns)
  Data Path Delay:        1.093ns  (logic 0.622ns (56.908%)  route 0.471ns (43.092%))
  Logic Levels:           0  
  Clock Path Skew:        0.000ns (DCD - SCD + CPR)
    Destination Clock Delay (DCD):    -0.985ns = ( 1.515 - 2.500 ) 
    Source Clock Delay      (SCD):    -0.356ns
    Clock Pessimism Removal (CPR):    0.629ns
  Clock Uncertainty:      0.066ns  ((TSJ^2 + DJ^2)^1/2) / 2 + PE
    Total System Jitter     (TSJ):    0.071ns
    Discrete Jitter          (DJ):    0.112ns
    Phase Error              (PE):    0.000ns

    Location             Delay type                Incr(ns)  Path(ns)    Netlist Resource(s)
  -------------------------------------------------------------------    -------------------
                         (clock mem_refclk rise edge)
                                                      0.000     0.000 r  
    R4                                                0.000     0.000 r  clk (IN)
                         net (fo=0)                   0.000     0.000    mmcm/inst/clk_in1
    R4                   IBUF (Prop_ibuf_I_O)         1.475     1.475 r  mmcm/inst/clkin1_ibufg/O
                         net (fo=1, routed)           1.233     2.708    mmcm/inst/clk_in1_mmcm
    MMCME2_ADV_X1Y2      MMCME2_ADV (Prop_mmcme2_adv_CLKIN1_CLKOUT0)
                                                     -7.432    -4.724 r  mmcm/inst/mmcm_adv_inst/CLKOUT0
                         net (fo=1, routed)           1.808    -2.915    mmcm/inst/clk_out1_mmcm
    BUFGCTRL_X0Y2        BUFG (Prop_bufg_I_O)         0.096    -2.819 r  mmcm/inst/clkout1_buf/O
                         net (fo=2, routed)           1.754    -1.065    ddr3/u_ddr3_mig/u_ddr3_infrastructure/mmcm_clk
    PLLE2_ADV_X1Y3       PLLE2_ADV (Prop_plle2_adv_CLKIN1_CLKOUT1)
                                                      0.088    -0.977 r  ddr3/u_ddr3_mig/u_ddr3_infrastructure/plle2_i/CLKOUT1
                         net (fo=7, routed)           0.621    -0.356    ddr3/u_ddr3_mig/u_memc_ui_top_axi/mem_intfc0/ddr_phy_top0/u_ddr_mc_phy_wrapper/u_ddr_mc_phy/ddr_phy_4lanes_0.u_ddr_phy_4lanes/mem_refclk
    PHY_CONTROL_X1Y3     PHY_CONTROL                                  r  ddr3/u_ddr3_mig/u_memc_ui_top_axi/mem_intfc0/ddr_phy_top0/u_ddr_mc_phy_wrapper/u_ddr_mc_phy/ddr_phy_4lanes_0.u_ddr_phy_4lanes/phy_control_i/MEMREFCLK
  -------------------------------------------------------------------    -------------------
    PHY_CONTROL_X1Y3     PHY_CONTROL (Prop_phy_control_MEMREFCLK_PHYCTLEMPTY)
                                                      0.622     0.266 r  ddr3/u_ddr3_mig/u_memc_ui_top_axi/mem_intfc0/ddr_phy_top0/u_ddr_mc_phy_wrapper/u_ddr_mc_phy/ddr_phy_4lanes_0.u_ddr_phy_4lanes/phy_control_i/PHYCTLEMPTY
                         net (fo=1, routed)           0.471     0.737    ddr3/u_ddr3_mig/u_memc_ui_top_axi/mem_intfc0/ddr_phy_top0/u_ddr_mc_phy_wrapper/u_ddr_mc_phy/ddr_phy_4lanes_0.u_ddr_phy_4lanes/phy_control_i_n_1
    PHY_CONTROL_X1Y3     PHY_CONTROL                                  r  ddr3/u_ddr3_mig/u_memc_ui_top_axi/mem_intfc0/ddr_phy_top0/u_ddr_mc_phy_wrapper/u_ddr_mc_phy/ddr_phy_4lanes_0.u_ddr_phy_4lanes/phy_control_i/PHYCTLMSTREMPTY
  -------------------------------------------------------------------    -------------------

                         (clock mem_refclk rise edge)
                                                      2.500     2.500 r  
    R4                                                0.000     2.500 r  clk (IN)
                         net (fo=0)                   0.000     2.500    mmcm/inst/clk_in1
    R4                   IBUF (Prop_ibuf_I_O)         1.405     3.905 r  mmcm/inst/clkin1_ibufg/O
                         net (fo=1, routed)           1.162     5.067    mmcm/inst/clk_in1_mmcm
    MMCME2_ADV_X1Y2      MMCME2_ADV (Prop_mmcme2_adv_CLKIN1_CLKOUT0)
                                                     -7.674    -2.607 r  mmcm/inst/mmcm_adv_inst/CLKOUT0
                         net (fo=1, routed)           1.723    -0.884    mmcm/inst/clk_out1_mmcm
    BUFGCTRL_X0Y2        BUFG (Prop_bufg_I_O)         0.091    -0.793 r  mmcm/inst/clkout1_buf/O
                         net (fo=2, routed)           1.636     0.843    ddr3/u_ddr3_mig/u_ddr3_infrastructure/mmcm_clk
    PLLE2_ADV_X1Y3       PLLE2_ADV (Prop_plle2_adv_CLKIN1_CLKOUT1)
                                                      0.083     0.926 r  ddr3/u_ddr3_mig/u_ddr3_infrastructure/plle2_i/CLKOUT1
                         net (fo=7, routed)           0.589     1.515    ddr3/u_ddr3_mig/u_memc_ui_top_axi/mem_intfc0/ddr_phy_top0/u_ddr_mc_phy_wrapper/u_ddr_mc_phy/ddr_phy_4lanes_0.u_ddr_phy_4lanes/mem_refclk
    PHY_CONTROL_X1Y3     PHY_CONTROL                                  r  ddr3/u_ddr3_mig/u_memc_ui_top_axi/mem_intfc0/ddr_phy_top0/u_ddr_mc_phy_wrapper/u_ddr_mc_phy/ddr_phy_4lanes_0.u_ddr_phy_4lanes/phy_control_i/MEMREFCLK
                         clock pessimism              0.629     2.144    
                         clock uncertainty           -0.066     2.078    
    PHY_CONTROL_X1Y3     PHY_CONTROL (Setup_phy_control_MEMREFCLK_PHYCTLMSTREMPTY)
                                                     -0.011     2.067    ddr3/u_ddr3_mig/u_memc_ui_top_axi/mem_intfc0/ddr_phy_top0/u_ddr_mc_phy_wrapper/u_ddr_mc_phy/ddr_phy_4lanes_0.u_ddr_phy_4lanes/phy_control_i
  -------------------------------------------------------------------
                         required time                          2.067    
                         arrival time                          -0.737    
  -------------------------------------------------------------------
                         slack                                  1.330    





Min Delay Paths
--------------------------------------------------------------------------------------
Slack (MET) :             0.336ns  (arrival time - required time)
  Source:                 ddr3/u_ddr3_mig/u_memc_ui_top_axi/mem_intfc0/ddr_phy_top0/u_ddr_mc_phy_wrapper/u_ddr_mc_phy/ddr_phy_4lanes_0.u_ddr_phy_4lanes/phy_control_i/MEMREFCLK
                            (rising edge-triggered cell PHY_CONTROL clocked by mem_refclk  {rise@0.000ns fall@1.250ns period=2.500ns})
  Destination:            ddr3/u_ddr3_mig/u_memc_ui_top_axi/mem_intfc0/ddr_phy_top0/u_ddr_mc_phy_wrapper/u_ddr_mc_phy/ddr_phy_4lanes_0.u_ddr_phy_4lanes/phy_control_i/PHYCTLMSTREMPTY
                            (rising edge-triggered cell PHY_CONTROL clocked by mem_refclk  {rise@0.000ns fall@1.250ns period=2.500ns})
  Path Group:             mem_refclk
  Path Type:              Hold (Min at Fast Process Corner)
  Requirement:            0.000ns  (mem_refclk rise@0.000ns - mem_refclk rise@0.000ns)
  Data Path Delay:        0.459ns  (logic 0.313ns (68.192%)  route 0.146ns (31.808%))
  Logic Levels:           0  
  Clock Path Skew:        0.000ns (DCD - SCD - CPR)
    Destination Clock Delay (DCD):    -0.671ns
    Source Clock Delay      (SCD):    -0.449ns
    Clock Pessimism Removal (CPR):    -0.222ns

    Location             Delay type                Incr(ns)  Path(ns)    Netlist Resource(s)
  -------------------------------------------------------------------    -------------------
                         (clock mem_refclk rise edge)
                                                      0.000     0.000 r  
    R4                                                0.000     0.000 r  clk (IN)
                         net (fo=0)                   0.000     0.000    mmcm/inst/clk_in1
    R4                   IBUF (Prop_ibuf_I_O)         0.243     0.243 r  mmcm/inst/clkin1_ibufg/O
                         net (fo=1, routed)           0.440     0.683    mmcm/inst/clk_in1_mmcm
    MMCME2_ADV_X1Y2      MMCME2_ADV (Prop_mmcme2_adv_CLKIN1_CLKOUT0)
                                                     -2.540    -1.856 r  mmcm/inst/mmcm_adv_inst/CLKOUT0
                         net (fo=1, routed)           0.531    -1.325    mmcm/inst/clk_out1_mmcm
    BUFGCTRL_X0Y2        BUFG (Prop_bufg_I_O)         0.026    -1.299 r  mmcm/inst/clkout1_buf/O
                         net (fo=2, routed)           0.606    -0.694    ddr3/u_ddr3_mig/u_ddr3_infrastructure/mmcm_clk
    PLLE2_ADV_X1Y3       PLLE2_ADV (Prop_plle2_adv_CLKIN1_CLKOUT1)
                                                      0.050    -0.644 r  ddr3/u_ddr3_mig/u_ddr3_infrastructure/plle2_i/CLKOUT1
                         net (fo=7, routed)           0.195    -0.449    ddr3/u_ddr3_mig/u_memc_ui_top_axi/mem_intfc0/ddr_phy_top0/u_ddr_mc_phy_wrapper/u_ddr_mc_phy/ddr_phy_4lanes_0.u_ddr_phy_4lanes/mem_refclk
    PHY_CONTROL_X1Y3     PHY_CONTROL                                  r  ddr3/u_ddr3_mig/u_memc_ui_top_axi/mem_intfc0/ddr_phy_top0/u_ddr_mc_phy_wrapper/u_ddr_mc_phy/ddr_phy_4lanes_0.u_ddr_phy_4lanes/phy_control_i/MEMREFCLK
  -------------------------------------------------------------------    -------------------
    PHY_CONTROL_X1Y3     PHY_CONTROL (Prop_phy_control_MEMREFCLK_PHYCTLEMPTY)
                                                      0.313    -0.136 r  ddr3/u_ddr3_mig/u_memc_ui_top_axi/mem_intfc0/ddr_phy_top0/u_ddr_mc_phy_wrapper/u_ddr_mc_phy/ddr_phy_4lanes_0.u_ddr_phy_4lanes/phy_control_i/PHYCTLEMPTY
                         net (fo=1, routed)           0.146     0.010    ddr3/u_ddr3_mig/u_memc_ui_top_axi/mem_intfc0/ddr_phy_top0/u_ddr_mc_phy_wrapper/u_ddr_mc_phy/ddr_phy_4lanes_0.u_ddr_phy_4lanes/phy_control_i_n_1
    PHY_CONTROL_X1Y3     PHY_CONTROL                                  r  ddr3/u_ddr3_mig/u_memc_ui_top_axi/mem_intfc0/ddr_phy_top0/u_ddr_mc_phy_wrapper/u_ddr_mc_phy/ddr_phy_4lanes_0.u_ddr_phy_4lanes/phy_control_i/PHYCTLMSTREMPTY
  -------------------------------------------------------------------    -------------------

                         (clock mem_refclk rise edge)
                                                      0.000     0.000 r  
    R4                                                0.000     0.000 r  clk (IN)
                         net (fo=0)                   0.000     0.000    mmcm/inst/clk_in1
    R4                   IBUF (Prop_ibuf_I_O)         0.431     0.431 r  mmcm/inst/clkin1_ibufg/O
                         net (fo=1, routed)           0.480     0.911    mmcm/inst/clk_in1_mmcm
    MMCME2_ADV_X1Y2      MMCME2_ADV (Prop_mmcme2_adv_CLKIN1_CLKOUT0)
                                                     -3.332    -2.421 r  mmcm/inst/mmcm_adv_inst/CLKOUT0
                         net (fo=1, routed)           0.579    -1.843    mmcm/inst/clk_out1_mmcm
    BUFGCTRL_X0Y2        BUFG (Prop_bufg_I_O)         0.029    -1.814 r  mmcm/inst/clkout1_buf/O
                         net (fo=2, routed)           0.875    -0.939    ddr3/u_ddr3_mig/u_ddr3_infrastructure/mmcm_clk
    PLLE2_ADV_X1Y3       PLLE2_ADV (Prop_plle2_adv_CLKIN1_CLKOUT1)
                                                      0.053    -0.886 r  ddr3/u_ddr3_mig/u_ddr3_infrastructure/plle2_i/CLKOUT1
                         net (fo=7, routed)           0.215    -0.671    ddr3/u_ddr3_mig/u_memc_ui_top_axi/mem_intfc0/ddr_phy_top0/u_ddr_mc_phy_wrapper/u_ddr_mc_phy/ddr_phy_4lanes_0.u_ddr_phy_4lanes/mem_refclk
    PHY_CONTROL_X1Y3     PHY_CONTROL                                  r  ddr3/u_ddr3_mig/u_memc_ui_top_axi/mem_intfc0/ddr_phy_top0/u_ddr_mc_phy_wrapper/u_ddr_mc_phy/ddr_phy_4lanes_0.u_ddr_phy_4lanes/phy_control_i/MEMREFCLK
                         clock pessimism              0.222    -0.449    
    PHY_CONTROL_X1Y3     PHY_CONTROL (Hold_phy_control_MEMREFCLK_PHYCTLMSTREMPTY)
                                                      0.123    -0.326    ddr3/u_ddr3_mig/u_memc_ui_top_axi/mem_intfc0/ddr_phy_top0/u_ddr_mc_phy_wrapper/u_ddr_mc_phy/ddr_phy_4lanes_0.u_ddr_phy_4lanes/phy_control_i
  -------------------------------------------------------------------
                         required time                          0.326    
                         arrival time                           0.010    
  -------------------------------------------------------------------
                         slack                                  0.336    





Pulse Width Checks
--------------------------------------------------------------------------------------
Clock Name:         mem_refclk
Waveform(ns):       { 0.000 1.250 }
Period(ns):         2.500
Sources:            { ddr3/u_ddr3_mig/u_ddr3_infrastructure/plle2_i/CLKOUT1 }

Check Type        Corner  Lib Pin                Reference Pin  Required(ns)  Actual(ns)  Slack(ns)  Location          Pin
Min Period        n/a     PHY_CONTROL/MEMREFCLK  n/a            1.475         2.500       1.025      PHY_CONTROL_X1Y3  ddr3/u_ddr3_mig/u_memc_ui_top_axi/mem_intfc0/ddr_phy_top0/u_ddr_mc_phy_wrapper/u_ddr_mc_phy/ddr_phy_4lanes_0.u_ddr_phy_4lanes/phy_control_i/MEMREFCLK
Max Period        n/a     PLLE2_ADV/CLKOUT1      n/a            160.000       2.500       157.500    PLLE2_ADV_X1Y3    ddr3/u_ddr3_mig/u_ddr3_infrastructure/plle2_i/CLKOUT1
Low Pulse Width   Slow    PHY_CONTROL/MEMREFCLK  n/a            0.625         1.250       0.625      PHY_CONTROL_X1Y3  ddr3/u_ddr3_mig/u_memc_ui_top_axi/mem_intfc0/ddr_phy_top0/u_ddr_mc_phy_wrapper/u_ddr_mc_phy/ddr_phy_4lanes_0.u_ddr_phy_4lanes/phy_control_i/MEMREFCLK
High Pulse Width  Slow    PHY_CONTROL/MEMREFCLK  n/a            0.625         1.250       0.625      PHY_CONTROL_X1Y3  ddr3/u_ddr3_mig/u_memc_ui_top_axi/mem_intfc0/ddr_phy_top0/u_ddr_mc_phy_wrapper/u_ddr_mc_phy/ddr_phy_4lanes_0.u_ddr_phy_4lanes/phy_control_i/MEMREFCLK



---------------------------------------------------------------------------------------------------
From Clock:  oserdes_clk
  To Clock:  oserdes_clk

Setup :           NA  Failing Endpoints,  Worst Slack           NA  ,  Total Violation           NA
Hold  :           NA  Failing Endpoints,  Worst Slack           NA  ,  Total Violation           NA
PW    :            0  Failing Endpoints,  Worst Slack        0.833ns,  Total Violation        0.000ns
---------------------------------------------------------------------------------------------------


Pulse Width Checks
--------------------------------------------------------------------------------------
Clock Name:         oserdes_clk
Waveform(ns):       { 0.000 1.250 }
Period(ns):         2.500
Sources:            { ddr3/u_ddr3_mig/u_memc_ui_top_axi/mem_intfc0/ddr_phy_top0/u_ddr_mc_phy_wrapper/u_ddr_mc_phy/ddr_phy_4lanes_0.u_ddr_phy_4lanes/ddr_byte_lane_A.ddr_byte_lane_A/phaser_out/OCLK }

Check Type  Corner  Lib Pin        Reference Pin  Required(ns)  Actual(ns)  Slack(ns)  Location       Pin
Min Period  n/a     OSERDESE2/CLK  n/a            1.667         2.500       0.833      OLOGIC_X1Y151  ddr3/u_ddr3_mig/u_memc_ui_top_axi/mem_intfc0/ddr_phy_top0/u_ddr_mc_phy_wrapper/u_ddr_mc_phy/ddr_phy_4lanes_0.u_ddr_phy_4lanes/ddr_byte_lane_A.ddr_byte_lane_A/ddr_byte_group_io/output_[0].oserdes_dq_.sdr.oserdes_dq_i/CLK



---------------------------------------------------------------------------------------------------
From Clock:  oserdes_clkdiv
  To Clock:  oserdes_clkdiv

Setup :            0  Failing Endpoints,  Worst Slack        8.040ns,  Total Violation        0.000ns
Hold  :            0  Failing Endpoints,  Worst Slack        0.090ns,  Total Violation        0.000ns
PW    :            0  Failing Endpoints,  Worst Slack        2.850ns,  Total Violation        0.000ns
---------------------------------------------------------------------------------------------------


Max Delay Paths
--------------------------------------------------------------------------------------
Slack (MET) :             8.040ns  (required time - arrival time)
  Source:                 ddr3/u_ddr3_mig/u_memc_ui_top_axi/mem_intfc0/ddr_phy_top0/u_ddr_mc_phy_wrapper/u_ddr_mc_phy/ddr_phy_4lanes_0.u_ddr_phy_4lanes/ddr_byte_lane_A.ddr_byte_lane_A/out_fifo/RDCLK
                            (rising edge-triggered cell OUT_FIFO clocked by oserdes_clkdiv  {rise@0.000ns fall@5.000ns period=10.000ns})
  Destination:            ddr3/u_ddr3_mig/u_memc_ui_top_axi/mem_intfc0/ddr_phy_top0/u_ddr_mc_phy_wrapper/u_ddr_mc_phy/ddr_phy_4lanes_0.u_ddr_phy_4lanes/ddr_byte_lane_A.ddr_byte_lane_A/ddr_byte_group_io/output_[11].oserdes_dq_.sdr.oserdes_dq_i/D4
                            (rising edge-triggered cell OSERDESE2 clocked by oserdes_clkdiv  {rise@0.000ns fall@5.000ns period=10.000ns})
  Path Group:             oserdes_clkdiv
  Path Type:              Setup (Max at Slow Process Corner)
  Requirement:            10.000ns  (oserdes_clkdiv rise@10.000ns - oserdes_clkdiv rise@0.000ns)
  Data Path Delay:        1.681ns  (logic 0.674ns (40.087%)  route 1.007ns (59.913%))
  Logic Levels:           0  
  Clock Path Skew:        0.412ns (DCD - SCD + CPR)
    Destination Clock Delay (DCD):    1.644ns = ( 11.644 - 10.000 ) 
    Source Clock Delay      (SCD):    1.930ns
    Clock Pessimism Removal (CPR):    0.697ns
  Clock Uncertainty:      0.066ns  ((TSJ^2 + DJ^2)^1/2) / 2 + PE
    Total System Jitter     (TSJ):    0.071ns
    Discrete Jitter          (DJ):    0.112ns
    Phase Error              (PE):    0.000ns

    Location             Delay type                Incr(ns)  Path(ns)    Netlist Resource(s)
  -------------------------------------------------------------------    -------------------
                         (clock oserdes_clkdiv rise edge)
                                                      0.000     0.000 r  
    R4                                                0.000     0.000 r  clk (IN)
                         net (fo=0)                   0.000     0.000    mmcm/inst/clk_in1
    R4                   IBUF (Prop_ibuf_I_O)         1.475     1.475 r  mmcm/inst/clkin1_ibufg/O
                         net (fo=1, routed)           1.233     2.708    mmcm/inst/clk_in1_mmcm
    MMCME2_ADV_X1Y2      MMCME2_ADV (Prop_mmcme2_adv_CLKIN1_CLKOUT0)
                                                     -7.432    -4.724 r  mmcm/inst/mmcm_adv_inst/CLKOUT0
                         net (fo=1, routed)           1.808    -2.915    mmcm/inst/clk_out1_mmcm
    BUFGCTRL_X0Y2        BUFG (Prop_bufg_I_O)         0.096    -2.819 r  mmcm/inst/clkout1_buf/O
                         net (fo=2, routed)           1.754    -1.065    ddr3/u_ddr3_mig/u_ddr3_infrastructure/mmcm_clk
    PLLE2_ADV_X1Y3       PLLE2_ADV (Prop_plle2_adv_CLKIN1_CLKOUT1)
                                                      0.088    -0.977 r  ddr3/u_ddr3_mig/u_ddr3_infrastructure/plle2_i/CLKOUT1
                         net (fo=7, routed)           0.614    -0.363    ddr3/u_ddr3_mig/u_memc_ui_top_axi/mem_intfc0/ddr_phy_top0/u_ddr_mc_phy_wrapper/u_ddr_mc_phy/ddr_phy_4lanes_0.u_ddr_phy_4lanes/ddr_byte_lane_A.ddr_byte_lane_A/mem_refclk
    PHASER_OUT_PHY_X1Y12 PHASER_OUT_PHY (Prop_phaser_out_phy_MEMREFCLK_OCLK)
                                                      2.136     1.773 r  ddr3/u_ddr3_mig/u_memc_ui_top_axi/mem_intfc0/ddr_phy_top0/u_ddr_mc_phy_wrapper/u_ddr_mc_phy/ddr_phy_4lanes_0.u_ddr_phy_4lanes/ddr_byte_lane_A.ddr_byte_lane_A/phaser_out/OCLK
    PHASER_OUT_PHY_X1Y12 PHASER_OUT_PHY (Prop_phaser_out_phy_OCLK_OCLKDIV)
                                                      0.157     1.930 r  ddr3/u_ddr3_mig/u_memc_ui_top_axi/mem_intfc0/ddr_phy_top0/u_ddr_mc_phy_wrapper/u_ddr_mc_phy/ddr_phy_4lanes_0.u_ddr_phy_4lanes/ddr_byte_lane_A.ddr_byte_lane_A/phaser_out/OCLKDIV
                         net (fo=12, routed)          0.000     1.930    ddr3/u_ddr3_mig/u_memc_ui_top_axi/mem_intfc0/ddr_phy_top0/u_ddr_mc_phy_wrapper/u_ddr_mc_phy/ddr_phy_4lanes_0.u_ddr_phy_4lanes/ddr_byte_lane_A.ddr_byte_lane_A/oserdes_clkdiv
    OUT_FIFO_X1Y12       OUT_FIFO                                     r  ddr3/u_ddr3_mig/u_memc_ui_top_axi/mem_intfc0/ddr_phy_top0/u_ddr_mc_phy_wrapper/u_ddr_mc_phy/ddr_phy_4lanes_0.u_ddr_phy_4lanes/ddr_byte_lane_A.ddr_byte_lane_A/out_fifo/RDCLK
  -------------------------------------------------------------------    -------------------
    OUT_FIFO_X1Y12       OUT_FIFO (Prop_out_fifo_RDCLK_Q6[7])
                                                      0.674     2.604 r  ddr3/u_ddr3_mig/u_memc_ui_top_axi/mem_intfc0/ddr_phy_top0/u_ddr_mc_phy_wrapper/u_ddr_mc_phy/ddr_phy_4lanes_0.u_ddr_phy_4lanes/ddr_byte_lane_A.ddr_byte_lane_A/out_fifo/Q6[7]
                         net (fo=1, routed)           1.007     3.611    ddr3/u_ddr3_mig/u_memc_ui_top_axi/mem_intfc0/ddr_phy_top0/u_ddr_mc_phy_wrapper/u_ddr_mc_phy/ddr_phy_4lanes_0.u_ddr_phy_4lanes/ddr_byte_lane_A.ddr_byte_lane_A/ddr_byte_group_io/oserdes_dq[43]
    OLOGIC_X1Y150        OSERDESE2                                    r  ddr3/u_ddr3_mig/u_memc_ui_top_axi/mem_intfc0/ddr_phy_top0/u_ddr_mc_phy_wrapper/u_ddr_mc_phy/ddr_phy_4lanes_0.u_ddr_phy_4lanes/ddr_byte_lane_A.ddr_byte_lane_A/ddr_byte_group_io/output_[11].oserdes_dq_.sdr.oserdes_dq_i/D4
  -------------------------------------------------------------------    -------------------

                         (clock oserdes_clkdiv rise edge)
                                                     10.000    10.000 r  
    R4                                                0.000    10.000 r  clk (IN)
                         net (fo=0)                   0.000    10.000    mmcm/inst/clk_in1
    R4                   IBUF (Prop_ibuf_I_O)         1.405    11.405 r  mmcm/inst/clkin1_ibufg/O
                         net (fo=1, routed)           1.162    12.567    mmcm/inst/clk_in1_mmcm
    MMCME2_ADV_X1Y2      MMCME2_ADV (Prop_mmcme2_adv_CLKIN1_CLKOUT0)
                                                     -7.674     4.893 r  mmcm/inst/mmcm_adv_inst/CLKOUT0
                         net (fo=1, routed)           1.723     6.616    mmcm/inst/clk_out1_mmcm
    BUFGCTRL_X0Y2        BUFG (Prop_bufg_I_O)         0.091     6.707 r  mmcm/inst/clkout1_buf/O
                         net (fo=2, routed)           1.636     8.343    ddr3/u_ddr3_mig/u_ddr3_infrastructure/mmcm_clk
    PLLE2_ADV_X1Y3       PLLE2_ADV (Prop_plle2_adv_CLKIN1_CLKOUT1)
                                                      0.083     8.426 r  ddr3/u_ddr3_mig/u_ddr3_infrastructure/plle2_i/CLKOUT1
                         net (fo=7, routed)           0.582     9.008    ddr3/u_ddr3_mig/u_memc_ui_top_axi/mem_intfc0/ddr_phy_top0/u_ddr_mc_phy_wrapper/u_ddr_mc_phy/ddr_phy_4lanes_0.u_ddr_phy_4lanes/ddr_byte_lane_A.ddr_byte_lane_A/mem_refclk
    PHASER_OUT_PHY_X1Y12 PHASER_OUT_PHY (Prop_phaser_out_phy_MEMREFCLK_OCLK)
                                                      2.077    11.084 r  ddr3/u_ddr3_mig/u_memc_ui_top_axi/mem_intfc0/ddr_phy_top0/u_ddr_mc_phy_wrapper/u_ddr_mc_phy/ddr_phy_4lanes_0.u_ddr_phy_4lanes/ddr_byte_lane_A.ddr_byte_lane_A/phaser_out/OCLK
    PHASER_OUT_PHY_X1Y12 PHASER_OUT_PHY (Prop_phaser_out_phy_OCLK_OCLKDIV)
                                                      0.148    11.232 r  ddr3/u_ddr3_mig/u_memc_ui_top_axi/mem_intfc0/ddr_phy_top0/u_ddr_mc_phy_wrapper/u_ddr_mc_phy/ddr_phy_4lanes_0.u_ddr_phy_4lanes/ddr_byte_lane_A.ddr_byte_lane_A/phaser_out/OCLKDIV
                         net (fo=12, routed)          0.412    11.644    ddr3/u_ddr3_mig/u_memc_ui_top_axi/mem_intfc0/ddr_phy_top0/u_ddr_mc_phy_wrapper/u_ddr_mc_phy/ddr_phy_4lanes_0.u_ddr_phy_4lanes/ddr_byte_lane_A.ddr_byte_lane_A/ddr_byte_group_io/oserdes_clkdiv
    OLOGIC_X1Y150        OSERDESE2                                    r  ddr3/u_ddr3_mig/u_memc_ui_top_axi/mem_intfc0/ddr_phy_top0/u_ddr_mc_phy_wrapper/u_ddr_mc_phy/ddr_phy_4lanes_0.u_ddr_phy_4lanes/ddr_byte_lane_A.ddr_byte_lane_A/ddr_byte_group_io/output_[11].oserdes_dq_.sdr.oserdes_dq_i/CLKDIV
                         clock pessimism              0.697    12.342    
                         clock uncertainty           -0.066    12.276    
    OLOGIC_X1Y150        OSERDESE2 (Setup_oserdese2_CLKDIV_D4)
                                                     -0.625    11.651    ddr3/u_ddr3_mig/u_memc_ui_top_axi/mem_intfc0/ddr_phy_top0/u_ddr_mc_phy_wrapper/u_ddr_mc_phy/ddr_phy_4lanes_0.u_ddr_phy_4lanes/ddr_byte_lane_A.ddr_byte_lane_A/ddr_byte_group_io/output_[11].oserdes_dq_.sdr.oserdes_dq_i
  -------------------------------------------------------------------
                         required time                         11.651    
                         arrival time                          -3.611    
  -------------------------------------------------------------------
                         slack                                  8.040    





Min Delay Paths
--------------------------------------------------------------------------------------
Slack (MET) :             0.090ns  (arrival time - required time)
  Source:                 ddr3/u_ddr3_mig/u_memc_ui_top_axi/mem_intfc0/ddr_phy_top0/u_ddr_mc_phy_wrapper/u_ddr_mc_phy/ddr_phy_4lanes_0.u_ddr_phy_4lanes/ddr_byte_lane_A.ddr_byte_lane_A/out_fifo/RDCLK
                            (rising edge-triggered cell OUT_FIFO clocked by oserdes_clkdiv  {rise@0.000ns fall@5.000ns period=10.000ns})
  Destination:            ddr3/u_ddr3_mig/u_memc_ui_top_axi/mem_intfc0/ddr_phy_top0/u_ddr_mc_phy_wrapper/u_ddr_mc_phy/ddr_phy_4lanes_0.u_ddr_phy_4lanes/ddr_byte_lane_A.ddr_byte_lane_A/ddr_byte_group_io/output_[2].oserdes_dq_.sdr.oserdes_dq_i/D2
                            (rising edge-triggered cell OSERDESE2 clocked by oserdes_clkdiv  {rise@0.000ns fall@5.000ns period=10.000ns})
  Path Group:             oserdes_clkdiv
  Path Type:              Hold (Min at Fast Process Corner)
  Requirement:            0.000ns  (oserdes_clkdiv rise@0.000ns - oserdes_clkdiv rise@0.000ns)
  Data Path Delay:        0.288ns  (logic 0.138ns (47.866%)  route 0.150ns (52.134%))
  Logic Levels:           0  
  Clock Path Skew:        0.179ns (DCD - SCD - CPR)
    Destination Clock Delay (DCD):    1.457ns
    Source Clock Delay      (SCD):    1.450ns
    Clock Pessimism Removal (CPR):    -0.172ns

    Location             Delay type                Incr(ns)  Path(ns)    Netlist Resource(s)
  -------------------------------------------------------------------    -------------------
                         (clock oserdes_clkdiv rise edge)
                                                      0.000     0.000 r  
    R4                                                0.000     0.000 r  clk (IN)
                         net (fo=0)                   0.000     0.000    mmcm/inst/clk_in1
    R4                   IBUF (Prop_ibuf_I_O)         0.243     0.243 r  mmcm/inst/clkin1_ibufg/O
                         net (fo=1, routed)           0.440     0.683    mmcm/inst/clk_in1_mmcm
    MMCME2_ADV_X1Y2      MMCME2_ADV (Prop_mmcme2_adv_CLKIN1_CLKOUT0)
                                                     -2.540    -1.856 r  mmcm/inst/mmcm_adv_inst/CLKOUT0
                         net (fo=1, routed)           0.531    -1.325    mmcm/inst/clk_out1_mmcm
    BUFGCTRL_X0Y2        BUFG (Prop_bufg_I_O)         0.026    -1.299 r  mmcm/inst/clkout1_buf/O
                         net (fo=2, routed)           0.606    -0.694    ddr3/u_ddr3_mig/u_ddr3_infrastructure/mmcm_clk
    PLLE2_ADV_X1Y3       PLLE2_ADV (Prop_plle2_adv_CLKIN1_CLKOUT1)
                                                      0.050    -0.644 r  ddr3/u_ddr3_mig/u_ddr3_infrastructure/plle2_i/CLKOUT1
                         net (fo=7, routed)           0.197    -0.447    ddr3/u_ddr3_mig/u_memc_ui_top_axi/mem_intfc0/ddr_phy_top0/u_ddr_mc_phy_wrapper/u_ddr_mc_phy/ddr_phy_4lanes_0.u_ddr_phy_4lanes/ddr_byte_lane_A.ddr_byte_lane_A/mem_refclk
    PHASER_OUT_PHY_X1Y12 PHASER_OUT_PHY (Prop_phaser_out_phy_MEMREFCLK_OCLK)
                                                      1.813     1.367 r  ddr3/u_ddr3_mig/u_memc_ui_top_axi/mem_intfc0/ddr_phy_top0/u_ddr_mc_phy_wrapper/u_ddr_mc_phy/ddr_phy_4lanes_0.u_ddr_phy_4lanes/ddr_byte_lane_A.ddr_byte_lane_A/phaser_out/OCLK
    PHASER_OUT_PHY_X1Y12 PHASER_OUT_PHY (Prop_phaser_out_phy_OCLK_OCLKDIV)
                                                      0.083     1.450 r  ddr3/u_ddr3_mig/u_memc_ui_top_axi/mem_intfc0/ddr_phy_top0/u_ddr_mc_phy_wrapper/u_ddr_mc_phy/ddr_phy_4lanes_0.u_ddr_phy_4lanes/ddr_byte_lane_A.ddr_byte_lane_A/phaser_out/OCLKDIV
                         net (fo=12, routed)          0.000     1.450    ddr3/u_ddr3_mig/u_memc_ui_top_axi/mem_intfc0/ddr_phy_top0/u_ddr_mc_phy_wrapper/u_ddr_mc_phy/ddr_phy_4lanes_0.u_ddr_phy_4lanes/ddr_byte_lane_A.ddr_byte_lane_A/oserdes_clkdiv
    OUT_FIFO_X1Y12       OUT_FIFO                                     r  ddr3/u_ddr3_mig/u_memc_ui_top_axi/mem_intfc0/ddr_phy_top0/u_ddr_mc_phy_wrapper/u_ddr_mc_phy/ddr_phy_4lanes_0.u_ddr_phy_4lanes/ddr_byte_lane_A.ddr_byte_lane_A/out_fifo/RDCLK
  -------------------------------------------------------------------    -------------------
    OUT_FIFO_X1Y12       OUT_FIFO (Prop_out_fifo_RDCLK_Q2[1])
                                                      0.138     1.588 r  ddr3/u_ddr3_mig/u_memc_ui_top_axi/mem_intfc0/ddr_phy_top0/u_ddr_mc_phy_wrapper/u_ddr_mc_phy/ddr_phy_4lanes_0.u_ddr_phy_4lanes/ddr_byte_lane_A.ddr_byte_lane_A/out_fifo/Q2[1]
                         net (fo=1, routed)           0.150     1.738    ddr3/u_ddr3_mig/u_memc_ui_top_axi/mem_intfc0/ddr_phy_top0/u_ddr_mc_phy_wrapper/u_ddr_mc_phy/ddr_phy_4lanes_0.u_ddr_phy_4lanes/ddr_byte_lane_A.ddr_byte_lane_A/ddr_byte_group_io/oserdes_dq[9]
    OLOGIC_X1Y153        OSERDESE2                                    r  ddr3/u_ddr3_mig/u_memc_ui_top_axi/mem_intfc0/ddr_phy_top0/u_ddr_mc_phy_wrapper/u_ddr_mc_phy/ddr_phy_4lanes_0.u_ddr_phy_4lanes/ddr_byte_lane_A.ddr_byte_lane_A/ddr_byte_group_io/output_[2].oserdes_dq_.sdr.oserdes_dq_i/D2
  -------------------------------------------------------------------    -------------------

                         (clock oserdes_clkdiv rise edge)
                                                      0.000     0.000 r  
    R4                                                0.000     0.000 r  clk (IN)
                         net (fo=0)                   0.000     0.000    mmcm/inst/clk_in1
    R4                   IBUF (Prop_ibuf_I_O)         0.431     0.431 r  mmcm/inst/clkin1_ibufg/O
                         net (fo=1, routed)           0.480     0.911    mmcm/inst/clk_in1_mmcm
    MMCME2_ADV_X1Y2      MMCME2_ADV (Prop_mmcme2_adv_CLKIN1_CLKOUT0)
                                                     -3.332    -2.421 r  mmcm/inst/mmcm_adv_inst/CLKOUT0
                         net (fo=1, routed)           0.579    -1.843    mmcm/inst/clk_out1_mmcm
    BUFGCTRL_X0Y2        BUFG (Prop_bufg_I_O)         0.029    -1.814 r  mmcm/inst/clkout1_buf/O
                         net (fo=2, routed)           0.875    -0.939    ddr3/u_ddr3_mig/u_ddr3_infrastructure/mmcm_clk
    PLLE2_ADV_X1Y3       PLLE2_ADV (Prop_plle2_adv_CLKIN1_CLKOUT1)
                                                      0.053    -0.886 r  ddr3/u_ddr3_mig/u_ddr3_infrastructure/plle2_i/CLKOUT1
                         net (fo=7, routed)           0.218    -0.668    ddr3/u_ddr3_mig/u_memc_ui_top_axi/mem_intfc0/ddr_phy_top0/u_ddr_mc_phy_wrapper/u_ddr_mc_phy/ddr_phy_4lanes_0.u_ddr_phy_4lanes/ddr_byte_lane_A.ddr_byte_lane_A/mem_refclk
    PHASER_OUT_PHY_X1Y12 PHASER_OUT_PHY (Prop_phaser_out_phy_MEMREFCLK_OCLK)
                                                      1.858     1.190 r  ddr3/u_ddr3_mig/u_memc_ui_top_axi/mem_intfc0/ddr_phy_top0/u_ddr_mc_phy_wrapper/u_ddr_mc_phy/ddr_phy_4lanes_0.u_ddr_phy_4lanes/ddr_byte_lane_A.ddr_byte_lane_A/phaser_out/OCLK
    PHASER_OUT_PHY_X1Y12 PHASER_OUT_PHY (Prop_phaser_out_phy_OCLK_OCLKDIV)
                                                      0.088     1.278 r  ddr3/u_ddr3_mig/u_memc_ui_top_axi/mem_intfc0/ddr_phy_top0/u_ddr_mc_phy_wrapper/u_ddr_mc_phy/ddr_phy_4lanes_0.u_ddr_phy_4lanes/ddr_byte_lane_A.ddr_byte_lane_A/phaser_out/OCLKDIV
                         net (fo=12, routed)          0.179     1.457    ddr3/u_ddr3_mig/u_memc_ui_top_axi/mem_intfc0/ddr_phy_top0/u_ddr_mc_phy_wrapper/u_ddr_mc_phy/ddr_phy_4lanes_0.u_ddr_phy_4lanes/ddr_byte_lane_A.ddr_byte_lane_A/ddr_byte_group_io/oserdes_clkdiv
    OLOGIC_X1Y153        OSERDESE2                                    r  ddr3/u_ddr3_mig/u_memc_ui_top_axi/mem_intfc0/ddr_phy_top0/u_ddr_mc_phy_wrapper/u_ddr_mc_phy/ddr_phy_4lanes_0.u_ddr_phy_4lanes/ddr_byte_lane_A.ddr_byte_lane_A/ddr_byte_group_io/output_[2].oserdes_dq_.sdr.oserdes_dq_i/CLKDIV
                         clock pessimism              0.172     1.629    
    OLOGIC_X1Y153        OSERDESE2 (Hold_oserdese2_CLKDIV_D2)
                                                      0.019     1.648    ddr3/u_ddr3_mig/u_memc_ui_top_axi/mem_intfc0/ddr_phy_top0/u_ddr_mc_phy_wrapper/u_ddr_mc_phy/ddr_phy_4lanes_0.u_ddr_phy_4lanes/ddr_byte_lane_A.ddr_byte_lane_A/ddr_byte_group_io/output_[2].oserdes_dq_.sdr.oserdes_dq_i
  -------------------------------------------------------------------
                         required time                         -1.648    
                         arrival time                           1.738    
  -------------------------------------------------------------------
                         slack                                  0.090    





Pulse Width Checks
--------------------------------------------------------------------------------------
Clock Name:         oserdes_clkdiv
Waveform(ns):       { 0.000 5.000 }
Period(ns):         10.000
Sources:            { ddr3/u_ddr3_mig/u_memc_ui_top_axi/mem_intfc0/ddr_phy_top0/u_ddr_mc_phy_wrapper/u_ddr_mc_phy/ddr_phy_4lanes_0.u_ddr_phy_4lanes/ddr_byte_lane_A.ddr_byte_lane_A/phaser_out/OCLKDIV }

Check Type        Corner  Lib Pin         Reference Pin  Required(ns)  Actual(ns)  Slack(ns)  Location        Pin
Min Period        n/a     OUT_FIFO/RDCLK  n/a            5.000         10.000      5.000      OUT_FIFO_X1Y12  ddr3/u_ddr3_mig/u_memc_ui_top_axi/mem_intfc0/ddr_phy_top0/u_ddr_mc_phy_wrapper/u_ddr_mc_phy/ddr_phy_4lanes_0.u_ddr_phy_4lanes/ddr_byte_lane_A.ddr_byte_lane_A/out_fifo/RDCLK
Low Pulse Width   Slow    OUT_FIFO/RDCLK  n/a            2.150         5.000       2.850      OUT_FIFO_X1Y12  ddr3/u_ddr3_mig/u_memc_ui_top_axi/mem_intfc0/ddr_phy_top0/u_ddr_mc_phy_wrapper/u_ddr_mc_phy/ddr_phy_4lanes_0.u_ddr_phy_4lanes/ddr_byte_lane_A.ddr_byte_lane_A/out_fifo/RDCLK
High Pulse Width  Slow    OUT_FIFO/RDCLK  n/a            2.150         5.000       2.850      OUT_FIFO_X1Y12  ddr3/u_ddr3_mig/u_memc_ui_top_axi/mem_intfc0/ddr_phy_top0/u_ddr_mc_phy_wrapper/u_ddr_mc_phy/ddr_phy_4lanes_0.u_ddr_phy_4lanes/ddr_byte_lane_A.ddr_byte_lane_A/out_fifo/RDCLK



---------------------------------------------------------------------------------------------------
From Clock:  oserdes_clk_1
  To Clock:  oserdes_clk_1

Setup :           NA  Failing Endpoints,  Worst Slack           NA  ,  Total Violation           NA
Hold  :           NA  Failing Endpoints,  Worst Slack           NA  ,  Total Violation           NA
PW    :            0  Failing Endpoints,  Worst Slack        0.833ns,  Total Violation        0.000ns
---------------------------------------------------------------------------------------------------


Pulse Width Checks
--------------------------------------------------------------------------------------
Clock Name:         oserdes_clk_1
Waveform(ns):       { 0.000 1.250 }
Period(ns):         2.500
Sources:            { ddr3/u_ddr3_mig/u_memc_ui_top_axi/mem_intfc0/ddr_phy_top0/u_ddr_mc_phy_wrapper/u_ddr_mc_phy/ddr_phy_4lanes_0.u_ddr_phy_4lanes/ddr_byte_lane_B.ddr_byte_lane_B/phaser_out/OCLK }

Check Type  Corner  Lib Pin        Reference Pin  Required(ns)  Actual(ns)  Slack(ns)  Location       Pin
Min Period  n/a     OSERDESE2/CLK  n/a            1.667         2.500       0.833      OLOGIC_X1Y163  ddr3/u_ddr3_mig/u_memc_ui_top_axi/mem_intfc0/ddr_phy_top0/u_ddr_mc_phy_wrapper/u_ddr_mc_phy/ddr_phy_4lanes_0.u_ddr_phy_4lanes/ddr_byte_lane_B.ddr_byte_lane_B/ddr_byte_group_io/output_[0].oserdes_dq_.sdr.oserdes_dq_i/CLK



---------------------------------------------------------------------------------------------------
From Clock:  oserdes_clkdiv_1
  To Clock:  oserdes_clkdiv_1

Setup :            0  Failing Endpoints,  Worst Slack        8.563ns,  Total Violation        0.000ns
Hold  :            0  Failing Endpoints,  Worst Slack        0.094ns,  Total Violation        0.000ns
PW    :            0  Failing Endpoints,  Worst Slack        2.850ns,  Total Violation        0.000ns
---------------------------------------------------------------------------------------------------


Max Delay Paths
--------------------------------------------------------------------------------------
Slack (MET) :             8.563ns  (required time - arrival time)
  Source:                 ddr3/u_ddr3_mig/u_memc_ui_top_axi/mem_intfc0/ddr_phy_top0/u_ddr_mc_phy_wrapper/u_ddr_mc_phy/ddr_phy_4lanes_0.u_ddr_phy_4lanes/ddr_byte_lane_B.ddr_byte_lane_B/out_fifo/RDCLK
                            (rising edge-triggered cell OUT_FIFO clocked by oserdes_clkdiv_1  {rise@0.000ns fall@5.000ns period=10.000ns})
  Destination:            ddr3/u_ddr3_mig/u_memc_ui_top_axi/mem_intfc0/ddr_phy_top0/u_ddr_mc_phy_wrapper/u_ddr_mc_phy/ddr_phy_4lanes_0.u_ddr_phy_4lanes/ddr_byte_lane_B.ddr_byte_lane_B/ddr_byte_group_io/output_[10].oserdes_dq_.sdr.oserdes_dq_i/D1
                            (rising edge-triggered cell OSERDESE2 clocked by oserdes_clkdiv_1  {rise@0.000ns fall@5.000ns period=10.000ns})
  Path Group:             oserdes_clkdiv_1
  Path Type:              Setup (Max at Slow Process Corner)
  Requirement:            10.000ns  (oserdes_clkdiv_1 rise@10.000ns - oserdes_clkdiv_1 rise@0.000ns)
  Data Path Delay:        1.142ns  (logic 0.674ns (59.004%)  route 0.468ns (40.996%))
  Logic Levels:           0  
  Clock Path Skew:        0.396ns (DCD - SCD + CPR)
    Destination Clock Delay (DCD):    1.618ns = ( 11.618 - 10.000 ) 
    Source Clock Delay      (SCD):    1.919ns
    Clock Pessimism Removal (CPR):    0.696ns
  Clock Uncertainty:      0.066ns  ((TSJ^2 + DJ^2)^1/2) / 2 + PE
    Total System Jitter     (TSJ):    0.071ns
    Discrete Jitter          (DJ):    0.112ns
    Phase Error              (PE):    0.000ns

    Location             Delay type                Incr(ns)  Path(ns)    Netlist Resource(s)
  -------------------------------------------------------------------    -------------------
                         (clock oserdes_clkdiv_1 rise edge)
                                                      0.000     0.000 r  
    R4                                                0.000     0.000 r  clk (IN)
                         net (fo=0)                   0.000     0.000    mmcm/inst/clk_in1
    R4                   IBUF (Prop_ibuf_I_O)         1.475     1.475 r  mmcm/inst/clkin1_ibufg/O
                         net (fo=1, routed)           1.233     2.708    mmcm/inst/clk_in1_mmcm
    MMCME2_ADV_X1Y2      MMCME2_ADV (Prop_mmcme2_adv_CLKIN1_CLKOUT0)
                                                     -7.432    -4.724 r  mmcm/inst/mmcm_adv_inst/CLKOUT0
                         net (fo=1, routed)           1.808    -2.915    mmcm/inst/clk_out1_mmcm
    BUFGCTRL_X0Y2        BUFG (Prop_bufg_I_O)         0.096    -2.819 r  mmcm/inst/clkout1_buf/O
                         net (fo=2, routed)           1.754    -1.065    ddr3/u_ddr3_mig/u_ddr3_infrastructure/mmcm_clk
    PLLE2_ADV_X1Y3       PLLE2_ADV (Prop_plle2_adv_CLKIN1_CLKOUT1)
                                                      0.088    -0.977 r  ddr3/u_ddr3_mig/u_ddr3_infrastructure/plle2_i/CLKOUT1
                         net (fo=7, routed)           0.603    -0.374    ddr3/u_ddr3_mig/u_memc_ui_top_axi/mem_intfc0/ddr_phy_top0/u_ddr_mc_phy_wrapper/u_ddr_mc_phy/ddr_phy_4lanes_0.u_ddr_phy_4lanes/ddr_byte_lane_B.ddr_byte_lane_B/mem_refclk
    PHASER_OUT_PHY_X1Y13 PHASER_OUT_PHY (Prop_phaser_out_phy_MEMREFCLK_OCLK)
                                                      2.136     1.762 r  ddr3/u_ddr3_mig/u_memc_ui_top_axi/mem_intfc0/ddr_phy_top0/u_ddr_mc_phy_wrapper/u_ddr_mc_phy/ddr_phy_4lanes_0.u_ddr_phy_4lanes/ddr_byte_lane_B.ddr_byte_lane_B/phaser_out/OCLK
    PHASER_OUT_PHY_X1Y13 PHASER_OUT_PHY (Prop_phaser_out_phy_OCLK_OCLKDIV)
                                                      0.157     1.919 r  ddr3/u_ddr3_mig/u_memc_ui_top_axi/mem_intfc0/ddr_phy_top0/u_ddr_mc_phy_wrapper/u_ddr_mc_phy/ddr_phy_4lanes_0.u_ddr_phy_4lanes/ddr_byte_lane_B.ddr_byte_lane_B/phaser_out/OCLKDIV
                         net (fo=13, routed)          0.000     1.919    ddr3/u_ddr3_mig/u_memc_ui_top_axi/mem_intfc0/ddr_phy_top0/u_ddr_mc_phy_wrapper/u_ddr_mc_phy/ddr_phy_4lanes_0.u_ddr_phy_4lanes/ddr_byte_lane_B.ddr_byte_lane_B/oserdes_clkdiv
    OUT_FIFO_X1Y13       OUT_FIFO                                     r  ddr3/u_ddr3_mig/u_memc_ui_top_axi/mem_intfc0/ddr_phy_top0/u_ddr_mc_phy_wrapper/u_ddr_mc_phy/ddr_phy_4lanes_0.u_ddr_phy_4lanes/ddr_byte_lane_B.ddr_byte_lane_B/out_fifo/RDCLK
  -------------------------------------------------------------------    -------------------
    OUT_FIFO_X1Y13       OUT_FIFO (Prop_out_fifo_RDCLK_Q5[4])
                                                      0.674     2.593 r  ddr3/u_ddr3_mig/u_memc_ui_top_axi/mem_intfc0/ddr_phy_top0/u_ddr_mc_phy_wrapper/u_ddr_mc_phy/ddr_phy_4lanes_0.u_ddr_phy_4lanes/ddr_byte_lane_B.ddr_byte_lane_B/out_fifo/Q5[4]
                         net (fo=1, routed)           0.468     3.061    ddr3/u_ddr3_mig/u_memc_ui_top_axi/mem_intfc0/ddr_phy_top0/u_ddr_mc_phy_wrapper/u_ddr_mc_phy/ddr_phy_4lanes_0.u_ddr_phy_4lanes/ddr_byte_lane_B.ddr_byte_lane_B/ddr_byte_group_io/oserdes_dq[40]
    OLOGIC_X1Y169        OSERDESE2                                    r  ddr3/u_ddr3_mig/u_memc_ui_top_axi/mem_intfc0/ddr_phy_top0/u_ddr_mc_phy_wrapper/u_ddr_mc_phy/ddr_phy_4lanes_0.u_ddr_phy_4lanes/ddr_byte_lane_B.ddr_byte_lane_B/ddr_byte_group_io/output_[10].oserdes_dq_.sdr.oserdes_dq_i/D1
  -------------------------------------------------------------------    -------------------

                         (clock oserdes_clkdiv_1 rise edge)
                                                     10.000    10.000 r  
    R4                                                0.000    10.000 r  clk (IN)
                         net (fo=0)                   0.000    10.000    mmcm/inst/clk_in1
    R4                   IBUF (Prop_ibuf_I_O)         1.405    11.405 r  mmcm/inst/clkin1_ibufg/O
                         net (fo=1, routed)           1.162    12.567    mmcm/inst/clk_in1_mmcm
    MMCME2_ADV_X1Y2      MMCME2_ADV (Prop_mmcme2_adv_CLKIN1_CLKOUT0)
                                                     -7.674     4.893 r  mmcm/inst/mmcm_adv_inst/CLKOUT0
                         net (fo=1, routed)           1.723     6.616    mmcm/inst/clk_out1_mmcm
    BUFGCTRL_X0Y2        BUFG (Prop_bufg_I_O)         0.091     6.707 r  mmcm/inst/clkout1_buf/O
                         net (fo=2, routed)           1.636     8.343    ddr3/u_ddr3_mig/u_ddr3_infrastructure/mmcm_clk
    PLLE2_ADV_X1Y3       PLLE2_ADV (Prop_plle2_adv_CLKIN1_CLKOUT1)
                                                      0.083     8.426 r  ddr3/u_ddr3_mig/u_ddr3_infrastructure/plle2_i/CLKOUT1
                         net (fo=7, routed)           0.572     8.998    ddr3/u_ddr3_mig/u_memc_ui_top_axi/mem_intfc0/ddr_phy_top0/u_ddr_mc_phy_wrapper/u_ddr_mc_phy/ddr_phy_4lanes_0.u_ddr_phy_4lanes/ddr_byte_lane_B.ddr_byte_lane_B/mem_refclk
    PHASER_OUT_PHY_X1Y13 PHASER_OUT_PHY (Prop_phaser_out_phy_MEMREFCLK_OCLK)
                                                      2.077    11.074 r  ddr3/u_ddr3_mig/u_memc_ui_top_axi/mem_intfc0/ddr_phy_top0/u_ddr_mc_phy_wrapper/u_ddr_mc_phy/ddr_phy_4lanes_0.u_ddr_phy_4lanes/ddr_byte_lane_B.ddr_byte_lane_B/phaser_out/OCLK
    PHASER_OUT_PHY_X1Y13 PHASER_OUT_PHY (Prop_phaser_out_phy_OCLK_OCLKDIV)
                                                      0.148    11.222 r  ddr3/u_ddr3_mig/u_memc_ui_top_axi/mem_intfc0/ddr_phy_top0/u_ddr_mc_phy_wrapper/u_ddr_mc_phy/ddr_phy_4lanes_0.u_ddr_phy_4lanes/ddr_byte_lane_B.ddr_byte_lane_B/phaser_out/OCLKDIV
                         net (fo=13, routed)          0.396    11.618    ddr3/u_ddr3_mig/u_memc_ui_top_axi/mem_intfc0/ddr_phy_top0/u_ddr_mc_phy_wrapper/u_ddr_mc_phy/ddr_phy_4lanes_0.u_ddr_phy_4lanes/ddr_byte_lane_B.ddr_byte_lane_B/ddr_byte_group_io/oserdes_clkdiv
    OLOGIC_X1Y169        OSERDESE2                                    r  ddr3/u_ddr3_mig/u_memc_ui_top_axi/mem_intfc0/ddr_phy_top0/u_ddr_mc_phy_wrapper/u_ddr_mc_phy/ddr_phy_4lanes_0.u_ddr_phy_4lanes/ddr_byte_lane_B.ddr_byte_lane_B/ddr_byte_group_io/output_[10].oserdes_dq_.sdr.oserdes_dq_i/CLKDIV
                         clock pessimism              0.696    12.315    
                         clock uncertainty           -0.066    12.249    
    OLOGIC_X1Y169        OSERDESE2 (Setup_oserdese2_CLKDIV_D1)
                                                     -0.625    11.624    ddr3/u_ddr3_mig/u_memc_ui_top_axi/mem_intfc0/ddr_phy_top0/u_ddr_mc_phy_wrapper/u_ddr_mc_phy/ddr_phy_4lanes_0.u_ddr_phy_4lanes/ddr_byte_lane_B.ddr_byte_lane_B/ddr_byte_group_io/output_[10].oserdes_dq_.sdr.oserdes_dq_i
  -------------------------------------------------------------------
                         required time                         11.624    
                         arrival time                          -3.061    
  -------------------------------------------------------------------
                         slack                                  8.563    





Min Delay Paths
--------------------------------------------------------------------------------------
Slack (MET) :             0.094ns  (arrival time - required time)
  Source:                 ddr3/u_ddr3_mig/u_memc_ui_top_axi/mem_intfc0/ddr_phy_top0/u_ddr_mc_phy_wrapper/u_ddr_mc_phy/ddr_phy_4lanes_0.u_ddr_phy_4lanes/ddr_byte_lane_B.ddr_byte_lane_B/out_fifo/RDCLK
                            (rising edge-triggered cell OUT_FIFO clocked by oserdes_clkdiv_1  {rise@0.000ns fall@5.000ns period=10.000ns})
  Destination:            ddr3/u_ddr3_mig/u_memc_ui_top_axi/mem_intfc0/ddr_phy_top0/u_ddr_mc_phy_wrapper/u_ddr_mc_phy/ddr_phy_4lanes_0.u_ddr_phy_4lanes/ddr_byte_lane_B.ddr_byte_lane_B/ddr_byte_group_io/output_[2].oserdes_dq_.sdr.oserdes_dq_i/D2
                            (rising edge-triggered cell OSERDESE2 clocked by oserdes_clkdiv_1  {rise@0.000ns fall@5.000ns period=10.000ns})
  Path Group:             oserdes_clkdiv_1
  Path Type:              Hold (Min at Fast Process Corner)
  Requirement:            0.000ns  (oserdes_clkdiv_1 rise@0.000ns - oserdes_clkdiv_1 rise@0.000ns)
  Data Path Delay:        0.288ns  (logic 0.138ns (47.866%)  route 0.150ns (52.134%))
  Logic Levels:           0  
  Clock Path Skew:        0.175ns (DCD - SCD - CPR)
    Destination Clock Delay (DCD):    1.444ns
    Source Clock Delay      (SCD):    1.443ns
    Clock Pessimism Removal (CPR):    -0.174ns

    Location             Delay type                Incr(ns)  Path(ns)    Netlist Resource(s)
  -------------------------------------------------------------------    -------------------
                         (clock oserdes_clkdiv_1 rise edge)
                                                      0.000     0.000 r  
    R4                                                0.000     0.000 r  clk (IN)
                         net (fo=0)                   0.000     0.000    mmcm/inst/clk_in1
    R4                   IBUF (Prop_ibuf_I_O)         0.243     0.243 r  mmcm/inst/clkin1_ibufg/O
                         net (fo=1, routed)           0.440     0.683    mmcm/inst/clk_in1_mmcm
    MMCME2_ADV_X1Y2      MMCME2_ADV (Prop_mmcme2_adv_CLKIN1_CLKOUT0)
                                                     -2.540    -1.856 r  mmcm/inst/mmcm_adv_inst/CLKOUT0
                         net (fo=1, routed)           0.531    -1.325    mmcm/inst/clk_out1_mmcm
    BUFGCTRL_X0Y2        BUFG (Prop_bufg_I_O)         0.026    -1.299 r  mmcm/inst/clkout1_buf/O
                         net (fo=2, routed)           0.606    -0.694    ddr3/u_ddr3_mig/u_ddr3_infrastructure/mmcm_clk
    PLLE2_ADV_X1Y3       PLLE2_ADV (Prop_plle2_adv_CLKIN1_CLKOUT1)
                                                      0.050    -0.644 r  ddr3/u_ddr3_mig/u_ddr3_infrastructure/plle2_i/CLKOUT1
                         net (fo=7, routed)           0.190    -0.454    ddr3/u_ddr3_mig/u_memc_ui_top_axi/mem_intfc0/ddr_phy_top0/u_ddr_mc_phy_wrapper/u_ddr_mc_phy/ddr_phy_4lanes_0.u_ddr_phy_4lanes/ddr_byte_lane_B.ddr_byte_lane_B/mem_refclk
    PHASER_OUT_PHY_X1Y13 PHASER_OUT_PHY (Prop_phaser_out_phy_MEMREFCLK_OCLK)
                                                      1.813     1.360 r  ddr3/u_ddr3_mig/u_memc_ui_top_axi/mem_intfc0/ddr_phy_top0/u_ddr_mc_phy_wrapper/u_ddr_mc_phy/ddr_phy_4lanes_0.u_ddr_phy_4lanes/ddr_byte_lane_B.ddr_byte_lane_B/phaser_out/OCLK
    PHASER_OUT_PHY_X1Y13 PHASER_OUT_PHY (Prop_phaser_out_phy_OCLK_OCLKDIV)
                                                      0.083     1.443 r  ddr3/u_ddr3_mig/u_memc_ui_top_axi/mem_intfc0/ddr_phy_top0/u_ddr_mc_phy_wrapper/u_ddr_mc_phy/ddr_phy_4lanes_0.u_ddr_phy_4lanes/ddr_byte_lane_B.ddr_byte_lane_B/phaser_out/OCLKDIV
                         net (fo=13, routed)          0.000     1.443    ddr3/u_ddr3_mig/u_memc_ui_top_axi/mem_intfc0/ddr_phy_top0/u_ddr_mc_phy_wrapper/u_ddr_mc_phy/ddr_phy_4lanes_0.u_ddr_phy_4lanes/ddr_byte_lane_B.ddr_byte_lane_B/oserdes_clkdiv
    OUT_FIFO_X1Y13       OUT_FIFO                                     r  ddr3/u_ddr3_mig/u_memc_ui_top_axi/mem_intfc0/ddr_phy_top0/u_ddr_mc_phy_wrapper/u_ddr_mc_phy/ddr_phy_4lanes_0.u_ddr_phy_4lanes/ddr_byte_lane_B.ddr_byte_lane_B/out_fifo/RDCLK
  -------------------------------------------------------------------    -------------------
    OUT_FIFO_X1Y13       OUT_FIFO (Prop_out_fifo_RDCLK_Q2[1])
                                                      0.138     1.581 r  ddr3/u_ddr3_mig/u_memc_ui_top_axi/mem_intfc0/ddr_phy_top0/u_ddr_mc_phy_wrapper/u_ddr_mc_phy/ddr_phy_4lanes_0.u_ddr_phy_4lanes/ddr_byte_lane_B.ddr_byte_lane_B/out_fifo/Q2[1]
                         net (fo=1, routed)           0.150     1.731    ddr3/u_ddr3_mig/u_memc_ui_top_axi/mem_intfc0/ddr_phy_top0/u_ddr_mc_phy_wrapper/u_ddr_mc_phy/ddr_phy_4lanes_0.u_ddr_phy_4lanes/ddr_byte_lane_B.ddr_byte_lane_B/ddr_byte_group_io/oserdes_dq[9]
    OLOGIC_X1Y165        OSERDESE2                                    r  ddr3/u_ddr3_mig/u_memc_ui_top_axi/mem_intfc0/ddr_phy_top0/u_ddr_mc_phy_wrapper/u_ddr_mc_phy/ddr_phy_4lanes_0.u_ddr_phy_4lanes/ddr_byte_lane_B.ddr_byte_lane_B/ddr_byte_group_io/output_[2].oserdes_dq_.sdr.oserdes_dq_i/D2
  -------------------------------------------------------------------    -------------------

                         (clock oserdes_clkdiv_1 rise edge)
                                                      0.000     0.000 r  
    R4                                                0.000     0.000 r  clk (IN)
                         net (fo=0)                   0.000     0.000    mmcm/inst/clk_in1
    R4                   IBUF (Prop_ibuf_I_O)         0.431     0.431 r  mmcm/inst/clkin1_ibufg/O
                         net (fo=1, routed)           0.480     0.911    mmcm/inst/clk_in1_mmcm
    MMCME2_ADV_X1Y2      MMCME2_ADV (Prop_mmcme2_adv_CLKIN1_CLKOUT0)
                                                     -3.332    -2.421 r  mmcm/inst/mmcm_adv_inst/CLKOUT0
                         net (fo=1, routed)           0.579    -1.843    mmcm/inst/clk_out1_mmcm
    BUFGCTRL_X0Y2        BUFG (Prop_bufg_I_O)         0.029    -1.814 r  mmcm/inst/clkout1_buf/O
                         net (fo=2, routed)           0.875    -0.939    ddr3/u_ddr3_mig/u_ddr3_infrastructure/mmcm_clk
    PLLE2_ADV_X1Y3       PLLE2_ADV (Prop_plle2_adv_CLKIN1_CLKOUT1)
                                                      0.053    -0.886 r  ddr3/u_ddr3_mig/u_ddr3_infrastructure/plle2_i/CLKOUT1
                         net (fo=7, routed)           0.209    -0.677    ddr3/u_ddr3_mig/u_memc_ui_top_axi/mem_intfc0/ddr_phy_top0/u_ddr_mc_phy_wrapper/u_ddr_mc_phy/ddr_phy_4lanes_0.u_ddr_phy_4lanes/ddr_byte_lane_B.ddr_byte_lane_B/mem_refclk
    PHASER_OUT_PHY_X1Y13 PHASER_OUT_PHY (Prop_phaser_out_phy_MEMREFCLK_OCLK)
                                                      1.858     1.181 r  ddr3/u_ddr3_mig/u_memc_ui_top_axi/mem_intfc0/ddr_phy_top0/u_ddr_mc_phy_wrapper/u_ddr_mc_phy/ddr_phy_4lanes_0.u_ddr_phy_4lanes/ddr_byte_lane_B.ddr_byte_lane_B/phaser_out/OCLK
    PHASER_OUT_PHY_X1Y13 PHASER_OUT_PHY (Prop_phaser_out_phy_OCLK_OCLKDIV)
                                                      0.088     1.269 r  ddr3/u_ddr3_mig/u_memc_ui_top_axi/mem_intfc0/ddr_phy_top0/u_ddr_mc_phy_wrapper/u_ddr_mc_phy/ddr_phy_4lanes_0.u_ddr_phy_4lanes/ddr_byte_lane_B.ddr_byte_lane_B/phaser_out/OCLKDIV
                         net (fo=13, routed)          0.175     1.444    ddr3/u_ddr3_mig/u_memc_ui_top_axi/mem_intfc0/ddr_phy_top0/u_ddr_mc_phy_wrapper/u_ddr_mc_phy/ddr_phy_4lanes_0.u_ddr_phy_4lanes/ddr_byte_lane_B.ddr_byte_lane_B/ddr_byte_group_io/oserdes_clkdiv
    OLOGIC_X1Y165        OSERDESE2                                    r  ddr3/u_ddr3_mig/u_memc_ui_top_axi/mem_intfc0/ddr_phy_top0/u_ddr_mc_phy_wrapper/u_ddr_mc_phy/ddr_phy_4lanes_0.u_ddr_phy_4lanes/ddr_byte_lane_B.ddr_byte_lane_B/ddr_byte_group_io/output_[2].oserdes_dq_.sdr.oserdes_dq_i/CLKDIV
                         clock pessimism              0.174     1.618    
    OLOGIC_X1Y165        OSERDESE2 (Hold_oserdese2_CLKDIV_D2)
                                                      0.019     1.637    ddr3/u_ddr3_mig/u_memc_ui_top_axi/mem_intfc0/ddr_phy_top0/u_ddr_mc_phy_wrapper/u_ddr_mc_phy/ddr_phy_4lanes_0.u_ddr_phy_4lanes/ddr_byte_lane_B.ddr_byte_lane_B/ddr_byte_group_io/output_[2].oserdes_dq_.sdr.oserdes_dq_i
  -------------------------------------------------------------------
                         required time                         -1.637    
                         arrival time                           1.731    
  -------------------------------------------------------------------
                         slack                                  0.094    





Pulse Width Checks
--------------------------------------------------------------------------------------
Clock Name:         oserdes_clkdiv_1
Waveform(ns):       { 0.000 5.000 }
Period(ns):         10.000
Sources:            { ddr3/u_ddr3_mig/u_memc_ui_top_axi/mem_intfc0/ddr_phy_top0/u_ddr_mc_phy_wrapper/u_ddr_mc_phy/ddr_phy_4lanes_0.u_ddr_phy_4lanes/ddr_byte_lane_B.ddr_byte_lane_B/phaser_out/OCLKDIV }

Check Type        Corner  Lib Pin         Reference Pin  Required(ns)  Actual(ns)  Slack(ns)  Location        Pin
Min Period        n/a     OUT_FIFO/RDCLK  n/a            5.000         10.000      5.000      OUT_FIFO_X1Y13  ddr3/u_ddr3_mig/u_memc_ui_top_axi/mem_intfc0/ddr_phy_top0/u_ddr_mc_phy_wrapper/u_ddr_mc_phy/ddr_phy_4lanes_0.u_ddr_phy_4lanes/ddr_byte_lane_B.ddr_byte_lane_B/out_fifo/RDCLK
Low Pulse Width   Slow    OUT_FIFO/RDCLK  n/a            2.150         5.000       2.850      OUT_FIFO_X1Y13  ddr3/u_ddr3_mig/u_memc_ui_top_axi/mem_intfc0/ddr_phy_top0/u_ddr_mc_phy_wrapper/u_ddr_mc_phy/ddr_phy_4lanes_0.u_ddr_phy_4lanes/ddr_byte_lane_B.ddr_byte_lane_B/out_fifo/RDCLK
High Pulse Width  Slow    OUT_FIFO/RDCLK  n/a            2.150         5.000       2.850      OUT_FIFO_X1Y13  ddr3/u_ddr3_mig/u_memc_ui_top_axi/mem_intfc0/ddr_phy_top0/u_ddr_mc_phy_wrapper/u_ddr_mc_phy/ddr_phy_4lanes_0.u_ddr_phy_4lanes/ddr_byte_lane_B.ddr_byte_lane_B/out_fifo/RDCLK



---------------------------------------------------------------------------------------------------
From Clock:  oserdes_clk_2
  To Clock:  oserdes_clk_2

Setup :            0  Failing Endpoints,  Worst Slack        0.912ns,  Total Violation        0.000ns
Hold  :            0  Failing Endpoints,  Worst Slack        0.413ns,  Total Violation        0.000ns
PW    :            0  Failing Endpoints,  Worst Slack        0.833ns,  Total Violation        0.000ns
---------------------------------------------------------------------------------------------------


Max Delay Paths
--------------------------------------------------------------------------------------
Slack (MET) :             0.912ns  (required time - arrival time)
  Source:                 ddr3/u_ddr3_mig/u_memc_ui_top_axi/mem_intfc0/ddr_phy_top0/u_ddr_mc_phy_wrapper/u_ddr_mc_phy/ddr_phy_4lanes_0.u_ddr_phy_4lanes/ddr_byte_lane_C.ddr_byte_lane_C/phaser_out/OCLKDELAYED
                            (rising edge-triggered cell PHASER_OUT_PHY clocked by oserdes_clk_2  {rise@0.000ns fall@1.250ns period=2.500ns})
  Destination:            ddr3/u_ddr3_mig/u_memc_ui_top_axi/mem_intfc0/ddr_phy_top0/u_ddr_mc_phy_wrapper/u_ddr_mc_phy/ddr_phy_4lanes_0.u_ddr_phy_4lanes/ddr_byte_lane_C.ddr_byte_lane_C/ddr_byte_group_io/dqs_gen.oddr_dqsts/D1
                            (rising edge-triggered cell ODDR clocked by oserdes_clk_2  {rise@0.000ns fall@1.250ns period=2.500ns})
  Path Group:             oserdes_clk_2
  Path Type:              Setup (Max at Slow Process Corner)
  Requirement:            2.500ns  (oserdes_clk_2 rise@2.500ns - oserdes_clk_2 rise@0.000ns)
  Data Path Delay:        1.037ns  (logic 0.562ns (54.177%)  route 0.475ns (45.823%))
  Logic Levels:           0  
  Clock Path Skew:        0.400ns (DCD - SCD + CPR)
    Destination Clock Delay (DCD):    2.125ns = ( 4.625 - 2.500 ) 
    Source Clock Delay      (SCD):    2.452ns
    Clock Pessimism Removal (CPR):    0.727ns
  Clock Uncertainty:      0.066ns  ((TSJ^2 + DJ^2)^1/2) / 2 + PE
    Total System Jitter     (TSJ):    0.071ns
    Discrete Jitter          (DJ):    0.112ns
    Phase Error              (PE):    0.000ns

    Location             Delay type                Incr(ns)  Path(ns)    Netlist Resource(s)
  -------------------------------------------------------------------    -------------------
                         (clock oserdes_clk_2 rise edge)
                                                      0.000     0.000 r  
    R4                                                0.000     0.000 r  clk (IN)
                         net (fo=0)                   0.000     0.000    mmcm/inst/clk_in1
    R4                   IBUF (Prop_ibuf_I_O)         1.475     1.475 r  mmcm/inst/clkin1_ibufg/O
                         net (fo=1, routed)           1.233     2.708    mmcm/inst/clk_in1_mmcm
    MMCME2_ADV_X1Y2      MMCME2_ADV (Prop_mmcme2_adv_CLKIN1_CLKOUT0)
                                                     -7.432    -4.724 r  mmcm/inst/mmcm_adv_inst/CLKOUT0
                         net (fo=1, routed)           1.808    -2.915    mmcm/inst/clk_out1_mmcm
    BUFGCTRL_X0Y2        BUFG (Prop_bufg_I_O)         0.096    -2.819 r  mmcm/inst/clkout1_buf/O
                         net (fo=2, routed)           1.754    -1.065    ddr3/u_ddr3_mig/u_ddr3_infrastructure/mmcm_clk
    PLLE2_ADV_X1Y3       PLLE2_ADV (Prop_plle2_adv_CLKIN1_CLKOUT1)
                                                      0.088    -0.977 r  ddr3/u_ddr3_mig/u_ddr3_infrastructure/plle2_i/CLKOUT1
                         net (fo=7, routed)           0.614    -0.363    ddr3/u_ddr3_mig/u_memc_ui_top_axi/mem_intfc0/ddr_phy_top0/u_ddr_mc_phy_wrapper/u_ddr_mc_phy/ddr_phy_4lanes_0.u_ddr_phy_4lanes/ddr_byte_lane_C.ddr_byte_lane_C/mem_refclk
    PHASER_OUT_PHY_X1Y14 PHASER_OUT_PHY (Prop_phaser_out_phy_MEMREFCLK_OCLK)
                                                      2.136     1.773 r  ddr3/u_ddr3_mig/u_memc_ui_top_axi/mem_intfc0/ddr_phy_top0/u_ddr_mc_phy_wrapper/u_ddr_mc_phy/ddr_phy_4lanes_0.u_ddr_phy_4lanes/ddr_byte_lane_C.ddr_byte_lane_C/phaser_out/OCLK
    PHASER_OUT_PHY_X1Y14 PHASER_OUT_PHY (Prop_phaser_out_phy_OCLK_OCLKDELAYED)
                                                      0.679     2.452 r  ddr3/u_ddr3_mig/u_memc_ui_top_axi/mem_intfc0/ddr_phy_top0/u_ddr_mc_phy_wrapper/u_ddr_mc_phy/ddr_phy_4lanes_0.u_ddr_phy_4lanes/ddr_byte_lane_C.ddr_byte_lane_C/phaser_out/OCLKDELAYED
  -------------------------------------------------------------------    -------------------
    PHASER_OUT_PHY_X1Y14 PHASER_OUT_PHY (Prop_phaser_out_phy_OCLKDELAYED_CTSBUS[0])
                                                      0.562     3.014 r  ddr3/u_ddr3_mig/u_memc_ui_top_axi/mem_intfc0/ddr_phy_top0/u_ddr_mc_phy_wrapper/u_ddr_mc_phy/ddr_phy_4lanes_0.u_ddr_phy_4lanes/ddr_byte_lane_C.ddr_byte_lane_C/phaser_out/CTSBUS[0]
                         net (fo=2, routed)           0.475     3.490    ddr3/u_ddr3_mig/u_memc_ui_top_axi/mem_intfc0/ddr_phy_top0/u_ddr_mc_phy_wrapper/u_ddr_mc_phy/ddr_phy_4lanes_0.u_ddr_phy_4lanes/ddr_byte_lane_C.ddr_byte_lane_C/ddr_byte_group_io/CTSBUS[0]
    OLOGIC_X1Y182        ODDR                                         r  ddr3/u_ddr3_mig/u_memc_ui_top_axi/mem_intfc0/ddr_phy_top0/u_ddr_mc_phy_wrapper/u_ddr_mc_phy/ddr_phy_4lanes_0.u_ddr_phy_4lanes/ddr_byte_lane_C.ddr_byte_lane_C/ddr_byte_group_io/dqs_gen.oddr_dqsts/D1
  -------------------------------------------------------------------    -------------------

                         (clock oserdes_clk_2 rise edge)
                                                      2.500     2.500 r  
    R4                                                0.000     2.500 r  clk (IN)
                         net (fo=0)                   0.000     2.500    mmcm/inst/clk_in1
    R4                   IBUF (Prop_ibuf_I_O)         1.405     3.905 r  mmcm/inst/clkin1_ibufg/O
                         net (fo=1, routed)           1.162     5.067    mmcm/inst/clk_in1_mmcm
    MMCME2_ADV_X1Y2      MMCME2_ADV (Prop_mmcme2_adv_CLKIN1_CLKOUT0)
                                                     -7.674    -2.607 r  mmcm/inst/mmcm_adv_inst/CLKOUT0
                         net (fo=1, routed)           1.723    -0.884    mmcm/inst/clk_out1_mmcm
    BUFGCTRL_X0Y2        BUFG (Prop_bufg_I_O)         0.091    -0.793 r  mmcm/inst/clkout1_buf/O
                         net (fo=2, routed)           1.636     0.843    ddr3/u_ddr3_mig/u_ddr3_infrastructure/mmcm_clk
    PLLE2_ADV_X1Y3       PLLE2_ADV (Prop_plle2_adv_CLKIN1_CLKOUT1)
                                                      0.083     0.926 r  ddr3/u_ddr3_mig/u_ddr3_infrastructure/plle2_i/CLKOUT1
                         net (fo=7, routed)           0.582     1.508    ddr3/u_ddr3_mig/u_memc_ui_top_axi/mem_intfc0/ddr_phy_top0/u_ddr_mc_phy_wrapper/u_ddr_mc_phy/ddr_phy_4lanes_0.u_ddr_phy_4lanes/ddr_byte_lane_C.ddr_byte_lane_C/mem_refclk
    PHASER_OUT_PHY_X1Y14 PHASER_OUT_PHY (Prop_phaser_out_phy_MEMREFCLK_OCLK)
                                                      2.077     3.584 r  ddr3/u_ddr3_mig/u_memc_ui_top_axi/mem_intfc0/ddr_phy_top0/u_ddr_mc_phy_wrapper/u_ddr_mc_phy/ddr_phy_4lanes_0.u_ddr_phy_4lanes/ddr_byte_lane_C.ddr_byte_lane_C/phaser_out/OCLK
    PHASER_OUT_PHY_X1Y14 PHASER_OUT_PHY (Prop_phaser_out_phy_OCLK_OCLKDELAYED)
                                                      0.641     4.225 r  ddr3/u_ddr3_mig/u_memc_ui_top_axi/mem_intfc0/ddr_phy_top0/u_ddr_mc_phy_wrapper/u_ddr_mc_phy/ddr_phy_4lanes_0.u_ddr_phy_4lanes/ddr_byte_lane_C.ddr_byte_lane_C/phaser_out/OCLKDELAYED
                         net (fo=2, routed)           0.400     4.625    ddr3/u_ddr3_mig/u_memc_ui_top_axi/mem_intfc0/ddr_phy_top0/u_ddr_mc_phy_wrapper/u_ddr_mc_phy/ddr_phy_4lanes_0.u_ddr_phy_4lanes/ddr_byte_lane_C.ddr_byte_lane_C/ddr_byte_group_io/oserdes_clk_delayed
    OLOGIC_X1Y182        ODDR                                         r  ddr3/u_ddr3_mig/u_memc_ui_top_axi/mem_intfc0/ddr_phy_top0/u_ddr_mc_phy_wrapper/u_ddr_mc_phy/ddr_phy_4lanes_0.u_ddr_phy_4lanes/ddr_byte_lane_C.ddr_byte_lane_C/ddr_byte_group_io/dqs_gen.oddr_dqsts/C
                         clock pessimism              0.727     5.352    
                         clock uncertainty           -0.066     5.286    
    OLOGIC_X1Y182        ODDR (Setup_oddr_C_D1)      -0.885     4.401    ddr3/u_ddr3_mig/u_memc_ui_top_axi/mem_intfc0/ddr_phy_top0/u_ddr_mc_phy_wrapper/u_ddr_mc_phy/ddr_phy_4lanes_0.u_ddr_phy_4lanes/ddr_byte_lane_C.ddr_byte_lane_C/ddr_byte_group_io/dqs_gen.oddr_dqsts
  -------------------------------------------------------------------
                         required time                          4.401    
                         arrival time                          -3.490    
  -------------------------------------------------------------------
                         slack                                  0.912    





Min Delay Paths
--------------------------------------------------------------------------------------
Slack (MET) :             0.413ns  (arrival time - required time)
  Source:                 ddr3/u_ddr3_mig/u_memc_ui_top_axi/mem_intfc0/ddr_phy_top0/u_ddr_mc_phy_wrapper/u_ddr_mc_phy/ddr_phy_4lanes_0.u_ddr_phy_4lanes/ddr_byte_lane_C.ddr_byte_lane_C/phaser_out/OCLKDELAYED
                            (rising edge-triggered cell PHASER_OUT_PHY clocked by oserdes_clk_2  {rise@0.000ns fall@1.250ns period=2.500ns})
  Destination:            ddr3/u_ddr3_mig/u_memc_ui_top_axi/mem_intfc0/ddr_phy_top0/u_ddr_mc_phy_wrapper/u_ddr_mc_phy/ddr_phy_4lanes_0.u_ddr_phy_4lanes/ddr_byte_lane_C.ddr_byte_lane_C/ddr_byte_group_io/dqs_gen.oddr_dqs/D2
                            (rising edge-triggered cell ODDR clocked by oserdes_clk_2  {rise@0.000ns fall@1.250ns period=2.500ns})
  Path Group:             oserdes_clk_2
  Path Type:              Hold (Min at Fast Process Corner)
  Requirement:            0.000ns  (oserdes_clk_2 rise@0.000ns - oserdes_clk_2 rise@0.000ns)
  Data Path Delay:        0.496ns  (logic 0.346ns (69.715%)  route 0.150ns (30.285%))
  Logic Levels:           0  
  Clock Path Skew:        0.176ns (DCD - SCD - CPR)
    Destination Clock Delay (DCD):    1.939ns
    Source Clock Delay      (SCD):    1.906ns
    Clock Pessimism Removal (CPR):    -0.143ns

    Location             Delay type                Incr(ns)  Path(ns)    Netlist Resource(s)
  -------------------------------------------------------------------    -------------------
                         (clock oserdes_clk_2 rise edge)
                                                      0.000     0.000 r  
    R4                                                0.000     0.000 r  clk (IN)
                         net (fo=0)                   0.000     0.000    mmcm/inst/clk_in1
    R4                   IBUF (Prop_ibuf_I_O)         0.243     0.243 r  mmcm/inst/clkin1_ibufg/O
                         net (fo=1, routed)           0.440     0.683    mmcm/inst/clk_in1_mmcm
    MMCME2_ADV_X1Y2      MMCME2_ADV (Prop_mmcme2_adv_CLKIN1_CLKOUT0)
                                                     -2.540    -1.856 r  mmcm/inst/mmcm_adv_inst/CLKOUT0
                         net (fo=1, routed)           0.531    -1.325    mmcm/inst/clk_out1_mmcm
    BUFGCTRL_X0Y2        BUFG (Prop_bufg_I_O)         0.026    -1.299 r  mmcm/inst/clkout1_buf/O
                         net (fo=2, routed)           0.606    -0.694    ddr3/u_ddr3_mig/u_ddr3_infrastructure/mmcm_clk
    PLLE2_ADV_X1Y3       PLLE2_ADV (Prop_plle2_adv_CLKIN1_CLKOUT1)
                                                      0.050    -0.644 r  ddr3/u_ddr3_mig/u_ddr3_infrastructure/plle2_i/CLKOUT1
                         net (fo=7, routed)           0.197    -0.447    ddr3/u_ddr3_mig/u_memc_ui_top_axi/mem_intfc0/ddr_phy_top0/u_ddr_mc_phy_wrapper/u_ddr_mc_phy/ddr_phy_4lanes_0.u_ddr_phy_4lanes/ddr_byte_lane_C.ddr_byte_lane_C/mem_refclk
    PHASER_OUT_PHY_X1Y14 PHASER_OUT_PHY (Prop_phaser_out_phy_MEMREFCLK_OCLK)
                                                      1.813     1.367 r  ddr3/u_ddr3_mig/u_memc_ui_top_axi/mem_intfc0/ddr_phy_top0/u_ddr_mc_phy_wrapper/u_ddr_mc_phy/ddr_phy_4lanes_0.u_ddr_phy_4lanes/ddr_byte_lane_C.ddr_byte_lane_C/phaser_out/OCLK
    PHASER_OUT_PHY_X1Y14 PHASER_OUT_PHY (Prop_phaser_out_phy_OCLK_OCLKDELAYED)
                                                      0.539     1.906 r  ddr3/u_ddr3_mig/u_memc_ui_top_axi/mem_intfc0/ddr_phy_top0/u_ddr_mc_phy_wrapper/u_ddr_mc_phy/ddr_phy_4lanes_0.u_ddr_phy_4lanes/ddr_byte_lane_C.ddr_byte_lane_C/phaser_out/OCLKDELAYED
  -------------------------------------------------------------------    -------------------
    PHASER_OUT_PHY_X1Y14 PHASER_OUT_PHY (Prop_phaser_out_phy_OCLKDELAYED_DQSBUS[1])
                                                      0.346     2.252 r  ddr3/u_ddr3_mig/u_memc_ui_top_axi/mem_intfc0/ddr_phy_top0/u_ddr_mc_phy_wrapper/u_ddr_mc_phy/ddr_phy_4lanes_0.u_ddr_phy_4lanes/ddr_byte_lane_C.ddr_byte_lane_C/phaser_out/DQSBUS[1]
                         net (fo=1, routed)           0.150     2.402    ddr3/u_ddr3_mig/u_memc_ui_top_axi/mem_intfc0/ddr_phy_top0/u_ddr_mc_phy_wrapper/u_ddr_mc_phy/ddr_phy_4lanes_0.u_ddr_phy_4lanes/ddr_byte_lane_C.ddr_byte_lane_C/ddr_byte_group_io/DQSBUS[1]
    OLOGIC_X1Y182        ODDR                                         r  ddr3/u_ddr3_mig/u_memc_ui_top_axi/mem_intfc0/ddr_phy_top0/u_ddr_mc_phy_wrapper/u_ddr_mc_phy/ddr_phy_4lanes_0.u_ddr_phy_4lanes/ddr_byte_lane_C.ddr_byte_lane_C/ddr_byte_group_io/dqs_gen.oddr_dqs/D2
  -------------------------------------------------------------------    -------------------

                         (clock oserdes_clk_2 rise edge)
                                                      0.000     0.000 r  
    R4                                                0.000     0.000 r  clk (IN)
                         net (fo=0)                   0.000     0.000    mmcm/inst/clk_in1
    R4                   IBUF (Prop_ibuf_I_O)         0.431     0.431 r  mmcm/inst/clkin1_ibufg/O
                         net (fo=1, routed)           0.480     0.911    mmcm/inst/clk_in1_mmcm
    MMCME2_ADV_X1Y2      MMCME2_ADV (Prop_mmcme2_adv_CLKIN1_CLKOUT0)
                                                     -3.332    -2.421 r  mmcm/inst/mmcm_adv_inst/CLKOUT0
                         net (fo=1, routed)           0.579    -1.843    mmcm/inst/clk_out1_mmcm
    BUFGCTRL_X0Y2        BUFG (Prop_bufg_I_O)         0.029    -1.814 r  mmcm/inst/clkout1_buf/O
                         net (fo=2, routed)           0.875    -0.939    ddr3/u_ddr3_mig/u_ddr3_infrastructure/mmcm_clk
    PLLE2_ADV_X1Y3       PLLE2_ADV (Prop_plle2_adv_CLKIN1_CLKOUT1)
                                                      0.053    -0.886 r  ddr3/u_ddr3_mig/u_ddr3_infrastructure/plle2_i/CLKOUT1
                         net (fo=7, routed)           0.218    -0.668    ddr3/u_ddr3_mig/u_memc_ui_top_axi/mem_intfc0/ddr_phy_top0/u_ddr_mc_phy_wrapper/u_ddr_mc_phy/ddr_phy_4lanes_0.u_ddr_phy_4lanes/ddr_byte_lane_C.ddr_byte_lane_C/mem_refclk
    PHASER_OUT_PHY_X1Y14 PHASER_OUT_PHY (Prop_phaser_out_phy_MEMREFCLK_OCLK)
                                                      1.858     1.190 r  ddr3/u_ddr3_mig/u_memc_ui_top_axi/mem_intfc0/ddr_phy_top0/u_ddr_mc_phy_wrapper/u_ddr_mc_phy/ddr_phy_4lanes_0.u_ddr_phy_4lanes/ddr_byte_lane_C.ddr_byte_lane_C/phaser_out/OCLK
    PHASER_OUT_PHY_X1Y14 PHASER_OUT_PHY (Prop_phaser_out_phy_OCLK_OCLKDELAYED)
                                                      0.573     1.763 r  ddr3/u_ddr3_mig/u_memc_ui_top_axi/mem_intfc0/ddr_phy_top0/u_ddr_mc_phy_wrapper/u_ddr_mc_phy/ddr_phy_4lanes_0.u_ddr_phy_4lanes/ddr_byte_lane_C.ddr_byte_lane_C/phaser_out/OCLKDELAYED
                         net (fo=2, routed)           0.176     1.939    ddr3/u_ddr3_mig/u_memc_ui_top_axi/mem_intfc0/ddr_phy_top0/u_ddr_mc_phy_wrapper/u_ddr_mc_phy/ddr_phy_4lanes_0.u_ddr_phy_4lanes/ddr_byte_lane_C.ddr_byte_lane_C/ddr_byte_group_io/oserdes_clk_delayed
    OLOGIC_X1Y182        ODDR                                         r  ddr3/u_ddr3_mig/u_memc_ui_top_axi/mem_intfc0/ddr_phy_top0/u_ddr_mc_phy_wrapper/u_ddr_mc_phy/ddr_phy_4lanes_0.u_ddr_phy_4lanes/ddr_byte_lane_C.ddr_byte_lane_C/ddr_byte_group_io/dqs_gen.oddr_dqs/C
                         clock pessimism              0.143     2.082    
    OLOGIC_X1Y182        ODDR (Hold_oddr_C_D2)       -0.093     1.989    ddr3/u_ddr3_mig/u_memc_ui_top_axi/mem_intfc0/ddr_phy_top0/u_ddr_mc_phy_wrapper/u_ddr_mc_phy/ddr_phy_4lanes_0.u_ddr_phy_4lanes/ddr_byte_lane_C.ddr_byte_lane_C/ddr_byte_group_io/dqs_gen.oddr_dqs
  -------------------------------------------------------------------
                         required time                         -1.989    
                         arrival time                           2.402    
  -------------------------------------------------------------------
                         slack                                  0.413    





Pulse Width Checks
--------------------------------------------------------------------------------------
Clock Name:         oserdes_clk_2
Waveform(ns):       { 0.000 1.250 }
Period(ns):         2.500
Sources:            { ddr3/u_ddr3_mig/u_memc_ui_top_axi/mem_intfc0/ddr_phy_top0/u_ddr_mc_phy_wrapper/u_ddr_mc_phy/ddr_phy_4lanes_0.u_ddr_phy_4lanes/ddr_byte_lane_C.ddr_byte_lane_C/phaser_out/OCLK }

Check Type  Corner  Lib Pin        Reference Pin  Required(ns)  Actual(ns)  Slack(ns)  Location       Pin
Min Period  n/a     OSERDESE2/CLK  n/a            1.667         2.500       0.833      OLOGIC_X1Y176  ddr3/u_ddr3_mig/u_memc_ui_top_axi/mem_intfc0/ddr_phy_top0/u_ddr_mc_phy_wrapper/u_ddr_mc_phy/ddr_phy_4lanes_0.u_ddr_phy_4lanes/ddr_byte_lane_C.ddr_byte_lane_C/ddr_byte_group_io/output_[1].oserdes_dq_.ddr.oserdes_dq_i/CLK



---------------------------------------------------------------------------------------------------
From Clock:  oserdes_clkdiv_2
  To Clock:  oserdes_clkdiv_2

Setup :            0  Failing Endpoints,  Worst Slack        3.570ns,  Total Violation        0.000ns
Hold  :            0  Failing Endpoints,  Worst Slack        0.092ns,  Total Violation        0.000ns
PW    :            0  Failing Endpoints,  Worst Slack        0.000ns,  Total Violation        0.000ns
---------------------------------------------------------------------------------------------------


Max Delay Paths
--------------------------------------------------------------------------------------
Slack (MET) :             3.570ns  (required time - arrival time)
  Source:                 ddr3/u_ddr3_mig/u_memc_ui_top_axi/mem_intfc0/ddr_phy_top0/u_ddr_mc_phy_wrapper/u_ddr_mc_phy/ddr_phy_4lanes_0.u_ddr_phy_4lanes/ddr_byte_lane_C.ddr_byte_lane_C/out_fifo/RDCLK
                            (rising edge-triggered cell OUT_FIFO clocked by oserdes_clkdiv_2  {rise@0.000ns fall@2.500ns period=5.000ns})
  Destination:            ddr3/u_ddr3_mig/u_memc_ui_top_axi/mem_intfc0/ddr_phy_top0/u_ddr_mc_phy_wrapper/u_ddr_mc_phy/ddr_phy_4lanes_0.u_ddr_phy_4lanes/ddr_byte_lane_C.ddr_byte_lane_C/ddr_byte_group_io/output_[6].oserdes_dq_.ddr.oserdes_dq_i/D1
                            (rising edge-triggered cell OSERDESE2 clocked by oserdes_clkdiv_2  {rise@0.000ns fall@2.500ns period=5.000ns})
  Path Group:             oserdes_clkdiv_2
  Path Type:              Setup (Max at Slow Process Corner)
  Requirement:            5.000ns  (oserdes_clkdiv_2 rise@5.000ns - oserdes_clkdiv_2 rise@0.000ns)
  Data Path Delay:        1.142ns  (logic 0.674ns (59.004%)  route 0.468ns (40.996%))
  Logic Levels:           0  
  Clock Path Skew:        0.403ns (DCD - SCD + CPR)
    Destination Clock Delay (DCD):    1.635ns = ( 6.635 - 5.000 ) 
    Source Clock Delay      (SCD):    1.930ns
    Clock Pessimism Removal (CPR):    0.697ns
  Clock Uncertainty:      0.066ns  ((TSJ^2 + DJ^2)^1/2) / 2 + PE
    Total System Jitter     (TSJ):    0.071ns
    Discrete Jitter          (DJ):    0.112ns
    Phase Error              (PE):    0.000ns

    Location             Delay type                Incr(ns)  Path(ns)    Netlist Resource(s)
  -------------------------------------------------------------------    -------------------
                         (clock oserdes_clkdiv_2 rise edge)
                                                      0.000     0.000 r  
    R4                                                0.000     0.000 r  clk (IN)
                         net (fo=0)                   0.000     0.000    mmcm/inst/clk_in1
    R4                   IBUF (Prop_ibuf_I_O)         1.475     1.475 r  mmcm/inst/clkin1_ibufg/O
                         net (fo=1, routed)           1.233     2.708    mmcm/inst/clk_in1_mmcm
    MMCME2_ADV_X1Y2      MMCME2_ADV (Prop_mmcme2_adv_CLKIN1_CLKOUT0)
                                                     -7.432    -4.724 r  mmcm/inst/mmcm_adv_inst/CLKOUT0
                         net (fo=1, routed)           1.808    -2.915    mmcm/inst/clk_out1_mmcm
    BUFGCTRL_X0Y2        BUFG (Prop_bufg_I_O)         0.096    -2.819 r  mmcm/inst/clkout1_buf/O
                         net (fo=2, routed)           1.754    -1.065    ddr3/u_ddr3_mig/u_ddr3_infrastructure/mmcm_clk
    PLLE2_ADV_X1Y3       PLLE2_ADV (Prop_plle2_adv_CLKIN1_CLKOUT1)
                                                      0.088    -0.977 r  ddr3/u_ddr3_mig/u_ddr3_infrastructure/plle2_i/CLKOUT1
                         net (fo=7, routed)           0.614    -0.363    ddr3/u_ddr3_mig/u_memc_ui_top_axi/mem_intfc0/ddr_phy_top0/u_ddr_mc_phy_wrapper/u_ddr_mc_phy/ddr_phy_4lanes_0.u_ddr_phy_4lanes/ddr_byte_lane_C.ddr_byte_lane_C/mem_refclk
    PHASER_OUT_PHY_X1Y14 PHASER_OUT_PHY (Prop_phaser_out_phy_MEMREFCLK_OCLK)
                                                      2.136     1.773 r  ddr3/u_ddr3_mig/u_memc_ui_top_axi/mem_intfc0/ddr_phy_top0/u_ddr_mc_phy_wrapper/u_ddr_mc_phy/ddr_phy_4lanes_0.u_ddr_phy_4lanes/ddr_byte_lane_C.ddr_byte_lane_C/phaser_out/OCLK
    PHASER_OUT_PHY_X1Y14 PHASER_OUT_PHY (Prop_phaser_out_phy_OCLK_OCLKDIV)
                                                      0.157     1.930 r  ddr3/u_ddr3_mig/u_memc_ui_top_axi/mem_intfc0/ddr_phy_top0/u_ddr_mc_phy_wrapper/u_ddr_mc_phy/ddr_phy_4lanes_0.u_ddr_phy_4lanes/ddr_byte_lane_C.ddr_byte_lane_C/phaser_out/OCLKDIV
                         net (fo=11, routed)          0.000     1.930    ddr3/u_ddr3_mig/u_memc_ui_top_axi/mem_intfc0/ddr_phy_top0/u_ddr_mc_phy_wrapper/u_ddr_mc_phy/ddr_phy_4lanes_0.u_ddr_phy_4lanes/ddr_byte_lane_C.ddr_byte_lane_C/oserdes_clkdiv
    OUT_FIFO_X1Y14       OUT_FIFO                                     r  ddr3/u_ddr3_mig/u_memc_ui_top_axi/mem_intfc0/ddr_phy_top0/u_ddr_mc_phy_wrapper/u_ddr_mc_phy/ddr_phy_4lanes_0.u_ddr_phy_4lanes/ddr_byte_lane_C.ddr_byte_lane_C/out_fifo/RDCLK
  -------------------------------------------------------------------    -------------------
    OUT_FIFO_X1Y14       OUT_FIFO (Prop_out_fifo_RDCLK_Q6[0])
                                                      0.674     2.604 r  ddr3/u_ddr3_mig/u_memc_ui_top_axi/mem_intfc0/ddr_phy_top0/u_ddr_mc_phy_wrapper/u_ddr_mc_phy/ddr_phy_4lanes_0.u_ddr_phy_4lanes/ddr_byte_lane_C.ddr_byte_lane_C/out_fifo/Q6[0]
                         net (fo=1, routed)           0.468     3.072    ddr3/u_ddr3_mig/u_memc_ui_top_axi/mem_intfc0/ddr_phy_top0/u_ddr_mc_phy_wrapper/u_ddr_mc_phy/ddr_phy_4lanes_0.u_ddr_phy_4lanes/ddr_byte_lane_C.ddr_byte_lane_C/ddr_byte_group_io/of_dqbus[20]
    OLOGIC_X1Y183        OSERDESE2                                    r  ddr3/u_ddr3_mig/u_memc_ui_top_axi/mem_intfc0/ddr_phy_top0/u_ddr_mc_phy_wrapper/u_ddr_mc_phy/ddr_phy_4lanes_0.u_ddr_phy_4lanes/ddr_byte_lane_C.ddr_byte_lane_C/ddr_byte_group_io/output_[6].oserdes_dq_.ddr.oserdes_dq_i/D1
  -------------------------------------------------------------------    -------------------

                         (clock oserdes_clkdiv_2 rise edge)
                                                      5.000     5.000 r  
    R4                                                0.000     5.000 r  clk (IN)
                         net (fo=0)                   0.000     5.000    mmcm/inst/clk_in1
    R4                   IBUF (Prop_ibuf_I_O)         1.405     6.405 r  mmcm/inst/clkin1_ibufg/O
                         net (fo=1, routed)           1.162     7.567    mmcm/inst/clk_in1_mmcm
    MMCME2_ADV_X1Y2      MMCME2_ADV (Prop_mmcme2_adv_CLKIN1_CLKOUT0)
                                                     -7.674    -0.107 r  mmcm/inst/mmcm_adv_inst/CLKOUT0
                         net (fo=1, routed)           1.723     1.616    mmcm/inst/clk_out1_mmcm
    BUFGCTRL_X0Y2        BUFG (Prop_bufg_I_O)         0.091     1.707 r  mmcm/inst/clkout1_buf/O
                         net (fo=2, routed)           1.636     3.343    ddr3/u_ddr3_mig/u_ddr3_infrastructure/mmcm_clk
    PLLE2_ADV_X1Y3       PLLE2_ADV (Prop_plle2_adv_CLKIN1_CLKOUT1)
                                                      0.083     3.426 r  ddr3/u_ddr3_mig/u_ddr3_infrastructure/plle2_i/CLKOUT1
                         net (fo=7, routed)           0.582     4.008    ddr3/u_ddr3_mig/u_memc_ui_top_axi/mem_intfc0/ddr_phy_top0/u_ddr_mc_phy_wrapper/u_ddr_mc_phy/ddr_phy_4lanes_0.u_ddr_phy_4lanes/ddr_byte_lane_C.ddr_byte_lane_C/mem_refclk
    PHASER_OUT_PHY_X1Y14 PHASER_OUT_PHY (Prop_phaser_out_phy_MEMREFCLK_OCLK)
                                                      2.077     6.084 r  ddr3/u_ddr3_mig/u_memc_ui_top_axi/mem_intfc0/ddr_phy_top0/u_ddr_mc_phy_wrapper/u_ddr_mc_phy/ddr_phy_4lanes_0.u_ddr_phy_4lanes/ddr_byte_lane_C.ddr_byte_lane_C/phaser_out/OCLK
    PHASER_OUT_PHY_X1Y14 PHASER_OUT_PHY (Prop_phaser_out_phy_OCLK_OCLKDIV)
                                                      0.148     6.232 r  ddr3/u_ddr3_mig/u_memc_ui_top_axi/mem_intfc0/ddr_phy_top0/u_ddr_mc_phy_wrapper/u_ddr_mc_phy/ddr_phy_4lanes_0.u_ddr_phy_4lanes/ddr_byte_lane_C.ddr_byte_lane_C/phaser_out/OCLKDIV
                         net (fo=11, routed)          0.403     6.635    ddr3/u_ddr3_mig/u_memc_ui_top_axi/mem_intfc0/ddr_phy_top0/u_ddr_mc_phy_wrapper/u_ddr_mc_phy/ddr_phy_4lanes_0.u_ddr_phy_4lanes/ddr_byte_lane_C.ddr_byte_lane_C/ddr_byte_group_io/oserdes_clkdiv
    OLOGIC_X1Y183        OSERDESE2                                    r  ddr3/u_ddr3_mig/u_memc_ui_top_axi/mem_intfc0/ddr_phy_top0/u_ddr_mc_phy_wrapper/u_ddr_mc_phy/ddr_phy_4lanes_0.u_ddr_phy_4lanes/ddr_byte_lane_C.ddr_byte_lane_C/ddr_byte_group_io/output_[6].oserdes_dq_.ddr.oserdes_dq_i/CLKDIV
                         clock pessimism              0.697     7.333    
                         clock uncertainty           -0.066     7.267    
    OLOGIC_X1Y183        OSERDESE2 (Setup_oserdese2_CLKDIV_D1)
                                                     -0.625     6.642    ddr3/u_ddr3_mig/u_memc_ui_top_axi/mem_intfc0/ddr_phy_top0/u_ddr_mc_phy_wrapper/u_ddr_mc_phy/ddr_phy_4lanes_0.u_ddr_phy_4lanes/ddr_byte_lane_C.ddr_byte_lane_C/ddr_byte_group_io/output_[6].oserdes_dq_.ddr.oserdes_dq_i
  -------------------------------------------------------------------
                         required time                          6.642    
                         arrival time                          -3.072    
  -------------------------------------------------------------------
                         slack                                  3.570    





Min Delay Paths
--------------------------------------------------------------------------------------
Slack (MET) :             0.092ns  (arrival time - required time)
  Source:                 ddr3/u_ddr3_mig/u_memc_ui_top_axi/mem_intfc0/ddr_phy_top0/u_ddr_mc_phy_wrapper/u_ddr_mc_phy/ddr_phy_4lanes_0.u_ddr_phy_4lanes/ddr_byte_lane_C.ddr_byte_lane_C/out_fifo/RDCLK
                            (rising edge-triggered cell OUT_FIFO clocked by oserdes_clkdiv_2  {rise@0.000ns fall@2.500ns period=5.000ns})
  Destination:            ddr3/u_ddr3_mig/u_memc_ui_top_axi/mem_intfc0/ddr_phy_top0/u_ddr_mc_phy_wrapper/u_ddr_mc_phy/ddr_phy_4lanes_0.u_ddr_phy_4lanes/ddr_byte_lane_C.ddr_byte_lane_C/ddr_byte_group_io/output_[2].oserdes_dq_.ddr.oserdes_dq_i/D2
                            (rising edge-triggered cell OSERDESE2 clocked by oserdes_clkdiv_2  {rise@0.000ns fall@2.500ns period=5.000ns})
  Path Group:             oserdes_clkdiv_2
  Path Type:              Hold (Min at Fast Process Corner)
  Requirement:            0.000ns  (oserdes_clkdiv_2 rise@0.000ns - oserdes_clkdiv_2 rise@0.000ns)
  Data Path Delay:        0.288ns  (logic 0.138ns (47.866%)  route 0.150ns (52.134%))
  Logic Levels:           0  
  Clock Path Skew:        0.177ns (DCD - SCD - CPR)
    Destination Clock Delay (DCD):    1.455ns
    Source Clock Delay      (SCD):    1.450ns
    Clock Pessimism Removal (CPR):    -0.172ns

    Location             Delay type                Incr(ns)  Path(ns)    Netlist Resource(s)
  -------------------------------------------------------------------    -------------------
                         (clock oserdes_clkdiv_2 rise edge)
                                                      0.000     0.000 r  
    R4                                                0.000     0.000 r  clk (IN)
                         net (fo=0)                   0.000     0.000    mmcm/inst/clk_in1
    R4                   IBUF (Prop_ibuf_I_O)         0.243     0.243 r  mmcm/inst/clkin1_ibufg/O
                         net (fo=1, routed)           0.440     0.683    mmcm/inst/clk_in1_mmcm
    MMCME2_ADV_X1Y2      MMCME2_ADV (Prop_mmcme2_adv_CLKIN1_CLKOUT0)
                                                     -2.540    -1.856 r  mmcm/inst/mmcm_adv_inst/CLKOUT0
                         net (fo=1, routed)           0.531    -1.325    mmcm/inst/clk_out1_mmcm
    BUFGCTRL_X0Y2        BUFG (Prop_bufg_I_O)         0.026    -1.299 r  mmcm/inst/clkout1_buf/O
                         net (fo=2, routed)           0.606    -0.694    ddr3/u_ddr3_mig/u_ddr3_infrastructure/mmcm_clk
    PLLE2_ADV_X1Y3       PLLE2_ADV (Prop_plle2_adv_CLKIN1_CLKOUT1)
                                                      0.050    -0.644 r  ddr3/u_ddr3_mig/u_ddr3_infrastructure/plle2_i/CLKOUT1
                         net (fo=7, routed)           0.197    -0.447    ddr3/u_ddr3_mig/u_memc_ui_top_axi/mem_intfc0/ddr_phy_top0/u_ddr_mc_phy_wrapper/u_ddr_mc_phy/ddr_phy_4lanes_0.u_ddr_phy_4lanes/ddr_byte_lane_C.ddr_byte_lane_C/mem_refclk
    PHASER_OUT_PHY_X1Y14 PHASER_OUT_PHY (Prop_phaser_out_phy_MEMREFCLK_OCLK)
                                                      1.813     1.367 r  ddr3/u_ddr3_mig/u_memc_ui_top_axi/mem_intfc0/ddr_phy_top0/u_ddr_mc_phy_wrapper/u_ddr_mc_phy/ddr_phy_4lanes_0.u_ddr_phy_4lanes/ddr_byte_lane_C.ddr_byte_lane_C/phaser_out/OCLK
    PHASER_OUT_PHY_X1Y14 PHASER_OUT_PHY (Prop_phaser_out_phy_OCLK_OCLKDIV)
                                                      0.083     1.450 r  ddr3/u_ddr3_mig/u_memc_ui_top_axi/mem_intfc0/ddr_phy_top0/u_ddr_mc_phy_wrapper/u_ddr_mc_phy/ddr_phy_4lanes_0.u_ddr_phy_4lanes/ddr_byte_lane_C.ddr_byte_lane_C/phaser_out/OCLKDIV
                         net (fo=11, routed)          0.000     1.450    ddr3/u_ddr3_mig/u_memc_ui_top_axi/mem_intfc0/ddr_phy_top0/u_ddr_mc_phy_wrapper/u_ddr_mc_phy/ddr_phy_4lanes_0.u_ddr_phy_4lanes/ddr_byte_lane_C.ddr_byte_lane_C/oserdes_clkdiv
    OUT_FIFO_X1Y14       OUT_FIFO                                     r  ddr3/u_ddr3_mig/u_memc_ui_top_axi/mem_intfc0/ddr_phy_top0/u_ddr_mc_phy_wrapper/u_ddr_mc_phy/ddr_phy_4lanes_0.u_ddr_phy_4lanes/ddr_byte_lane_C.ddr_byte_lane_C/out_fifo/RDCLK
  -------------------------------------------------------------------    -------------------
    OUT_FIFO_X1Y14       OUT_FIFO (Prop_out_fifo_RDCLK_Q2[1])
                                                      0.138     1.588 r  ddr3/u_ddr3_mig/u_memc_ui_top_axi/mem_intfc0/ddr_phy_top0/u_ddr_mc_phy_wrapper/u_ddr_mc_phy/ddr_phy_4lanes_0.u_ddr_phy_4lanes/ddr_byte_lane_C.ddr_byte_lane_C/out_fifo/Q2[1]
                         net (fo=1, routed)           0.150     1.738    ddr3/u_ddr3_mig/u_memc_ui_top_axi/mem_intfc0/ddr_phy_top0/u_ddr_mc_phy_wrapper/u_ddr_mc_phy/ddr_phy_4lanes_0.u_ddr_phy_4lanes/ddr_byte_lane_C.ddr_byte_lane_C/ddr_byte_group_io/of_dqbus[5]
    OLOGIC_X1Y177        OSERDESE2                                    r  ddr3/u_ddr3_mig/u_memc_ui_top_axi/mem_intfc0/ddr_phy_top0/u_ddr_mc_phy_wrapper/u_ddr_mc_phy/ddr_phy_4lanes_0.u_ddr_phy_4lanes/ddr_byte_lane_C.ddr_byte_lane_C/ddr_byte_group_io/output_[2].oserdes_dq_.ddr.oserdes_dq_i/D2
  -------------------------------------------------------------------    -------------------

                         (clock oserdes_clkdiv_2 rise edge)
                                                      0.000     0.000 r  
    R4                                                0.000     0.000 r  clk (IN)
                         net (fo=0)                   0.000     0.000    mmcm/inst/clk_in1
    R4                   IBUF (Prop_ibuf_I_O)         0.431     0.431 r  mmcm/inst/clkin1_ibufg/O
                         net (fo=1, routed)           0.480     0.911    mmcm/inst/clk_in1_mmcm
    MMCME2_ADV_X1Y2      MMCME2_ADV (Prop_mmcme2_adv_CLKIN1_CLKOUT0)
                                                     -3.332    -2.421 r  mmcm/inst/mmcm_adv_inst/CLKOUT0
                         net (fo=1, routed)           0.579    -1.843    mmcm/inst/clk_out1_mmcm
    BUFGCTRL_X0Y2        BUFG (Prop_bufg_I_O)         0.029    -1.814 r  mmcm/inst/clkout1_buf/O
                         net (fo=2, routed)           0.875    -0.939    ddr3/u_ddr3_mig/u_ddr3_infrastructure/mmcm_clk
    PLLE2_ADV_X1Y3       PLLE2_ADV (Prop_plle2_adv_CLKIN1_CLKOUT1)
                                                      0.053    -0.886 r  ddr3/u_ddr3_mig/u_ddr3_infrastructure/plle2_i/CLKOUT1
                         net (fo=7, routed)           0.218    -0.668    ddr3/u_ddr3_mig/u_memc_ui_top_axi/mem_intfc0/ddr_phy_top0/u_ddr_mc_phy_wrapper/u_ddr_mc_phy/ddr_phy_4lanes_0.u_ddr_phy_4lanes/ddr_byte_lane_C.ddr_byte_lane_C/mem_refclk
    PHASER_OUT_PHY_X1Y14 PHASER_OUT_PHY (Prop_phaser_out_phy_MEMREFCLK_OCLK)
                                                      1.858     1.190 r  ddr3/u_ddr3_mig/u_memc_ui_top_axi/mem_intfc0/ddr_phy_top0/u_ddr_mc_phy_wrapper/u_ddr_mc_phy/ddr_phy_4lanes_0.u_ddr_phy_4lanes/ddr_byte_lane_C.ddr_byte_lane_C/phaser_out/OCLK
    PHASER_OUT_PHY_X1Y14 PHASER_OUT_PHY (Prop_phaser_out_phy_OCLK_OCLKDIV)
                                                      0.088     1.278 r  ddr3/u_ddr3_mig/u_memc_ui_top_axi/mem_intfc0/ddr_phy_top0/u_ddr_mc_phy_wrapper/u_ddr_mc_phy/ddr_phy_4lanes_0.u_ddr_phy_4lanes/ddr_byte_lane_C.ddr_byte_lane_C/phaser_out/OCLKDIV
                         net (fo=11, routed)          0.177     1.455    ddr3/u_ddr3_mig/u_memc_ui_top_axi/mem_intfc0/ddr_phy_top0/u_ddr_mc_phy_wrapper/u_ddr_mc_phy/ddr_phy_4lanes_0.u_ddr_phy_4lanes/ddr_byte_lane_C.ddr_byte_lane_C/ddr_byte_group_io/oserdes_clkdiv
    OLOGIC_X1Y177        OSERDESE2                                    r  ddr3/u_ddr3_mig/u_memc_ui_top_axi/mem_intfc0/ddr_phy_top0/u_ddr_mc_phy_wrapper/u_ddr_mc_phy/ddr_phy_4lanes_0.u_ddr_phy_4lanes/ddr_byte_lane_C.ddr_byte_lane_C/ddr_byte_group_io/output_[2].oserdes_dq_.ddr.oserdes_dq_i/CLKDIV
                         clock pessimism              0.172     1.627    
    OLOGIC_X1Y177        OSERDESE2 (Hold_oserdese2_CLKDIV_D2)
                                                      0.019     1.646    ddr3/u_ddr3_mig/u_memc_ui_top_axi/mem_intfc0/ddr_phy_top0/u_ddr_mc_phy_wrapper/u_ddr_mc_phy/ddr_phy_4lanes_0.u_ddr_phy_4lanes/ddr_byte_lane_C.ddr_byte_lane_C/ddr_byte_group_io/output_[2].oserdes_dq_.ddr.oserdes_dq_i
  -------------------------------------------------------------------
                         required time                         -1.646    
                         arrival time                           1.738    
  -------------------------------------------------------------------
                         slack                                  0.092    





Pulse Width Checks
--------------------------------------------------------------------------------------
Clock Name:         oserdes_clkdiv_2
Waveform(ns):       { 0.000 2.500 }
Period(ns):         5.000
Sources:            { ddr3/u_ddr3_mig/u_memc_ui_top_axi/mem_intfc0/ddr_phy_top0/u_ddr_mc_phy_wrapper/u_ddr_mc_phy/ddr_phy_4lanes_0.u_ddr_phy_4lanes/ddr_byte_lane_C.ddr_byte_lane_C/phaser_out/OCLKDIV }

Check Type        Corner  Lib Pin         Reference Pin  Required(ns)  Actual(ns)  Slack(ns)  Location        Pin
Min Period        n/a     OUT_FIFO/RDCLK  n/a            5.000         5.000       0.000      OUT_FIFO_X1Y14  ddr3/u_ddr3_mig/u_memc_ui_top_axi/mem_intfc0/ddr_phy_top0/u_ddr_mc_phy_wrapper/u_ddr_mc_phy/ddr_phy_4lanes_0.u_ddr_phy_4lanes/ddr_byte_lane_C.ddr_byte_lane_C/out_fifo/RDCLK
Low Pulse Width   Slow    OUT_FIFO/RDCLK  n/a            2.150         2.500       0.350      OUT_FIFO_X1Y14  ddr3/u_ddr3_mig/u_memc_ui_top_axi/mem_intfc0/ddr_phy_top0/u_ddr_mc_phy_wrapper/u_ddr_mc_phy/ddr_phy_4lanes_0.u_ddr_phy_4lanes/ddr_byte_lane_C.ddr_byte_lane_C/out_fifo/RDCLK
High Pulse Width  Slow    OUT_FIFO/RDCLK  n/a            2.150         2.500       0.350      OUT_FIFO_X1Y14  ddr3/u_ddr3_mig/u_memc_ui_top_axi/mem_intfc0/ddr_phy_top0/u_ddr_mc_phy_wrapper/u_ddr_mc_phy/ddr_phy_4lanes_0.u_ddr_phy_4lanes/ddr_byte_lane_C.ddr_byte_lane_C/out_fifo/RDCLK



---------------------------------------------------------------------------------------------------
From Clock:  oserdes_clk_3
  To Clock:  oserdes_clk_3

Setup :            0  Failing Endpoints,  Worst Slack        0.928ns,  Total Violation        0.000ns
Hold  :            0  Failing Endpoints,  Worst Slack        0.408ns,  Total Violation        0.000ns
PW    :            0  Failing Endpoints,  Worst Slack        0.833ns,  Total Violation        0.000ns
---------------------------------------------------------------------------------------------------


Max Delay Paths
--------------------------------------------------------------------------------------
Slack (MET) :             0.928ns  (required time - arrival time)
  Source:                 ddr3/u_ddr3_mig/u_memc_ui_top_axi/mem_intfc0/ddr_phy_top0/u_ddr_mc_phy_wrapper/u_ddr_mc_phy/ddr_phy_4lanes_0.u_ddr_phy_4lanes/ddr_byte_lane_D.ddr_byte_lane_D/phaser_out/OCLKDELAYED
                            (rising edge-triggered cell PHASER_OUT_PHY clocked by oserdes_clk_3  {rise@0.000ns fall@1.250ns period=2.500ns})
  Destination:            ddr3/u_ddr3_mig/u_memc_ui_top_axi/mem_intfc0/ddr_phy_top0/u_ddr_mc_phy_wrapper/u_ddr_mc_phy/ddr_phy_4lanes_0.u_ddr_phy_4lanes/ddr_byte_lane_D.ddr_byte_lane_D/ddr_byte_group_io/dqs_gen.oddr_dqsts/D1
                            (rising edge-triggered cell ODDR clocked by oserdes_clk_3  {rise@0.000ns fall@1.250ns period=2.500ns})
  Path Group:             oserdes_clk_3
  Path Type:              Setup (Max at Slow Process Corner)
  Requirement:            2.500ns  (oserdes_clk_3 rise@2.500ns - oserdes_clk_3 rise@0.000ns)
  Data Path Delay:        1.037ns  (logic 0.562ns (54.177%)  route 0.475ns (45.823%))
  Logic Levels:           0  
  Clock Path Skew:        0.416ns (DCD - SCD + CPR)
    Destination Clock Delay (DCD):    2.131ns = ( 4.631 - 2.500 ) 
    Source Clock Delay      (SCD):    2.441ns
    Clock Pessimism Removal (CPR):    0.726ns
  Clock Uncertainty:      0.066ns  ((TSJ^2 + DJ^2)^1/2) / 2 + PE
    Total System Jitter     (TSJ):    0.071ns
    Discrete Jitter          (DJ):    0.112ns
    Phase Error              (PE):    0.000ns

    Location             Delay type                Incr(ns)  Path(ns)    Netlist Resource(s)
  -------------------------------------------------------------------    -------------------
                         (clock oserdes_clk_3 rise edge)
                                                      0.000     0.000 r  
    R4                                                0.000     0.000 r  clk (IN)
                         net (fo=0)                   0.000     0.000    mmcm/inst/clk_in1
    R4                   IBUF (Prop_ibuf_I_O)         1.475     1.475 r  mmcm/inst/clkin1_ibufg/O
                         net (fo=1, routed)           1.233     2.708    mmcm/inst/clk_in1_mmcm
    MMCME2_ADV_X1Y2      MMCME2_ADV (Prop_mmcme2_adv_CLKIN1_CLKOUT0)
                                                     -7.432    -4.724 r  mmcm/inst/mmcm_adv_inst/CLKOUT0
                         net (fo=1, routed)           1.808    -2.915    mmcm/inst/clk_out1_mmcm
    BUFGCTRL_X0Y2        BUFG (Prop_bufg_I_O)         0.096    -2.819 r  mmcm/inst/clkout1_buf/O
                         net (fo=2, routed)           1.754    -1.065    ddr3/u_ddr3_mig/u_ddr3_infrastructure/mmcm_clk
    PLLE2_ADV_X1Y3       PLLE2_ADV (Prop_plle2_adv_CLKIN1_CLKOUT1)
                                                      0.088    -0.977 r  ddr3/u_ddr3_mig/u_ddr3_infrastructure/plle2_i/CLKOUT1
                         net (fo=7, routed)           0.603    -0.374    ddr3/u_ddr3_mig/u_memc_ui_top_axi/mem_intfc0/ddr_phy_top0/u_ddr_mc_phy_wrapper/u_ddr_mc_phy/ddr_phy_4lanes_0.u_ddr_phy_4lanes/ddr_byte_lane_D.ddr_byte_lane_D/mem_refclk
    PHASER_OUT_PHY_X1Y15 PHASER_OUT_PHY (Prop_phaser_out_phy_MEMREFCLK_OCLK)
                                                      2.136     1.762 r  ddr3/u_ddr3_mig/u_memc_ui_top_axi/mem_intfc0/ddr_phy_top0/u_ddr_mc_phy_wrapper/u_ddr_mc_phy/ddr_phy_4lanes_0.u_ddr_phy_4lanes/ddr_byte_lane_D.ddr_byte_lane_D/phaser_out/OCLK
    PHASER_OUT_PHY_X1Y15 PHASER_OUT_PHY (Prop_phaser_out_phy_OCLK_OCLKDELAYED)
                                                      0.679     2.441 r  ddr3/u_ddr3_mig/u_memc_ui_top_axi/mem_intfc0/ddr_phy_top0/u_ddr_mc_phy_wrapper/u_ddr_mc_phy/ddr_phy_4lanes_0.u_ddr_phy_4lanes/ddr_byte_lane_D.ddr_byte_lane_D/phaser_out/OCLKDELAYED
  -------------------------------------------------------------------    -------------------
    PHASER_OUT_PHY_X1Y15 PHASER_OUT_PHY (Prop_phaser_out_phy_OCLKDELAYED_CTSBUS[0])
                                                      0.562     3.003 r  ddr3/u_ddr3_mig/u_memc_ui_top_axi/mem_intfc0/ddr_phy_top0/u_ddr_mc_phy_wrapper/u_ddr_mc_phy/ddr_phy_4lanes_0.u_ddr_phy_4lanes/ddr_byte_lane_D.ddr_byte_lane_D/phaser_out/CTSBUS[0]
                         net (fo=2, routed)           0.475     3.479    ddr3/u_ddr3_mig/u_memc_ui_top_axi/mem_intfc0/ddr_phy_top0/u_ddr_mc_phy_wrapper/u_ddr_mc_phy/ddr_phy_4lanes_0.u_ddr_phy_4lanes/ddr_byte_lane_D.ddr_byte_lane_D/ddr_byte_group_io/CTSBUS[0]
    OLOGIC_X1Y194        ODDR                                         r  ddr3/u_ddr3_mig/u_memc_ui_top_axi/mem_intfc0/ddr_phy_top0/u_ddr_mc_phy_wrapper/u_ddr_mc_phy/ddr_phy_4lanes_0.u_ddr_phy_4lanes/ddr_byte_lane_D.ddr_byte_lane_D/ddr_byte_group_io/dqs_gen.oddr_dqsts/D1
  -------------------------------------------------------------------    -------------------

                         (clock oserdes_clk_3 rise edge)
                                                      2.500     2.500 r  
    R4                                                0.000     2.500 r  clk (IN)
                         net (fo=0)                   0.000     2.500    mmcm/inst/clk_in1
    R4                   IBUF (Prop_ibuf_I_O)         1.405     3.905 r  mmcm/inst/clkin1_ibufg/O
                         net (fo=1, routed)           1.162     5.067    mmcm/inst/clk_in1_mmcm
    MMCME2_ADV_X1Y2      MMCME2_ADV (Prop_mmcme2_adv_CLKIN1_CLKOUT0)
                                                     -7.674    -2.607 r  mmcm/inst/mmcm_adv_inst/CLKOUT0
                         net (fo=1, routed)           1.723    -0.884    mmcm/inst/clk_out1_mmcm
    BUFGCTRL_X0Y2        BUFG (Prop_bufg_I_O)         0.091    -0.793 r  mmcm/inst/clkout1_buf/O
                         net (fo=2, routed)           1.636     0.843    ddr3/u_ddr3_mig/u_ddr3_infrastructure/mmcm_clk
    PLLE2_ADV_X1Y3       PLLE2_ADV (Prop_plle2_adv_CLKIN1_CLKOUT1)
                                                      0.083     0.926 r  ddr3/u_ddr3_mig/u_ddr3_infrastructure/plle2_i/CLKOUT1
                         net (fo=7, routed)           0.572     1.498    ddr3/u_ddr3_mig/u_memc_ui_top_axi/mem_intfc0/ddr_phy_top0/u_ddr_mc_phy_wrapper/u_ddr_mc_phy/ddr_phy_4lanes_0.u_ddr_phy_4lanes/ddr_byte_lane_D.ddr_byte_lane_D/mem_refclk
    PHASER_OUT_PHY_X1Y15 PHASER_OUT_PHY (Prop_phaser_out_phy_MEMREFCLK_OCLK)
                                                      2.077     3.574 r  ddr3/u_ddr3_mig/u_memc_ui_top_axi/mem_intfc0/ddr_phy_top0/u_ddr_mc_phy_wrapper/u_ddr_mc_phy/ddr_phy_4lanes_0.u_ddr_phy_4lanes/ddr_byte_lane_D.ddr_byte_lane_D/phaser_out/OCLK
    PHASER_OUT_PHY_X1Y15 PHASER_OUT_PHY (Prop_phaser_out_phy_OCLK_OCLKDELAYED)
                                                      0.641     4.215 r  ddr3/u_ddr3_mig/u_memc_ui_top_axi/mem_intfc0/ddr_phy_top0/u_ddr_mc_phy_wrapper/u_ddr_mc_phy/ddr_phy_4lanes_0.u_ddr_phy_4lanes/ddr_byte_lane_D.ddr_byte_lane_D/phaser_out/OCLKDELAYED
                         net (fo=2, routed)           0.416     4.631    ddr3/u_ddr3_mig/u_memc_ui_top_axi/mem_intfc0/ddr_phy_top0/u_ddr_mc_phy_wrapper/u_ddr_mc_phy/ddr_phy_4lanes_0.u_ddr_phy_4lanes/ddr_byte_lane_D.ddr_byte_lane_D/ddr_byte_group_io/oserdes_clk_delayed
    OLOGIC_X1Y194        ODDR                                         r  ddr3/u_ddr3_mig/u_memc_ui_top_axi/mem_intfc0/ddr_phy_top0/u_ddr_mc_phy_wrapper/u_ddr_mc_phy/ddr_phy_4lanes_0.u_ddr_phy_4lanes/ddr_byte_lane_D.ddr_byte_lane_D/ddr_byte_group_io/dqs_gen.oddr_dqsts/C
                         clock pessimism              0.726     5.357    
                         clock uncertainty           -0.066     5.291    
    OLOGIC_X1Y194        ODDR (Setup_oddr_C_D1)      -0.885     4.406    ddr3/u_ddr3_mig/u_memc_ui_top_axi/mem_intfc0/ddr_phy_top0/u_ddr_mc_phy_wrapper/u_ddr_mc_phy/ddr_phy_4lanes_0.u_ddr_phy_4lanes/ddr_byte_lane_D.ddr_byte_lane_D/ddr_byte_group_io/dqs_gen.oddr_dqsts
  -------------------------------------------------------------------
                         required time                          4.406    
                         arrival time                          -3.479    
  -------------------------------------------------------------------
                         slack                                  0.928    





Min Delay Paths
--------------------------------------------------------------------------------------
Slack (MET) :             0.408ns  (arrival time - required time)
  Source:                 ddr3/u_ddr3_mig/u_memc_ui_top_axi/mem_intfc0/ddr_phy_top0/u_ddr_mc_phy_wrapper/u_ddr_mc_phy/ddr_phy_4lanes_0.u_ddr_phy_4lanes/ddr_byte_lane_D.ddr_byte_lane_D/phaser_out/OCLKDELAYED
                            (rising edge-triggered cell PHASER_OUT_PHY clocked by oserdes_clk_3  {rise@0.000ns fall@1.250ns period=2.500ns})
  Destination:            ddr3/u_ddr3_mig/u_memc_ui_top_axi/mem_intfc0/ddr_phy_top0/u_ddr_mc_phy_wrapper/u_ddr_mc_phy/ddr_phy_4lanes_0.u_ddr_phy_4lanes/ddr_byte_lane_D.ddr_byte_lane_D/ddr_byte_group_io/dqs_gen.oddr_dqs/D2
                            (rising edge-triggered cell ODDR clocked by oserdes_clk_3  {rise@0.000ns fall@1.250ns period=2.500ns})
  Path Group:             oserdes_clk_3
  Path Type:              Hold (Min at Fast Process Corner)
  Requirement:            0.000ns  (oserdes_clk_3 rise@0.000ns - oserdes_clk_3 rise@0.000ns)
  Data Path Delay:        0.496ns  (logic 0.346ns (69.715%)  route 0.150ns (30.285%))
  Logic Levels:           0  
  Clock Path Skew:        0.181ns (DCD - SCD - CPR)
    Destination Clock Delay (DCD):    1.935ns
    Source Clock Delay      (SCD):    1.899ns
    Clock Pessimism Removal (CPR):    -0.145ns

    Location             Delay type                Incr(ns)  Path(ns)    Netlist Resource(s)
  -------------------------------------------------------------------    -------------------
                         (clock oserdes_clk_3 rise edge)
                                                      0.000     0.000 r  
    R4                                                0.000     0.000 r  clk (IN)
                         net (fo=0)                   0.000     0.000    mmcm/inst/clk_in1
    R4                   IBUF (Prop_ibuf_I_O)         0.243     0.243 r  mmcm/inst/clkin1_ibufg/O
                         net (fo=1, routed)           0.440     0.683    mmcm/inst/clk_in1_mmcm
    MMCME2_ADV_X1Y2      MMCME2_ADV (Prop_mmcme2_adv_CLKIN1_CLKOUT0)
                                                     -2.540    -1.856 r  mmcm/inst/mmcm_adv_inst/CLKOUT0
                         net (fo=1, routed)           0.531    -1.325    mmcm/inst/clk_out1_mmcm
    BUFGCTRL_X0Y2        BUFG (Prop_bufg_I_O)         0.026    -1.299 r  mmcm/inst/clkout1_buf/O
                         net (fo=2, routed)           0.606    -0.694    ddr3/u_ddr3_mig/u_ddr3_infrastructure/mmcm_clk
    PLLE2_ADV_X1Y3       PLLE2_ADV (Prop_plle2_adv_CLKIN1_CLKOUT1)
                                                      0.050    -0.644 r  ddr3/u_ddr3_mig/u_ddr3_infrastructure/plle2_i/CLKOUT1
                         net (fo=7, routed)           0.190    -0.454    ddr3/u_ddr3_mig/u_memc_ui_top_axi/mem_intfc0/ddr_phy_top0/u_ddr_mc_phy_wrapper/u_ddr_mc_phy/ddr_phy_4lanes_0.u_ddr_phy_4lanes/ddr_byte_lane_D.ddr_byte_lane_D/mem_refclk
    PHASER_OUT_PHY_X1Y15 PHASER_OUT_PHY (Prop_phaser_out_phy_MEMREFCLK_OCLK)
                                                      1.813     1.360 r  ddr3/u_ddr3_mig/u_memc_ui_top_axi/mem_intfc0/ddr_phy_top0/u_ddr_mc_phy_wrapper/u_ddr_mc_phy/ddr_phy_4lanes_0.u_ddr_phy_4lanes/ddr_byte_lane_D.ddr_byte_lane_D/phaser_out/OCLK
    PHASER_OUT_PHY_X1Y15 PHASER_OUT_PHY (Prop_phaser_out_phy_OCLK_OCLKDELAYED)
                                                      0.539     1.899 r  ddr3/u_ddr3_mig/u_memc_ui_top_axi/mem_intfc0/ddr_phy_top0/u_ddr_mc_phy_wrapper/u_ddr_mc_phy/ddr_phy_4lanes_0.u_ddr_phy_4lanes/ddr_byte_lane_D.ddr_byte_lane_D/phaser_out/OCLKDELAYED
  -------------------------------------------------------------------    -------------------
    PHASER_OUT_PHY_X1Y15 PHASER_OUT_PHY (Prop_phaser_out_phy_OCLKDELAYED_DQSBUS[1])
                                                      0.346     2.245 r  ddr3/u_ddr3_mig/u_memc_ui_top_axi/mem_intfc0/ddr_phy_top0/u_ddr_mc_phy_wrapper/u_ddr_mc_phy/ddr_phy_4lanes_0.u_ddr_phy_4lanes/ddr_byte_lane_D.ddr_byte_lane_D/phaser_out/DQSBUS[1]
                         net (fo=1, routed)           0.150     2.395    ddr3/u_ddr3_mig/u_memc_ui_top_axi/mem_intfc0/ddr_phy_top0/u_ddr_mc_phy_wrapper/u_ddr_mc_phy/ddr_phy_4lanes_0.u_ddr_phy_4lanes/ddr_byte_lane_D.ddr_byte_lane_D/ddr_byte_group_io/DQSBUS[1]
    OLOGIC_X1Y194        ODDR                                         r  ddr3/u_ddr3_mig/u_memc_ui_top_axi/mem_intfc0/ddr_phy_top0/u_ddr_mc_phy_wrapper/u_ddr_mc_phy/ddr_phy_4lanes_0.u_ddr_phy_4lanes/ddr_byte_lane_D.ddr_byte_lane_D/ddr_byte_group_io/dqs_gen.oddr_dqs/D2
  -------------------------------------------------------------------    -------------------

                         (clock oserdes_clk_3 rise edge)
                                                      0.000     0.000 r  
    R4                                                0.000     0.000 r  clk (IN)
                         net (fo=0)                   0.000     0.000    mmcm/inst/clk_in1
    R4                   IBUF (Prop_ibuf_I_O)         0.431     0.431 r  mmcm/inst/clkin1_ibufg/O
                         net (fo=1, routed)           0.480     0.911    mmcm/inst/clk_in1_mmcm
    MMCME2_ADV_X1Y2      MMCME2_ADV (Prop_mmcme2_adv_CLKIN1_CLKOUT0)
                                                     -3.332    -2.421 r  mmcm/inst/mmcm_adv_inst/CLKOUT0
                         net (fo=1, routed)           0.579    -1.843    mmcm/inst/clk_out1_mmcm
    BUFGCTRL_X0Y2        BUFG (Prop_bufg_I_O)         0.029    -1.814 r  mmcm/inst/clkout1_buf/O
                         net (fo=2, routed)           0.875    -0.939    ddr3/u_ddr3_mig/u_ddr3_infrastructure/mmcm_clk
    PLLE2_ADV_X1Y3       PLLE2_ADV (Prop_plle2_adv_CLKIN1_CLKOUT1)
                                                      0.053    -0.886 r  ddr3/u_ddr3_mig/u_ddr3_infrastructure/plle2_i/CLKOUT1
                         net (fo=7, routed)           0.209    -0.677    ddr3/u_ddr3_mig/u_memc_ui_top_axi/mem_intfc0/ddr_phy_top0/u_ddr_mc_phy_wrapper/u_ddr_mc_phy/ddr_phy_4lanes_0.u_ddr_phy_4lanes/ddr_byte_lane_D.ddr_byte_lane_D/mem_refclk
    PHASER_OUT_PHY_X1Y15 PHASER_OUT_PHY (Prop_phaser_out_phy_MEMREFCLK_OCLK)
                                                      1.858     1.181 r  ddr3/u_ddr3_mig/u_memc_ui_top_axi/mem_intfc0/ddr_phy_top0/u_ddr_mc_phy_wrapper/u_ddr_mc_phy/ddr_phy_4lanes_0.u_ddr_phy_4lanes/ddr_byte_lane_D.ddr_byte_lane_D/phaser_out/OCLK
    PHASER_OUT_PHY_X1Y15 PHASER_OUT_PHY (Prop_phaser_out_phy_OCLK_OCLKDELAYED)
                                                      0.573     1.754 r  ddr3/u_ddr3_mig/u_memc_ui_top_axi/mem_intfc0/ddr_phy_top0/u_ddr_mc_phy_wrapper/u_ddr_mc_phy/ddr_phy_4lanes_0.u_ddr_phy_4lanes/ddr_byte_lane_D.ddr_byte_lane_D/phaser_out/OCLKDELAYED
                         net (fo=2, routed)           0.181     1.935    ddr3/u_ddr3_mig/u_memc_ui_top_axi/mem_intfc0/ddr_phy_top0/u_ddr_mc_phy_wrapper/u_ddr_mc_phy/ddr_phy_4lanes_0.u_ddr_phy_4lanes/ddr_byte_lane_D.ddr_byte_lane_D/ddr_byte_group_io/oserdes_clk_delayed
    OLOGIC_X1Y194        ODDR                                         r  ddr3/u_ddr3_mig/u_memc_ui_top_axi/mem_intfc0/ddr_phy_top0/u_ddr_mc_phy_wrapper/u_ddr_mc_phy/ddr_phy_4lanes_0.u_ddr_phy_4lanes/ddr_byte_lane_D.ddr_byte_lane_D/ddr_byte_group_io/dqs_gen.oddr_dqs/C
                         clock pessimism              0.145     2.080    
    OLOGIC_X1Y194        ODDR (Hold_oddr_C_D2)       -0.093     1.987    ddr3/u_ddr3_mig/u_memc_ui_top_axi/mem_intfc0/ddr_phy_top0/u_ddr_mc_phy_wrapper/u_ddr_mc_phy/ddr_phy_4lanes_0.u_ddr_phy_4lanes/ddr_byte_lane_D.ddr_byte_lane_D/ddr_byte_group_io/dqs_gen.oddr_dqs
  -------------------------------------------------------------------
                         required time                         -1.987    
                         arrival time                           2.395    
  -------------------------------------------------------------------
                         slack                                  0.408    





Pulse Width Checks
--------------------------------------------------------------------------------------
Clock Name:         oserdes_clk_3
Waveform(ns):       { 0.000 1.250 }
Period(ns):         2.500
Sources:            { ddr3/u_ddr3_mig/u_memc_ui_top_axi/mem_intfc0/ddr_phy_top0/u_ddr_mc_phy_wrapper/u_ddr_mc_phy/ddr_phy_4lanes_0.u_ddr_phy_4lanes/ddr_byte_lane_D.ddr_byte_lane_D/phaser_out/OCLK }

Check Type  Corner  Lib Pin        Reference Pin  Required(ns)  Actual(ns)  Slack(ns)  Location       Pin
Min Period  n/a     OSERDESE2/CLK  n/a            1.667         2.500       0.833      OLOGIC_X1Y187  ddr3/u_ddr3_mig/u_memc_ui_top_axi/mem_intfc0/ddr_phy_top0/u_ddr_mc_phy_wrapper/u_ddr_mc_phy/ddr_phy_4lanes_0.u_ddr_phy_4lanes/ddr_byte_lane_D.ddr_byte_lane_D/ddr_byte_group_io/output_[0].oserdes_dq_.ddr.oserdes_dq_i/CLK



---------------------------------------------------------------------------------------------------
From Clock:  oserdes_clkdiv_3
  To Clock:  oserdes_clkdiv_3

Setup :            0  Failing Endpoints,  Worst Slack        3.586ns,  Total Violation        0.000ns
Hold  :            0  Failing Endpoints,  Worst Slack        0.086ns,  Total Violation        0.000ns
PW    :            0  Failing Endpoints,  Worst Slack        0.000ns,  Total Violation        0.000ns
---------------------------------------------------------------------------------------------------


Max Delay Paths
--------------------------------------------------------------------------------------
Slack (MET) :             3.586ns  (required time - arrival time)
  Source:                 ddr3/u_ddr3_mig/u_memc_ui_top_axi/mem_intfc0/ddr_phy_top0/u_ddr_mc_phy_wrapper/u_ddr_mc_phy/ddr_phy_4lanes_0.u_ddr_phy_4lanes/ddr_byte_lane_D.ddr_byte_lane_D/out_fifo/RDCLK
                            (rising edge-triggered cell OUT_FIFO clocked by oserdes_clkdiv_3  {rise@0.000ns fall@2.500ns period=5.000ns})
  Destination:            ddr3/u_ddr3_mig/u_memc_ui_top_axi/mem_intfc0/ddr_phy_top0/u_ddr_mc_phy_wrapper/u_ddr_mc_phy/ddr_phy_4lanes_0.u_ddr_phy_4lanes/ddr_byte_lane_D.ddr_byte_lane_D/ddr_byte_group_io/output_[6].oserdes_dq_.ddr.oserdes_dq_i/D1
                            (rising edge-triggered cell OSERDESE2 clocked by oserdes_clkdiv_3  {rise@0.000ns fall@2.500ns period=5.000ns})
  Path Group:             oserdes_clkdiv_3
  Path Type:              Setup (Max at Slow Process Corner)
  Requirement:            5.000ns  (oserdes_clkdiv_3 rise@5.000ns - oserdes_clkdiv_3 rise@0.000ns)
  Data Path Delay:        1.142ns  (logic 0.674ns (59.004%)  route 0.468ns (40.996%))
  Logic Levels:           0  
  Clock Path Skew:        0.419ns (DCD - SCD + CPR)
    Destination Clock Delay (DCD):    1.641ns = ( 6.641 - 5.000 ) 
    Source Clock Delay      (SCD):    1.919ns
    Clock Pessimism Removal (CPR):    0.696ns
  Clock Uncertainty:      0.066ns  ((TSJ^2 + DJ^2)^1/2) / 2 + PE
    Total System Jitter     (TSJ):    0.071ns
    Discrete Jitter          (DJ):    0.112ns
    Phase Error              (PE):    0.000ns

    Location             Delay type                Incr(ns)  Path(ns)    Netlist Resource(s)
  -------------------------------------------------------------------    -------------------
                         (clock oserdes_clkdiv_3 rise edge)
                                                      0.000     0.000 r  
    R4                                                0.000     0.000 r  clk (IN)
                         net (fo=0)                   0.000     0.000    mmcm/inst/clk_in1
    R4                   IBUF (Prop_ibuf_I_O)         1.475     1.475 r  mmcm/inst/clkin1_ibufg/O
                         net (fo=1, routed)           1.233     2.708    mmcm/inst/clk_in1_mmcm
    MMCME2_ADV_X1Y2      MMCME2_ADV (Prop_mmcme2_adv_CLKIN1_CLKOUT0)
                                                     -7.432    -4.724 r  mmcm/inst/mmcm_adv_inst/CLKOUT0
                         net (fo=1, routed)           1.808    -2.915    mmcm/inst/clk_out1_mmcm
    BUFGCTRL_X0Y2        BUFG (Prop_bufg_I_O)         0.096    -2.819 r  mmcm/inst/clkout1_buf/O
                         net (fo=2, routed)           1.754    -1.065    ddr3/u_ddr3_mig/u_ddr3_infrastructure/mmcm_clk
    PLLE2_ADV_X1Y3       PLLE2_ADV (Prop_plle2_adv_CLKIN1_CLKOUT1)
                                                      0.088    -0.977 r  ddr3/u_ddr3_mig/u_ddr3_infrastructure/plle2_i/CLKOUT1
                         net (fo=7, routed)           0.603    -0.374    ddr3/u_ddr3_mig/u_memc_ui_top_axi/mem_intfc0/ddr_phy_top0/u_ddr_mc_phy_wrapper/u_ddr_mc_phy/ddr_phy_4lanes_0.u_ddr_phy_4lanes/ddr_byte_lane_D.ddr_byte_lane_D/mem_refclk
    PHASER_OUT_PHY_X1Y15 PHASER_OUT_PHY (Prop_phaser_out_phy_MEMREFCLK_OCLK)
                                                      2.136     1.762 r  ddr3/u_ddr3_mig/u_memc_ui_top_axi/mem_intfc0/ddr_phy_top0/u_ddr_mc_phy_wrapper/u_ddr_mc_phy/ddr_phy_4lanes_0.u_ddr_phy_4lanes/ddr_byte_lane_D.ddr_byte_lane_D/phaser_out/OCLK
    PHASER_OUT_PHY_X1Y15 PHASER_OUT_PHY (Prop_phaser_out_phy_OCLK_OCLKDIV)
                                                      0.157     1.919 r  ddr3/u_ddr3_mig/u_memc_ui_top_axi/mem_intfc0/ddr_phy_top0/u_ddr_mc_phy_wrapper/u_ddr_mc_phy/ddr_phy_4lanes_0.u_ddr_phy_4lanes/ddr_byte_lane_D.ddr_byte_lane_D/phaser_out/OCLKDIV
                         net (fo=11, routed)          0.000     1.919    ddr3/u_ddr3_mig/u_memc_ui_top_axi/mem_intfc0/ddr_phy_top0/u_ddr_mc_phy_wrapper/u_ddr_mc_phy/ddr_phy_4lanes_0.u_ddr_phy_4lanes/ddr_byte_lane_D.ddr_byte_lane_D/oserdes_clkdiv
    OUT_FIFO_X1Y15       OUT_FIFO                                     r  ddr3/u_ddr3_mig/u_memc_ui_top_axi/mem_intfc0/ddr_phy_top0/u_ddr_mc_phy_wrapper/u_ddr_mc_phy/ddr_phy_4lanes_0.u_ddr_phy_4lanes/ddr_byte_lane_D.ddr_byte_lane_D/out_fifo/RDCLK
  -------------------------------------------------------------------    -------------------
    OUT_FIFO_X1Y15       OUT_FIFO (Prop_out_fifo_RDCLK_Q6[0])
                                                      0.674     2.593 r  ddr3/u_ddr3_mig/u_memc_ui_top_axi/mem_intfc0/ddr_phy_top0/u_ddr_mc_phy_wrapper/u_ddr_mc_phy/ddr_phy_4lanes_0.u_ddr_phy_4lanes/ddr_byte_lane_D.ddr_byte_lane_D/out_fifo/Q6[0]
                         net (fo=1, routed)           0.468     3.061    ddr3/u_ddr3_mig/u_memc_ui_top_axi/mem_intfc0/ddr_phy_top0/u_ddr_mc_phy_wrapper/u_ddr_mc_phy/ddr_phy_4lanes_0.u_ddr_phy_4lanes/ddr_byte_lane_D.ddr_byte_lane_D/ddr_byte_group_io/of_dqbus[20]
    OLOGIC_X1Y195        OSERDESE2                                    r  ddr3/u_ddr3_mig/u_memc_ui_top_axi/mem_intfc0/ddr_phy_top0/u_ddr_mc_phy_wrapper/u_ddr_mc_phy/ddr_phy_4lanes_0.u_ddr_phy_4lanes/ddr_byte_lane_D.ddr_byte_lane_D/ddr_byte_group_io/output_[6].oserdes_dq_.ddr.oserdes_dq_i/D1
  -------------------------------------------------------------------    -------------------

                         (clock oserdes_clkdiv_3 rise edge)
                                                      5.000     5.000 r  
    R4                                                0.000     5.000 r  clk (IN)
                         net (fo=0)                   0.000     5.000    mmcm/inst/clk_in1
    R4                   IBUF (Prop_ibuf_I_O)         1.405     6.405 r  mmcm/inst/clkin1_ibufg/O
                         net (fo=1, routed)           1.162     7.567    mmcm/inst/clk_in1_mmcm
    MMCME2_ADV_X1Y2      MMCME2_ADV (Prop_mmcme2_adv_CLKIN1_CLKOUT0)
                                                     -7.674    -0.107 r  mmcm/inst/mmcm_adv_inst/CLKOUT0
                         net (fo=1, routed)           1.723     1.616    mmcm/inst/clk_out1_mmcm
    BUFGCTRL_X0Y2        BUFG (Prop_bufg_I_O)         0.091     1.707 r  mmcm/inst/clkout1_buf/O
                         net (fo=2, routed)           1.636     3.343    ddr3/u_ddr3_mig/u_ddr3_infrastructure/mmcm_clk
    PLLE2_ADV_X1Y3       PLLE2_ADV (Prop_plle2_adv_CLKIN1_CLKOUT1)
                                                      0.083     3.426 r  ddr3/u_ddr3_mig/u_ddr3_infrastructure/plle2_i/CLKOUT1
                         net (fo=7, routed)           0.572     3.998    ddr3/u_ddr3_mig/u_memc_ui_top_axi/mem_intfc0/ddr_phy_top0/u_ddr_mc_phy_wrapper/u_ddr_mc_phy/ddr_phy_4lanes_0.u_ddr_phy_4lanes/ddr_byte_lane_D.ddr_byte_lane_D/mem_refclk
    PHASER_OUT_PHY_X1Y15 PHASER_OUT_PHY (Prop_phaser_out_phy_MEMREFCLK_OCLK)
                                                      2.077     6.074 r  ddr3/u_ddr3_mig/u_memc_ui_top_axi/mem_intfc0/ddr_phy_top0/u_ddr_mc_phy_wrapper/u_ddr_mc_phy/ddr_phy_4lanes_0.u_ddr_phy_4lanes/ddr_byte_lane_D.ddr_byte_lane_D/phaser_out/OCLK
    PHASER_OUT_PHY_X1Y15 PHASER_OUT_PHY (Prop_phaser_out_phy_OCLK_OCLKDIV)
                                                      0.148     6.222 r  ddr3/u_ddr3_mig/u_memc_ui_top_axi/mem_intfc0/ddr_phy_top0/u_ddr_mc_phy_wrapper/u_ddr_mc_phy/ddr_phy_4lanes_0.u_ddr_phy_4lanes/ddr_byte_lane_D.ddr_byte_lane_D/phaser_out/OCLKDIV
                         net (fo=11, routed)          0.419     6.641    ddr3/u_ddr3_mig/u_memc_ui_top_axi/mem_intfc0/ddr_phy_top0/u_ddr_mc_phy_wrapper/u_ddr_mc_phy/ddr_phy_4lanes_0.u_ddr_phy_4lanes/ddr_byte_lane_D.ddr_byte_lane_D/ddr_byte_group_io/oserdes_clkdiv
    OLOGIC_X1Y195        OSERDESE2                                    r  ddr3/u_ddr3_mig/u_memc_ui_top_axi/mem_intfc0/ddr_phy_top0/u_ddr_mc_phy_wrapper/u_ddr_mc_phy/ddr_phy_4lanes_0.u_ddr_phy_4lanes/ddr_byte_lane_D.ddr_byte_lane_D/ddr_byte_group_io/output_[6].oserdes_dq_.ddr.oserdes_dq_i/CLKDIV
                         clock pessimism              0.696     7.338    
                         clock uncertainty           -0.066     7.272    
    OLOGIC_X1Y195        OSERDESE2 (Setup_oserdese2_CLKDIV_D1)
                                                     -0.625     6.647    ddr3/u_ddr3_mig/u_memc_ui_top_axi/mem_intfc0/ddr_phy_top0/u_ddr_mc_phy_wrapper/u_ddr_mc_phy/ddr_phy_4lanes_0.u_ddr_phy_4lanes/ddr_byte_lane_D.ddr_byte_lane_D/ddr_byte_group_io/output_[6].oserdes_dq_.ddr.oserdes_dq_i
  -------------------------------------------------------------------
                         required time                          6.647    
                         arrival time                          -3.061    
  -------------------------------------------------------------------
                         slack                                  3.586    





Min Delay Paths
--------------------------------------------------------------------------------------
Slack (MET) :             0.086ns  (arrival time - required time)
  Source:                 ddr3/u_ddr3_mig/u_memc_ui_top_axi/mem_intfc0/ddr_phy_top0/u_ddr_mc_phy_wrapper/u_ddr_mc_phy/ddr_phy_4lanes_0.u_ddr_phy_4lanes/ddr_byte_lane_D.ddr_byte_lane_D/out_fifo/RDCLK
                            (rising edge-triggered cell OUT_FIFO clocked by oserdes_clkdiv_3  {rise@0.000ns fall@2.500ns period=5.000ns})
  Destination:            ddr3/u_ddr3_mig/u_memc_ui_top_axi/mem_intfc0/ddr_phy_top0/u_ddr_mc_phy_wrapper/u_ddr_mc_phy/ddr_phy_4lanes_0.u_ddr_phy_4lanes/ddr_byte_lane_D.ddr_byte_lane_D/ddr_byte_group_io/output_[2].oserdes_dq_.ddr.oserdes_dq_i/D2
                            (rising edge-triggered cell OSERDESE2 clocked by oserdes_clkdiv_3  {rise@0.000ns fall@2.500ns period=5.000ns})
  Path Group:             oserdes_clkdiv_3
  Path Type:              Hold (Min at Fast Process Corner)
  Requirement:            0.000ns  (oserdes_clkdiv_3 rise@0.000ns - oserdes_clkdiv_3 rise@0.000ns)
  Data Path Delay:        0.288ns  (logic 0.138ns (47.866%)  route 0.150ns (52.134%))
  Logic Levels:           0  
  Clock Path Skew:        0.183ns (DCD - SCD - CPR)
    Destination Clock Delay (DCD):    1.452ns
    Source Clock Delay      (SCD):    1.443ns
    Clock Pessimism Removal (CPR):    -0.174ns

    Location             Delay type                Incr(ns)  Path(ns)    Netlist Resource(s)
  -------------------------------------------------------------------    -------------------
                         (clock oserdes_clkdiv_3 rise edge)
                                                      0.000     0.000 r  
    R4                                                0.000     0.000 r  clk (IN)
                         net (fo=0)                   0.000     0.000    mmcm/inst/clk_in1
    R4                   IBUF (Prop_ibuf_I_O)         0.243     0.243 r  mmcm/inst/clkin1_ibufg/O
                         net (fo=1, routed)           0.440     0.683    mmcm/inst/clk_in1_mmcm
    MMCME2_ADV_X1Y2      MMCME2_ADV (Prop_mmcme2_adv_CLKIN1_CLKOUT0)
                                                     -2.540    -1.856 r  mmcm/inst/mmcm_adv_inst/CLKOUT0
                         net (fo=1, routed)           0.531    -1.325    mmcm/inst/clk_out1_mmcm
    BUFGCTRL_X0Y2        BUFG (Prop_bufg_I_O)         0.026    -1.299 r  mmcm/inst/clkout1_buf/O
                         net (fo=2, routed)           0.606    -0.694    ddr3/u_ddr3_mig/u_ddr3_infrastructure/mmcm_clk
    PLLE2_ADV_X1Y3       PLLE2_ADV (Prop_plle2_adv_CLKIN1_CLKOUT1)
                                                      0.050    -0.644 r  ddr3/u_ddr3_mig/u_ddr3_infrastructure/plle2_i/CLKOUT1
                         net (fo=7, routed)           0.190    -0.454    ddr3/u_ddr3_mig/u_memc_ui_top_axi/mem_intfc0/ddr_phy_top0/u_ddr_mc_phy_wrapper/u_ddr_mc_phy/ddr_phy_4lanes_0.u_ddr_phy_4lanes/ddr_byte_lane_D.ddr_byte_lane_D/mem_refclk
    PHASER_OUT_PHY_X1Y15 PHASER_OUT_PHY (Prop_phaser_out_phy_MEMREFCLK_OCLK)
                                                      1.813     1.360 r  ddr3/u_ddr3_mig/u_memc_ui_top_axi/mem_intfc0/ddr_phy_top0/u_ddr_mc_phy_wrapper/u_ddr_mc_phy/ddr_phy_4lanes_0.u_ddr_phy_4lanes/ddr_byte_lane_D.ddr_byte_lane_D/phaser_out/OCLK
    PHASER_OUT_PHY_X1Y15 PHASER_OUT_PHY (Prop_phaser_out_phy_OCLK_OCLKDIV)
                                                      0.083     1.443 r  ddr3/u_ddr3_mig/u_memc_ui_top_axi/mem_intfc0/ddr_phy_top0/u_ddr_mc_phy_wrapper/u_ddr_mc_phy/ddr_phy_4lanes_0.u_ddr_phy_4lanes/ddr_byte_lane_D.ddr_byte_lane_D/phaser_out/OCLKDIV
                         net (fo=11, routed)          0.000     1.443    ddr3/u_ddr3_mig/u_memc_ui_top_axi/mem_intfc0/ddr_phy_top0/u_ddr_mc_phy_wrapper/u_ddr_mc_phy/ddr_phy_4lanes_0.u_ddr_phy_4lanes/ddr_byte_lane_D.ddr_byte_lane_D/oserdes_clkdiv
    OUT_FIFO_X1Y15       OUT_FIFO                                     r  ddr3/u_ddr3_mig/u_memc_ui_top_axi/mem_intfc0/ddr_phy_top0/u_ddr_mc_phy_wrapper/u_ddr_mc_phy/ddr_phy_4lanes_0.u_ddr_phy_4lanes/ddr_byte_lane_D.ddr_byte_lane_D/out_fifo/RDCLK
  -------------------------------------------------------------------    -------------------
    OUT_FIFO_X1Y15       OUT_FIFO (Prop_out_fifo_RDCLK_Q2[1])
                                                      0.138     1.581 r  ddr3/u_ddr3_mig/u_memc_ui_top_axi/mem_intfc0/ddr_phy_top0/u_ddr_mc_phy_wrapper/u_ddr_mc_phy/ddr_phy_4lanes_0.u_ddr_phy_4lanes/ddr_byte_lane_D.ddr_byte_lane_D/out_fifo/Q2[1]
                         net (fo=1, routed)           0.150     1.731    ddr3/u_ddr3_mig/u_memc_ui_top_axi/mem_intfc0/ddr_phy_top0/u_ddr_mc_phy_wrapper/u_ddr_mc_phy/ddr_phy_4lanes_0.u_ddr_phy_4lanes/ddr_byte_lane_D.ddr_byte_lane_D/ddr_byte_group_io/of_dqbus[9]
    OLOGIC_X1Y189        OSERDESE2                                    r  ddr3/u_ddr3_mig/u_memc_ui_top_axi/mem_intfc0/ddr_phy_top0/u_ddr_mc_phy_wrapper/u_ddr_mc_phy/ddr_phy_4lanes_0.u_ddr_phy_4lanes/ddr_byte_lane_D.ddr_byte_lane_D/ddr_byte_group_io/output_[2].oserdes_dq_.ddr.oserdes_dq_i/D2
  -------------------------------------------------------------------    -------------------

                         (clock oserdes_clkdiv_3 rise edge)
                                                      0.000     0.000 r  
    R4                                                0.000     0.000 r  clk (IN)
                         net (fo=0)                   0.000     0.000    mmcm/inst/clk_in1
    R4                   IBUF (Prop_ibuf_I_O)         0.431     0.431 r  mmcm/inst/clkin1_ibufg/O
                         net (fo=1, routed)           0.480     0.911    mmcm/inst/clk_in1_mmcm
    MMCME2_ADV_X1Y2      MMCME2_ADV (Prop_mmcme2_adv_CLKIN1_CLKOUT0)
                                                     -3.332    -2.421 r  mmcm/inst/mmcm_adv_inst/CLKOUT0
                         net (fo=1, routed)           0.579    -1.843    mmcm/inst/clk_out1_mmcm
    BUFGCTRL_X0Y2        BUFG (Prop_bufg_I_O)         0.029    -1.814 r  mmcm/inst/clkout1_buf/O
                         net (fo=2, routed)           0.875    -0.939    ddr3/u_ddr3_mig/u_ddr3_infrastructure/mmcm_clk
    PLLE2_ADV_X1Y3       PLLE2_ADV (Prop_plle2_adv_CLKIN1_CLKOUT1)
                                                      0.053    -0.886 r  ddr3/u_ddr3_mig/u_ddr3_infrastructure/plle2_i/CLKOUT1
                         net (fo=7, routed)           0.209    -0.677    ddr3/u_ddr3_mig/u_memc_ui_top_axi/mem_intfc0/ddr_phy_top0/u_ddr_mc_phy_wrapper/u_ddr_mc_phy/ddr_phy_4lanes_0.u_ddr_phy_4lanes/ddr_byte_lane_D.ddr_byte_lane_D/mem_refclk
    PHASER_OUT_PHY_X1Y15 PHASER_OUT_PHY (Prop_phaser_out_phy_MEMREFCLK_OCLK)
                                                      1.858     1.181 r  ddr3/u_ddr3_mig/u_memc_ui_top_axi/mem_intfc0/ddr_phy_top0/u_ddr_mc_phy_wrapper/u_ddr_mc_phy/ddr_phy_4lanes_0.u_ddr_phy_4lanes/ddr_byte_lane_D.ddr_byte_lane_D/phaser_out/OCLK
    PHASER_OUT_PHY_X1Y15 PHASER_OUT_PHY (Prop_phaser_out_phy_OCLK_OCLKDIV)
                                                      0.088     1.269 r  ddr3/u_ddr3_mig/u_memc_ui_top_axi/mem_intfc0/ddr_phy_top0/u_ddr_mc_phy_wrapper/u_ddr_mc_phy/ddr_phy_4lanes_0.u_ddr_phy_4lanes/ddr_byte_lane_D.ddr_byte_lane_D/phaser_out/OCLKDIV
                         net (fo=11, routed)          0.183     1.452    ddr3/u_ddr3_mig/u_memc_ui_top_axi/mem_intfc0/ddr_phy_top0/u_ddr_mc_phy_wrapper/u_ddr_mc_phy/ddr_phy_4lanes_0.u_ddr_phy_4lanes/ddr_byte_lane_D.ddr_byte_lane_D/ddr_byte_group_io/oserdes_clkdiv
    OLOGIC_X1Y189        OSERDESE2                                    r  ddr3/u_ddr3_mig/u_memc_ui_top_axi/mem_intfc0/ddr_phy_top0/u_ddr_mc_phy_wrapper/u_ddr_mc_phy/ddr_phy_4lanes_0.u_ddr_phy_4lanes/ddr_byte_lane_D.ddr_byte_lane_D/ddr_byte_group_io/output_[2].oserdes_dq_.ddr.oserdes_dq_i/CLKDIV
                         clock pessimism              0.174     1.626    
    OLOGIC_X1Y189        OSERDESE2 (Hold_oserdese2_CLKDIV_D2)
                                                      0.019     1.645    ddr3/u_ddr3_mig/u_memc_ui_top_axi/mem_intfc0/ddr_phy_top0/u_ddr_mc_phy_wrapper/u_ddr_mc_phy/ddr_phy_4lanes_0.u_ddr_phy_4lanes/ddr_byte_lane_D.ddr_byte_lane_D/ddr_byte_group_io/output_[2].oserdes_dq_.ddr.oserdes_dq_i
  -------------------------------------------------------------------
                         required time                         -1.645    
                         arrival time                           1.731    
  -------------------------------------------------------------------
                         slack                                  0.086    





Pulse Width Checks
--------------------------------------------------------------------------------------
Clock Name:         oserdes_clkdiv_3
Waveform(ns):       { 0.000 2.500 }
Period(ns):         5.000
Sources:            { ddr3/u_ddr3_mig/u_memc_ui_top_axi/mem_intfc0/ddr_phy_top0/u_ddr_mc_phy_wrapper/u_ddr_mc_phy/ddr_phy_4lanes_0.u_ddr_phy_4lanes/ddr_byte_lane_D.ddr_byte_lane_D/phaser_out/OCLKDIV }

Check Type        Corner  Lib Pin         Reference Pin  Required(ns)  Actual(ns)  Slack(ns)  Location        Pin
Min Period        n/a     OUT_FIFO/RDCLK  n/a            5.000         5.000       0.000      OUT_FIFO_X1Y15  ddr3/u_ddr3_mig/u_memc_ui_top_axi/mem_intfc0/ddr_phy_top0/u_ddr_mc_phy_wrapper/u_ddr_mc_phy/ddr_phy_4lanes_0.u_ddr_phy_4lanes/ddr_byte_lane_D.ddr_byte_lane_D/out_fifo/RDCLK
Low Pulse Width   Slow    OUT_FIFO/RDCLK  n/a            2.150         2.500       0.350      OUT_FIFO_X1Y15  ddr3/u_ddr3_mig/u_memc_ui_top_axi/mem_intfc0/ddr_phy_top0/u_ddr_mc_phy_wrapper/u_ddr_mc_phy/ddr_phy_4lanes_0.u_ddr_phy_4lanes/ddr_byte_lane_D.ddr_byte_lane_D/out_fifo/RDCLK
High Pulse Width  Slow    OUT_FIFO/RDCLK  n/a            2.150         2.500       0.350      OUT_FIFO_X1Y15  ddr3/u_ddr3_mig/u_memc_ui_top_axi/mem_intfc0/ddr_phy_top0/u_ddr_mc_phy_wrapper/u_ddr_mc_phy/ddr_phy_4lanes_0.u_ddr_phy_4lanes/ddr_byte_lane_D.ddr_byte_lane_D/out_fifo/RDCLK



---------------------------------------------------------------------------------------------------
From Clock:  pll_clk3_out
  To Clock:  pll_clk3_out

Setup :           NA  Failing Endpoints,  Worst Slack           NA  ,  Total Violation           NA
Hold  :           NA  Failing Endpoints,  Worst Slack           NA  ,  Total Violation           NA
PW    :            0  Failing Endpoints,  Worst Slack        3.000ns,  Total Violation        0.000ns
---------------------------------------------------------------------------------------------------


Pulse Width Checks
--------------------------------------------------------------------------------------
Clock Name:         pll_clk3_out
Waveform(ns):       { 0.000 5.000 }
Period(ns):         10.000
Sources:            { ddr3/u_ddr3_mig/u_ddr3_infrastructure/plle2_i/CLKOUT3 }

Check Type        Corner  Lib Pin            Reference Pin  Required(ns)  Actual(ns)  Slack(ns)  Location         Pin
Min Period        n/a     BUFH/I             n/a            2.155         10.000      7.845      BUFHCE_X1Y36     ddr3/u_ddr3_mig/u_ddr3_infrastructure/u_bufh_pll_clk3/I
Max Period        n/a     MMCME2_ADV/CLKIN1  n/a            100.000       10.000      90.000     MMCME2_ADV_X1Y3  ddr3/u_ddr3_mig/u_ddr3_infrastructure/gen_mmcm.mmcm_i/CLKIN1
Low Pulse Width   Slow    MMCME2_ADV/CLKIN1  n/a            2.000         5.000       3.000      MMCME2_ADV_X1Y3  ddr3/u_ddr3_mig/u_ddr3_infrastructure/gen_mmcm.mmcm_i/CLKIN1
High Pulse Width  Slow    MMCME2_ADV/CLKIN1  n/a            2.000         5.000       3.000      MMCME2_ADV_X1Y3  ddr3/u_ddr3_mig/u_ddr3_infrastructure/gen_mmcm.mmcm_i/CLKIN1



---------------------------------------------------------------------------------------------------
From Clock:  clk_pll_i
  To Clock:  clk_pll_i

Setup :            0  Failing Endpoints,  Worst Slack        0.170ns,  Total Violation        0.000ns
Hold  :            0  Failing Endpoints,  Worst Slack        0.008ns,  Total Violation        0.000ns
PW    :            0  Failing Endpoints,  Worst Slack        2.850ns,  Total Violation        0.000ns
---------------------------------------------------------------------------------------------------


Max Delay Paths
--------------------------------------------------------------------------------------
Slack (MET) :             0.170ns  (required time - arrival time)
  Source:                 rasterixgen.rasterix/gpu/rixif/graphicCore/pixelPipeline/tmu0/textureSampler/texelAddr01_reg[7]/C
                            (rising edge-triggered cell FDRE clocked by clk_pll_i  {rise@0.000ns fall@5.000ns period=10.000ns})
  Destination:            rasterixgen.rasterix/gpu/rixif/graphicCore/textureBufferTMU0/texCacheOddS/ram0/genblk1[0].xpm_memory_tdpram_inst/xpm_memory_base_inst/gen_wr_a.gen_word_narrow.mem_reg_7/ADDRBWRADDR[6]
                            (rising edge-triggered cell RAMB36E1 clocked by clk_pll_i  {rise@0.000ns fall@5.000ns period=10.000ns})
  Path Group:             clk_pll_i
  Path Type:              Setup (Max at Slow Process Corner)
  Requirement:            10.000ns  (clk_pll_i rise@10.000ns - clk_pll_i rise@0.000ns)
  Data Path Delay:        8.811ns  (logic 0.670ns (7.604%)  route 8.141ns (92.396%))
  Logic Levels:           1  (LUT3=1)
  Clock Path Skew:        -0.184ns (DCD - SCD + CPR)
    Destination Clock Delay (DCD):    0.653ns = ( 10.653 - 10.000 ) 
    Source Clock Delay      (SCD):    1.490ns
    Clock Pessimism Removal (CPR):    0.653ns
  Clock Uncertainty:      0.060ns  ((TSJ^2 + DJ^2)^1/2) / 2 + PE
    Total System Jitter     (TSJ):    0.071ns
    Discrete Jitter          (DJ):    0.098ns
    Phase Error              (PE):    0.000ns

    Location             Delay type                Incr(ns)  Path(ns)    Netlist Resource(s)
  -------------------------------------------------------------------    -------------------
                         (clock clk_pll_i rise edge)
                                                      0.000     0.000 r  
    R4                                                0.000     0.000 r  clk (IN)
                         net (fo=0)                   0.000     0.000    mmcm/inst/clk_in1
    R4                   IBUF (Prop_ibuf_I_O)         1.475     1.475 r  mmcm/inst/clkin1_ibufg/O
                         net (fo=1, routed)           1.233     2.708    mmcm/inst/clk_in1_mmcm
    MMCME2_ADV_X1Y2      MMCME2_ADV (Prop_mmcme2_adv_CLKIN1_CLKOUT0)
                                                     -7.432    -4.724 r  mmcm/inst/mmcm_adv_inst/CLKOUT0
                         net (fo=1, routed)           1.808    -2.915    mmcm/inst/clk_out1_mmcm
    BUFGCTRL_X0Y2        BUFG (Prop_bufg_I_O)         0.096    -2.819 r  mmcm/inst/clkout1_buf/O
                         net (fo=2, routed)           1.754    -1.065    ddr3/u_ddr3_mig/u_ddr3_infrastructure/mmcm_clk
    PLLE2_ADV_X1Y3       PLLE2_ADV (Prop_plle2_adv_CLKIN1_CLKOUT3)
                                                      0.088    -0.977 r  ddr3/u_ddr3_mig/u_ddr3_infrastructure/plle2_i/CLKOUT3
                         net (fo=1, routed)           1.370     0.393    ddr3/u_ddr3_mig/u_ddr3_infrastructure/pll_clk3_out
    BUFHCE_X1Y36         BUFH (Prop_bufh_I_O)         0.127     0.520 r  ddr3/u_ddr3_mig/u_ddr3_infrastructure/u_bufh_pll_clk3/O
                         net (fo=1, routed)           0.943     1.463    ddr3/u_ddr3_mig/u_ddr3_infrastructure/pll_clk3
    MMCME2_ADV_X1Y3      MMCME2_ADV (Prop_mmcme2_adv_CLKIN1_CLKFBOUT)
                                                     -3.633    -2.171 r  ddr3/u_ddr3_mig/u_ddr3_infrastructure/gen_mmcm.mmcm_i/CLKFBOUT
                         net (fo=1, routed)           1.808    -0.362    ddr3/u_ddr3_mig/u_ddr3_infrastructure/clk_pll_i
    BUFGCTRL_X0Y16       BUFG (Prop_bufg_I_O)         0.096    -0.266 r  ddr3/u_ddr3_mig/u_ddr3_infrastructure/u_bufg_clkdiv0/O
                         net (fo=25277, routed)       1.756     1.490    rasterixgen.rasterix/gpu/rixif/graphicCore/pixelPipeline/tmu0/textureSampler/ui_clk
    SLICE_X8Y191         FDRE                                         r  rasterixgen.rasterix/gpu/rixif/graphicCore/pixelPipeline/tmu0/textureSampler/texelAddr01_reg[7]/C
  -------------------------------------------------------------------    -------------------
    SLICE_X8Y191         FDRE (Prop_fdre_C_Q)         0.518     2.008 r  rasterixgen.rasterix/gpu/rixif/graphicCore/pixelPipeline/tmu0/textureSampler/texelAddr01_reg[7]/Q
                         net (fo=2, routed)           1.024     3.032    rasterixgen.rasterix/gpu/rixif/graphicCore/pixelPipeline/tmu0/textureSampler/texel0Addr01[7]
    SLICE_X4Y191         LUT3 (Prop_lut3_I1_O)        0.152     3.184 r  rasterixgen.rasterix/gpu/rixif/graphicCore/pixelPipeline/tmu0/textureSampler/genblk1[0].xpm_memory_tdpram_inst_i_21__0/O
                         net (fo=24, routed)          7.117    10.301    rasterixgen.rasterix/gpu/rixif/graphicCore/textureBufferTMU0/texCacheOddS/ram0/genblk1[0].xpm_memory_tdpram_inst/xpm_memory_base_inst/addrb[5]
    RAMB36_X5Y37         RAMB36E1                                     r  rasterixgen.rasterix/gpu/rixif/graphicCore/textureBufferTMU0/texCacheOddS/ram0/genblk1[0].xpm_memory_tdpram_inst/xpm_memory_base_inst/gen_wr_a.gen_word_narrow.mem_reg_7/ADDRBWRADDR[6]
  -------------------------------------------------------------------    -------------------

                         (clock clk_pll_i rise edge)
                                                     10.000    10.000 r  
    R4                                                0.000    10.000 r  clk (IN)
                         net (fo=0)                   0.000    10.000    mmcm/inst/clk_in1
    R4                   IBUF (Prop_ibuf_I_O)         1.405    11.405 r  mmcm/inst/clkin1_ibufg/O
                         net (fo=1, routed)           1.162    12.567    mmcm/inst/clk_in1_mmcm
    MMCME2_ADV_X1Y2      MMCME2_ADV (Prop_mmcme2_adv_CLKIN1_CLKOUT0)
                                                     -7.674     4.893 r  mmcm/inst/mmcm_adv_inst/CLKOUT0
                         net (fo=1, routed)           1.723     6.616    mmcm/inst/clk_out1_mmcm
    BUFGCTRL_X0Y2        BUFG (Prop_bufg_I_O)         0.091     6.707 r  mmcm/inst/clkout1_buf/O
                         net (fo=2, routed)           1.636     8.343    ddr3/u_ddr3_mig/u_ddr3_infrastructure/mmcm_clk
    PLLE2_ADV_X1Y3       PLLE2_ADV (Prop_plle2_adv_CLKIN1_CLKOUT3)
                                                      0.083     8.426 r  ddr3/u_ddr3_mig/u_ddr3_infrastructure/plle2_i/CLKOUT3
                         net (fo=1, routed)           1.289     9.715    ddr3/u_ddr3_mig/u_ddr3_infrastructure/pll_clk3_out
    BUFHCE_X1Y36         BUFH (Prop_bufh_I_O)         0.081     9.796 r  ddr3/u_ddr3_mig/u_ddr3_infrastructure/u_bufh_pll_clk3/O
                         net (fo=1, routed)           0.904    10.700    ddr3/u_ddr3_mig/u_ddr3_infrastructure/pll_clk3
    MMCME2_ADV_X1Y3      MMCME2_ADV (Prop_mmcme2_adv_CLKIN1_CLKFBOUT)
                                                     -3.425     7.275 r  ddr3/u_ddr3_mig/u_ddr3_infrastructure/gen_mmcm.mmcm_i/CLKFBOUT
                         net (fo=1, routed)           1.723     8.998    ddr3/u_ddr3_mig/u_ddr3_infrastructure/clk_pll_i
    BUFGCTRL_X0Y16       BUFG (Prop_bufg_I_O)         0.091     9.089 r  ddr3/u_ddr3_mig/u_ddr3_infrastructure/u_bufg_clkdiv0/O
                         net (fo=25277, routed)       1.564    10.653    rasterixgen.rasterix/gpu/rixif/graphicCore/textureBufferTMU0/texCacheOddS/ram0/genblk1[0].xpm_memory_tdpram_inst/xpm_memory_base_inst/clka
    RAMB36_X5Y37         RAMB36E1                                     r  rasterixgen.rasterix/gpu/rixif/graphicCore/textureBufferTMU0/texCacheOddS/ram0/genblk1[0].xpm_memory_tdpram_inst/xpm_memory_base_inst/gen_wr_a.gen_word_narrow.mem_reg_7/CLKBWRCLK
                         clock pessimism              0.653    11.306    
                         clock uncertainty           -0.060    11.246    
    RAMB36_X5Y37         RAMB36E1 (Setup_ramb36e1_CLKBWRCLK_ADDRBWRADDR[6])
                                                     -0.774    10.472    rasterixgen.rasterix/gpu/rixif/graphicCore/textureBufferTMU0/texCacheOddS/ram0/genblk1[0].xpm_memory_tdpram_inst/xpm_memory_base_inst/gen_wr_a.gen_word_narrow.mem_reg_7
  -------------------------------------------------------------------
                         required time                         10.472    
                         arrival time                         -10.301    
  -------------------------------------------------------------------
                         slack                                  0.170    





Min Delay Paths
--------------------------------------------------------------------------------------
Slack (MET) :             0.008ns  (arrival time - required time)
  Source:                 ddr3/u_ddr3_mig/u_memc_ui_top_axi/u_ui_top/ui_rd_data0/not_strict_mode.status_ram.status_ram_wr_addr_r_reg[4]/C
                            (rising edge-triggered cell FDRE clocked by clk_pll_i  {rise@0.000ns fall@5.000ns period=10.000ns})
  Destination:            ddr3/u_ddr3_mig/u_memc_ui_top_axi/u_ui_top/ui_rd_data0/not_strict_mode.status_ram.RAM32M0/RAMA/WADR4
                            (rising edge-triggered cell RAMD32 clocked by clk_pll_i  {rise@0.000ns fall@5.000ns period=10.000ns})
  Path Group:             clk_pll_i
  Path Type:              Hold (Min at Fast Process Corner)
  Requirement:            0.000ns  (clk_pll_i rise@0.000ns - clk_pll_i rise@0.000ns)
  Data Path Delay:        0.221ns  (logic 0.141ns (63.771%)  route 0.080ns (36.229%))
  Logic Levels:           0  
  Clock Path Skew:        0.013ns (DCD - SCD - CPR)
    Destination Clock Delay (DCD):    0.186ns
    Source Clock Delay      (SCD):    0.131ns
    Clock Pessimism Removal (CPR):    0.042ns

    Location             Delay type                Incr(ns)  Path(ns)    Netlist Resource(s)
  -------------------------------------------------------------------    -------------------
                         (clock clk_pll_i rise edge)
                                                      0.000     0.000 r  
    R4                                                0.000     0.000 r  clk (IN)
                         net (fo=0)                   0.000     0.000    mmcm/inst/clk_in1
    R4                   IBUF (Prop_ibuf_I_O)         0.243     0.243 r  mmcm/inst/clkin1_ibufg/O
                         net (fo=1, routed)           0.440     0.683    mmcm/inst/clk_in1_mmcm
    MMCME2_ADV_X1Y2      MMCME2_ADV (Prop_mmcme2_adv_CLKIN1_CLKOUT0)
                                                     -2.540    -1.856 r  mmcm/inst/mmcm_adv_inst/CLKOUT0
                         net (fo=1, routed)           0.531    -1.325    mmcm/inst/clk_out1_mmcm
    BUFGCTRL_X0Y2        BUFG (Prop_bufg_I_O)         0.026    -1.299 r  mmcm/inst/clkout1_buf/O
                         net (fo=2, routed)           0.606    -0.694    ddr3/u_ddr3_mig/u_ddr3_infrastructure/mmcm_clk
    PLLE2_ADV_X1Y3       PLLE2_ADV (Prop_plle2_adv_CLKIN1_CLKOUT3)
                                                      0.050    -0.644 r  ddr3/u_ddr3_mig/u_ddr3_infrastructure/plle2_i/CLKOUT3
                         net (fo=1, routed)           0.426    -0.218    ddr3/u_ddr3_mig/u_ddr3_infrastructure/pll_clk3_out
    BUFHCE_X1Y36         BUFH (Prop_bufh_I_O)         0.020    -0.198 r  ddr3/u_ddr3_mig/u_ddr3_infrastructure/u_bufh_pll_clk3/O
                         net (fo=1, routed)           0.313     0.115    ddr3/u_ddr3_mig/u_ddr3_infrastructure/pll_clk3
    MMCME2_ADV_X1Y3      MMCME2_ADV (Prop_mmcme2_adv_CLKIN1_CLKFBOUT)
                                                     -1.156    -1.040 r  ddr3/u_ddr3_mig/u_ddr3_infrastructure/gen_mmcm.mmcm_i/CLKFBOUT
                         net (fo=1, routed)           0.531    -0.509    ddr3/u_ddr3_mig/u_ddr3_infrastructure/clk_pll_i
    BUFGCTRL_X0Y16       BUFG (Prop_bufg_I_O)         0.026    -0.483 r  ddr3/u_ddr3_mig/u_ddr3_infrastructure/u_bufg_clkdiv0/O
                         net (fo=25277, routed)       0.615     0.131    ddr3/u_ddr3_mig/u_memc_ui_top_axi/u_ui_top/ui_rd_data0/CLK
    SLICE_X143Y195       FDRE                                         r  ddr3/u_ddr3_mig/u_memc_ui_top_axi/u_ui_top/ui_rd_data0/not_strict_mode.status_ram.status_ram_wr_addr_r_reg[4]/C
  -------------------------------------------------------------------    -------------------
    SLICE_X143Y195       FDRE (Prop_fdre_C_Q)         0.141     0.272 r  ddr3/u_ddr3_mig/u_memc_ui_top_axi/u_ui_top/ui_rd_data0/not_strict_mode.status_ram.status_ram_wr_addr_r_reg[4]/Q
                         net (fo=8, routed)           0.080     0.352    ddr3/u_ddr3_mig/u_memc_ui_top_axi/u_ui_top/ui_rd_data0/not_strict_mode.status_ram.RAM32M0/ADDRD4
    SLICE_X142Y195       RAMD32                                       r  ddr3/u_ddr3_mig/u_memc_ui_top_axi/u_ui_top/ui_rd_data0/not_strict_mode.status_ram.RAM32M0/RAMA/WADR4
  -------------------------------------------------------------------    -------------------

                         (clock clk_pll_i rise edge)
                                                      0.000     0.000 r  
    R4                                                0.000     0.000 r  clk (IN)
                         net (fo=0)                   0.000     0.000    mmcm/inst/clk_in1
    R4                   IBUF (Prop_ibuf_I_O)         0.431     0.431 r  mmcm/inst/clkin1_ibufg/O
                         net (fo=1, routed)           0.480     0.911    mmcm/inst/clk_in1_mmcm
    MMCME2_ADV_X1Y2      MMCME2_ADV (Prop_mmcme2_adv_CLKIN1_CLKOUT0)
                                                     -3.332    -2.421 r  mmcm/inst/mmcm_adv_inst/CLKOUT0
                         net (fo=1, routed)           0.579    -1.843    mmcm/inst/clk_out1_mmcm
    BUFGCTRL_X0Y2        BUFG (Prop_bufg_I_O)         0.029    -1.814 r  mmcm/inst/clkout1_buf/O
                         net (fo=2, routed)           0.875    -0.939    ddr3/u_ddr3_mig/u_ddr3_infrastructure/mmcm_clk
    PLLE2_ADV_X1Y3       PLLE2_ADV (Prop_plle2_adv_CLKIN1_CLKOUT3)
                                                      0.053    -0.886 r  ddr3/u_ddr3_mig/u_ddr3_infrastructure/plle2_i/CLKOUT3
                         net (fo=1, routed)           0.472    -0.414    ddr3/u_ddr3_mig/u_ddr3_infrastructure/pll_clk3_out
    BUFHCE_X1Y36         BUFH (Prop_bufh_I_O)         0.043    -0.371 r  ddr3/u_ddr3_mig/u_ddr3_infrastructure/u_bufh_pll_clk3/O
                         net (fo=1, routed)           0.538     0.167    ddr3/u_ddr3_mig/u_ddr3_infrastructure/pll_clk3
    MMCME2_ADV_X1Y3      MMCME2_ADV (Prop_mmcme2_adv_CLKIN1_CLKFBOUT)
                                                     -1.475    -1.308 r  ddr3/u_ddr3_mig/u_ddr3_infrastructure/gen_mmcm.mmcm_i/CLKFBOUT
                         net (fo=1, routed)           0.579    -0.730    ddr3/u_ddr3_mig/u_ddr3_infrastructure/clk_pll_i
    BUFGCTRL_X0Y16       BUFG (Prop_bufg_I_O)         0.029    -0.701 r  ddr3/u_ddr3_mig/u_ddr3_infrastructure/u_bufg_clkdiv0/O
                         net (fo=25277, routed)       0.887     0.186    ddr3/u_ddr3_mig/u_memc_ui_top_axi/u_ui_top/ui_rd_data0/not_strict_mode.status_ram.RAM32M0/WCLK
    SLICE_X142Y195       RAMD32                                       r  ddr3/u_ddr3_mig/u_memc_ui_top_axi/u_ui_top/ui_rd_data0/not_strict_mode.status_ram.RAM32M0/RAMA/CLK
                         clock pessimism             -0.042     0.144    
    SLICE_X142Y195       RAMD32 (Hold_ramd32_CLK_WADR4)
                                                      0.200     0.344    ddr3/u_ddr3_mig/u_memc_ui_top_axi/u_ui_top/ui_rd_data0/not_strict_mode.status_ram.RAM32M0/RAMA
  -------------------------------------------------------------------
                         required time                         -0.344    
                         arrival time                           0.352    
  -------------------------------------------------------------------
                         slack                                  0.008    





Pulse Width Checks
--------------------------------------------------------------------------------------
Clock Name:         clk_pll_i
Waveform(ns):       { 0.000 5.000 }
Period(ns):         10.000
Sources:            { ddr3/u_ddr3_mig/u_ddr3_infrastructure/gen_mmcm.mmcm_i/CLKFBOUT }

Check Type        Corner  Lib Pin             Reference Pin  Required(ns)  Actual(ns)  Slack(ns)  Location         Pin
Min Period        n/a     OUT_FIFO/WRCLK      n/a            5.000         10.000      5.000      OUT_FIFO_X1Y12   ddr3/u_ddr3_mig/u_memc_ui_top_axi/mem_intfc0/ddr_phy_top0/u_ddr_mc_phy_wrapper/u_ddr_mc_phy/ddr_phy_4lanes_0.u_ddr_phy_4lanes/ddr_byte_lane_A.ddr_byte_lane_A/out_fifo/WRCLK
Max Period        n/a     MMCME2_ADV/CLKFBIN  n/a            100.000       10.000      90.000     MMCME2_ADV_X1Y3  ddr3/u_ddr3_mig/u_ddr3_infrastructure/gen_mmcm.mmcm_i/CLKFBIN
Low Pulse Width   Slow    OUT_FIFO/WRCLK      n/a            2.150         5.000       2.850      OUT_FIFO_X1Y12   ddr3/u_ddr3_mig/u_memc_ui_top_axi/mem_intfc0/ddr_phy_top0/u_ddr_mc_phy_wrapper/u_ddr_mc_phy/ddr_phy_4lanes_0.u_ddr_phy_4lanes/ddr_byte_lane_A.ddr_byte_lane_A/out_fifo/WRCLK
High Pulse Width  Slow    OUT_FIFO/WRCLK      n/a            2.150         5.000       2.850      OUT_FIFO_X1Y12   ddr3/u_ddr3_mig/u_memc_ui_top_axi/mem_intfc0/ddr_phy_top0/u_ddr_mc_phy_wrapper/u_ddr_mc_phy/ddr_phy_4lanes_0.u_ddr_phy_4lanes/ddr_byte_lane_A.ddr_byte_lane_A/out_fifo/WRCLK



---------------------------------------------------------------------------------------------------
From Clock:  pll_clkfbout
  To Clock:  pll_clkfbout

Setup :           NA  Failing Endpoints,  Worst Slack           NA  ,  Total Violation           NA
Hold  :           NA  Failing Endpoints,  Worst Slack           NA  ,  Total Violation           NA
PW    :            0  Failing Endpoints,  Worst Slack        8.751ns,  Total Violation        0.000ns
---------------------------------------------------------------------------------------------------


Pulse Width Checks
--------------------------------------------------------------------------------------
Clock Name:         pll_clkfbout
Waveform(ns):       { 0.000 5.000 }
Period(ns):         10.000
Sources:            { ddr3/u_ddr3_mig/u_ddr3_infrastructure/plle2_i/CLKFBOUT }

Check Type  Corner  Lib Pin             Reference Pin  Required(ns)  Actual(ns)  Slack(ns)  Location        Pin
Min Period  n/a     PLLE2_ADV/CLKFBOUT  n/a            1.249         10.000      8.751      PLLE2_ADV_X1Y3  ddr3/u_ddr3_mig/u_ddr3_infrastructure/plle2_i/CLKFBOUT
Max Period  n/a     PLLE2_ADV/CLKFBIN   n/a            52.633        10.000      42.633     PLLE2_ADV_X1Y3  ddr3/u_ddr3_mig/u_ddr3_infrastructure/plle2_i/CLKFBIN



---------------------------------------------------------------------------------------------------
From Clock:  sync_pulse
  To Clock:  sync_pulse

Setup :           NA  Failing Endpoints,  Worst Slack           NA  ,  Total Violation           NA
Hold  :           NA  Failing Endpoints,  Worst Slack           NA  ,  Total Violation           NA
PW    :            0  Failing Endpoints,  Worst Slack        1.250ns,  Total Violation        0.000ns
---------------------------------------------------------------------------------------------------


Pulse Width Checks
--------------------------------------------------------------------------------------
Clock Name:         sync_pulse
Waveform(ns):       { 1.094 3.594 }
Period(ns):         40.000
Sources:            { ddr3/u_ddr3_mig/u_ddr3_infrastructure/plle2_i/CLKOUT2 }

Check Type        Corner  Lib Pin                Reference Pin  Required(ns)  Actual(ns)  Slack(ns)  Location              Pin
Min Period        n/a     PLLE2_ADV/CLKOUT2      n/a            1.249         40.000      38.751     PLLE2_ADV_X1Y3        ddr3/u_ddr3_mig/u_ddr3_infrastructure/plle2_i/CLKOUT2
Max Period        n/a     PLLE2_ADV/CLKOUT2      n/a            160.000       40.000      120.000    PLLE2_ADV_X1Y3        ddr3/u_ddr3_mig/u_ddr3_infrastructure/plle2_i/CLKOUT2
High Pulse Width  Slow    PHASER_OUT_PHY/SYNCIN  n/a            1.250         2.500       1.250      PHASER_OUT_PHY_X1Y12  ddr3/u_ddr3_mig/u_memc_ui_top_axi/mem_intfc0/ddr_phy_top0/u_ddr_mc_phy_wrapper/u_ddr_mc_phy/ddr_phy_4lanes_0.u_ddr_phy_4lanes/ddr_byte_lane_A.ddr_byte_lane_A/phaser_out/SYNCIN



---------------------------------------------------------------------------------------------------
From Clock:  clk_out2_mmcm
  To Clock:  clk_out2_mmcm

Setup :            0  Failing Endpoints,  Worst Slack        2.227ns,  Total Violation        0.000ns
Hold  :            0  Failing Endpoints,  Worst Slack        0.122ns,  Total Violation        0.000ns
PW    :            0  Failing Endpoints,  Worst Slack        0.264ns,  Total Violation        0.000ns
---------------------------------------------------------------------------------------------------


Max Delay Paths
--------------------------------------------------------------------------------------
Slack (MET) :             2.227ns  (required time - arrival time)
  Source:                 ddr3/u_ddr3_mig/temp_mon_enabled.u_tempmon/xadc_supplied_temperature.rst_r2_reg/C
                            (rising edge-triggered cell FDRE clocked by clk_out2_mmcm  {rise@0.000ns fall@2.500ns period=5.000ns})
  Destination:            ddr3/u_ddr3_mig/temp_mon_enabled.u_tempmon/xadc_supplied_temperature.xadc_do_r_reg[7]/R
                            (rising edge-triggered cell FDRE clocked by clk_out2_mmcm  {rise@0.000ns fall@2.500ns period=5.000ns})
  Path Group:             clk_out2_mmcm
  Path Type:              Setup (Max at Slow Process Corner)
  Requirement:            5.000ns  (clk_out2_mmcm rise@5.000ns - clk_out2_mmcm rise@0.000ns)
  Data Path Delay:        1.967ns  (logic 0.419ns (21.307%)  route 1.548ns (78.693%))
  Logic Levels:           0  
  Clock Path Skew:        -0.040ns (DCD - SCD + CPR)
    Destination Clock Delay (DCD):    -1.672ns = ( 3.328 - 5.000 ) 
    Source Clock Delay      (SCD):    -1.080ns
    Clock Pessimism Removal (CPR):    0.552ns
  Clock Uncertainty:      0.067ns  ((TSJ^2 + DJ^2)^1/2) / 2 + PE
    Total System Jitter     (TSJ):    0.071ns
    Discrete Jitter          (DJ):    0.115ns
    Phase Error              (PE):    0.000ns

    Location             Delay type                Incr(ns)  Path(ns)    Netlist Resource(s)
  -------------------------------------------------------------------    -------------------
                         (clock clk_out2_mmcm rise edge)
                                                      0.000     0.000 r  
    R4                                                0.000     0.000 r  clk (IN)
                         net (fo=0)                   0.000     0.000    mmcm/inst/clk_in1
    R4                   IBUF (Prop_ibuf_I_O)         1.475     1.475 r  mmcm/inst/clkin1_ibufg/O
                         net (fo=1, routed)           1.233     2.708    mmcm/inst/clk_in1_mmcm
    MMCME2_ADV_X1Y2      MMCME2_ADV (Prop_mmcme2_adv_CLKIN1_CLKOUT1)
                                                     -7.432    -4.724 r  mmcm/inst/mmcm_adv_inst/CLKOUT1
                         net (fo=1, routed)           1.808    -2.915    mmcm/inst/clk_out2_mmcm
    BUFGCTRL_X0Y1        BUFG (Prop_bufg_I_O)         0.096    -2.819 r  mmcm/inst/clkout2_buf/O
                         net (fo=62, routed)          1.739    -1.080    ddr3/u_ddr3_mig/temp_mon_enabled.u_tempmon/clk_ref_i
    SLICE_X37Y184        FDRE                                         r  ddr3/u_ddr3_mig/temp_mon_enabled.u_tempmon/xadc_supplied_temperature.rst_r2_reg/C
  -------------------------------------------------------------------    -------------------
    SLICE_X37Y184        FDRE (Prop_fdre_C_Q)         0.419    -0.661 r  ddr3/u_ddr3_mig/temp_mon_enabled.u_tempmon/xadc_supplied_temperature.rst_r2_reg/Q
                         net (fo=32, routed)          1.548     0.886    ddr3/u_ddr3_mig/temp_mon_enabled.u_tempmon/xadc_supplied_temperature.rst_r2
    SLICE_X22Y175        FDRE                                         r  ddr3/u_ddr3_mig/temp_mon_enabled.u_tempmon/xadc_supplied_temperature.xadc_do_r_reg[7]/R
  -------------------------------------------------------------------    -------------------

                         (clock clk_out2_mmcm rise edge)
                                                      5.000     5.000 r  
    R4                                                0.000     5.000 r  clk (IN)
                         net (fo=0)                   0.000     5.000    mmcm/inst/clk_in1
    R4                   IBUF (Prop_ibuf_I_O)         1.405     6.405 r  mmcm/inst/clkin1_ibufg/O
                         net (fo=1, routed)           1.162     7.567    mmcm/inst/clk_in1_mmcm
    MMCME2_ADV_X1Y2      MMCME2_ADV (Prop_mmcme2_adv_CLKIN1_CLKOUT1)
                                                     -7.674    -0.107 r  mmcm/inst/mmcm_adv_inst/CLKOUT1
                         net (fo=1, routed)           1.723     1.616    mmcm/inst/clk_out2_mmcm
    BUFGCTRL_X0Y1        BUFG (Prop_bufg_I_O)         0.091     1.707 r  mmcm/inst/clkout2_buf/O
                         net (fo=62, routed)          1.621     3.328    ddr3/u_ddr3_mig/temp_mon_enabled.u_tempmon/clk_ref_i
    SLICE_X22Y175        FDRE                                         r  ddr3/u_ddr3_mig/temp_mon_enabled.u_tempmon/xadc_supplied_temperature.xadc_do_r_reg[7]/C
                         clock pessimism              0.552     3.880    
                         clock uncertainty           -0.067     3.812    
    SLICE_X22Y175        FDRE (Setup_fdre_C_R)       -0.699     3.113    ddr3/u_ddr3_mig/temp_mon_enabled.u_tempmon/xadc_supplied_temperature.xadc_do_r_reg[7]
  -------------------------------------------------------------------
                         required time                          3.113    
                         arrival time                          -0.886    
  -------------------------------------------------------------------
                         slack                                  2.227    





Min Delay Paths
--------------------------------------------------------------------------------------
Slack (MET) :             0.122ns  (arrival time - required time)
  Source:                 ddr3/u_ddr3_mig/temp_mon_enabled.u_tempmon/xadc_supplied_temperature.rst_r1_reg/C
                            (rising edge-triggered cell FDRE clocked by clk_out2_mmcm  {rise@0.000ns fall@2.500ns period=5.000ns})
  Destination:            ddr3/u_ddr3_mig/temp_mon_enabled.u_tempmon/xadc_supplied_temperature.rst_r2_reg/D
                            (rising edge-triggered cell FDRE clocked by clk_out2_mmcm  {rise@0.000ns fall@2.500ns period=5.000ns})
  Path Group:             clk_out2_mmcm
  Path Type:              Hold (Min at Fast Process Corner)
  Requirement:            0.000ns  (clk_out2_mmcm rise@0.000ns - clk_out2_mmcm rise@0.000ns)
  Data Path Delay:        0.197ns  (logic 0.141ns (71.611%)  route 0.056ns (28.389%))
  Logic Levels:           0  
  Clock Path Skew:        0.000ns (DCD - SCD - CPR)
    Destination Clock Delay (DCD):    -0.934ns
    Source Clock Delay      (SCD):    -0.690ns
    Clock Pessimism Removal (CPR):    -0.244ns

    Location             Delay type                Incr(ns)  Path(ns)    Netlist Resource(s)
  -------------------------------------------------------------------    -------------------
                         (clock clk_out2_mmcm rise edge)
                                                      0.000     0.000 r  
    R4                                                0.000     0.000 r  clk (IN)
                         net (fo=0)                   0.000     0.000    mmcm/inst/clk_in1
    R4                   IBUF (Prop_ibuf_I_O)         0.243     0.243 r  mmcm/inst/clkin1_ibufg/O
                         net (fo=1, routed)           0.440     0.683    mmcm/inst/clk_in1_mmcm
    MMCME2_ADV_X1Y2      MMCME2_ADV (Prop_mmcme2_adv_CLKIN1_CLKOUT1)
                                                     -2.540    -1.856 r  mmcm/inst/mmcm_adv_inst/CLKOUT1
                         net (fo=1, routed)           0.531    -1.325    mmcm/inst/clk_out2_mmcm
    BUFGCTRL_X0Y1        BUFG (Prop_bufg_I_O)         0.026    -1.299 r  mmcm/inst/clkout2_buf/O
                         net (fo=62, routed)          0.610    -0.690    ddr3/u_ddr3_mig/temp_mon_enabled.u_tempmon/clk_ref_i
    SLICE_X37Y184        FDRE                                         r  ddr3/u_ddr3_mig/temp_mon_enabled.u_tempmon/xadc_supplied_temperature.rst_r1_reg/C
  -------------------------------------------------------------------    -------------------
    SLICE_X37Y184        FDRE (Prop_fdre_C_Q)         0.141    -0.549 r  ddr3/u_ddr3_mig/temp_mon_enabled.u_tempmon/xadc_supplied_temperature.rst_r1_reg/Q
                         net (fo=1, routed)           0.056    -0.493    ddr3/u_ddr3_mig/temp_mon_enabled.u_tempmon/xadc_supplied_temperature.rst_r1
    SLICE_X37Y184        FDRE                                         r  ddr3/u_ddr3_mig/temp_mon_enabled.u_tempmon/xadc_supplied_temperature.rst_r2_reg/D
  -------------------------------------------------------------------    -------------------

                         (clock clk_out2_mmcm rise edge)
                                                      0.000     0.000 r  
    R4                                                0.000     0.000 r  clk (IN)
                         net (fo=0)                   0.000     0.000    mmcm/inst/clk_in1
    R4                   IBUF (Prop_ibuf_I_O)         0.431     0.431 r  mmcm/inst/clkin1_ibufg/O
                         net (fo=1, routed)           0.480     0.911    mmcm/inst/clk_in1_mmcm
    MMCME2_ADV_X1Y2      MMCME2_ADV (Prop_mmcme2_adv_CLKIN1_CLKOUT1)
                                                     -3.332    -2.421 r  mmcm/inst/mmcm_adv_inst/CLKOUT1
                         net (fo=1, routed)           0.579    -1.843    mmcm/inst/clk_out2_mmcm
    BUFGCTRL_X0Y1        BUFG (Prop_bufg_I_O)         0.029    -1.814 r  mmcm/inst/clkout2_buf/O
                         net (fo=62, routed)          0.880    -0.934    ddr3/u_ddr3_mig/temp_mon_enabled.u_tempmon/clk_ref_i
    SLICE_X37Y184        FDRE                                         r  ddr3/u_ddr3_mig/temp_mon_enabled.u_tempmon/xadc_supplied_temperature.rst_r2_reg/C
                         clock pessimism              0.244    -0.690    
    SLICE_X37Y184        FDRE (Hold_fdre_C_D)         0.075    -0.615    ddr3/u_ddr3_mig/temp_mon_enabled.u_tempmon/xadc_supplied_temperature.rst_r2_reg
  -------------------------------------------------------------------
                         required time                          0.615    
                         arrival time                          -0.493    
  -------------------------------------------------------------------
                         slack                                  0.122    





Pulse Width Checks
--------------------------------------------------------------------------------------
Clock Name:         clk_out2_mmcm
Waveform(ns):       { 0.000 2.500 }
Period(ns):         5.000
Sources:            { mmcm/inst/mmcm_adv_inst/CLKOUT1 }

Check Type        Corner  Lib Pin            Reference Pin  Required(ns)  Actual(ns)  Slack(ns)  Location         Pin
Min Period        n/a     XADC/DCLK          n/a            4.000         5.000       1.000      XADC_X0Y0        ddr3/u_ddr3_mig/temp_mon_enabled.u_tempmon/xadc_supplied_temperature.XADC_inst/DCLK
Max Period        n/a     IDELAYCTRL/REFCLK  n/a            5.264         5.000       0.264      IDELAYCTRL_X1Y3  ddr3/u_ddr3_mig/u_iodelay_ctrl/u_idelayctrl_200/REFCLK
Low Pulse Width   Slow    FDSE/C             n/a            0.500         2.500       2.000      SLICE_X36Y184    ddr3/u_ddr3_mig/temp_mon_enabled.u_tempmon/FSM_onehot_xadc_supplied_temperature.tempmon_state_reg[0]/C
High Pulse Width  Slow    FDSE/C             n/a            0.500         2.500       2.000      SLICE_X36Y184    ddr3/u_ddr3_mig/temp_mon_enabled.u_tempmon/FSM_onehot_xadc_supplied_temperature.tempmon_state_reg[0]/C



---------------------------------------------------------------------------------------------------
From Clock:  clk_out3_mmcm
  To Clock:  clk_out3_mmcm

Setup :            0  Failing Endpoints,  Worst Slack        0.564ns,  Total Violation        0.000ns
Hold  :            0  Failing Endpoints,  Worst Slack        0.036ns,  Total Violation        0.000ns
PW    :            0  Failing Endpoints,  Worst Slack       23.750ns,  Total Violation        0.000ns
---------------------------------------------------------------------------------------------------


Max Delay Paths
--------------------------------------------------------------------------------------
Slack (MET) :             0.564ns  (required time - arrival time)
  Source:                 wallypipelinedsoc/uncoregen.uncore/sdc.sdc/controller/FSM_sequential_CurrState_reg[0]/C
                            (rising edge-triggered cell FDRE clocked by clk_out3_mmcm  {rise@0.000ns fall@25.000ns period=50.000ns})
  Destination:            SDCCS
                            (output port clocked by clk_out3_mmcm  {rise@0.000ns fall@25.000ns period=50.000ns})
  Path Group:             clk_out3_mmcm
  Path Type:              Max at Slow Process Corner
  Requirement:            10.000ns  (MaxDelay Path 10.000ns)
  Data Path Delay:        9.436ns  (logic 4.564ns (48.368%)  route 4.872ns (51.632%))
  Logic Levels:           2  (LUT6=1 OBUF=1)
  Output Delay:           0.000ns
  Timing Exception:       MaxDelay Path 10.000ns -datapath_only

    Location             Delay type                Incr(ns)  Path(ns)    Netlist Resource(s)
  -------------------------------------------------------------------    -------------------
    SLICE_X78Y135                                     0.000     0.000 r  wallypipelinedsoc/uncoregen.uncore/sdc.sdc/controller/FSM_sequential_CurrState_reg[0]/C
    SLICE_X78Y135        FDRE (Prop_fdre_C_Q)         0.456     0.456 r  wallypipelinedsoc/uncoregen.uncore/sdc.sdc/controller/FSM_sequential_CurrState_reg[0]/Q
                         net (fo=29, routed)          1.108     1.564    wallypipelinedsoc/uncoregen.uncore/sdc.sdc/controller/CurrState[0]
    SLICE_X78Y137        LUT6 (Prop_lut6_I2_O)        0.124     1.688 r  wallypipelinedsoc/uncoregen.uncore/sdc.sdc/controller/SDCCS_OBUF_inst_i_1/O
                         net (fo=1, routed)           3.764     5.452    SDCCS_OBUF
    U18                  OBUF (Prop_obuf_I_O)         3.984     9.436 r  SDCCS_OBUF_inst/O
                         net (fo=0)                   0.000     9.436    SDCCS
    U18                                                               r  SDCCS (OUT)
  -------------------------------------------------------------------    -------------------

                         max delay                   10.000    10.000    
                         output delay                -0.000    10.000    
  -------------------------------------------------------------------
                         required time                         10.000    
                         arrival time                          -9.436    
  -------------------------------------------------------------------
                         slack                                  0.564    





Min Delay Paths
--------------------------------------------------------------------------------------
Slack (MET) :             0.036ns  (arrival time - required time)
  Source:                 ahbaxibridge/U0/AXI_WCHANNEL/M_AXI_WDATA_i_reg[34]/C
                            (rising edge-triggered cell FDRE clocked by clk_out3_mmcm  {rise@0.000ns fall@25.000ns period=50.000ns})
  Destination:            fpgaTop/clkconverter/clkconverter_axi_clock_converter_v2_1_35_axi_clock_converter/<hidden>/<hidden>/<hidden>/<hidden>/<hidden>/<hidden>/<hidden>
                            (rising edge-triggered cell RAMD32 clocked by clk_out3_mmcm  {rise@0.000ns fall@25.000ns period=50.000ns})
  Path Group:             clk_out3_mmcm
  Path Type:              Hold (Min at Fast Process Corner)
  Requirement:            0.000ns  (clk_out3_mmcm rise@0.000ns - clk_out3_mmcm rise@0.000ns)
  Data Path Delay:        0.424ns  (logic 0.164ns (38.719%)  route 0.260ns (61.281%))
  Logic Levels:           0  
  Clock Path Skew:        0.268ns (DCD - SCD - CPR)
    Destination Clock Delay (DCD):    -0.964ns
    Source Clock Delay      (SCD):    -0.718ns
    Clock Pessimism Removal (CPR):    -0.514ns

    Location             Delay type                Incr(ns)  Path(ns)    Netlist Resource(s)
  -------------------------------------------------------------------    -------------------
                         (clock clk_out3_mmcm rise edge)
                                                      0.000     0.000 r  
    R4                                                0.000     0.000 r  clk (IN)
                         net (fo=0)                   0.000     0.000    mmcm/inst/clk_in1
    R4                   IBUF (Prop_ibuf_I_O)         0.243     0.243 r  mmcm/inst/clkin1_ibufg/O
                         net (fo=1, routed)           0.440     0.683    mmcm/inst/clk_in1_mmcm
    MMCME2_ADV_X1Y2      MMCME2_ADV (Prop_mmcme2_adv_CLKIN1_CLKOUT2)
                                                     -2.540    -1.856 r  mmcm/inst/mmcm_adv_inst/CLKOUT2
                         net (fo=1, routed)           0.531    -1.325    mmcm/inst/clk_out3_mmcm
    BUFGCTRL_X0Y3        BUFG (Prop_bufg_I_O)         0.026    -1.299 r  mmcm/inst/clkout3_buf/O
                         net (fo=26024, routed)       0.582    -0.718    ahbaxibridge/U0/AXI_WCHANNEL/s_ahb_hclk
    SLICE_X96Y147        FDRE                                         r  ahbaxibridge/U0/AXI_WCHANNEL/M_AXI_WDATA_i_reg[34]/C
  -------------------------------------------------------------------    -------------------
    SLICE_X96Y147        FDRE (Prop_fdre_C_Q)         0.164    -0.554 r  ahbaxibridge/U0/AXI_WCHANNEL/M_AXI_WDATA_i_reg[34]/Q
                         net (fo=1, routed)           0.260    -0.294    fpgaTop/clkconverter/clkconverter_axi_clock_converter_v2_1_35_axi_clock_converter/<hidden>/<hidden>/<hidden>/<hidden>/<hidden>/<hidden>/<hidden>
    SLICE_X98Y154        RAMD32                                       r  fpgaTop/clkconverter/clkconverter_axi_clock_converter_v2_1_35_axi_clock_converter/<hidden>/<hidden>/<hidden>/<hidden>/<hidden>/<hidden>/<hidden>
  -------------------------------------------------------------------    -------------------

                         (clock clk_out3_mmcm rise edge)
                                                      0.000     0.000 r  
    R4                                                0.000     0.000 r  clk (IN)
                         net (fo=0)                   0.000     0.000    mmcm/inst/clk_in1
    R4                   IBUF (Prop_ibuf_I_O)         0.431     0.431 r  mmcm/inst/clkin1_ibufg/O
                         net (fo=1, routed)           0.480     0.911    mmcm/inst/clk_in1_mmcm
    MMCME2_ADV_X1Y2      MMCME2_ADV (Prop_mmcme2_adv_CLKIN1_CLKOUT2)
                                                     -3.332    -2.421 r  mmcm/inst/mmcm_adv_inst/CLKOUT2
                         net (fo=1, routed)           0.579    -1.843    mmcm/inst/clk_out3_mmcm
    BUFGCTRL_X0Y3        BUFG (Prop_bufg_I_O)         0.029    -1.814 r  mmcm/inst/clkout3_buf/O
                         net (fo=26024, routed)       0.849    -0.964    fpgaTop/clkconverter/clkconverter_axi_clock_converter_v2_1_35_axi_clock_converter/<hidden>/<hidden>/<hidden>/<hidden>/<hidden>/<hidden>/<hidden>
    SLICE_X98Y154        RAMD32                                       r  fpgaTop/clkconverter/clkconverter_axi_clock_converter_v2_1_35_axi_clock_converter/<hidden>/<hidden>/<hidden>/<hidden>/<hidden>/<hidden>/<hidden>
                         clock pessimism              0.514    -0.450    
    SLICE_X98Y154        RAMD32 (Hold_ramd32_CLK_I)
                                                      0.120    -0.330    fpgaTop/clkconverter/clkconverter_axi_clock_converter_v2_1_35_axi_clock_converter/<hidden>/<hidden>/<hidden>/<hidden>/<hidden>/<hidden>/<hidden>
  -------------------------------------------------------------------
                         required time                          0.330    
                         arrival time                          -0.294    
  -------------------------------------------------------------------
                         slack                                  0.036    





Pulse Width Checks
--------------------------------------------------------------------------------------
Clock Name:         clk_out3_mmcm
Waveform(ns):       { 0.000 25.000 }
Period(ns):         50.000
Sources:            { mmcm/inst/mmcm_adv_inst/CLKOUT2 }

Check Type        Corner  Lib Pin             Reference Pin  Required(ns)  Actual(ns)  Slack(ns)  Location         Pin
Min Period        n/a     RAMB18E1/CLKARDCLK  n/a            2.944         50.000      47.056     RAMB18_X3Y29     wallypipelinedsoc/core/ifu/bpred.bpred/Predictor.DirPredictor/PHT/ram.RAM_reg/CLKARDCLK
Max Period        n/a     MMCME2_ADV/CLKOUT2  n/a            213.360       50.000      163.360    MMCME2_ADV_X1Y2  mmcm/inst/mmcm_adv_inst/CLKOUT2
Low Pulse Width   Slow    RAMD32/CLK          n/a            1.250         25.000      23.750     SLICE_X128Y159   fpgaTop/clkconverter/clkconverter_axi_clock_converter_v2_1_35_axi_clock_converter/<hidden>/<hidden>/<hidden>/<hidden>/<hidden>/<hidden>/<hidden>
High Pulse Width  Slow    RAMD32/CLK          n/a            1.250         25.000      23.750     SLICE_X128Y159   fpgaTop/clkconverter/clkconverter_axi_clock_converter_v2_1_35_axi_clock_converter/<hidden>/<hidden>/<hidden>/<hidden>/<hidden>/<hidden>/<hidden>



---------------------------------------------------------------------------------------------------
From Clock:  clkfbout_mmcm
  To Clock:  clkfbout_mmcm

Setup :           NA  Failing Endpoints,  Worst Slack           NA  ,  Total Violation           NA
Hold  :           NA  Failing Endpoints,  Worst Slack           NA  ,  Total Violation           NA
PW    :            0  Failing Endpoints,  Worst Slack        7.845ns,  Total Violation        0.000ns
---------------------------------------------------------------------------------------------------


Pulse Width Checks
--------------------------------------------------------------------------------------
Clock Name:         clkfbout_mmcm
Waveform(ns):       { 0.000 5.000 }
Period(ns):         10.000
Sources:            { mmcm/inst/mmcm_adv_inst/CLKFBOUT }

Check Type  Corner  Lib Pin             Reference Pin  Required(ns)  Actual(ns)  Slack(ns)  Location         Pin
Min Period  n/a     BUFG/I              n/a            2.155         10.000      7.845      BUFGCTRL_X0Y5    mmcm/inst/clkf_buf/I
Max Period  n/a     MMCME2_ADV/CLKFBIN  n/a            100.000       10.000      90.000     MMCME2_ADV_X1Y2  mmcm/inst/mmcm_adv_inst/CLKFBIN



---------------------------------------------------------------------------------------------------
From Clock:  clk_pll_i
  To Clock:  clk_out1_videoclock

Setup :            0  Failing Endpoints,  Worst Slack        7.582ns,  Total Violation        0.000ns
Hold  :           NA  Failing Endpoints,  Worst Slack           NA  ,  Total Violation           NA
---------------------------------------------------------------------------------------------------


Max Delay Paths
--------------------------------------------------------------------------------------
Slack (MET) :             7.582ns  (required time - arrival time)
  Source:                 rasterixgen.rasterix/memory/rasterixmem_i/interconnect/inst/s02_nodes/s02_r_node/inst/inst_mi_handler/gen_normal_area.inst_fifo_node_payld/gen_xpm_memory_fifo.inst_fifo/gen_mem_rep[0].inst_xpm_memory/xpm_memory_base_inst/gen_wr_a.gen_word_narrow.mem_reg_0_31_30_35/RAMA/CLK
                            (rising edge-triggered cell RAMD32 clocked by clk_pll_i  {rise@0.000ns fall@5.000ns period=10.000ns})
  Destination:            rasterixgen.rasterix/memory/rasterixmem_i/interconnect/inst/s02_nodes/s02_r_node/inst/inst_mi_handler/gen_normal_area.inst_fifo_node_payld/gen_xpm_memory_fifo.inst_fifo/gen_mem_rep[0].inst_xpm_memory/xpm_memory_base_inst/gen_rd_b.gen_rd_b_synth_template.gen_rf_narrow_reg.doutb_reg_reg[30]/D
                            (rising edge-triggered cell FDRE clocked by clk_out1_videoclock  {rise@0.000ns fall@19.841ns period=39.683ns})
  Path Group:             clk_out1_videoclock
  Path Type:              Setup (Max at Slow Process Corner)
  Requirement:            10.000ns  (MaxDelay Path 10.000ns)
  Data Path Delay:        2.147ns  (logic 1.344ns (62.592%)  route 0.803ns (37.408%))
  Logic Levels:           0  
  Timing Exception:       MaxDelay Path 10.000ns -datapath_only

    Location             Delay type                Incr(ns)  Path(ns)    Netlist Resource(s)
  -------------------------------------------------------------------    -------------------
    SLICE_X136Y153                                    0.000     0.000 r  rasterixgen.rasterix/memory/rasterixmem_i/interconnect/inst/s02_nodes/s02_r_node/inst/inst_mi_handler/gen_normal_area.inst_fifo_node_payld/gen_xpm_memory_fifo.inst_fifo/gen_mem_rep[0].inst_xpm_memory/xpm_memory_base_inst/gen_wr_a.gen_word_narrow.mem_reg_0_31_30_35/RAMA/CLK
    SLICE_X136Y153       RAMD32 (Prop_ramd32_CLK_O)
                                                      1.344     1.344 r  rasterixgen.rasterix/memory/rasterixmem_i/interconnect/inst/s02_nodes/s02_r_node/inst/inst_mi_handler/gen_normal_area.inst_fifo_node_payld/gen_xpm_memory_fifo.inst_fifo/gen_mem_rep[0].inst_xpm_memory/xpm_memory_base_inst/gen_wr_a.gen_word_narrow.mem_reg_0_31_30_35/RAMA/O
                         net (fo=1, routed)           0.803     2.147    rasterixgen.rasterix/memory/rasterixmem_i/interconnect/inst/s02_nodes/s02_r_node/inst/inst_mi_handler/gen_normal_area.inst_fifo_node_payld/gen_xpm_memory_fifo.inst_fifo/gen_mem_rep[0].inst_xpm_memory/xpm_memory_base_inst/gen_rd_b.gen_rd_b_synth_template.gen_rf_narrow_reg.doutb_reg_reg0[30]
    SLICE_X138Y152       FDRE                                         r  rasterixgen.rasterix/memory/rasterixmem_i/interconnect/inst/s02_nodes/s02_r_node/inst/inst_mi_handler/gen_normal_area.inst_fifo_node_payld/gen_xpm_memory_fifo.inst_fifo/gen_mem_rep[0].inst_xpm_memory/xpm_memory_base_inst/gen_rd_b.gen_rd_b_synth_template.gen_rf_narrow_reg.doutb_reg_reg[30]/D
  -------------------------------------------------------------------    -------------------

                         max delay                   10.000    10.000    
    SLICE_X138Y152       FDRE (Setup_fdre_C_D)       -0.271     9.729    rasterixgen.rasterix/memory/rasterixmem_i/interconnect/inst/s02_nodes/s02_r_node/inst/inst_mi_handler/gen_normal_area.inst_fifo_node_payld/gen_xpm_memory_fifo.inst_fifo/gen_mem_rep[0].inst_xpm_memory/xpm_memory_base_inst/gen_rd_b.gen_rd_b_synth_template.gen_rf_narrow_reg.doutb_reg_reg[30]
  -------------------------------------------------------------------
                         required time                          9.729    
                         arrival time                          -2.147    
  -------------------------------------------------------------------
                         slack                                  7.582    





---------------------------------------------------------------------------------------------------
From Clock:  clk_out1_videoclock
  To Clock:  clk_out2_videoclock

Setup :            0  Failing Endpoints,  Worst Slack        4.580ns,  Total Violation        0.000ns
Hold  :            0  Failing Endpoints,  Worst Slack        0.063ns,  Total Violation        0.000ns
---------------------------------------------------------------------------------------------------


Max Delay Paths
--------------------------------------------------------------------------------------
Slack (MET) :             4.580ns  (required time - arrival time)
  Source:                 rasterixgen.rasterix/display/display/u_dvi/u_tmds_blue/encoded_q_reg[4]/C
                            (rising edge-triggered cell FDCE clocked by clk_out1_videoclock  {rise@0.000ns fall@19.841ns period=39.683ns})
  Destination:            rasterixgen.rasterix/display/display/u_dvi/tmds_blue_x5_q_reg[4]/D
                            (rising edge-triggered cell FDCE clocked by clk_out2_videoclock  {rise@0.000ns fall@3.968ns period=7.937ns})
  Path Group:             clk_out2_videoclock
  Path Type:              Setup (Max at Slow Process Corner)
  Requirement:            7.937ns  (clk_out2_videoclock rise@7.937ns - clk_out1_videoclock rise@0.000ns)
  Data Path Delay:        2.708ns  (logic 0.518ns (19.129%)  route 2.190ns (80.871%))
  Logic Levels:           0  
  Clock Path Skew:        -0.247ns (DCD - SCD + CPR)
    Destination Clock Delay (DCD):    -1.581ns = ( 6.355 - 7.937 ) 
    Source Clock Delay      (SCD):    -0.989ns
    Clock Pessimism Removal (CPR):    0.345ns
  Clock Uncertainty:      0.358ns  ((TSJ^2 + DJ^2)^1/2) / 2 + PE
    Total System Jitter     (TSJ):    0.071ns
    Discrete Jitter          (DJ):    0.470ns
    Phase Error              (PE):    0.120ns

    Location             Delay type                Incr(ns)  Path(ns)    Netlist Resource(s)
  -------------------------------------------------------------------    -------------------
                         (clock clk_out1_videoclock rise edge)
                                                      0.000     0.000 r  
    R4                                                0.000     0.000 r  clk (IN)
                         net (fo=0)                   0.000     0.000    mmcm/inst/clk_in1
    R4                   IBUF (Prop_ibuf_I_O)         1.475     1.475 r  mmcm/inst/clkin1_ibufg/O
                         net (fo=1, routed)           1.233     2.708    mmcm/inst/clk_in1_mmcm
    MMCME2_ADV_X1Y2      MMCME2_ADV (Prop_mmcme2_adv_CLKIN1_CLKOUT0)
                                                     -7.432    -4.724 r  mmcm/inst/mmcm_adv_inst/CLKOUT0
                         net (fo=1, routed)           1.808    -2.915    mmcm/inst/clk_out1_mmcm
    BUFGCTRL_X0Y2        BUFG (Prop_bufg_I_O)         0.096    -2.819 r  mmcm/inst/clkout1_buf/O
                         net (fo=2, routed)           2.106    -0.713    rasterixgen.videoclock/inst/clk_in1
    MMCME2_ADV_X1Y0      MMCME2_ADV (Prop_mmcme2_adv_CLKIN1_CLKOUT0)
                                                     -4.900    -5.613 r  rasterixgen.videoclock/inst/mmcm_adv_inst/CLKOUT0
                         net (fo=1, routed)           2.697    -2.915    rasterixgen.videoclock/inst/clk_out1_videoclock
    BUFGCTRL_X0Y4        BUFG (Prop_bufg_I_O)         0.096    -2.819 r  rasterixgen.videoclock/inst/clkout1_buf/O
                         net (fo=868, routed)         1.830    -0.989    rasterixgen.rasterix/display/display/u_dvi/u_tmds_blue/PixelCLK
    SLICE_X158Y146       FDCE                                         r  rasterixgen.rasterix/display/display/u_dvi/u_tmds_blue/encoded_q_reg[4]/C
  -------------------------------------------------------------------    -------------------
    SLICE_X158Y146       FDCE (Prop_fdce_C_Q)         0.518    -0.471 r  rasterixgen.rasterix/display/display/u_dvi/u_tmds_blue/encoded_q_reg[4]/Q
                         net (fo=1, routed)           2.190     1.719    rasterixgen.rasterix/display/display/u_dvi/u_tmds_blue_n_16
    SLICE_X158Y144       FDCE                                         r  rasterixgen.rasterix/display/display/u_dvi/tmds_blue_x5_q_reg[4]/D
  -------------------------------------------------------------------    -------------------

                         (clock clk_out2_videoclock rise edge)
                                                      7.937     7.937 r  
    R4                                                0.000     7.937 r  clk (IN)
                         net (fo=0)                   0.000     7.937    mmcm/inst/clk_in1
    R4                   IBUF (Prop_ibuf_I_O)         1.405     9.341 r  mmcm/inst/clkin1_ibufg/O
                         net (fo=1, routed)           1.162    10.503    mmcm/inst/clk_in1_mmcm
    MMCME2_ADV_X1Y2      MMCME2_ADV (Prop_mmcme2_adv_CLKIN1_CLKOUT0)
                                                     -7.674     2.830 r  mmcm/inst/mmcm_adv_inst/CLKOUT0
                         net (fo=1, routed)           1.723     4.553    mmcm/inst/clk_out1_mmcm
    BUFGCTRL_X0Y2        BUFG (Prop_bufg_I_O)         0.091     4.644 r  mmcm/inst/clkout1_buf/O
                         net (fo=2, routed)           1.972     6.615    rasterixgen.videoclock/inst/clk_in1
    MMCME2_ADV_X1Y0      MMCME2_ADV (Prop_mmcme2_adv_CLKIN1_CLKOUT1)
                                                     -4.637     1.979 r  rasterixgen.videoclock/inst/mmcm_adv_inst/CLKOUT1
                         net (fo=1, routed)           2.574     4.553    rasterixgen.videoclock/inst/clk_out2_videoclock
    BUFGCTRL_X0Y0        BUFG (Prop_bufg_I_O)         0.091     4.644 r  rasterixgen.videoclock/inst/clkout2_buf/O
                         net (fo=77, routed)          1.711     6.355    rasterixgen.rasterix/display/display/u_dvi/SerialCLK
    SLICE_X158Y144       FDCE                                         r  rasterixgen.rasterix/display/display/u_dvi/tmds_blue_x5_q_reg[4]/C
                         clock pessimism              0.345     6.700    
                         clock uncertainty           -0.358     6.343    
    SLICE_X158Y144       FDCE (Setup_fdce_C_D)       -0.043     6.300    rasterixgen.rasterix/display/display/u_dvi/tmds_blue_x5_q_reg[4]
  -------------------------------------------------------------------
                         required time                          6.300    
                         arrival time                          -1.719    
  -------------------------------------------------------------------
                         slack                                  4.580    





Min Delay Paths
--------------------------------------------------------------------------------------
Slack (MET) :             0.063ns  (arrival time - required time)
  Source:                 rasterixgen.rasterix/display/display/u_dvi/u_tmds_blue/encoded_q_reg[8]/C
                            (rising edge-triggered cell FDCE clocked by clk_out1_videoclock  {rise@0.000ns fall@19.841ns period=39.683ns})
  Destination:            rasterixgen.rasterix/display/display/u_dvi/tmds_blue_x5_q_reg[8]/D
                            (rising edge-triggered cell FDCE clocked by clk_out2_videoclock  {rise@0.000ns fall@3.968ns period=7.937ns})
  Path Group:             clk_out2_videoclock
  Path Type:              Hold (Min at Fast Process Corner)
  Requirement:            0.000ns  (clk_out2_videoclock rise@0.000ns - clk_out1_videoclock rise@0.000ns)
  Data Path Delay:        0.810ns  (logic 0.128ns (15.802%)  route 0.682ns (84.198%))
  Logic Levels:           0  
  Clock Path Skew:        0.354ns (DCD - SCD - CPR)
    Destination Clock Delay (DCD):    -0.893ns
    Source Clock Delay      (SCD):    -0.653ns
    Clock Pessimism Removal (CPR):    -0.595ns
  Clock Uncertainty:      0.358ns  ((TSJ^2 + DJ^2)^1/2) / 2 + PE
    Total System Jitter     (TSJ):    0.071ns
    Discrete Jitter          (DJ):    0.470ns
    Phase Error              (PE):    0.120ns

    Location             Delay type                Incr(ns)  Path(ns)    Netlist Resource(s)
  -------------------------------------------------------------------    -------------------
                         (clock clk_out1_videoclock rise edge)
                                                      0.000     0.000 r  
    R4                                                0.000     0.000 r  clk (IN)
                         net (fo=0)                   0.000     0.000    mmcm/inst/clk_in1
    R4                   IBUF (Prop_ibuf_I_O)         0.243     0.243 r  mmcm/inst/clkin1_ibufg/O
                         net (fo=1, routed)           0.440     0.683    mmcm/inst/clk_in1_mmcm
    MMCME2_ADV_X1Y2      MMCME2_ADV (Prop_mmcme2_adv_CLKIN1_CLKOUT0)
                                                     -2.540    -1.856 r  mmcm/inst/mmcm_adv_inst/CLKOUT0
                         net (fo=1, routed)           0.531    -1.325    mmcm/inst/clk_out1_mmcm
    BUFGCTRL_X0Y2        BUFG (Prop_bufg_I_O)         0.026    -1.299 r  mmcm/inst/clkout1_buf/O
                         net (fo=2, routed)           0.745    -0.555    rasterixgen.videoclock/inst/clk_in1
    MMCME2_ADV_X1Y0      MMCME2_ADV (Prop_mmcme2_adv_CLKIN1_CLKOUT0)
                                                     -1.683    -2.237 r  rasterixgen.videoclock/inst/mmcm_adv_inst/CLKOUT0
                         net (fo=1, routed)           0.912    -1.325    rasterixgen.videoclock/inst/clk_out1_videoclock
    BUFGCTRL_X0Y4        BUFG (Prop_bufg_I_O)         0.026    -1.299 r  rasterixgen.videoclock/inst/clkout1_buf/O
                         net (fo=868, routed)         0.647    -0.653    rasterixgen.rasterix/display/display/u_dvi/u_tmds_blue/PixelCLK
    SLICE_X159Y145       FDCE                                         r  rasterixgen.rasterix/display/display/u_dvi/u_tmds_blue/encoded_q_reg[8]/C
  -------------------------------------------------------------------    -------------------
    SLICE_X159Y145       FDCE (Prop_fdce_C_Q)         0.128    -0.525 r  rasterixgen.rasterix/display/display/u_dvi/u_tmds_blue/encoded_q_reg[8]/Q
                         net (fo=1, routed)           0.682     0.157    rasterixgen.rasterix/display/display/u_dvi/u_tmds_blue_n_12
    SLICE_X162Y145       FDCE                                         r  rasterixgen.rasterix/display/display/u_dvi/tmds_blue_x5_q_reg[8]/D
  -------------------------------------------------------------------    -------------------

                         (clock clk_out2_videoclock rise edge)
                                                      0.000     0.000 r  
    R4                                                0.000     0.000 r  clk (IN)
                         net (fo=0)                   0.000     0.000    mmcm/inst/clk_in1
    R4                   IBUF (Prop_ibuf_I_O)         0.431     0.431 r  mmcm/inst/clkin1_ibufg/O
                         net (fo=1, routed)           0.480     0.911    mmcm/inst/clk_in1_mmcm
    MMCME2_ADV_X1Y2      MMCME2_ADV (Prop_mmcme2_adv_CLKIN1_CLKOUT0)
                                                     -3.332    -2.421 r  mmcm/inst/mmcm_adv_inst/CLKOUT0
                         net (fo=1, routed)           0.579    -1.843    mmcm/inst/clk_out1_mmcm
    BUFGCTRL_X0Y2        BUFG (Prop_bufg_I_O)         0.029    -1.814 r  mmcm/inst/clkout1_buf/O
                         net (fo=2, routed)           1.022    -0.792    rasterixgen.videoclock/inst/clk_in1
    MMCME2_ADV_X1Y0      MMCME2_ADV (Prop_mmcme2_adv_CLKIN1_CLKOUT1)
                                                     -2.040    -2.832 r  rasterixgen.videoclock/inst/mmcm_adv_inst/CLKOUT1
                         net (fo=1, routed)           0.989    -1.843    rasterixgen.videoclock/inst/clk_out2_videoclock
    BUFGCTRL_X0Y0        BUFG (Prop_bufg_I_O)         0.029    -1.814 r  rasterixgen.videoclock/inst/clkout2_buf/O
                         net (fo=77, routed)          0.921    -0.893    rasterixgen.rasterix/display/display/u_dvi/SerialCLK
    SLICE_X162Y145       FDCE                                         r  rasterixgen.rasterix/display/display/u_dvi/tmds_blue_x5_q_reg[8]/C
                         clock pessimism              0.595    -0.298    
                         clock uncertainty            0.358     0.059    
    SLICE_X162Y145       FDCE (Hold_fdce_C_D)         0.035     0.094    rasterixgen.rasterix/display/display/u_dvi/tmds_blue_x5_q_reg[8]
  -------------------------------------------------------------------
                         required time                         -0.094    
                         arrival time                           0.157    
  -------------------------------------------------------------------
                         slack                                  0.063    





---------------------------------------------------------------------------------------------------
From Clock:  clk_pll_i
  To Clock:  u_memc_ui_top_axi/mem_intfc0/ddr_phy_top0/u_ddr_mc_phy_wrapper/u_ddr_mc_phy/ddr_phy_4lanes_0.u_ddr_phy_4lanes/ddr_byte_lane_C.ddr_byte_lane_C/iserdes_clk

Setup :            0  Failing Endpoints,  Worst Slack        6.412ns,  Total Violation        0.000ns
Hold  :            0  Failing Endpoints,  Worst Slack       38.353ns,  Total Violation        0.000ns
---------------------------------------------------------------------------------------------------


Max Delay Paths
--------------------------------------------------------------------------------------
Slack (MET) :             6.412ns  (required time - arrival time)
  Source:                 ddr3/u_ddr3_mig/u_memc_ui_top_axi/mem_intfc0/mc0/mc_read_idle_r_reg/C
                            (rising edge-triggered cell FDRE clocked by clk_pll_i  {rise@0.000ns fall@5.000ns period=10.000ns})
  Destination:            ddr3/u_ddr3_mig/u_memc_ui_top_axi/mem_intfc0/ddr_phy_top0/u_ddr_mc_phy_wrapper/u_ddr_mc_phy/ddr_phy_4lanes_0.u_ddr_phy_4lanes/ddr_byte_lane_C.ddr_byte_lane_C/ddr_byte_group_io/input_[1].iserdes_dq_.iserdesdq/DDLY
                            (falling edge-triggered cell ISERDESE2 clocked by u_memc_ui_top_axi/mem_intfc0/ddr_phy_top0/u_ddr_mc_phy_wrapper/u_ddr_mc_phy/ddr_phy_4lanes_0.u_ddr_phy_4lanes/ddr_byte_lane_C.ddr_byte_lane_C/iserdes_clk  {rise@0.000ns fall@1.250ns period=2.500ns})
  Path Group:             u_memc_ui_top_axi/mem_intfc0/ddr_phy_top0/u_ddr_mc_phy_wrapper/u_ddr_mc_phy/ddr_phy_4lanes_0.u_ddr_phy_4lanes/ddr_byte_lane_C.ddr_byte_lane_C/iserdes_clk
  Path Type:              Setup (Max at Slow Process Corner)
  Requirement:            13.750ns  (u_memc_ui_top_axi/mem_intfc0/ddr_phy_top0/u_ddr_mc_phy_wrapper/u_ddr_mc_phy/ddr_phy_4lanes_0.u_ddr_phy_4lanes/ddr_byte_lane_C.ddr_byte_lane_C/iserdes_clk fall@13.750ns - clk_pll_i rise@0.000ns)
  Data Path Delay:        6.938ns  (logic 3.867ns (55.734%)  route 3.071ns (44.266%))
  Logic Levels:           2  (IBUF_INTERMDISABLE=1 IDELAYE2=1)
  Clock Path Skew:        -0.012ns (DCD - SCD + CPR)
    Destination Clock Delay (DCD):    0.865ns = ( 2.115 - 1.250 ) 
    Source Clock Delay      (SCD):    1.475ns
    Clock Pessimism Removal (CPR):    0.597ns
  Clock Uncertainty:      0.222ns  ((TSJ^2 + DJ^2)^1/2) / 2 + PE
    Total System Jitter     (TSJ):    0.071ns
    Discrete Jitter          (DJ):    0.098ns
    Phase Error              (PE):    0.162ns
  Timing Exception:       MultiCycle Path   Setup -end   6

    Location             Delay type                Incr(ns)  Path(ns)    Netlist Resource(s)
  -------------------------------------------------------------------    -------------------
                         (clock clk_pll_i rise edge)
                                                      0.000     0.000 r  
    R4                                                0.000     0.000 r  clk (IN)
                         net (fo=0)                   0.000     0.000    mmcm/inst/clk_in1
    R4                   IBUF (Prop_ibuf_I_O)         1.475     1.475 r  mmcm/inst/clkin1_ibufg/O
                         net (fo=1, routed)           1.233     2.708    mmcm/inst/clk_in1_mmcm
    MMCME2_ADV_X1Y2      MMCME2_ADV (Prop_mmcme2_adv_CLKIN1_CLKOUT0)
                                                     -7.432    -4.724 r  mmcm/inst/mmcm_adv_inst/CLKOUT0
                         net (fo=1, routed)           1.808    -2.915    mmcm/inst/clk_out1_mmcm
    BUFGCTRL_X0Y2        BUFG (Prop_bufg_I_O)         0.096    -2.819 r  mmcm/inst/clkout1_buf/O
                         net (fo=2, routed)           1.754    -1.065    ddr3/u_ddr3_mig/u_ddr3_infrastructure/mmcm_clk
    PLLE2_ADV_X1Y3       PLLE2_ADV (Prop_plle2_adv_CLKIN1_CLKOUT3)
                                                      0.088    -0.977 r  ddr3/u_ddr3_mig/u_ddr3_infrastructure/plle2_i/CLKOUT3
                         net (fo=1, routed)           1.370     0.393    ddr3/u_ddr3_mig/u_ddr3_infrastructure/pll_clk3_out
    BUFHCE_X1Y36         BUFH (Prop_bufh_I_O)         0.127     0.520 r  ddr3/u_ddr3_mig/u_ddr3_infrastructure/u_bufh_pll_clk3/O
                         net (fo=1, routed)           0.943     1.463    ddr3/u_ddr3_mig/u_ddr3_infrastructure/pll_clk3
    MMCME2_ADV_X1Y3      MMCME2_ADV (Prop_mmcme2_adv_CLKIN1_CLKFBOUT)
                                                     -3.633    -2.171 r  ddr3/u_ddr3_mig/u_ddr3_infrastructure/gen_mmcm.mmcm_i/CLKFBOUT
                         net (fo=1, routed)           1.808    -0.362    ddr3/u_ddr3_mig/u_ddr3_infrastructure/clk_pll_i
    BUFGCTRL_X0Y16       BUFG (Prop_bufg_I_O)         0.096    -0.266 r  ddr3/u_ddr3_mig/u_ddr3_infrastructure/u_bufg_clkdiv0/O
                         net (fo=25277, routed)       1.741     1.475    ddr3/u_ddr3_mig/u_memc_ui_top_axi/mem_intfc0/mc0/CLK
    SLICE_X145Y193       FDRE                                         r  ddr3/u_ddr3_mig/u_memc_ui_top_axi/mem_intfc0/mc0/mc_read_idle_r_reg/C
  -------------------------------------------------------------------    -------------------
    SLICE_X145Y193       FDRE (Prop_fdre_C_Q)         0.456     1.931 r  ddr3/u_ddr3_mig/u_memc_ui_top_axi/mem_intfc0/mc0/mc_read_idle_r_reg/Q
                         net (fo=36, routed)          3.071     5.002    ddr3/u_ddr3_mig/u_memc_ui_top_axi/mem_intfc0/ddr_phy_top0/u_ddr_mc_phy_wrapper/gen_dq_iobuf_HR.gen_dq_iobuf[1].u_iobuf_dq/IBUFDISABLE
    H4                   IBUF_INTERMDISABLE (Prop_ibuf_intermdisable_IBUFDISABLE_O)
                                                      2.596     7.598 r  ddr3/u_ddr3_mig/u_memc_ui_top_axi/mem_intfc0/ddr_phy_top0/u_ddr_mc_phy_wrapper/gen_dq_iobuf_HR.gen_dq_iobuf[1].u_iobuf_dq/IBUF/O
                         net (fo=2, routed)           0.000     7.598    ddr3/u_ddr3_mig/u_memc_ui_top_axi/mem_intfc0/ddr_phy_top0/u_ddr_mc_phy_wrapper/u_ddr_mc_phy/ddr_phy_4lanes_0.u_ddr_phy_4lanes/ddr_byte_lane_C.ddr_byte_lane_C/ddr_byte_group_io/in_dq_1
    IDELAY_X1Y176        IDELAYE2 (Prop_idelaye2_IDATAIN_DATAOUT)
                                                      0.815     8.413 r  ddr3/u_ddr3_mig/u_memc_ui_top_axi/mem_intfc0/ddr_phy_top0/u_ddr_mc_phy_wrapper/u_ddr_mc_phy/ddr_phy_4lanes_0.u_ddr_phy_4lanes/ddr_byte_lane_C.ddr_byte_lane_C/ddr_byte_group_io/input_[1].iserdes_dq_.idelay_dq.idelaye2/DATAOUT
                         net (fo=1, routed)           0.000     8.413    ddr3/u_ddr3_mig/u_memc_ui_top_axi/mem_intfc0/ddr_phy_top0/u_ddr_mc_phy_wrapper/u_ddr_mc_phy/ddr_phy_4lanes_0.u_ddr_phy_4lanes/ddr_byte_lane_C.ddr_byte_lane_C/ddr_byte_group_io/data_in_dly_1
    ILOGIC_X1Y176        ISERDESE2                                    r  ddr3/u_ddr3_mig/u_memc_ui_top_axi/mem_intfc0/ddr_phy_top0/u_ddr_mc_phy_wrapper/u_ddr_mc_phy/ddr_phy_4lanes_0.u_ddr_phy_4lanes/ddr_byte_lane_C.ddr_byte_lane_C/ddr_byte_group_io/input_[1].iserdes_dq_.iserdesdq/DDLY
  -------------------------------------------------------------------    -------------------

                         (clock u_memc_ui_top_axi/mem_intfc0/ddr_phy_top0/u_ddr_mc_phy_wrapper/u_ddr_mc_phy/ddr_phy_4lanes_0.u_ddr_phy_4lanes/ddr_byte_lane_C.ddr_byte_lane_C/iserdes_clk fall edge)
                                                     13.750    13.750 f  
    R4                                                0.000    13.750 f  clk (IN)
                         net (fo=0)                   0.000    13.750    mmcm/inst/clk_in1
    R4                   IBUF (Prop_ibuf_I_O)         1.405    15.155 f  mmcm/inst/clkin1_ibufg/O
                         net (fo=1, routed)           1.162    16.317    mmcm/inst/clk_in1_mmcm
    MMCME2_ADV_X1Y2      MMCME2_ADV (Prop_mmcme2_adv_CLKIN1_CLKOUT0)
                                                     -7.674     8.643 f  mmcm/inst/mmcm_adv_inst/CLKOUT0
                         net (fo=1, routed)           1.723    10.366    mmcm/inst/clk_out1_mmcm
    BUFGCTRL_X0Y2        BUFG (Prop_bufg_I_O)         0.091    10.457 f  mmcm/inst/clkout1_buf/O
                         net (fo=2, routed)           1.636    12.093    ddr3/u_ddr3_mig/u_ddr3_infrastructure/mmcm_clk
    PLLE2_ADV_X1Y3       PLLE2_ADV (Prop_plle2_adv_CLKIN1_CLKOUT0)
                                                      0.083    12.176 f  ddr3/u_ddr3_mig/u_ddr3_infrastructure/plle2_i/CLKOUT0
                         net (fo=7, routed)           0.576    12.752    ddr3/u_ddr3_mig/u_memc_ui_top_axi/mem_intfc0/ddr_phy_top0/u_ddr_mc_phy_wrapper/u_ddr_mc_phy/ddr_phy_4lanes_0.u_ddr_phy_4lanes/ddr_byte_lane_C.ddr_byte_lane_C/freq_refclk
    PHASER_IN_PHY_X1Y14  PHASER_IN_PHY (Prop_phaser_in_phy_FREQREFCLK_ICLK)
                                                      1.455    14.206 f  ddr3/u_ddr3_mig/u_memc_ui_top_axi/mem_intfc0/ddr_phy_top0/u_ddr_mc_phy_wrapper/u_ddr_mc_phy/ddr_phy_4lanes_0.u_ddr_phy_4lanes/ddr_byte_lane_C.ddr_byte_lane_C/phaser_in_gen.phaser_in/ICLK
                         net (fo=16, routed)          0.409    14.615    ddr3/u_ddr3_mig/u_memc_ui_top_axi/mem_intfc0/ddr_phy_top0/u_ddr_mc_phy_wrapper/u_ddr_mc_phy/ddr_phy_4lanes_0.u_ddr_phy_4lanes/ddr_byte_lane_C.ddr_byte_lane_C/ddr_byte_group_io/CLKB0
    ILOGIC_X1Y176        ISERDESE2                                    r  ddr3/u_ddr3_mig/u_memc_ui_top_axi/mem_intfc0/ddr_phy_top0/u_ddr_mc_phy_wrapper/u_ddr_mc_phy/ddr_phy_4lanes_0.u_ddr_phy_4lanes/ddr_byte_lane_C.ddr_byte_lane_C/ddr_byte_group_io/input_[1].iserdes_dq_.iserdesdq/CLKB  (IS_INVERTED)
                         clock pessimism              0.597    15.212    
                         clock uncertainty           -0.222    14.990    
    ILOGIC_X1Y176        ISERDESE2 (Setup_iserdese2_CLKB_DDLY)
                                                     -0.165    14.825    ddr3/u_ddr3_mig/u_memc_ui_top_axi/mem_intfc0/ddr_phy_top0/u_ddr_mc_phy_wrapper/u_ddr_mc_phy/ddr_phy_4lanes_0.u_ddr_phy_4lanes/ddr_byte_lane_C.ddr_byte_lane_C/ddr_byte_group_io/input_[1].iserdes_dq_.iserdesdq
  -------------------------------------------------------------------
                         required time                         14.825    
                         arrival time                          -8.413    
  -------------------------------------------------------------------
                         slack                                  6.412    





Min Delay Paths
--------------------------------------------------------------------------------------
Slack (MET) :             38.353ns  (arrival time - required time)
  Source:                 ddr3/u_ddr3_mig/u_memc_ui_top_axi/mem_intfc0/mc0/mc_read_idle_r_reg/C
                            (rising edge-triggered cell FDRE clocked by clk_pll_i  {rise@0.000ns fall@5.000ns period=10.000ns})
  Destination:            ddr3/u_ddr3_mig/u_memc_ui_top_axi/mem_intfc0/ddr_phy_top0/u_ddr_mc_phy_wrapper/u_ddr_mc_phy/ddr_phy_4lanes_0.u_ddr_phy_4lanes/ddr_byte_lane_C.ddr_byte_lane_C/ddr_byte_group_io/input_[9].iserdes_dq_.iserdesdq/DDLY
                            (rising edge-triggered cell ISERDESE2 clocked by u_memc_ui_top_axi/mem_intfc0/ddr_phy_top0/u_ddr_mc_phy_wrapper/u_ddr_mc_phy/ddr_phy_4lanes_0.u_ddr_phy_4lanes/ddr_byte_lane_C.ddr_byte_lane_C/iserdes_clk  {rise@0.000ns fall@1.250ns period=2.500ns})
  Path Group:             u_memc_ui_top_axi/mem_intfc0/ddr_phy_top0/u_ddr_mc_phy_wrapper/u_ddr_mc_phy/ddr_phy_4lanes_0.u_ddr_phy_4lanes/ddr_byte_lane_C.ddr_byte_lane_C/iserdes_clk
  Path Type:              Hold (Min at Fast Process Corner)
  Requirement:            -37.500ns  (u_memc_ui_top_axi/mem_intfc0/ddr_phy_top0/u_ddr_mc_phy_wrapper/u_ddr_mc_phy/ddr_phy_4lanes_0.u_ddr_phy_4lanes/ddr_byte_lane_C.ddr_byte_lane_C/iserdes_clk rise@12.500ns - clk_pll_i rise@50.000ns)
  Data Path Delay:        1.971ns  (logic 1.068ns (54.191%)  route 0.903ns (45.809%))
  Logic Levels:           2  (IBUF_INTERMDISABLE=1 IDELAYE2=1)
  Clock Path Skew:        0.840ns (DCD - SCD - CPR)
    Destination Clock Delay (DCD):    0.730ns
    Source Clock Delay      (SCD):    0.132ns
    Clock Pessimism Removal (CPR):    -0.242ns
  Clock Uncertainty:      0.222ns  ((TSJ^2 + DJ^2)^1/2) / 2 + PE
    Total System Jitter     (TSJ):    0.071ns
    Discrete Jitter          (DJ):    0.098ns
    Phase Error              (PE):    0.162ns
  Timing Exception:       MultiCycle Path   Setup -end   6    Hold  -start 5

    Location             Delay type                Incr(ns)  Path(ns)    Netlist Resource(s)
  -------------------------------------------------------------------    -------------------
                         (clock clk_pll_i rise edge)
                                                     50.000    50.000 r  
    R4                                                0.000    50.000 r  clk (IN)
                         net (fo=0)                   0.000    50.000    mmcm/inst/clk_in1
    R4                   IBUF (Prop_ibuf_I_O)         0.243    50.243 r  mmcm/inst/clkin1_ibufg/O
                         net (fo=1, routed)           0.440    50.683    mmcm/inst/clk_in1_mmcm
    MMCME2_ADV_X1Y2      MMCME2_ADV (Prop_mmcme2_adv_CLKIN1_CLKOUT0)
                                                     -2.540    48.144 r  mmcm/inst/mmcm_adv_inst/CLKOUT0
                         net (fo=1, routed)           0.531    48.675    mmcm/inst/clk_out1_mmcm
    BUFGCTRL_X0Y2        BUFG (Prop_bufg_I_O)         0.026    48.701 r  mmcm/inst/clkout1_buf/O
                         net (fo=2, routed)           0.606    49.306    ddr3/u_ddr3_mig/u_ddr3_infrastructure/mmcm_clk
    PLLE2_ADV_X1Y3       PLLE2_ADV (Prop_plle2_adv_CLKIN1_CLKOUT3)
                                                      0.050    49.356 r  ddr3/u_ddr3_mig/u_ddr3_infrastructure/plle2_i/CLKOUT3
                         net (fo=1, routed)           0.426    49.782    ddr3/u_ddr3_mig/u_ddr3_infrastructure/pll_clk3_out
    BUFHCE_X1Y36         BUFH (Prop_bufh_I_O)         0.020    49.802 r  ddr3/u_ddr3_mig/u_ddr3_infrastructure/u_bufh_pll_clk3/O
                         net (fo=1, routed)           0.313    50.115    ddr3/u_ddr3_mig/u_ddr3_infrastructure/pll_clk3
    MMCME2_ADV_X1Y3      MMCME2_ADV (Prop_mmcme2_adv_CLKIN1_CLKFBOUT)
                                                     -1.156    48.960 r  ddr3/u_ddr3_mig/u_ddr3_infrastructure/gen_mmcm.mmcm_i/CLKFBOUT
                         net (fo=1, routed)           0.531    49.491    ddr3/u_ddr3_mig/u_ddr3_infrastructure/clk_pll_i
    BUFGCTRL_X0Y16       BUFG (Prop_bufg_I_O)         0.026    49.517 r  ddr3/u_ddr3_mig/u_ddr3_infrastructure/u_bufg_clkdiv0/O
                         net (fo=25277, routed)       0.616    50.132    ddr3/u_ddr3_mig/u_memc_ui_top_axi/mem_intfc0/mc0/CLK
    SLICE_X145Y193       FDRE                                         r  ddr3/u_ddr3_mig/u_memc_ui_top_axi/mem_intfc0/mc0/mc_read_idle_r_reg/C
  -------------------------------------------------------------------    -------------------
    SLICE_X145Y193       FDRE (Prop_fdre_C_Q)         0.141    50.273 r  ddr3/u_ddr3_mig/u_memc_ui_top_axi/mem_intfc0/mc0/mc_read_idle_r_reg/Q
                         net (fo=36, routed)          0.903    51.176    ddr3/u_ddr3_mig/u_memc_ui_top_axi/mem_intfc0/ddr_phy_top0/u_ddr_mc_phy_wrapper/gen_dq_iobuf_HR.gen_dq_iobuf[4].u_iobuf_dq/IBUFDISABLE
    K1                   IBUF_INTERMDISABLE (Prop_ibuf_intermdisable_IBUFDISABLE_O)
                                                      0.684    51.860 r  ddr3/u_ddr3_mig/u_memc_ui_top_axi/mem_intfc0/ddr_phy_top0/u_ddr_mc_phy_wrapper/gen_dq_iobuf_HR.gen_dq_iobuf[4].u_iobuf_dq/IBUF/O
                         net (fo=2, routed)           0.000    51.860    ddr3/u_ddr3_mig/u_memc_ui_top_axi/mem_intfc0/ddr_phy_top0/u_ddr_mc_phy_wrapper/u_ddr_mc_phy/ddr_phy_4lanes_0.u_ddr_phy_4lanes/ddr_byte_lane_C.ddr_byte_lane_C/ddr_byte_group_io/in_dq_4
    IDELAY_X1Y186        IDELAYE2 (Prop_idelaye2_IDATAIN_DATAOUT)
                                                      0.243    52.103 r  ddr3/u_ddr3_mig/u_memc_ui_top_axi/mem_intfc0/ddr_phy_top0/u_ddr_mc_phy_wrapper/u_ddr_mc_phy/ddr_phy_4lanes_0.u_ddr_phy_4lanes/ddr_byte_lane_C.ddr_byte_lane_C/ddr_byte_group_io/input_[9].iserdes_dq_.idelay_dq.idelaye2/DATAOUT
                         net (fo=1, routed)           0.000    52.103    ddr3/u_ddr3_mig/u_memc_ui_top_axi/mem_intfc0/ddr_phy_top0/u_ddr_mc_phy_wrapper/u_ddr_mc_phy/ddr_phy_4lanes_0.u_ddr_phy_4lanes/ddr_byte_lane_C.ddr_byte_lane_C/ddr_byte_group_io/data_in_dly_9
    ILOGIC_X1Y186        ISERDESE2                                    r  ddr3/u_ddr3_mig/u_memc_ui_top_axi/mem_intfc0/ddr_phy_top0/u_ddr_mc_phy_wrapper/u_ddr_mc_phy/ddr_phy_4lanes_0.u_ddr_phy_4lanes/ddr_byte_lane_C.ddr_byte_lane_C/ddr_byte_group_io/input_[9].iserdes_dq_.iserdesdq/DDLY
  -------------------------------------------------------------------    -------------------

                         (clock u_memc_ui_top_axi/mem_intfc0/ddr_phy_top0/u_ddr_mc_phy_wrapper/u_ddr_mc_phy/ddr_phy_4lanes_0.u_ddr_phy_4lanes/ddr_byte_lane_C.ddr_byte_lane_C/iserdes_clk rise edge)
                                                     12.500    12.500 r  
    R4                                                0.000    12.500 r  clk (IN)
                         net (fo=0)                   0.000    12.500    mmcm/inst/clk_in1
    R4                   IBUF (Prop_ibuf_I_O)         0.431    12.931 r  mmcm/inst/clkin1_ibufg/O
                         net (fo=1, routed)           0.480    13.411    mmcm/inst/clk_in1_mmcm
    MMCME2_ADV_X1Y2      MMCME2_ADV (Prop_mmcme2_adv_CLKIN1_CLKOUT0)
                                                     -3.332    10.079 r  mmcm/inst/mmcm_adv_inst/CLKOUT0
                         net (fo=1, routed)           0.579    10.657    mmcm/inst/clk_out1_mmcm
    BUFGCTRL_X0Y2        BUFG (Prop_bufg_I_O)         0.029    10.686 r  mmcm/inst/clkout1_buf/O
                         net (fo=2, routed)           0.875    11.561    ddr3/u_ddr3_mig/u_ddr3_infrastructure/mmcm_clk
    PLLE2_ADV_X1Y3       PLLE2_ADV (Prop_plle2_adv_CLKIN1_CLKOUT0)
                                                      0.053    11.614 r  ddr3/u_ddr3_mig/u_ddr3_infrastructure/plle2_i/CLKOUT0
                         net (fo=7, routed)           0.217    11.831    ddr3/u_ddr3_mig/u_memc_ui_top_axi/mem_intfc0/ddr_phy_top0/u_ddr_mc_phy_wrapper/u_ddr_mc_phy/ddr_phy_4lanes_0.u_ddr_phy_4lanes/ddr_byte_lane_C.ddr_byte_lane_C/freq_refclk
    PHASER_IN_PHY_X1Y14  PHASER_IN_PHY (Prop_phaser_in_phy_FREQREFCLK_ICLK)
                                                      1.219    13.050 r  ddr3/u_ddr3_mig/u_memc_ui_top_axi/mem_intfc0/ddr_phy_top0/u_ddr_mc_phy_wrapper/u_ddr_mc_phy/ddr_phy_4lanes_0.u_ddr_phy_4lanes/ddr_byte_lane_C.ddr_byte_lane_C/phaser_in_gen.phaser_in/ICLK
                         net (fo=16, routed)          0.180    13.230    ddr3/u_ddr3_mig/u_memc_ui_top_axi/mem_intfc0/ddr_phy_top0/u_ddr_mc_phy_wrapper/u_ddr_mc_phy/ddr_phy_4lanes_0.u_ddr_phy_4lanes/ddr_byte_lane_C.ddr_byte_lane_C/ddr_byte_group_io/input_[9].iserdes_dq_.iserdesdq_0
    ILOGIC_X1Y186        ISERDESE2                                    r  ddr3/u_ddr3_mig/u_memc_ui_top_axi/mem_intfc0/ddr_phy_top0/u_ddr_mc_phy_wrapper/u_ddr_mc_phy/ddr_phy_4lanes_0.u_ddr_phy_4lanes/ddr_byte_lane_C.ddr_byte_lane_C/ddr_byte_group_io/input_[9].iserdes_dq_.iserdesdq/CLK
                         clock pessimism              0.242    13.473    
                         clock uncertainty            0.222    13.694    
    ILOGIC_X1Y186        ISERDESE2 (Hold_iserdese2_CLK_DDLY)
                                                      0.056    13.750    ddr3/u_ddr3_mig/u_memc_ui_top_axi/mem_intfc0/ddr_phy_top0/u_ddr_mc_phy_wrapper/u_ddr_mc_phy/ddr_phy_4lanes_0.u_ddr_phy_4lanes/ddr_byte_lane_C.ddr_byte_lane_C/ddr_byte_group_io/input_[9].iserdes_dq_.iserdesdq
  -------------------------------------------------------------------
                         required time                        -13.750    
                         arrival time                          52.103    
  -------------------------------------------------------------------
                         slack                                 38.353    





---------------------------------------------------------------------------------------------------
From Clock:  clk_pll_i
  To Clock:  u_memc_ui_top_axi/mem_intfc0/ddr_phy_top0/u_ddr_mc_phy_wrapper/u_ddr_mc_phy/ddr_phy_4lanes_0.u_ddr_phy_4lanes/ddr_byte_lane_D.ddr_byte_lane_D/iserdes_clk

Setup :            0  Failing Endpoints,  Worst Slack        7.523ns,  Total Violation        0.000ns
Hold  :            0  Failing Endpoints,  Worst Slack       37.934ns,  Total Violation        0.000ns
---------------------------------------------------------------------------------------------------


Max Delay Paths
--------------------------------------------------------------------------------------
Slack (MET) :             7.523ns  (required time - arrival time)
  Source:                 ddr3/u_ddr3_mig/u_memc_ui_top_axi/mem_intfc0/mc0/mc_read_idle_r_reg/C
                            (rising edge-triggered cell FDRE clocked by clk_pll_i  {rise@0.000ns fall@5.000ns period=10.000ns})
  Destination:            ddr3/u_ddr3_mig/u_memc_ui_top_axi/mem_intfc0/ddr_phy_top0/u_ddr_mc_phy_wrapper/u_ddr_mc_phy/ddr_phy_4lanes_0.u_ddr_phy_4lanes/ddr_byte_lane_D.ddr_byte_lane_D/ddr_byte_group_io/input_[9].iserdes_dq_.iserdesdq/DDLY
                            (falling edge-triggered cell ISERDESE2 clocked by u_memc_ui_top_axi/mem_intfc0/ddr_phy_top0/u_ddr_mc_phy_wrapper/u_ddr_mc_phy/ddr_phy_4lanes_0.u_ddr_phy_4lanes/ddr_byte_lane_D.ddr_byte_lane_D/iserdes_clk  {rise@0.000ns fall@1.250ns period=2.500ns})
  Path Group:             u_memc_ui_top_axi/mem_intfc0/ddr_phy_top0/u_ddr_mc_phy_wrapper/u_ddr_mc_phy/ddr_phy_4lanes_0.u_ddr_phy_4lanes/ddr_byte_lane_D.ddr_byte_lane_D/iserdes_clk
  Path Type:              Setup (Max at Slow Process Corner)
  Requirement:            13.750ns  (u_memc_ui_top_axi/mem_intfc0/ddr_phy_top0/u_ddr_mc_phy_wrapper/u_ddr_mc_phy/ddr_phy_4lanes_0.u_ddr_phy_4lanes/ddr_byte_lane_D.ddr_byte_lane_D/iserdes_clk fall@13.750ns - clk_pll_i rise@0.000ns)
  Data Path Delay:        5.837ns  (logic 3.867ns (66.246%)  route 1.970ns (33.754%))
  Logic Levels:           2  (IBUF_INTERMDISABLE=1 IDELAYE2=1)
  Clock Path Skew:        -0.002ns (DCD - SCD + CPR)
    Destination Clock Delay (DCD):    0.875ns = ( 2.125 - 1.250 ) 
    Source Clock Delay      (SCD):    1.475ns
    Clock Pessimism Removal (CPR):    0.597ns
  Clock Uncertainty:      0.222ns  ((TSJ^2 + DJ^2)^1/2) / 2 + PE
    Total System Jitter     (TSJ):    0.071ns
    Discrete Jitter          (DJ):    0.098ns
    Phase Error              (PE):    0.162ns
  Timing Exception:       MultiCycle Path   Setup -end   6

    Location             Delay type                Incr(ns)  Path(ns)    Netlist Resource(s)
  -------------------------------------------------------------------    -------------------
                         (clock clk_pll_i rise edge)
                                                      0.000     0.000 r  
    R4                                                0.000     0.000 r  clk (IN)
                         net (fo=0)                   0.000     0.000    mmcm/inst/clk_in1
    R4                   IBUF (Prop_ibuf_I_O)         1.475     1.475 r  mmcm/inst/clkin1_ibufg/O
                         net (fo=1, routed)           1.233     2.708    mmcm/inst/clk_in1_mmcm
    MMCME2_ADV_X1Y2      MMCME2_ADV (Prop_mmcme2_adv_CLKIN1_CLKOUT0)
                                                     -7.432    -4.724 r  mmcm/inst/mmcm_adv_inst/CLKOUT0
                         net (fo=1, routed)           1.808    -2.915    mmcm/inst/clk_out1_mmcm
    BUFGCTRL_X0Y2        BUFG (Prop_bufg_I_O)         0.096    -2.819 r  mmcm/inst/clkout1_buf/O
                         net (fo=2, routed)           1.754    -1.065    ddr3/u_ddr3_mig/u_ddr3_infrastructure/mmcm_clk
    PLLE2_ADV_X1Y3       PLLE2_ADV (Prop_plle2_adv_CLKIN1_CLKOUT3)
                                                      0.088    -0.977 r  ddr3/u_ddr3_mig/u_ddr3_infrastructure/plle2_i/CLKOUT3
                         net (fo=1, routed)           1.370     0.393    ddr3/u_ddr3_mig/u_ddr3_infrastructure/pll_clk3_out
    BUFHCE_X1Y36         BUFH (Prop_bufh_I_O)         0.127     0.520 r  ddr3/u_ddr3_mig/u_ddr3_infrastructure/u_bufh_pll_clk3/O
                         net (fo=1, routed)           0.943     1.463    ddr3/u_ddr3_mig/u_ddr3_infrastructure/pll_clk3
    MMCME2_ADV_X1Y3      MMCME2_ADV (Prop_mmcme2_adv_CLKIN1_CLKFBOUT)
                                                     -3.633    -2.171 r  ddr3/u_ddr3_mig/u_ddr3_infrastructure/gen_mmcm.mmcm_i/CLKFBOUT
                         net (fo=1, routed)           1.808    -0.362    ddr3/u_ddr3_mig/u_ddr3_infrastructure/clk_pll_i
    BUFGCTRL_X0Y16       BUFG (Prop_bufg_I_O)         0.096    -0.266 r  ddr3/u_ddr3_mig/u_ddr3_infrastructure/u_bufg_clkdiv0/O
                         net (fo=25277, routed)       1.741     1.475    ddr3/u_ddr3_mig/u_memc_ui_top_axi/mem_intfc0/mc0/CLK
    SLICE_X145Y193       FDRE                                         r  ddr3/u_ddr3_mig/u_memc_ui_top_axi/mem_intfc0/mc0/mc_read_idle_r_reg/C
  -------------------------------------------------------------------    -------------------
    SLICE_X145Y193       FDRE (Prop_fdre_C_Q)         0.456     1.931 r  ddr3/u_ddr3_mig/u_memc_ui_top_axi/mem_intfc0/mc0/mc_read_idle_r_reg/Q
                         net (fo=36, routed)          1.970     3.901    ddr3/u_ddr3_mig/u_memc_ui_top_axi/mem_intfc0/ddr_phy_top0/u_ddr_mc_phy_wrapper/gen_dq_iobuf_HR.gen_dq_iobuf[15].u_iobuf_dq/IBUFDISABLE
    B1                   IBUF_INTERMDISABLE (Prop_ibuf_intermdisable_IBUFDISABLE_O)
                                                      2.596     6.497 r  ddr3/u_ddr3_mig/u_memc_ui_top_axi/mem_intfc0/ddr_phy_top0/u_ddr_mc_phy_wrapper/gen_dq_iobuf_HR.gen_dq_iobuf[15].u_iobuf_dq/IBUF/O
                         net (fo=2, routed)           0.000     6.497    ddr3/u_ddr3_mig/u_memc_ui_top_axi/mem_intfc0/ddr_phy_top0/u_ddr_mc_phy_wrapper/u_ddr_mc_phy/ddr_phy_4lanes_0.u_ddr_phy_4lanes/ddr_byte_lane_D.ddr_byte_lane_D/ddr_byte_group_io/in_dq_15
    IDELAY_X1Y198        IDELAYE2 (Prop_idelaye2_IDATAIN_DATAOUT)
                                                      0.815     7.312 r  ddr3/u_ddr3_mig/u_memc_ui_top_axi/mem_intfc0/ddr_phy_top0/u_ddr_mc_phy_wrapper/u_ddr_mc_phy/ddr_phy_4lanes_0.u_ddr_phy_4lanes/ddr_byte_lane_D.ddr_byte_lane_D/ddr_byte_group_io/input_[9].iserdes_dq_.idelay_dq.idelaye2/DATAOUT
                         net (fo=1, routed)           0.000     7.312    ddr3/u_ddr3_mig/u_memc_ui_top_axi/mem_intfc0/ddr_phy_top0/u_ddr_mc_phy_wrapper/u_ddr_mc_phy/ddr_phy_4lanes_0.u_ddr_phy_4lanes/ddr_byte_lane_D.ddr_byte_lane_D/ddr_byte_group_io/data_in_dly_9
    ILOGIC_X1Y198        ISERDESE2                                    r  ddr3/u_ddr3_mig/u_memc_ui_top_axi/mem_intfc0/ddr_phy_top0/u_ddr_mc_phy_wrapper/u_ddr_mc_phy/ddr_phy_4lanes_0.u_ddr_phy_4lanes/ddr_byte_lane_D.ddr_byte_lane_D/ddr_byte_group_io/input_[9].iserdes_dq_.iserdesdq/DDLY
  -------------------------------------------------------------------    -------------------

                         (clock u_memc_ui_top_axi/mem_intfc0/ddr_phy_top0/u_ddr_mc_phy_wrapper/u_ddr_mc_phy/ddr_phy_4lanes_0.u_ddr_phy_4lanes/ddr_byte_lane_D.ddr_byte_lane_D/iserdes_clk fall edge)
                                                     13.750    13.750 f  
    R4                                                0.000    13.750 f  clk (IN)
                         net (fo=0)                   0.000    13.750    mmcm/inst/clk_in1
    R4                   IBUF (Prop_ibuf_I_O)         1.405    15.155 f  mmcm/inst/clkin1_ibufg/O
                         net (fo=1, routed)           1.162    16.317    mmcm/inst/clk_in1_mmcm
    MMCME2_ADV_X1Y2      MMCME2_ADV (Prop_mmcme2_adv_CLKIN1_CLKOUT0)
                                                     -7.674     8.643 f  mmcm/inst/mmcm_adv_inst/CLKOUT0
                         net (fo=1, routed)           1.723    10.366    mmcm/inst/clk_out1_mmcm
    BUFGCTRL_X0Y2        BUFG (Prop_bufg_I_O)         0.091    10.457 f  mmcm/inst/clkout1_buf/O
                         net (fo=2, routed)           1.636    12.093    ddr3/u_ddr3_mig/u_ddr3_infrastructure/mmcm_clk
    PLLE2_ADV_X1Y3       PLLE2_ADV (Prop_plle2_adv_CLKIN1_CLKOUT0)
                                                      0.083    12.176 f  ddr3/u_ddr3_mig/u_ddr3_infrastructure/plle2_i/CLKOUT0
                         net (fo=7, routed)           0.566    12.742    ddr3/u_ddr3_mig/u_memc_ui_top_axi/mem_intfc0/ddr_phy_top0/u_ddr_mc_phy_wrapper/u_ddr_mc_phy/ddr_phy_4lanes_0.u_ddr_phy_4lanes/ddr_byte_lane_D.ddr_byte_lane_D/freq_refclk
    PHASER_IN_PHY_X1Y15  PHASER_IN_PHY (Prop_phaser_in_phy_FREQREFCLK_ICLK)
                                                      1.455    14.196 f  ddr3/u_ddr3_mig/u_memc_ui_top_axi/mem_intfc0/ddr_phy_top0/u_ddr_mc_phy_wrapper/u_ddr_mc_phy/ddr_phy_4lanes_0.u_ddr_phy_4lanes/ddr_byte_lane_D.ddr_byte_lane_D/phaser_in_gen.phaser_in/ICLK
                         net (fo=16, routed)          0.429    14.625    ddr3/u_ddr3_mig/u_memc_ui_top_axi/mem_intfc0/ddr_phy_top0/u_ddr_mc_phy_wrapper/u_ddr_mc_phy/ddr_phy_4lanes_0.u_ddr_phy_4lanes/ddr_byte_lane_D.ddr_byte_lane_D/ddr_byte_group_io/CLKB0_4
    ILOGIC_X1Y198        ISERDESE2                                    r  ddr3/u_ddr3_mig/u_memc_ui_top_axi/mem_intfc0/ddr_phy_top0/u_ddr_mc_phy_wrapper/u_ddr_mc_phy/ddr_phy_4lanes_0.u_ddr_phy_4lanes/ddr_byte_lane_D.ddr_byte_lane_D/ddr_byte_group_io/input_[9].iserdes_dq_.iserdesdq/CLKB  (IS_INVERTED)
                         clock pessimism              0.597    15.222    
                         clock uncertainty           -0.222    15.000    
    ILOGIC_X1Y198        ISERDESE2 (Setup_iserdese2_CLKB_DDLY)
                                                     -0.165    14.835    ddr3/u_ddr3_mig/u_memc_ui_top_axi/mem_intfc0/ddr_phy_top0/u_ddr_mc_phy_wrapper/u_ddr_mc_phy/ddr_phy_4lanes_0.u_ddr_phy_4lanes/ddr_byte_lane_D.ddr_byte_lane_D/ddr_byte_group_io/input_[9].iserdes_dq_.iserdesdq
  -------------------------------------------------------------------
                         required time                         14.835    
                         arrival time                          -7.312    
  -------------------------------------------------------------------
                         slack                                  7.523    





Min Delay Paths
--------------------------------------------------------------------------------------
Slack (MET) :             37.934ns  (arrival time - required time)
  Source:                 ddr3/u_ddr3_mig/u_memc_ui_top_axi/mem_intfc0/mc0/mc_read_idle_r_reg/C
                            (rising edge-triggered cell FDRE clocked by clk_pll_i  {rise@0.000ns fall@5.000ns period=10.000ns})
  Destination:            ddr3/u_ddr3_mig/u_memc_ui_top_axi/mem_intfc0/ddr_phy_top0/u_ddr_mc_phy_wrapper/u_ddr_mc_phy/ddr_phy_4lanes_0.u_ddr_phy_4lanes/ddr_byte_lane_D.ddr_byte_lane_D/ddr_byte_group_io/input_[5].iserdes_dq_.iserdesdq/DDLY
                            (rising edge-triggered cell ISERDESE2 clocked by u_memc_ui_top_axi/mem_intfc0/ddr_phy_top0/u_ddr_mc_phy_wrapper/u_ddr_mc_phy/ddr_phy_4lanes_0.u_ddr_phy_4lanes/ddr_byte_lane_D.ddr_byte_lane_D/iserdes_clk  {rise@0.000ns fall@1.250ns period=2.500ns})
  Path Group:             u_memc_ui_top_axi/mem_intfc0/ddr_phy_top0/u_ddr_mc_phy_wrapper/u_ddr_mc_phy/ddr_phy_4lanes_0.u_ddr_phy_4lanes/ddr_byte_lane_D.ddr_byte_lane_D/iserdes_clk
  Path Type:              Hold (Min at Fast Process Corner)
  Requirement:            -37.500ns  (u_memc_ui_top_axi/mem_intfc0/ddr_phy_top0/u_ddr_mc_phy_wrapper/u_ddr_mc_phy/ddr_phy_4lanes_0.u_ddr_phy_4lanes/ddr_byte_lane_D.ddr_byte_lane_D/iserdes_clk rise@12.500ns - clk_pll_i rise@50.000ns)
  Data Path Delay:        1.548ns  (logic 1.068ns (68.984%)  route 0.480ns (31.016%))
  Logic Levels:           2  (IBUF_INTERMDISABLE=1 IDELAYE2=1)
  Clock Path Skew:        0.836ns (DCD - SCD - CPR)
    Destination Clock Delay (DCD):    0.726ns
    Source Clock Delay      (SCD):    0.132ns
    Clock Pessimism Removal (CPR):    -0.242ns
  Clock Uncertainty:      0.222ns  ((TSJ^2 + DJ^2)^1/2) / 2 + PE
    Total System Jitter     (TSJ):    0.071ns
    Discrete Jitter          (DJ):    0.098ns
    Phase Error              (PE):    0.162ns
  Timing Exception:       MultiCycle Path   Setup -end   6    Hold  -start 5

    Location             Delay type                Incr(ns)  Path(ns)    Netlist Resource(s)
  -------------------------------------------------------------------    -------------------
                         (clock clk_pll_i rise edge)
                                                     50.000    50.000 r  
    R4                                                0.000    50.000 r  clk (IN)
                         net (fo=0)                   0.000    50.000    mmcm/inst/clk_in1
    R4                   IBUF (Prop_ibuf_I_O)         0.243    50.243 r  mmcm/inst/clkin1_ibufg/O
                         net (fo=1, routed)           0.440    50.683    mmcm/inst/clk_in1_mmcm
    MMCME2_ADV_X1Y2      MMCME2_ADV (Prop_mmcme2_adv_CLKIN1_CLKOUT0)
                                                     -2.540    48.144 r  mmcm/inst/mmcm_adv_inst/CLKOUT0
                         net (fo=1, routed)           0.531    48.675    mmcm/inst/clk_out1_mmcm
    BUFGCTRL_X0Y2        BUFG (Prop_bufg_I_O)         0.026    48.701 r  mmcm/inst/clkout1_buf/O
                         net (fo=2, routed)           0.606    49.306    ddr3/u_ddr3_mig/u_ddr3_infrastructure/mmcm_clk
    PLLE2_ADV_X1Y3       PLLE2_ADV (Prop_plle2_adv_CLKIN1_CLKOUT3)
                                                      0.050    49.356 r  ddr3/u_ddr3_mig/u_ddr3_infrastructure/plle2_i/CLKOUT3
                         net (fo=1, routed)           0.426    49.782    ddr3/u_ddr3_mig/u_ddr3_infrastructure/pll_clk3_out
    BUFHCE_X1Y36         BUFH (Prop_bufh_I_O)         0.020    49.802 r  ddr3/u_ddr3_mig/u_ddr3_infrastructure/u_bufh_pll_clk3/O
                         net (fo=1, routed)           0.313    50.115    ddr3/u_ddr3_mig/u_ddr3_infrastructure/pll_clk3
    MMCME2_ADV_X1Y3      MMCME2_ADV (Prop_mmcme2_adv_CLKIN1_CLKFBOUT)
                                                     -1.156    48.960 r  ddr3/u_ddr3_mig/u_ddr3_infrastructure/gen_mmcm.mmcm_i/CLKFBOUT
                         net (fo=1, routed)           0.531    49.491    ddr3/u_ddr3_mig/u_ddr3_infrastructure/clk_pll_i
    BUFGCTRL_X0Y16       BUFG (Prop_bufg_I_O)         0.026    49.517 r  ddr3/u_ddr3_mig/u_ddr3_infrastructure/u_bufg_clkdiv0/O
                         net (fo=25277, routed)       0.616    50.132    ddr3/u_ddr3_mig/u_memc_ui_top_axi/mem_intfc0/mc0/CLK
    SLICE_X145Y193       FDRE                                         r  ddr3/u_ddr3_mig/u_memc_ui_top_axi/mem_intfc0/mc0/mc_read_idle_r_reg/C
  -------------------------------------------------------------------    -------------------
    SLICE_X145Y193       FDRE (Prop_fdre_C_Q)         0.141    50.273 r  ddr3/u_ddr3_mig/u_memc_ui_top_axi/mem_intfc0/mc0/mc_read_idle_r_reg/Q
                         net (fo=36, routed)          0.480    50.753    ddr3/u_ddr3_mig/u_memc_ui_top_axi/mem_intfc0/ddr_phy_top0/u_ddr_mc_phy_wrapper/gen_dq_iobuf_HR.gen_dq_iobuf[14].u_iobuf_dq/IBUFDISABLE
    E2                   IBUF_INTERMDISABLE (Prop_ibuf_intermdisable_IBUFDISABLE_O)
                                                      0.684    51.437 r  ddr3/u_ddr3_mig/u_memc_ui_top_axi/mem_intfc0/ddr_phy_top0/u_ddr_mc_phy_wrapper/gen_dq_iobuf_HR.gen_dq_iobuf[14].u_iobuf_dq/IBUF/O
                         net (fo=2, routed)           0.000    51.437    ddr3/u_ddr3_mig/u_memc_ui_top_axi/mem_intfc0/ddr_phy_top0/u_ddr_mc_phy_wrapper/u_ddr_mc_phy/ddr_phy_4lanes_0.u_ddr_phy_4lanes/ddr_byte_lane_D.ddr_byte_lane_D/ddr_byte_group_io/in_dq_14
    IDELAY_X1Y192        IDELAYE2 (Prop_idelaye2_IDATAIN_DATAOUT)
                                                      0.243    51.680 r  ddr3/u_ddr3_mig/u_memc_ui_top_axi/mem_intfc0/ddr_phy_top0/u_ddr_mc_phy_wrapper/u_ddr_mc_phy/ddr_phy_4lanes_0.u_ddr_phy_4lanes/ddr_byte_lane_D.ddr_byte_lane_D/ddr_byte_group_io/input_[5].iserdes_dq_.idelay_dq.idelaye2/DATAOUT
                         net (fo=1, routed)           0.000    51.680    ddr3/u_ddr3_mig/u_memc_ui_top_axi/mem_intfc0/ddr_phy_top0/u_ddr_mc_phy_wrapper/u_ddr_mc_phy/ddr_phy_4lanes_0.u_ddr_phy_4lanes/ddr_byte_lane_D.ddr_byte_lane_D/ddr_byte_group_io/data_in_dly_5
    ILOGIC_X1Y192        ISERDESE2                                    r  ddr3/u_ddr3_mig/u_memc_ui_top_axi/mem_intfc0/ddr_phy_top0/u_ddr_mc_phy_wrapper/u_ddr_mc_phy/ddr_phy_4lanes_0.u_ddr_phy_4lanes/ddr_byte_lane_D.ddr_byte_lane_D/ddr_byte_group_io/input_[5].iserdes_dq_.iserdesdq/DDLY
  -------------------------------------------------------------------    -------------------

                         (clock u_memc_ui_top_axi/mem_intfc0/ddr_phy_top0/u_ddr_mc_phy_wrapper/u_ddr_mc_phy/ddr_phy_4lanes_0.u_ddr_phy_4lanes/ddr_byte_lane_D.ddr_byte_lane_D/iserdes_clk rise edge)
                                                     12.500    12.500 r  
    R4                                                0.000    12.500 r  clk (IN)
                         net (fo=0)                   0.000    12.500    mmcm/inst/clk_in1
    R4                   IBUF (Prop_ibuf_I_O)         0.431    12.931 r  mmcm/inst/clkin1_ibufg/O
                         net (fo=1, routed)           0.480    13.411    mmcm/inst/clk_in1_mmcm
    MMCME2_ADV_X1Y2      MMCME2_ADV (Prop_mmcme2_adv_CLKIN1_CLKOUT0)
                                                     -3.332    10.079 r  mmcm/inst/mmcm_adv_inst/CLKOUT0
                         net (fo=1, routed)           0.579    10.657    mmcm/inst/clk_out1_mmcm
    BUFGCTRL_X0Y2        BUFG (Prop_bufg_I_O)         0.029    10.686 r  mmcm/inst/clkout1_buf/O
                         net (fo=2, routed)           0.875    11.561    ddr3/u_ddr3_mig/u_ddr3_infrastructure/mmcm_clk
    PLLE2_ADV_X1Y3       PLLE2_ADV (Prop_plle2_adv_CLKIN1_CLKOUT0)
                                                      0.053    11.614 r  ddr3/u_ddr3_mig/u_ddr3_infrastructure/plle2_i/CLKOUT0
                         net (fo=7, routed)           0.211    11.825    ddr3/u_ddr3_mig/u_memc_ui_top_axi/mem_intfc0/ddr_phy_top0/u_ddr_mc_phy_wrapper/u_ddr_mc_phy/ddr_phy_4lanes_0.u_ddr_phy_4lanes/ddr_byte_lane_D.ddr_byte_lane_D/freq_refclk
    PHASER_IN_PHY_X1Y15  PHASER_IN_PHY (Prop_phaser_in_phy_FREQREFCLK_ICLK)
                                                      1.219    13.044 r  ddr3/u_ddr3_mig/u_memc_ui_top_axi/mem_intfc0/ddr_phy_top0/u_ddr_mc_phy_wrapper/u_ddr_mc_phy/ddr_phy_4lanes_0.u_ddr_phy_4lanes/ddr_byte_lane_D.ddr_byte_lane_D/phaser_in_gen.phaser_in/ICLK
                         net (fo=16, routed)          0.182    13.226    ddr3/u_ddr3_mig/u_memc_ui_top_axi/mem_intfc0/ddr_phy_top0/u_ddr_mc_phy_wrapper/u_ddr_mc_phy/ddr_phy_4lanes_0.u_ddr_phy_4lanes/ddr_byte_lane_D.ddr_byte_lane_D/ddr_byte_group_io/input_[9].iserdes_dq_.iserdesdq_0
    ILOGIC_X1Y192        ISERDESE2                                    r  ddr3/u_ddr3_mig/u_memc_ui_top_axi/mem_intfc0/ddr_phy_top0/u_ddr_mc_phy_wrapper/u_ddr_mc_phy/ddr_phy_4lanes_0.u_ddr_phy_4lanes/ddr_byte_lane_D.ddr_byte_lane_D/ddr_byte_group_io/input_[5].iserdes_dq_.iserdesdq/CLK
                         clock pessimism              0.242    13.469    
                         clock uncertainty            0.222    13.690    
    ILOGIC_X1Y192        ISERDESE2 (Hold_iserdese2_CLK_DDLY)
                                                      0.056    13.746    ddr3/u_ddr3_mig/u_memc_ui_top_axi/mem_intfc0/ddr_phy_top0/u_ddr_mc_phy_wrapper/u_ddr_mc_phy/ddr_phy_4lanes_0.u_ddr_phy_4lanes/ddr_byte_lane_D.ddr_byte_lane_D/ddr_byte_group_io/input_[5].iserdes_dq_.iserdesdq
  -------------------------------------------------------------------
                         required time                        -13.746    
                         arrival time                          51.680    
  -------------------------------------------------------------------
                         slack                                 37.934    





---------------------------------------------------------------------------------------------------
From Clock:  sync_pulse
  To Clock:  mem_refclk

Setup :            0  Failing Endpoints,  Worst Slack        0.970ns,  Total Violation        0.000ns
Hold  :            0  Failing Endpoints,  Worst Slack        0.666ns,  Total Violation        0.000ns
---------------------------------------------------------------------------------------------------


Max Delay Paths
--------------------------------------------------------------------------------------
Slack (MET) :             0.970ns  (required time - arrival time)
  Source:                 ddr3/u_ddr3_mig/u_ddr3_infrastructure/plle2_i/CLKOUT2
                            (clock source 'sync_pulse'  {rise@1.094ns fall@3.594ns period=40.000ns})
  Destination:            ddr3/u_ddr3_mig/u_memc_ui_top_axi/mem_intfc0/ddr_phy_top0/u_ddr_mc_phy_wrapper/u_ddr_mc_phy/ddr_phy_4lanes_0.u_ddr_phy_4lanes/phy_control_i/SYNCIN
                            (rising edge-triggered cell PHY_CONTROL clocked by mem_refclk  {rise@0.000ns fall@1.250ns period=2.500ns})
  Path Group:             mem_refclk
  Path Type:              Setup (Max at Slow Process Corner)
  Requirement:            1.406ns  (mem_refclk rise@5.000ns - sync_pulse fall@3.594ns)
  Data Path Delay:        0.621ns  (logic 0.000ns (0.000%)  route 0.621ns (100.000%))
  Logic Levels:           0  
  Clock Path Skew:        0.589ns (DCD - SCD + CPR)
    Destination Clock Delay (DCD):    -0.985ns = ( 4.015 - 5.000 ) 
    Source Clock Delay      (SCD):    -0.977ns = ( 2.617 - 3.594 ) 
    Clock Pessimism Removal (CPR):    0.597ns
  Clock Uncertainty:      0.222ns  ((TSJ^2 + DJ^2)^1/2) / 2 + PE
    Total System Jitter     (TSJ):    0.071ns
    Discrete Jitter          (DJ):    0.192ns
    Phase Error              (PE):    0.120ns

    Location             Delay type                Incr(ns)  Path(ns)    Netlist Resource(s)
  -------------------------------------------------------------------    -------------------
                         (clock sync_pulse fall edge)
                                                      3.594     3.594 f  
    R4                                                0.000     3.594 f  clk (IN)
                         net (fo=0)                   0.000     3.594    mmcm/inst/clk_in1
    R4                   IBUF (Prop_ibuf_I_O)         1.475     5.069 f  mmcm/inst/clkin1_ibufg/O
                         net (fo=1, routed)           1.233     6.302    mmcm/inst/clk_in1_mmcm
    MMCME2_ADV_X1Y2      MMCME2_ADV (Prop_mmcme2_adv_CLKIN1_CLKOUT0)
                                                     -7.432    -1.130 f  mmcm/inst/mmcm_adv_inst/CLKOUT0
                         net (fo=1, routed)           1.808     0.679    mmcm/inst/clk_out1_mmcm
    BUFGCTRL_X0Y2        BUFG (Prop_bufg_I_O)         0.096     0.775 f  mmcm/inst/clkout1_buf/O
                         net (fo=2, routed)           1.754     2.529    ddr3/u_ddr3_mig/u_ddr3_infrastructure/mmcm_clk
  -------------------------------------------------------------------    -------------------
    PLLE2_ADV_X1Y3       PLLE2_ADV (Prop_plle2_adv_CLKIN1_CLKOUT2)
                                                      0.088     2.617 f  ddr3/u_ddr3_mig/u_ddr3_infrastructure/plle2_i/CLKOUT2
                         net (fo=7, routed)           0.621     3.238    ddr3/u_ddr3_mig/u_memc_ui_top_axi/mem_intfc0/ddr_phy_top0/u_ddr_mc_phy_wrapper/u_ddr_mc_phy/ddr_phy_4lanes_0.u_ddr_phy_4lanes/sync_pulse
    PHY_CONTROL_X1Y3     PHY_CONTROL                                  f  ddr3/u_ddr3_mig/u_memc_ui_top_axi/mem_intfc0/ddr_phy_top0/u_ddr_mc_phy_wrapper/u_ddr_mc_phy/ddr_phy_4lanes_0.u_ddr_phy_4lanes/phy_control_i/SYNCIN
  -------------------------------------------------------------------    -------------------

                         (clock mem_refclk rise edge)
                                                      5.000     5.000 r  
    R4                                                0.000     5.000 r  clk (IN)
                         net (fo=0)                   0.000     5.000    mmcm/inst/clk_in1
    R4                   IBUF (Prop_ibuf_I_O)         1.405     6.405 r  mmcm/inst/clkin1_ibufg/O
                         net (fo=1, routed)           1.162     7.567    mmcm/inst/clk_in1_mmcm
    MMCME2_ADV_X1Y2      MMCME2_ADV (Prop_mmcme2_adv_CLKIN1_CLKOUT0)
                                                     -7.674    -0.107 r  mmcm/inst/mmcm_adv_inst/CLKOUT0
                         net (fo=1, routed)           1.723     1.616    mmcm/inst/clk_out1_mmcm
    BUFGCTRL_X0Y2        BUFG (Prop_bufg_I_O)         0.091     1.707 r  mmcm/inst/clkout1_buf/O
                         net (fo=2, routed)           1.636     3.343    ddr3/u_ddr3_mig/u_ddr3_infrastructure/mmcm_clk
    PLLE2_ADV_X1Y3       PLLE2_ADV (Prop_plle2_adv_CLKIN1_CLKOUT1)
                                                      0.083     3.426 r  ddr3/u_ddr3_mig/u_ddr3_infrastructure/plle2_i/CLKOUT1
                         net (fo=7, routed)           0.589     4.015    ddr3/u_ddr3_mig/u_memc_ui_top_axi/mem_intfc0/ddr_phy_top0/u_ddr_mc_phy_wrapper/u_ddr_mc_phy/ddr_phy_4lanes_0.u_ddr_phy_4lanes/mem_refclk
    PHY_CONTROL_X1Y3     PHY_CONTROL                                  r  ddr3/u_ddr3_mig/u_memc_ui_top_axi/mem_intfc0/ddr_phy_top0/u_ddr_mc_phy_wrapper/u_ddr_mc_phy/ddr_phy_4lanes_0.u_ddr_phy_4lanes/phy_control_i/MEMREFCLK
                         clock pessimism              0.597     4.612    
                         clock uncertainty           -0.222     4.390    
    PHY_CONTROL_X1Y3     PHY_CONTROL (Setup_phy_control_MEMREFCLK_SYNCIN)
                                                     -0.182     4.208    ddr3/u_ddr3_mig/u_memc_ui_top_axi/mem_intfc0/ddr_phy_top0/u_ddr_mc_phy_wrapper/u_ddr_mc_phy/ddr_phy_4lanes_0.u_ddr_phy_4lanes/phy_control_i
  -------------------------------------------------------------------
                         required time                          4.208    
                         arrival time                          -3.238    
  -------------------------------------------------------------------
                         slack                                  0.970    





Min Delay Paths
--------------------------------------------------------------------------------------
Slack (MET) :             0.666ns  (arrival time - required time)
  Source:                 ddr3/u_ddr3_mig/u_ddr3_infrastructure/plle2_i/CLKOUT2
                            (clock source 'sync_pulse'  {rise@1.094ns fall@3.594ns period=40.000ns})
  Destination:            ddr3/u_ddr3_mig/u_memc_ui_top_axi/mem_intfc0/ddr_phy_top0/u_ddr_mc_phy_wrapper/u_ddr_mc_phy/ddr_phy_4lanes_0.u_ddr_phy_4lanes/phy_control_i/SYNCIN
                            (rising edge-triggered cell PHY_CONTROL clocked by mem_refclk  {rise@0.000ns fall@1.250ns period=2.500ns})
  Path Group:             mem_refclk
  Path Type:              Hold (Min at Slow Process Corner)
  Requirement:            -1.094ns  (mem_refclk rise@2.500ns - sync_pulse fall@3.594ns)
  Data Path Delay:        0.589ns  (logic 0.000ns (0.000%)  route 0.589ns (100.000%))
  Logic Levels:           0  
  Clock Path Skew:        0.621ns (DCD - SCD - CPR)
    Destination Clock Delay (DCD):    -0.356ns = ( 2.144 - 2.500 ) 
    Source Clock Delay      (SCD):    -1.574ns = ( 2.020 - 3.594 ) 
    Clock Pessimism Removal (CPR):    0.597ns
  Clock Uncertainty:      0.222ns  ((TSJ^2 + DJ^2)^1/2) / 2 + PE
    Total System Jitter     (TSJ):    0.071ns
    Discrete Jitter          (DJ):    0.192ns
    Phase Error              (PE):    0.120ns

    Location             Delay type                Incr(ns)  Path(ns)    Netlist Resource(s)
  -------------------------------------------------------------------    -------------------
                         (clock sync_pulse fall edge)
                                                      3.594     3.594 f  
    R4                                                0.000     3.594 f  clk (IN)
                         net (fo=0)                   0.000     3.594    mmcm/inst/clk_in1
    R4                   IBUF (Prop_ibuf_I_O)         1.405     4.998 f  mmcm/inst/clkin1_ibufg/O
                         net (fo=1, routed)           1.162     6.160    mmcm/inst/clk_in1_mmcm
    MMCME2_ADV_X1Y2      MMCME2_ADV (Prop_mmcme2_adv_CLKIN1_CLKOUT0)
                                                     -7.674    -1.513 f  mmcm/inst/mmcm_adv_inst/CLKOUT0
                         net (fo=1, routed)           1.723     0.210    mmcm/inst/clk_out1_mmcm
    BUFGCTRL_X0Y2        BUFG (Prop_bufg_I_O)         0.091     0.301 f  mmcm/inst/clkout1_buf/O
                         net (fo=2, routed)           1.636     1.937    ddr3/u_ddr3_mig/u_ddr3_infrastructure/mmcm_clk
  -------------------------------------------------------------------    -------------------
    PLLE2_ADV_X1Y3       PLLE2_ADV (Prop_plle2_adv_CLKIN1_CLKOUT2)
                                                      0.083     2.020 f  ddr3/u_ddr3_mig/u_ddr3_infrastructure/plle2_i/CLKOUT2
                         net (fo=7, routed)           0.589     2.609    ddr3/u_ddr3_mig/u_memc_ui_top_axi/mem_intfc0/ddr_phy_top0/u_ddr_mc_phy_wrapper/u_ddr_mc_phy/ddr_phy_4lanes_0.u_ddr_phy_4lanes/sync_pulse
    PHY_CONTROL_X1Y3     PHY_CONTROL                                  f  ddr3/u_ddr3_mig/u_memc_ui_top_axi/mem_intfc0/ddr_phy_top0/u_ddr_mc_phy_wrapper/u_ddr_mc_phy/ddr_phy_4lanes_0.u_ddr_phy_4lanes/phy_control_i/SYNCIN
  -------------------------------------------------------------------    -------------------

                         (clock mem_refclk rise edge)
                                                      2.500     2.500 r  
    R4                                                0.000     2.500 r  clk (IN)
                         net (fo=0)                   0.000     2.500    mmcm/inst/clk_in1
    R4                   IBUF (Prop_ibuf_I_O)         1.475     3.975 r  mmcm/inst/clkin1_ibufg/O
                         net (fo=1, routed)           1.233     5.208    mmcm/inst/clk_in1_mmcm
    MMCME2_ADV_X1Y2      MMCME2_ADV (Prop_mmcme2_adv_CLKIN1_CLKOUT0)
                                                     -7.432    -2.224 r  mmcm/inst/mmcm_adv_inst/CLKOUT0
                         net (fo=1, routed)           1.808    -0.415    mmcm/inst/clk_out1_mmcm
    BUFGCTRL_X0Y2        BUFG (Prop_bufg_I_O)         0.096    -0.319 r  mmcm/inst/clkout1_buf/O
                         net (fo=2, routed)           1.754     1.435    ddr3/u_ddr3_mig/u_ddr3_infrastructure/mmcm_clk
    PLLE2_ADV_X1Y3       PLLE2_ADV (Prop_plle2_adv_CLKIN1_CLKOUT1)
                                                      0.088     1.523 r  ddr3/u_ddr3_mig/u_ddr3_infrastructure/plle2_i/CLKOUT1
                         net (fo=7, routed)           0.621     2.144    ddr3/u_ddr3_mig/u_memc_ui_top_axi/mem_intfc0/ddr_phy_top0/u_ddr_mc_phy_wrapper/u_ddr_mc_phy/ddr_phy_4lanes_0.u_ddr_phy_4lanes/mem_refclk
    PHY_CONTROL_X1Y3     PHY_CONTROL                                  r  ddr3/u_ddr3_mig/u_memc_ui_top_axi/mem_intfc0/ddr_phy_top0/u_ddr_mc_phy_wrapper/u_ddr_mc_phy/ddr_phy_4lanes_0.u_ddr_phy_4lanes/phy_control_i/MEMREFCLK
                         clock pessimism             -0.597     1.547    
                         clock uncertainty            0.222     1.769    
    PHY_CONTROL_X1Y3     PHY_CONTROL (Hold_phy_control_MEMREFCLK_SYNCIN)
                                                      0.174     1.943    ddr3/u_ddr3_mig/u_memc_ui_top_axi/mem_intfc0/ddr_phy_top0/u_ddr_mc_phy_wrapper/u_ddr_mc_phy/ddr_phy_4lanes_0.u_ddr_phy_4lanes/phy_control_i
  -------------------------------------------------------------------
                         required time                         -1.943    
                         arrival time                           2.609    
  -------------------------------------------------------------------
                         slack                                  0.666    





---------------------------------------------------------------------------------------------------
From Clock:  oserdes_clk
  To Clock:  oserdes_clkdiv

Setup :            0  Failing Endpoints,  Worst Slack        1.593ns,  Total Violation        0.000ns
Hold  :            0  Failing Endpoints,  Worst Slack        0.095ns,  Total Violation        0.000ns
---------------------------------------------------------------------------------------------------


Max Delay Paths
--------------------------------------------------------------------------------------
Slack (MET) :             1.593ns  (required time - arrival time)
  Source:                 ddr3/u_ddr3_mig/u_memc_ui_top_axi/mem_intfc0/ddr_phy_top0/u_ddr_mc_phy_wrapper/u_ddr_mc_phy/ddr_phy_4lanes_0.u_ddr_phy_4lanes/ddr_byte_lane_A.ddr_byte_lane_A/phaser_out/OCLK
                            (rising edge-triggered cell PHASER_OUT_PHY clocked by oserdes_clk  {rise@0.000ns fall@1.250ns period=2.500ns})
  Destination:            ddr3/u_ddr3_mig/u_memc_ui_top_axi/mem_intfc0/ddr_phy_top0/u_ddr_mc_phy_wrapper/u_ddr_mc_phy/ddr_phy_4lanes_0.u_ddr_phy_4lanes/ddr_byte_lane_A.ddr_byte_lane_A/out_fifo/RDEN
                            (rising edge-triggered cell OUT_FIFO clocked by oserdes_clkdiv  {rise@0.000ns fall@5.000ns period=10.000ns})
  Path Group:             oserdes_clkdiv
  Path Type:              Setup (Max at Slow Process Corner)
  Requirement:            2.500ns  (oserdes_clkdiv rise@10.000ns - oserdes_clk rise@7.500ns)
  Data Path Delay:        0.338ns  (logic 0.338ns (100.000%)  route 0.000ns (0.000%))
  Logic Levels:           0  
  Clock Path Skew:        0.148ns (DCD - SCD + CPR)
    Destination Clock Delay (DCD):    1.232ns = ( 11.232 - 10.000 ) 
    Source Clock Delay      (SCD):    1.773ns = ( 9.273 - 7.500 ) 
    Clock Pessimism Removal (CPR):    0.688ns
  Clock Uncertainty:      0.066ns  ((TSJ^2 + DJ^2)^1/2) / 2 + PE
    Total System Jitter     (TSJ):    0.071ns
    Discrete Jitter          (DJ):    0.111ns
    Phase Error              (PE):    0.000ns

    Location             Delay type                Incr(ns)  Path(ns)    Netlist Resource(s)
  -------------------------------------------------------------------    -------------------
                         (clock oserdes_clk rise edge)
                                                      7.500     7.500 r  
    R4                                                0.000     7.500 r  clk (IN)
                         net (fo=0)                   0.000     7.500    mmcm/inst/clk_in1
    R4                   IBUF (Prop_ibuf_I_O)         1.475     8.975 r  mmcm/inst/clkin1_ibufg/O
                         net (fo=1, routed)           1.233    10.208    mmcm/inst/clk_in1_mmcm
    MMCME2_ADV_X1Y2      MMCME2_ADV (Prop_mmcme2_adv_CLKIN1_CLKOUT0)
                                                     -7.432     2.776 r  mmcm/inst/mmcm_adv_inst/CLKOUT0
                         net (fo=1, routed)           1.808     4.585    mmcm/inst/clk_out1_mmcm
    BUFGCTRL_X0Y2        BUFG (Prop_bufg_I_O)         0.096     4.681 r  mmcm/inst/clkout1_buf/O
                         net (fo=2, routed)           1.754     6.435    ddr3/u_ddr3_mig/u_ddr3_infrastructure/mmcm_clk
    PLLE2_ADV_X1Y3       PLLE2_ADV (Prop_plle2_adv_CLKIN1_CLKOUT1)
                                                      0.088     6.523 r  ddr3/u_ddr3_mig/u_ddr3_infrastructure/plle2_i/CLKOUT1
                         net (fo=7, routed)           0.614     7.137    ddr3/u_ddr3_mig/u_memc_ui_top_axi/mem_intfc0/ddr_phy_top0/u_ddr_mc_phy_wrapper/u_ddr_mc_phy/ddr_phy_4lanes_0.u_ddr_phy_4lanes/ddr_byte_lane_A.ddr_byte_lane_A/mem_refclk
    PHASER_OUT_PHY_X1Y12 PHASER_OUT_PHY (Prop_phaser_out_phy_MEMREFCLK_OCLK)
                                                      2.136     9.273 r  ddr3/u_ddr3_mig/u_memc_ui_top_axi/mem_intfc0/ddr_phy_top0/u_ddr_mc_phy_wrapper/u_ddr_mc_phy/ddr_phy_4lanes_0.u_ddr_phy_4lanes/ddr_byte_lane_A.ddr_byte_lane_A/phaser_out/OCLK
  -------------------------------------------------------------------    -------------------
    PHASER_OUT_PHY_X1Y12 PHASER_OUT_PHY (Prop_phaser_out_phy_OCLK_RDENABLE)
                                                      0.338     9.611 r  ddr3/u_ddr3_mig/u_memc_ui_top_axi/mem_intfc0/ddr_phy_top0/u_ddr_mc_phy_wrapper/u_ddr_mc_phy/ddr_phy_4lanes_0.u_ddr_phy_4lanes/ddr_byte_lane_A.ddr_byte_lane_A/phaser_out/RDENABLE
                         net (fo=1, routed)           0.000     9.611    ddr3/u_ddr3_mig/u_memc_ui_top_axi/mem_intfc0/ddr_phy_top0/u_ddr_mc_phy_wrapper/u_ddr_mc_phy/ddr_phy_4lanes_0.u_ddr_phy_4lanes/ddr_byte_lane_A.ddr_byte_lane_A/po_rd_enable
    OUT_FIFO_X1Y12       OUT_FIFO                                     r  ddr3/u_ddr3_mig/u_memc_ui_top_axi/mem_intfc0/ddr_phy_top0/u_ddr_mc_phy_wrapper/u_ddr_mc_phy/ddr_phy_4lanes_0.u_ddr_phy_4lanes/ddr_byte_lane_A.ddr_byte_lane_A/out_fifo/RDEN
  -------------------------------------------------------------------    -------------------

                         (clock oserdes_clkdiv rise edge)
                                                     10.000    10.000 r  
    R4                                                0.000    10.000 r  clk (IN)
                         net (fo=0)                   0.000    10.000    mmcm/inst/clk_in1
    R4                   IBUF (Prop_ibuf_I_O)         1.405    11.405 r  mmcm/inst/clkin1_ibufg/O
                         net (fo=1, routed)           1.162    12.567    mmcm/inst/clk_in1_mmcm
    MMCME2_ADV_X1Y2      MMCME2_ADV (Prop_mmcme2_adv_CLKIN1_CLKOUT0)
                                                     -7.674     4.893 r  mmcm/inst/mmcm_adv_inst/CLKOUT0
                         net (fo=1, routed)           1.723     6.616    mmcm/inst/clk_out1_mmcm
    BUFGCTRL_X0Y2        BUFG (Prop_bufg_I_O)         0.091     6.707 r  mmcm/inst/clkout1_buf/O
                         net (fo=2, routed)           1.636     8.343    ddr3/u_ddr3_mig/u_ddr3_infrastructure/mmcm_clk
    PLLE2_ADV_X1Y3       PLLE2_ADV (Prop_plle2_adv_CLKIN1_CLKOUT1)
                                                      0.083     8.426 r  ddr3/u_ddr3_mig/u_ddr3_infrastructure/plle2_i/CLKOUT1
                         net (fo=7, routed)           0.582     9.008    ddr3/u_ddr3_mig/u_memc_ui_top_axi/mem_intfc0/ddr_phy_top0/u_ddr_mc_phy_wrapper/u_ddr_mc_phy/ddr_phy_4lanes_0.u_ddr_phy_4lanes/ddr_byte_lane_A.ddr_byte_lane_A/mem_refclk
    PHASER_OUT_PHY_X1Y12 PHASER_OUT_PHY (Prop_phaser_out_phy_MEMREFCLK_OCLK)
                                                      2.077    11.084 r  ddr3/u_ddr3_mig/u_memc_ui_top_axi/mem_intfc0/ddr_phy_top0/u_ddr_mc_phy_wrapper/u_ddr_mc_phy/ddr_phy_4lanes_0.u_ddr_phy_4lanes/ddr_byte_lane_A.ddr_byte_lane_A/phaser_out/OCLK
    PHASER_OUT_PHY_X1Y12 PHASER_OUT_PHY (Prop_phaser_out_phy_OCLK_OCLKDIV)
                                                      0.148    11.232 r  ddr3/u_ddr3_mig/u_memc_ui_top_axi/mem_intfc0/ddr_phy_top0/u_ddr_mc_phy_wrapper/u_ddr_mc_phy/ddr_phy_4lanes_0.u_ddr_phy_4lanes/ddr_byte_lane_A.ddr_byte_lane_A/phaser_out/OCLKDIV
                         net (fo=12, routed)          0.000    11.232    ddr3/u_ddr3_mig/u_memc_ui_top_axi/mem_intfc0/ddr_phy_top0/u_ddr_mc_phy_wrapper/u_ddr_mc_phy/ddr_phy_4lanes_0.u_ddr_phy_4lanes/ddr_byte_lane_A.ddr_byte_lane_A/oserdes_clkdiv
    OUT_FIFO_X1Y12       OUT_FIFO                                     r  ddr3/u_ddr3_mig/u_memc_ui_top_axi/mem_intfc0/ddr_phy_top0/u_ddr_mc_phy_wrapper/u_ddr_mc_phy/ddr_phy_4lanes_0.u_ddr_phy_4lanes/ddr_byte_lane_A.ddr_byte_lane_A/out_fifo/RDCLK
                         clock pessimism              0.688    11.921    
                         clock uncertainty           -0.066    11.855    
    OUT_FIFO_X1Y12       OUT_FIFO (Setup_out_fifo_RDCLK_RDEN)
                                                     -0.651    11.204    ddr3/u_ddr3_mig/u_memc_ui_top_axi/mem_intfc0/ddr_phy_top0/u_ddr_mc_phy_wrapper/u_ddr_mc_phy/ddr_phy_4lanes_0.u_ddr_phy_4lanes/ddr_byte_lane_A.ddr_byte_lane_A/out_fifo
  -------------------------------------------------------------------
                         required time                         11.204    
                         arrival time                          -9.611    
  -------------------------------------------------------------------
                         slack                                  1.593    





Min Delay Paths
--------------------------------------------------------------------------------------
Slack (MET) :             0.095ns  (arrival time - required time)
  Source:                 ddr3/u_ddr3_mig/u_memc_ui_top_axi/mem_intfc0/ddr_phy_top0/u_ddr_mc_phy_wrapper/u_ddr_mc_phy/ddr_phy_4lanes_0.u_ddr_phy_4lanes/ddr_byte_lane_A.ddr_byte_lane_A/phaser_out/OCLK
                            (rising edge-triggered cell PHASER_OUT_PHY clocked by oserdes_clk  {rise@0.000ns fall@1.250ns period=2.500ns})
  Destination:            ddr3/u_ddr3_mig/u_memc_ui_top_axi/mem_intfc0/ddr_phy_top0/u_ddr_mc_phy_wrapper/u_ddr_mc_phy/ddr_phy_4lanes_0.u_ddr_phy_4lanes/ddr_byte_lane_A.ddr_byte_lane_A/out_fifo/RDEN
                            (rising edge-triggered cell OUT_FIFO clocked by oserdes_clkdiv  {rise@0.000ns fall@5.000ns period=10.000ns})
  Path Group:             oserdes_clkdiv
  Path Type:              Hold (Min at Fast Process Corner)
  Requirement:            0.000ns  (oserdes_clkdiv rise@0.000ns - oserdes_clk rise@0.000ns)
  Data Path Delay:        0.172ns  (logic 0.172ns (100.000%)  route 0.000ns (0.000%))
  Logic Levels:           0  
  Clock Path Skew:        0.088ns (DCD - SCD - CPR)
    Destination Clock Delay (DCD):    1.278ns
    Source Clock Delay      (SCD):    1.367ns
    Clock Pessimism Removal (CPR):    -0.177ns

    Location             Delay type                Incr(ns)  Path(ns)    Netlist Resource(s)
  -------------------------------------------------------------------    -------------------
                         (clock oserdes_clk rise edge)
                                                      0.000     0.000 r  
    R4                                                0.000     0.000 r  clk (IN)
                         net (fo=0)                   0.000     0.000    mmcm/inst/clk_in1
    R4                   IBUF (Prop_ibuf_I_O)         0.243     0.243 r  mmcm/inst/clkin1_ibufg/O
                         net (fo=1, routed)           0.440     0.683    mmcm/inst/clk_in1_mmcm
    MMCME2_ADV_X1Y2      MMCME2_ADV (Prop_mmcme2_adv_CLKIN1_CLKOUT0)
                                                     -2.540    -1.856 r  mmcm/inst/mmcm_adv_inst/CLKOUT0
                         net (fo=1, routed)           0.531    -1.325    mmcm/inst/clk_out1_mmcm
    BUFGCTRL_X0Y2        BUFG (Prop_bufg_I_O)         0.026    -1.299 r  mmcm/inst/clkout1_buf/O
                         net (fo=2, routed)           0.606    -0.694    ddr3/u_ddr3_mig/u_ddr3_infrastructure/mmcm_clk
    PLLE2_ADV_X1Y3       PLLE2_ADV (Prop_plle2_adv_CLKIN1_CLKOUT1)
                                                      0.050    -0.644 r  ddr3/u_ddr3_mig/u_ddr3_infrastructure/plle2_i/CLKOUT1
                         net (fo=7, routed)           0.197    -0.447    ddr3/u_ddr3_mig/u_memc_ui_top_axi/mem_intfc0/ddr_phy_top0/u_ddr_mc_phy_wrapper/u_ddr_mc_phy/ddr_phy_4lanes_0.u_ddr_phy_4lanes/ddr_byte_lane_A.ddr_byte_lane_A/mem_refclk
    PHASER_OUT_PHY_X1Y12 PHASER_OUT_PHY (Prop_phaser_out_phy_MEMREFCLK_OCLK)
                                                      1.813     1.367 r  ddr3/u_ddr3_mig/u_memc_ui_top_axi/mem_intfc0/ddr_phy_top0/u_ddr_mc_phy_wrapper/u_ddr_mc_phy/ddr_phy_4lanes_0.u_ddr_phy_4lanes/ddr_byte_lane_A.ddr_byte_lane_A/phaser_out/OCLK
  -------------------------------------------------------------------    -------------------
    PHASER_OUT_PHY_X1Y12 PHASER_OUT_PHY (Prop_phaser_out_phy_OCLK_RDENABLE)
                                                      0.172     1.539 r  ddr3/u_ddr3_mig/u_memc_ui_top_axi/mem_intfc0/ddr_phy_top0/u_ddr_mc_phy_wrapper/u_ddr_mc_phy/ddr_phy_4lanes_0.u_ddr_phy_4lanes/ddr_byte_lane_A.ddr_byte_lane_A/phaser_out/RDENABLE
                         net (fo=1, routed)           0.000     1.539    ddr3/u_ddr3_mig/u_memc_ui_top_axi/mem_intfc0/ddr_phy_top0/u_ddr_mc_phy_wrapper/u_ddr_mc_phy/ddr_phy_4lanes_0.u_ddr_phy_4lanes/ddr_byte_lane_A.ddr_byte_lane_A/po_rd_enable
    OUT_FIFO_X1Y12       OUT_FIFO                                     r  ddr3/u_ddr3_mig/u_memc_ui_top_axi/mem_intfc0/ddr_phy_top0/u_ddr_mc_phy_wrapper/u_ddr_mc_phy/ddr_phy_4lanes_0.u_ddr_phy_4lanes/ddr_byte_lane_A.ddr_byte_lane_A/out_fifo/RDEN
  -------------------------------------------------------------------    -------------------

                         (clock oserdes_clkdiv rise edge)
                                                      0.000     0.000 r  
    R4                                                0.000     0.000 r  clk (IN)
                         net (fo=0)                   0.000     0.000    mmcm/inst/clk_in1
    R4                   IBUF (Prop_ibuf_I_O)         0.431     0.431 r  mmcm/inst/clkin1_ibufg/O
                         net (fo=1, routed)           0.480     0.911    mmcm/inst/clk_in1_mmcm
    MMCME2_ADV_X1Y2      MMCME2_ADV (Prop_mmcme2_adv_CLKIN1_CLKOUT0)
                                                     -3.332    -2.421 r  mmcm/inst/mmcm_adv_inst/CLKOUT0
                         net (fo=1, routed)           0.579    -1.843    mmcm/inst/clk_out1_mmcm
    BUFGCTRL_X0Y2        BUFG (Prop_bufg_I_O)         0.029    -1.814 r  mmcm/inst/clkout1_buf/O
                         net (fo=2, routed)           0.875    -0.939    ddr3/u_ddr3_mig/u_ddr3_infrastructure/mmcm_clk
    PLLE2_ADV_X1Y3       PLLE2_ADV (Prop_plle2_adv_CLKIN1_CLKOUT1)
                                                      0.053    -0.886 r  ddr3/u_ddr3_mig/u_ddr3_infrastructure/plle2_i/CLKOUT1
                         net (fo=7, routed)           0.218    -0.668    ddr3/u_ddr3_mig/u_memc_ui_top_axi/mem_intfc0/ddr_phy_top0/u_ddr_mc_phy_wrapper/u_ddr_mc_phy/ddr_phy_4lanes_0.u_ddr_phy_4lanes/ddr_byte_lane_A.ddr_byte_lane_A/mem_refclk
    PHASER_OUT_PHY_X1Y12 PHASER_OUT_PHY (Prop_phaser_out_phy_MEMREFCLK_OCLK)
                                                      1.858     1.190 r  ddr3/u_ddr3_mig/u_memc_ui_top_axi/mem_intfc0/ddr_phy_top0/u_ddr_mc_phy_wrapper/u_ddr_mc_phy/ddr_phy_4lanes_0.u_ddr_phy_4lanes/ddr_byte_lane_A.ddr_byte_lane_A/phaser_out/OCLK
    PHASER_OUT_PHY_X1Y12 PHASER_OUT_PHY (Prop_phaser_out_phy_OCLK_OCLKDIV)
                                                      0.088     1.278 r  ddr3/u_ddr3_mig/u_memc_ui_top_axi/mem_intfc0/ddr_phy_top0/u_ddr_mc_phy_wrapper/u_ddr_mc_phy/ddr_phy_4lanes_0.u_ddr_phy_4lanes/ddr_byte_lane_A.ddr_byte_lane_A/phaser_out/OCLKDIV
                         net (fo=12, routed)          0.000     1.278    ddr3/u_ddr3_mig/u_memc_ui_top_axi/mem_intfc0/ddr_phy_top0/u_ddr_mc_phy_wrapper/u_ddr_mc_phy/ddr_phy_4lanes_0.u_ddr_phy_4lanes/ddr_byte_lane_A.ddr_byte_lane_A/oserdes_clkdiv
    OUT_FIFO_X1Y12       OUT_FIFO                                     r  ddr3/u_ddr3_mig/u_memc_ui_top_axi/mem_intfc0/ddr_phy_top0/u_ddr_mc_phy_wrapper/u_ddr_mc_phy/ddr_phy_4lanes_0.u_ddr_phy_4lanes/ddr_byte_lane_A.ddr_byte_lane_A/out_fifo/RDCLK
                         clock pessimism              0.177     1.455    
    OUT_FIFO_X1Y12       OUT_FIFO (Hold_out_fifo_RDCLK_RDEN)
                                                     -0.011     1.444    ddr3/u_ddr3_mig/u_memc_ui_top_axi/mem_intfc0/ddr_phy_top0/u_ddr_mc_phy_wrapper/u_ddr_mc_phy/ddr_phy_4lanes_0.u_ddr_phy_4lanes/ddr_byte_lane_A.ddr_byte_lane_A/out_fifo
  -------------------------------------------------------------------
                         required time                         -1.444    
                         arrival time                           1.539    
  -------------------------------------------------------------------
                         slack                                  0.095    





---------------------------------------------------------------------------------------------------
From Clock:  oserdes_clk_1
  To Clock:  oserdes_clkdiv_1

Setup :            0  Failing Endpoints,  Worst Slack        1.593ns,  Total Violation        0.000ns
Hold  :            0  Failing Endpoints,  Worst Slack        0.095ns,  Total Violation        0.000ns
---------------------------------------------------------------------------------------------------


Max Delay Paths
--------------------------------------------------------------------------------------
Slack (MET) :             1.593ns  (required time - arrival time)
  Source:                 ddr3/u_ddr3_mig/u_memc_ui_top_axi/mem_intfc0/ddr_phy_top0/u_ddr_mc_phy_wrapper/u_ddr_mc_phy/ddr_phy_4lanes_0.u_ddr_phy_4lanes/ddr_byte_lane_B.ddr_byte_lane_B/phaser_out/OCLK
                            (rising edge-triggered cell PHASER_OUT_PHY clocked by oserdes_clk_1  {rise@0.000ns fall@1.250ns period=2.500ns})
  Destination:            ddr3/u_ddr3_mig/u_memc_ui_top_axi/mem_intfc0/ddr_phy_top0/u_ddr_mc_phy_wrapper/u_ddr_mc_phy/ddr_phy_4lanes_0.u_ddr_phy_4lanes/ddr_byte_lane_B.ddr_byte_lane_B/out_fifo/RDEN
                            (rising edge-triggered cell OUT_FIFO clocked by oserdes_clkdiv_1  {rise@0.000ns fall@5.000ns period=10.000ns})
  Path Group:             oserdes_clkdiv_1
  Path Type:              Setup (Max at Slow Process Corner)
  Requirement:            2.500ns  (oserdes_clkdiv_1 rise@10.000ns - oserdes_clk_1 rise@7.500ns)
  Data Path Delay:        0.338ns  (logic 0.338ns (100.000%)  route 0.000ns (0.000%))
  Logic Levels:           0  
  Clock Path Skew:        0.148ns (DCD - SCD + CPR)
    Destination Clock Delay (DCD):    1.222ns = ( 11.222 - 10.000 ) 
    Source Clock Delay      (SCD):    1.762ns = ( 9.262 - 7.500 ) 
    Clock Pessimism Removal (CPR):    0.687ns
  Clock Uncertainty:      0.066ns  ((TSJ^2 + DJ^2)^1/2) / 2 + PE
    Total System Jitter     (TSJ):    0.071ns
    Discrete Jitter          (DJ):    0.111ns
    Phase Error              (PE):    0.000ns

    Location             Delay type                Incr(ns)  Path(ns)    Netlist Resource(s)
  -------------------------------------------------------------------    -------------------
                         (clock oserdes_clk_1 rise edge)
                                                      7.500     7.500 r  
    R4                                                0.000     7.500 r  clk (IN)
                         net (fo=0)                   0.000     7.500    mmcm/inst/clk_in1
    R4                   IBUF (Prop_ibuf_I_O)         1.475     8.975 r  mmcm/inst/clkin1_ibufg/O
                         net (fo=1, routed)           1.233    10.208    mmcm/inst/clk_in1_mmcm
    MMCME2_ADV_X1Y2      MMCME2_ADV (Prop_mmcme2_adv_CLKIN1_CLKOUT0)
                                                     -7.432     2.776 r  mmcm/inst/mmcm_adv_inst/CLKOUT0
                         net (fo=1, routed)           1.808     4.585    mmcm/inst/clk_out1_mmcm
    BUFGCTRL_X0Y2        BUFG (Prop_bufg_I_O)         0.096     4.681 r  mmcm/inst/clkout1_buf/O
                         net (fo=2, routed)           1.754     6.435    ddr3/u_ddr3_mig/u_ddr3_infrastructure/mmcm_clk
    PLLE2_ADV_X1Y3       PLLE2_ADV (Prop_plle2_adv_CLKIN1_CLKOUT1)
                                                      0.088     6.523 r  ddr3/u_ddr3_mig/u_ddr3_infrastructure/plle2_i/CLKOUT1
                         net (fo=7, routed)           0.603     7.126    ddr3/u_ddr3_mig/u_memc_ui_top_axi/mem_intfc0/ddr_phy_top0/u_ddr_mc_phy_wrapper/u_ddr_mc_phy/ddr_phy_4lanes_0.u_ddr_phy_4lanes/ddr_byte_lane_B.ddr_byte_lane_B/mem_refclk
    PHASER_OUT_PHY_X1Y13 PHASER_OUT_PHY (Prop_phaser_out_phy_MEMREFCLK_OCLK)
                                                      2.136     9.262 r  ddr3/u_ddr3_mig/u_memc_ui_top_axi/mem_intfc0/ddr_phy_top0/u_ddr_mc_phy_wrapper/u_ddr_mc_phy/ddr_phy_4lanes_0.u_ddr_phy_4lanes/ddr_byte_lane_B.ddr_byte_lane_B/phaser_out/OCLK
  -------------------------------------------------------------------    -------------------
    PHASER_OUT_PHY_X1Y13 PHASER_OUT_PHY (Prop_phaser_out_phy_OCLK_RDENABLE)
                                                      0.338     9.600 r  ddr3/u_ddr3_mig/u_memc_ui_top_axi/mem_intfc0/ddr_phy_top0/u_ddr_mc_phy_wrapper/u_ddr_mc_phy/ddr_phy_4lanes_0.u_ddr_phy_4lanes/ddr_byte_lane_B.ddr_byte_lane_B/phaser_out/RDENABLE
                         net (fo=1, routed)           0.000     9.600    ddr3/u_ddr3_mig/u_memc_ui_top_axi/mem_intfc0/ddr_phy_top0/u_ddr_mc_phy_wrapper/u_ddr_mc_phy/ddr_phy_4lanes_0.u_ddr_phy_4lanes/ddr_byte_lane_B.ddr_byte_lane_B/po_rd_enable
    OUT_FIFO_X1Y13       OUT_FIFO                                     r  ddr3/u_ddr3_mig/u_memc_ui_top_axi/mem_intfc0/ddr_phy_top0/u_ddr_mc_phy_wrapper/u_ddr_mc_phy/ddr_phy_4lanes_0.u_ddr_phy_4lanes/ddr_byte_lane_B.ddr_byte_lane_B/out_fifo/RDEN
  -------------------------------------------------------------------    -------------------

                         (clock oserdes_clkdiv_1 rise edge)
                                                     10.000    10.000 r  
    R4                                                0.000    10.000 r  clk (IN)
                         net (fo=0)                   0.000    10.000    mmcm/inst/clk_in1
    R4                   IBUF (Prop_ibuf_I_O)         1.405    11.405 r  mmcm/inst/clkin1_ibufg/O
                         net (fo=1, routed)           1.162    12.567    mmcm/inst/clk_in1_mmcm
    MMCME2_ADV_X1Y2      MMCME2_ADV (Prop_mmcme2_adv_CLKIN1_CLKOUT0)
                                                     -7.674     4.893 r  mmcm/inst/mmcm_adv_inst/CLKOUT0
                         net (fo=1, routed)           1.723     6.616    mmcm/inst/clk_out1_mmcm
    BUFGCTRL_X0Y2        BUFG (Prop_bufg_I_O)         0.091     6.707 r  mmcm/inst/clkout1_buf/O
                         net (fo=2, routed)           1.636     8.343    ddr3/u_ddr3_mig/u_ddr3_infrastructure/mmcm_clk
    PLLE2_ADV_X1Y3       PLLE2_ADV (Prop_plle2_adv_CLKIN1_CLKOUT1)
                                                      0.083     8.426 r  ddr3/u_ddr3_mig/u_ddr3_infrastructure/plle2_i/CLKOUT1
                         net (fo=7, routed)           0.572     8.998    ddr3/u_ddr3_mig/u_memc_ui_top_axi/mem_intfc0/ddr_phy_top0/u_ddr_mc_phy_wrapper/u_ddr_mc_phy/ddr_phy_4lanes_0.u_ddr_phy_4lanes/ddr_byte_lane_B.ddr_byte_lane_B/mem_refclk
    PHASER_OUT_PHY_X1Y13 PHASER_OUT_PHY (Prop_phaser_out_phy_MEMREFCLK_OCLK)
                                                      2.077    11.074 r  ddr3/u_ddr3_mig/u_memc_ui_top_axi/mem_intfc0/ddr_phy_top0/u_ddr_mc_phy_wrapper/u_ddr_mc_phy/ddr_phy_4lanes_0.u_ddr_phy_4lanes/ddr_byte_lane_B.ddr_byte_lane_B/phaser_out/OCLK
    PHASER_OUT_PHY_X1Y13 PHASER_OUT_PHY (Prop_phaser_out_phy_OCLK_OCLKDIV)
                                                      0.148    11.222 r  ddr3/u_ddr3_mig/u_memc_ui_top_axi/mem_intfc0/ddr_phy_top0/u_ddr_mc_phy_wrapper/u_ddr_mc_phy/ddr_phy_4lanes_0.u_ddr_phy_4lanes/ddr_byte_lane_B.ddr_byte_lane_B/phaser_out/OCLKDIV
                         net (fo=13, routed)          0.000    11.222    ddr3/u_ddr3_mig/u_memc_ui_top_axi/mem_intfc0/ddr_phy_top0/u_ddr_mc_phy_wrapper/u_ddr_mc_phy/ddr_phy_4lanes_0.u_ddr_phy_4lanes/ddr_byte_lane_B.ddr_byte_lane_B/oserdes_clkdiv
    OUT_FIFO_X1Y13       OUT_FIFO                                     r  ddr3/u_ddr3_mig/u_memc_ui_top_axi/mem_intfc0/ddr_phy_top0/u_ddr_mc_phy_wrapper/u_ddr_mc_phy/ddr_phy_4lanes_0.u_ddr_phy_4lanes/ddr_byte_lane_B.ddr_byte_lane_B/out_fifo/RDCLK
                         clock pessimism              0.687    11.910    
                         clock uncertainty           -0.066    11.844    
    OUT_FIFO_X1Y13       OUT_FIFO (Setup_out_fifo_RDCLK_RDEN)
                                                     -0.651    11.193    ddr3/u_ddr3_mig/u_memc_ui_top_axi/mem_intfc0/ddr_phy_top0/u_ddr_mc_phy_wrapper/u_ddr_mc_phy/ddr_phy_4lanes_0.u_ddr_phy_4lanes/ddr_byte_lane_B.ddr_byte_lane_B/out_fifo
  -------------------------------------------------------------------
                         required time                         11.193    
                         arrival time                          -9.600    
  -------------------------------------------------------------------
                         slack                                  1.593    





Min Delay Paths
--------------------------------------------------------------------------------------
Slack (MET) :             0.095ns  (arrival time - required time)
  Source:                 ddr3/u_ddr3_mig/u_memc_ui_top_axi/mem_intfc0/ddr_phy_top0/u_ddr_mc_phy_wrapper/u_ddr_mc_phy/ddr_phy_4lanes_0.u_ddr_phy_4lanes/ddr_byte_lane_B.ddr_byte_lane_B/phaser_out/OCLK
                            (rising edge-triggered cell PHASER_OUT_PHY clocked by oserdes_clk_1  {rise@0.000ns fall@1.250ns period=2.500ns})
  Destination:            ddr3/u_ddr3_mig/u_memc_ui_top_axi/mem_intfc0/ddr_phy_top0/u_ddr_mc_phy_wrapper/u_ddr_mc_phy/ddr_phy_4lanes_0.u_ddr_phy_4lanes/ddr_byte_lane_B.ddr_byte_lane_B/out_fifo/RDEN
                            (rising edge-triggered cell OUT_FIFO clocked by oserdes_clkdiv_1  {rise@0.000ns fall@5.000ns period=10.000ns})
  Path Group:             oserdes_clkdiv_1
  Path Type:              Hold (Min at Fast Process Corner)
  Requirement:            0.000ns  (oserdes_clkdiv_1 rise@0.000ns - oserdes_clk_1 rise@0.000ns)
  Data Path Delay:        0.172ns  (logic 0.172ns (100.000%)  route 0.000ns (0.000%))
  Logic Levels:           0  
  Clock Path Skew:        0.088ns (DCD - SCD - CPR)
    Destination Clock Delay (DCD):    1.269ns
    Source Clock Delay      (SCD):    1.360ns
    Clock Pessimism Removal (CPR):    -0.179ns

    Location             Delay type                Incr(ns)  Path(ns)    Netlist Resource(s)
  -------------------------------------------------------------------    -------------------
                         (clock oserdes_clk_1 rise edge)
                                                      0.000     0.000 r  
    R4                                                0.000     0.000 r  clk (IN)
                         net (fo=0)                   0.000     0.000    mmcm/inst/clk_in1
    R4                   IBUF (Prop_ibuf_I_O)         0.243     0.243 r  mmcm/inst/clkin1_ibufg/O
                         net (fo=1, routed)           0.440     0.683    mmcm/inst/clk_in1_mmcm
    MMCME2_ADV_X1Y2      MMCME2_ADV (Prop_mmcme2_adv_CLKIN1_CLKOUT0)
                                                     -2.540    -1.856 r  mmcm/inst/mmcm_adv_inst/CLKOUT0
                         net (fo=1, routed)           0.531    -1.325    mmcm/inst/clk_out1_mmcm
    BUFGCTRL_X0Y2        BUFG (Prop_bufg_I_O)         0.026    -1.299 r  mmcm/inst/clkout1_buf/O
                         net (fo=2, routed)           0.606    -0.694    ddr3/u_ddr3_mig/u_ddr3_infrastructure/mmcm_clk
    PLLE2_ADV_X1Y3       PLLE2_ADV (Prop_plle2_adv_CLKIN1_CLKOUT1)
                                                      0.050    -0.644 r  ddr3/u_ddr3_mig/u_ddr3_infrastructure/plle2_i/CLKOUT1
                         net (fo=7, routed)           0.190    -0.454    ddr3/u_ddr3_mig/u_memc_ui_top_axi/mem_intfc0/ddr_phy_top0/u_ddr_mc_phy_wrapper/u_ddr_mc_phy/ddr_phy_4lanes_0.u_ddr_phy_4lanes/ddr_byte_lane_B.ddr_byte_lane_B/mem_refclk
    PHASER_OUT_PHY_X1Y13 PHASER_OUT_PHY (Prop_phaser_out_phy_MEMREFCLK_OCLK)
                                                      1.813     1.360 r  ddr3/u_ddr3_mig/u_memc_ui_top_axi/mem_intfc0/ddr_phy_top0/u_ddr_mc_phy_wrapper/u_ddr_mc_phy/ddr_phy_4lanes_0.u_ddr_phy_4lanes/ddr_byte_lane_B.ddr_byte_lane_B/phaser_out/OCLK
  -------------------------------------------------------------------    -------------------
    PHASER_OUT_PHY_X1Y13 PHASER_OUT_PHY (Prop_phaser_out_phy_OCLK_RDENABLE)
                                                      0.172     1.532 r  ddr3/u_ddr3_mig/u_memc_ui_top_axi/mem_intfc0/ddr_phy_top0/u_ddr_mc_phy_wrapper/u_ddr_mc_phy/ddr_phy_4lanes_0.u_ddr_phy_4lanes/ddr_byte_lane_B.ddr_byte_lane_B/phaser_out/RDENABLE
                         net (fo=1, routed)           0.000     1.532    ddr3/u_ddr3_mig/u_memc_ui_top_axi/mem_intfc0/ddr_phy_top0/u_ddr_mc_phy_wrapper/u_ddr_mc_phy/ddr_phy_4lanes_0.u_ddr_phy_4lanes/ddr_byte_lane_B.ddr_byte_lane_B/po_rd_enable
    OUT_FIFO_X1Y13       OUT_FIFO                                     r  ddr3/u_ddr3_mig/u_memc_ui_top_axi/mem_intfc0/ddr_phy_top0/u_ddr_mc_phy_wrapper/u_ddr_mc_phy/ddr_phy_4lanes_0.u_ddr_phy_4lanes/ddr_byte_lane_B.ddr_byte_lane_B/out_fifo/RDEN
  -------------------------------------------------------------------    -------------------

                         (clock oserdes_clkdiv_1 rise edge)
                                                      0.000     0.000 r  
    R4                                                0.000     0.000 r  clk (IN)
                         net (fo=0)                   0.000     0.000    mmcm/inst/clk_in1
    R4                   IBUF (Prop_ibuf_I_O)         0.431     0.431 r  mmcm/inst/clkin1_ibufg/O
                         net (fo=1, routed)           0.480     0.911    mmcm/inst/clk_in1_mmcm
    MMCME2_ADV_X1Y2      MMCME2_ADV (Prop_mmcme2_adv_CLKIN1_CLKOUT0)
                                                     -3.332    -2.421 r  mmcm/inst/mmcm_adv_inst/CLKOUT0
                         net (fo=1, routed)           0.579    -1.843    mmcm/inst/clk_out1_mmcm
    BUFGCTRL_X0Y2        BUFG (Prop_bufg_I_O)         0.029    -1.814 r  mmcm/inst/clkout1_buf/O
                         net (fo=2, routed)           0.875    -0.939    ddr3/u_ddr3_mig/u_ddr3_infrastructure/mmcm_clk
    PLLE2_ADV_X1Y3       PLLE2_ADV (Prop_plle2_adv_CLKIN1_CLKOUT1)
                                                      0.053    -0.886 r  ddr3/u_ddr3_mig/u_ddr3_infrastructure/plle2_i/CLKOUT1
                         net (fo=7, routed)           0.209    -0.677    ddr3/u_ddr3_mig/u_memc_ui_top_axi/mem_intfc0/ddr_phy_top0/u_ddr_mc_phy_wrapper/u_ddr_mc_phy/ddr_phy_4lanes_0.u_ddr_phy_4lanes/ddr_byte_lane_B.ddr_byte_lane_B/mem_refclk
    PHASER_OUT_PHY_X1Y13 PHASER_OUT_PHY (Prop_phaser_out_phy_MEMREFCLK_OCLK)
                                                      1.858     1.181 r  ddr3/u_ddr3_mig/u_memc_ui_top_axi/mem_intfc0/ddr_phy_top0/u_ddr_mc_phy_wrapper/u_ddr_mc_phy/ddr_phy_4lanes_0.u_ddr_phy_4lanes/ddr_byte_lane_B.ddr_byte_lane_B/phaser_out/OCLK
    PHASER_OUT_PHY_X1Y13 PHASER_OUT_PHY (Prop_phaser_out_phy_OCLK_OCLKDIV)
                                                      0.088     1.269 r  ddr3/u_ddr3_mig/u_memc_ui_top_axi/mem_intfc0/ddr_phy_top0/u_ddr_mc_phy_wrapper/u_ddr_mc_phy/ddr_phy_4lanes_0.u_ddr_phy_4lanes/ddr_byte_lane_B.ddr_byte_lane_B/phaser_out/OCLKDIV
                         net (fo=13, routed)          0.000     1.269    ddr3/u_ddr3_mig/u_memc_ui_top_axi/mem_intfc0/ddr_phy_top0/u_ddr_mc_phy_wrapper/u_ddr_mc_phy/ddr_phy_4lanes_0.u_ddr_phy_4lanes/ddr_byte_lane_B.ddr_byte_lane_B/oserdes_clkdiv
    OUT_FIFO_X1Y13       OUT_FIFO                                     r  ddr3/u_ddr3_mig/u_memc_ui_top_axi/mem_intfc0/ddr_phy_top0/u_ddr_mc_phy_wrapper/u_ddr_mc_phy/ddr_phy_4lanes_0.u_ddr_phy_4lanes/ddr_byte_lane_B.ddr_byte_lane_B/out_fifo/RDCLK
                         clock pessimism              0.179     1.448    
    OUT_FIFO_X1Y13       OUT_FIFO (Hold_out_fifo_RDCLK_RDEN)
                                                     -0.011     1.437    ddr3/u_ddr3_mig/u_memc_ui_top_axi/mem_intfc0/ddr_phy_top0/u_ddr_mc_phy_wrapper/u_ddr_mc_phy/ddr_phy_4lanes_0.u_ddr_phy_4lanes/ddr_byte_lane_B.ddr_byte_lane_B/out_fifo
  -------------------------------------------------------------------
                         required time                         -1.437    
                         arrival time                           1.532    
  -------------------------------------------------------------------
                         slack                                  0.095    





---------------------------------------------------------------------------------------------------
From Clock:  oserdes_clk_2
  To Clock:  oserdes_clkdiv_2

Setup :            0  Failing Endpoints,  Worst Slack        1.141ns,  Total Violation        0.000ns
Hold  :            0  Failing Endpoints,  Worst Slack        0.076ns,  Total Violation        0.000ns
---------------------------------------------------------------------------------------------------


Max Delay Paths
--------------------------------------------------------------------------------------
Slack (MET) :             1.141ns  (required time - arrival time)
  Source:                 ddr3/u_ddr3_mig/u_memc_ui_top_axi/mem_intfc0/ddr_phy_top0/u_ddr_mc_phy_wrapper/u_ddr_mc_phy/ddr_phy_4lanes_0.u_ddr_phy_4lanes/ddr_byte_lane_C.ddr_byte_lane_C/phaser_out/OCLK
                            (rising edge-triggered cell PHASER_OUT_PHY clocked by oserdes_clk_2  {rise@0.000ns fall@1.250ns period=2.500ns})
  Destination:            ddr3/u_ddr3_mig/u_memc_ui_top_axi/mem_intfc0/ddr_phy_top0/u_ddr_mc_phy_wrapper/u_ddr_mc_phy/ddr_phy_4lanes_0.u_ddr_phy_4lanes/ddr_byte_lane_C.ddr_byte_lane_C/ddr_byte_group_io/output_[9].oserdes_dq_.ddr.oserdes_dq_i/RST
                            (rising edge-triggered cell OSERDESE2 clocked by oserdes_clkdiv_2  {rise@0.000ns fall@2.500ns period=5.000ns})
  Path Group:             oserdes_clkdiv_2
  Path Type:              Setup (Max at Slow Process Corner)
  Requirement:            5.000ns  (oserdes_clkdiv_2 rise@5.000ns - oserdes_clk_2 rise@0.000ns)
  Data Path Delay:        3.498ns  (logic 0.517ns (14.781%)  route 2.981ns (85.219%))
  Logic Levels:           0  
  Clock Path Skew:        0.554ns (DCD - SCD + CPR)
    Destination Clock Delay (DCD):    1.638ns = ( 6.638 - 5.000 ) 
    Source Clock Delay      (SCD):    1.773ns = ( 4.273 - 2.500 ) 
    Clock Pessimism Removal (CPR):    0.688ns
  Clock Uncertainty:      0.066ns  ((TSJ^2 + DJ^2)^1/2) / 2 + PE
    Total System Jitter     (TSJ):    0.071ns
    Discrete Jitter          (DJ):    0.111ns
    Phase Error              (PE):    0.000ns
  Timing Exception:       MultiCycle Path   Setup -start 2

    Location             Delay type                Incr(ns)  Path(ns)    Netlist Resource(s)
  -------------------------------------------------------------------    -------------------
                         (clock oserdes_clk_2 rise edge)
                                                      0.000     0.000 r  
    R4                                                0.000     0.000 r  clk (IN)
                         net (fo=0)                   0.000     0.000    mmcm/inst/clk_in1
    R4                   IBUF (Prop_ibuf_I_O)         1.475     1.475 r  mmcm/inst/clkin1_ibufg/O
                         net (fo=1, routed)           1.233     2.708    mmcm/inst/clk_in1_mmcm
    MMCME2_ADV_X1Y2      MMCME2_ADV (Prop_mmcme2_adv_CLKIN1_CLKOUT0)
                                                     -7.432    -4.724 r  mmcm/inst/mmcm_adv_inst/CLKOUT0
                         net (fo=1, routed)           1.808    -2.915    mmcm/inst/clk_out1_mmcm
    BUFGCTRL_X0Y2        BUFG (Prop_bufg_I_O)         0.096    -2.819 r  mmcm/inst/clkout1_buf/O
                         net (fo=2, routed)           1.754    -1.065    ddr3/u_ddr3_mig/u_ddr3_infrastructure/mmcm_clk
    PLLE2_ADV_X1Y3       PLLE2_ADV (Prop_plle2_adv_CLKIN1_CLKOUT1)
                                                      0.088    -0.977 r  ddr3/u_ddr3_mig/u_ddr3_infrastructure/plle2_i/CLKOUT1
                         net (fo=7, routed)           0.614    -0.363    ddr3/u_ddr3_mig/u_memc_ui_top_axi/mem_intfc0/ddr_phy_top0/u_ddr_mc_phy_wrapper/u_ddr_mc_phy/ddr_phy_4lanes_0.u_ddr_phy_4lanes/ddr_byte_lane_C.ddr_byte_lane_C/mem_refclk
    PHASER_OUT_PHY_X1Y14 PHASER_OUT_PHY (Prop_phaser_out_phy_MEMREFCLK_OCLK)
                                                      2.136     1.773 r  ddr3/u_ddr3_mig/u_memc_ui_top_axi/mem_intfc0/ddr_phy_top0/u_ddr_mc_phy_wrapper/u_ddr_mc_phy/ddr_phy_4lanes_0.u_ddr_phy_4lanes/ddr_byte_lane_C.ddr_byte_lane_C/phaser_out/OCLK
  -------------------------------------------------------------------    -------------------
    PHASER_OUT_PHY_X1Y14 PHASER_OUT_PHY (Prop_phaser_out_phy_OCLK_OSERDESRST)
                                                      0.517     2.290 r  ddr3/u_ddr3_mig/u_memc_ui_top_axi/mem_intfc0/ddr_phy_top0/u_ddr_mc_phy_wrapper/u_ddr_mc_phy/ddr_phy_4lanes_0.u_ddr_phy_4lanes/ddr_byte_lane_C.ddr_byte_lane_C/phaser_out/OSERDESRST
                         net (fo=10, routed)          2.981     5.271    ddr3/u_ddr3_mig/u_memc_ui_top_axi/mem_intfc0/ddr_phy_top0/u_ddr_mc_phy_wrapper/u_ddr_mc_phy/ddr_phy_4lanes_0.u_ddr_phy_4lanes/ddr_byte_lane_C.ddr_byte_lane_C/ddr_byte_group_io/po_oserdes_rst
    OLOGIC_X1Y186        OSERDESE2                                    r  ddr3/u_ddr3_mig/u_memc_ui_top_axi/mem_intfc0/ddr_phy_top0/u_ddr_mc_phy_wrapper/u_ddr_mc_phy/ddr_phy_4lanes_0.u_ddr_phy_4lanes/ddr_byte_lane_C.ddr_byte_lane_C/ddr_byte_group_io/output_[9].oserdes_dq_.ddr.oserdes_dq_i/RST
  -------------------------------------------------------------------    -------------------

                         (clock oserdes_clkdiv_2 rise edge)
                                                      5.000     5.000 r  
    R4                                                0.000     5.000 r  clk (IN)
                         net (fo=0)                   0.000     5.000    mmcm/inst/clk_in1
    R4                   IBUF (Prop_ibuf_I_O)         1.405     6.405 r  mmcm/inst/clkin1_ibufg/O
                         net (fo=1, routed)           1.162     7.567    mmcm/inst/clk_in1_mmcm
    MMCME2_ADV_X1Y2      MMCME2_ADV (Prop_mmcme2_adv_CLKIN1_CLKOUT0)
                                                     -7.674    -0.107 r  mmcm/inst/mmcm_adv_inst/CLKOUT0
                         net (fo=1, routed)           1.723     1.616    mmcm/inst/clk_out1_mmcm
    BUFGCTRL_X0Y2        BUFG (Prop_bufg_I_O)         0.091     1.707 r  mmcm/inst/clkout1_buf/O
                         net (fo=2, routed)           1.636     3.343    ddr3/u_ddr3_mig/u_ddr3_infrastructure/mmcm_clk
    PLLE2_ADV_X1Y3       PLLE2_ADV (Prop_plle2_adv_CLKIN1_CLKOUT1)
                                                      0.083     3.426 r  ddr3/u_ddr3_mig/u_ddr3_infrastructure/plle2_i/CLKOUT1
                         net (fo=7, routed)           0.582     4.008    ddr3/u_ddr3_mig/u_memc_ui_top_axi/mem_intfc0/ddr_phy_top0/u_ddr_mc_phy_wrapper/u_ddr_mc_phy/ddr_phy_4lanes_0.u_ddr_phy_4lanes/ddr_byte_lane_C.ddr_byte_lane_C/mem_refclk
    PHASER_OUT_PHY_X1Y14 PHASER_OUT_PHY (Prop_phaser_out_phy_MEMREFCLK_OCLK)
                                                      2.077     6.084 r  ddr3/u_ddr3_mig/u_memc_ui_top_axi/mem_intfc0/ddr_phy_top0/u_ddr_mc_phy_wrapper/u_ddr_mc_phy/ddr_phy_4lanes_0.u_ddr_phy_4lanes/ddr_byte_lane_C.ddr_byte_lane_C/phaser_out/OCLK
    PHASER_OUT_PHY_X1Y14 PHASER_OUT_PHY (Prop_phaser_out_phy_OCLK_OCLKDIV)
                                                      0.148     6.232 r  ddr3/u_ddr3_mig/u_memc_ui_top_axi/mem_intfc0/ddr_phy_top0/u_ddr_mc_phy_wrapper/u_ddr_mc_phy/ddr_phy_4lanes_0.u_ddr_phy_4lanes/ddr_byte_lane_C.ddr_byte_lane_C/phaser_out/OCLKDIV
                         net (fo=11, routed)          0.406     6.638    ddr3/u_ddr3_mig/u_memc_ui_top_axi/mem_intfc0/ddr_phy_top0/u_ddr_mc_phy_wrapper/u_ddr_mc_phy/ddr_phy_4lanes_0.u_ddr_phy_4lanes/ddr_byte_lane_C.ddr_byte_lane_C/ddr_byte_group_io/oserdes_clkdiv
    OLOGIC_X1Y186        OSERDESE2                                    r  ddr3/u_ddr3_mig/u_memc_ui_top_axi/mem_intfc0/ddr_phy_top0/u_ddr_mc_phy_wrapper/u_ddr_mc_phy/ddr_phy_4lanes_0.u_ddr_phy_4lanes/ddr_byte_lane_C.ddr_byte_lane_C/ddr_byte_group_io/output_[9].oserdes_dq_.ddr.oserdes_dq_i/CLKDIV
                         clock pessimism              0.688     7.327    
                         clock uncertainty           -0.066     7.261    
    OLOGIC_X1Y186        OSERDESE2 (Setup_oserdese2_CLKDIV_RST)
                                                     -0.849     6.412    ddr3/u_ddr3_mig/u_memc_ui_top_axi/mem_intfc0/ddr_phy_top0/u_ddr_mc_phy_wrapper/u_ddr_mc_phy/ddr_phy_4lanes_0.u_ddr_phy_4lanes/ddr_byte_lane_C.ddr_byte_lane_C/ddr_byte_group_io/output_[9].oserdes_dq_.ddr.oserdes_dq_i
  -------------------------------------------------------------------
                         required time                          6.412    
                         arrival time                          -5.271    
  -------------------------------------------------------------------
                         slack                                  1.141    





Min Delay Paths
--------------------------------------------------------------------------------------
Slack (MET) :             0.076ns  (arrival time - required time)
  Source:                 ddr3/u_ddr3_mig/u_memc_ui_top_axi/mem_intfc0/ddr_phy_top0/u_ddr_mc_phy_wrapper/u_ddr_mc_phy/ddr_phy_4lanes_0.u_ddr_phy_4lanes/ddr_byte_lane_C.ddr_byte_lane_C/phaser_out/OCLK
                            (rising edge-triggered cell PHASER_OUT_PHY clocked by oserdes_clk_2  {rise@0.000ns fall@1.250ns period=2.500ns})
  Destination:            ddr3/u_ddr3_mig/u_memc_ui_top_axi/mem_intfc0/ddr_phy_top0/u_ddr_mc_phy_wrapper/u_ddr_mc_phy/ddr_phy_4lanes_0.u_ddr_phy_4lanes/ddr_byte_lane_C.ddr_byte_lane_C/ddr_byte_group_io/output_[2].oserdes_dq_.ddr.oserdes_dq_i/RST
                            (rising edge-triggered cell OSERDESE2 clocked by oserdes_clkdiv_2  {rise@0.000ns fall@2.500ns period=5.000ns})
  Path Group:             oserdes_clkdiv_2
  Path Type:              Hold (Min at Fast Process Corner)
  Requirement:            0.000ns  (oserdes_clkdiv_2 rise@0.000ns - oserdes_clk_2 rise@0.000ns)
  Data Path Delay:        0.900ns  (logic 0.272ns (30.232%)  route 0.628ns (69.768%))
  Logic Levels:           0  
  Clock Path Skew:        0.265ns (DCD - SCD - CPR)
    Destination Clock Delay (DCD):    1.455ns
    Source Clock Delay      (SCD):    1.367ns
    Clock Pessimism Removal (CPR):    -0.177ns
  Timing Exception:       MultiCycle Path   Setup -start 2    Hold  -start 1

    Location             Delay type                Incr(ns)  Path(ns)    Netlist Resource(s)
  -------------------------------------------------------------------    -------------------
                         (clock oserdes_clk_2 rise edge)
                                                      0.000     0.000 r  
    R4                                                0.000     0.000 r  clk (IN)
                         net (fo=0)                   0.000     0.000    mmcm/inst/clk_in1
    R4                   IBUF (Prop_ibuf_I_O)         0.243     0.243 r  mmcm/inst/clkin1_ibufg/O
                         net (fo=1, routed)           0.440     0.683    mmcm/inst/clk_in1_mmcm
    MMCME2_ADV_X1Y2      MMCME2_ADV (Prop_mmcme2_adv_CLKIN1_CLKOUT0)
                                                     -2.540    -1.856 r  mmcm/inst/mmcm_adv_inst/CLKOUT0
                         net (fo=1, routed)           0.531    -1.325    mmcm/inst/clk_out1_mmcm
    BUFGCTRL_X0Y2        BUFG (Prop_bufg_I_O)         0.026    -1.299 r  mmcm/inst/clkout1_buf/O
                         net (fo=2, routed)           0.606    -0.694    ddr3/u_ddr3_mig/u_ddr3_infrastructure/mmcm_clk
    PLLE2_ADV_X1Y3       PLLE2_ADV (Prop_plle2_adv_CLKIN1_CLKOUT1)
                                                      0.050    -0.644 r  ddr3/u_ddr3_mig/u_ddr3_infrastructure/plle2_i/CLKOUT1
                         net (fo=7, routed)           0.197    -0.447    ddr3/u_ddr3_mig/u_memc_ui_top_axi/mem_intfc0/ddr_phy_top0/u_ddr_mc_phy_wrapper/u_ddr_mc_phy/ddr_phy_4lanes_0.u_ddr_phy_4lanes/ddr_byte_lane_C.ddr_byte_lane_C/mem_refclk
    PHASER_OUT_PHY_X1Y14 PHASER_OUT_PHY (Prop_phaser_out_phy_MEMREFCLK_OCLK)
                                                      1.813     1.367 r  ddr3/u_ddr3_mig/u_memc_ui_top_axi/mem_intfc0/ddr_phy_top0/u_ddr_mc_phy_wrapper/u_ddr_mc_phy/ddr_phy_4lanes_0.u_ddr_phy_4lanes/ddr_byte_lane_C.ddr_byte_lane_C/phaser_out/OCLK
  -------------------------------------------------------------------    -------------------
    PHASER_OUT_PHY_X1Y14 PHASER_OUT_PHY (Prop_phaser_out_phy_OCLK_OSERDESRST)
                                                      0.272     1.639 r  ddr3/u_ddr3_mig/u_memc_ui_top_axi/mem_intfc0/ddr_phy_top0/u_ddr_mc_phy_wrapper/u_ddr_mc_phy/ddr_phy_4lanes_0.u_ddr_phy_4lanes/ddr_byte_lane_C.ddr_byte_lane_C/phaser_out/OSERDESRST
                         net (fo=10, routed)          0.628     2.266    ddr3/u_ddr3_mig/u_memc_ui_top_axi/mem_intfc0/ddr_phy_top0/u_ddr_mc_phy_wrapper/u_ddr_mc_phy/ddr_phy_4lanes_0.u_ddr_phy_4lanes/ddr_byte_lane_C.ddr_byte_lane_C/ddr_byte_group_io/po_oserdes_rst
    OLOGIC_X1Y177        OSERDESE2                                    r  ddr3/u_ddr3_mig/u_memc_ui_top_axi/mem_intfc0/ddr_phy_top0/u_ddr_mc_phy_wrapper/u_ddr_mc_phy/ddr_phy_4lanes_0.u_ddr_phy_4lanes/ddr_byte_lane_C.ddr_byte_lane_C/ddr_byte_group_io/output_[2].oserdes_dq_.ddr.oserdes_dq_i/RST
  -------------------------------------------------------------------    -------------------

                         (clock oserdes_clkdiv_2 rise edge)
                                                      0.000     0.000 r  
    R4                                                0.000     0.000 r  clk (IN)
                         net (fo=0)                   0.000     0.000    mmcm/inst/clk_in1
    R4                   IBUF (Prop_ibuf_I_O)         0.431     0.431 r  mmcm/inst/clkin1_ibufg/O
                         net (fo=1, routed)           0.480     0.911    mmcm/inst/clk_in1_mmcm
    MMCME2_ADV_X1Y2      MMCME2_ADV (Prop_mmcme2_adv_CLKIN1_CLKOUT0)
                                                     -3.332    -2.421 r  mmcm/inst/mmcm_adv_inst/CLKOUT0
                         net (fo=1, routed)           0.579    -1.843    mmcm/inst/clk_out1_mmcm
    BUFGCTRL_X0Y2        BUFG (Prop_bufg_I_O)         0.029    -1.814 r  mmcm/inst/clkout1_buf/O
                         net (fo=2, routed)           0.875    -0.939    ddr3/u_ddr3_mig/u_ddr3_infrastructure/mmcm_clk
    PLLE2_ADV_X1Y3       PLLE2_ADV (Prop_plle2_adv_CLKIN1_CLKOUT1)
                                                      0.053    -0.886 r  ddr3/u_ddr3_mig/u_ddr3_infrastructure/plle2_i/CLKOUT1
                         net (fo=7, routed)           0.218    -0.668    ddr3/u_ddr3_mig/u_memc_ui_top_axi/mem_intfc0/ddr_phy_top0/u_ddr_mc_phy_wrapper/u_ddr_mc_phy/ddr_phy_4lanes_0.u_ddr_phy_4lanes/ddr_byte_lane_C.ddr_byte_lane_C/mem_refclk
    PHASER_OUT_PHY_X1Y14 PHASER_OUT_PHY (Prop_phaser_out_phy_MEMREFCLK_OCLK)
                                                      1.858     1.190 r  ddr3/u_ddr3_mig/u_memc_ui_top_axi/mem_intfc0/ddr_phy_top0/u_ddr_mc_phy_wrapper/u_ddr_mc_phy/ddr_phy_4lanes_0.u_ddr_phy_4lanes/ddr_byte_lane_C.ddr_byte_lane_C/phaser_out/OCLK
    PHASER_OUT_PHY_X1Y14 PHASER_OUT_PHY (Prop_phaser_out_phy_OCLK_OCLKDIV)
                                                      0.088     1.278 r  ddr3/u_ddr3_mig/u_memc_ui_top_axi/mem_intfc0/ddr_phy_top0/u_ddr_mc_phy_wrapper/u_ddr_mc_phy/ddr_phy_4lanes_0.u_ddr_phy_4lanes/ddr_byte_lane_C.ddr_byte_lane_C/phaser_out/OCLKDIV
                         net (fo=11, routed)          0.177     1.455    ddr3/u_ddr3_mig/u_memc_ui_top_axi/mem_intfc0/ddr_phy_top0/u_ddr_mc_phy_wrapper/u_ddr_mc_phy/ddr_phy_4lanes_0.u_ddr_phy_4lanes/ddr_byte_lane_C.ddr_byte_lane_C/ddr_byte_group_io/oserdes_clkdiv
    OLOGIC_X1Y177        OSERDESE2                                    r  ddr3/u_ddr3_mig/u_memc_ui_top_axi/mem_intfc0/ddr_phy_top0/u_ddr_mc_phy_wrapper/u_ddr_mc_phy/ddr_phy_4lanes_0.u_ddr_phy_4lanes/ddr_byte_lane_C.ddr_byte_lane_C/ddr_byte_group_io/output_[2].oserdes_dq_.ddr.oserdes_dq_i/CLKDIV
                         clock pessimism              0.177     1.632    
    OLOGIC_X1Y177        OSERDESE2 (Hold_oserdese2_CLKDIV_RST)
                                                      0.559     2.191    ddr3/u_ddr3_mig/u_memc_ui_top_axi/mem_intfc0/ddr_phy_top0/u_ddr_mc_phy_wrapper/u_ddr_mc_phy/ddr_phy_4lanes_0.u_ddr_phy_4lanes/ddr_byte_lane_C.ddr_byte_lane_C/ddr_byte_group_io/output_[2].oserdes_dq_.ddr.oserdes_dq_i
  -------------------------------------------------------------------
                         required time                         -2.191    
                         arrival time                           2.266    
  -------------------------------------------------------------------
                         slack                                  0.076    





---------------------------------------------------------------------------------------------------
From Clock:  oserdes_clk_3
  To Clock:  oserdes_clkdiv_3

Setup :            0  Failing Endpoints,  Worst Slack        1.299ns,  Total Violation        0.000ns
Hold  :            0  Failing Endpoints,  Worst Slack        0.095ns,  Total Violation        0.000ns
---------------------------------------------------------------------------------------------------


Max Delay Paths
--------------------------------------------------------------------------------------
Slack (MET) :             1.299ns  (required time - arrival time)
  Source:                 ddr3/u_ddr3_mig/u_memc_ui_top_axi/mem_intfc0/ddr_phy_top0/u_ddr_mc_phy_wrapper/u_ddr_mc_phy/ddr_phy_4lanes_0.u_ddr_phy_4lanes/ddr_byte_lane_D.ddr_byte_lane_D/phaser_out/OCLK
                            (rising edge-triggered cell PHASER_OUT_PHY clocked by oserdes_clk_3  {rise@0.000ns fall@1.250ns period=2.500ns})
  Destination:            ddr3/u_ddr3_mig/u_memc_ui_top_axi/mem_intfc0/ddr_phy_top0/u_ddr_mc_phy_wrapper/u_ddr_mc_phy/ddr_phy_4lanes_0.u_ddr_phy_4lanes/ddr_byte_lane_D.ddr_byte_lane_D/ddr_byte_group_io/output_[9].oserdes_dq_.ddr.oserdes_dq_i/RST
                            (rising edge-triggered cell OSERDESE2 clocked by oserdes_clkdiv_3  {rise@0.000ns fall@2.500ns period=5.000ns})
  Path Group:             oserdes_clkdiv_3
  Path Type:              Setup (Max at Slow Process Corner)
  Requirement:            5.000ns  (oserdes_clkdiv_3 rise@5.000ns - oserdes_clk_3 rise@0.000ns)
  Data Path Delay:        3.356ns  (logic 0.517ns (15.403%)  route 2.839ns (84.597%))
  Logic Levels:           0  
  Clock Path Skew:        0.570ns (DCD - SCD + CPR)
    Destination Clock Delay (DCD):    1.644ns = ( 6.644 - 5.000 ) 
    Source Clock Delay      (SCD):    1.762ns = ( 4.262 - 2.500 ) 
    Clock Pessimism Removal (CPR):    0.687ns
  Clock Uncertainty:      0.066ns  ((TSJ^2 + DJ^2)^1/2) / 2 + PE
    Total System Jitter     (TSJ):    0.071ns
    Discrete Jitter          (DJ):    0.111ns
    Phase Error              (PE):    0.000ns
  Timing Exception:       MultiCycle Path   Setup -start 2

    Location             Delay type                Incr(ns)  Path(ns)    Netlist Resource(s)
  -------------------------------------------------------------------    -------------------
                         (clock oserdes_clk_3 rise edge)
                                                      0.000     0.000 r  
    R4                                                0.000     0.000 r  clk (IN)
                         net (fo=0)                   0.000     0.000    mmcm/inst/clk_in1
    R4                   IBUF (Prop_ibuf_I_O)         1.475     1.475 r  mmcm/inst/clkin1_ibufg/O
                         net (fo=1, routed)           1.233     2.708    mmcm/inst/clk_in1_mmcm
    MMCME2_ADV_X1Y2      MMCME2_ADV (Prop_mmcme2_adv_CLKIN1_CLKOUT0)
                                                     -7.432    -4.724 r  mmcm/inst/mmcm_adv_inst/CLKOUT0
                         net (fo=1, routed)           1.808    -2.915    mmcm/inst/clk_out1_mmcm
    BUFGCTRL_X0Y2        BUFG (Prop_bufg_I_O)         0.096    -2.819 r  mmcm/inst/clkout1_buf/O
                         net (fo=2, routed)           1.754    -1.065    ddr3/u_ddr3_mig/u_ddr3_infrastructure/mmcm_clk
    PLLE2_ADV_X1Y3       PLLE2_ADV (Prop_plle2_adv_CLKIN1_CLKOUT1)
                                                      0.088    -0.977 r  ddr3/u_ddr3_mig/u_ddr3_infrastructure/plle2_i/CLKOUT1
                         net (fo=7, routed)           0.603    -0.374    ddr3/u_ddr3_mig/u_memc_ui_top_axi/mem_intfc0/ddr_phy_top0/u_ddr_mc_phy_wrapper/u_ddr_mc_phy/ddr_phy_4lanes_0.u_ddr_phy_4lanes/ddr_byte_lane_D.ddr_byte_lane_D/mem_refclk
    PHASER_OUT_PHY_X1Y15 PHASER_OUT_PHY (Prop_phaser_out_phy_MEMREFCLK_OCLK)
                                                      2.136     1.762 r  ddr3/u_ddr3_mig/u_memc_ui_top_axi/mem_intfc0/ddr_phy_top0/u_ddr_mc_phy_wrapper/u_ddr_mc_phy/ddr_phy_4lanes_0.u_ddr_phy_4lanes/ddr_byte_lane_D.ddr_byte_lane_D/phaser_out/OCLK
  -------------------------------------------------------------------    -------------------
    PHASER_OUT_PHY_X1Y15 PHASER_OUT_PHY (Prop_phaser_out_phy_OCLK_OSERDESRST)
                                                      0.517     2.279 r  ddr3/u_ddr3_mig/u_memc_ui_top_axi/mem_intfc0/ddr_phy_top0/u_ddr_mc_phy_wrapper/u_ddr_mc_phy/ddr_phy_4lanes_0.u_ddr_phy_4lanes/ddr_byte_lane_D.ddr_byte_lane_D/phaser_out/OSERDESRST
                         net (fo=10, routed)          2.839     5.118    ddr3/u_ddr3_mig/u_memc_ui_top_axi/mem_intfc0/ddr_phy_top0/u_ddr_mc_phy_wrapper/u_ddr_mc_phy/ddr_phy_4lanes_0.u_ddr_phy_4lanes/ddr_byte_lane_D.ddr_byte_lane_D/ddr_byte_group_io/po_oserdes_rst
    OLOGIC_X1Y198        OSERDESE2                                    r  ddr3/u_ddr3_mig/u_memc_ui_top_axi/mem_intfc0/ddr_phy_top0/u_ddr_mc_phy_wrapper/u_ddr_mc_phy/ddr_phy_4lanes_0.u_ddr_phy_4lanes/ddr_byte_lane_D.ddr_byte_lane_D/ddr_byte_group_io/output_[9].oserdes_dq_.ddr.oserdes_dq_i/RST
  -------------------------------------------------------------------    -------------------

                         (clock oserdes_clkdiv_3 rise edge)
                                                      5.000     5.000 r  
    R4                                                0.000     5.000 r  clk (IN)
                         net (fo=0)                   0.000     5.000    mmcm/inst/clk_in1
    R4                   IBUF (Prop_ibuf_I_O)         1.405     6.405 r  mmcm/inst/clkin1_ibufg/O
                         net (fo=1, routed)           1.162     7.567    mmcm/inst/clk_in1_mmcm
    MMCME2_ADV_X1Y2      MMCME2_ADV (Prop_mmcme2_adv_CLKIN1_CLKOUT0)
                                                     -7.674    -0.107 r  mmcm/inst/mmcm_adv_inst/CLKOUT0
                         net (fo=1, routed)           1.723     1.616    mmcm/inst/clk_out1_mmcm
    BUFGCTRL_X0Y2        BUFG (Prop_bufg_I_O)         0.091     1.707 r  mmcm/inst/clkout1_buf/O
                         net (fo=2, routed)           1.636     3.343    ddr3/u_ddr3_mig/u_ddr3_infrastructure/mmcm_clk
    PLLE2_ADV_X1Y3       PLLE2_ADV (Prop_plle2_adv_CLKIN1_CLKOUT1)
                                                      0.083     3.426 r  ddr3/u_ddr3_mig/u_ddr3_infrastructure/plle2_i/CLKOUT1
                         net (fo=7, routed)           0.572     3.998    ddr3/u_ddr3_mig/u_memc_ui_top_axi/mem_intfc0/ddr_phy_top0/u_ddr_mc_phy_wrapper/u_ddr_mc_phy/ddr_phy_4lanes_0.u_ddr_phy_4lanes/ddr_byte_lane_D.ddr_byte_lane_D/mem_refclk
    PHASER_OUT_PHY_X1Y15 PHASER_OUT_PHY (Prop_phaser_out_phy_MEMREFCLK_OCLK)
                                                      2.077     6.074 r  ddr3/u_ddr3_mig/u_memc_ui_top_axi/mem_intfc0/ddr_phy_top0/u_ddr_mc_phy_wrapper/u_ddr_mc_phy/ddr_phy_4lanes_0.u_ddr_phy_4lanes/ddr_byte_lane_D.ddr_byte_lane_D/phaser_out/OCLK
    PHASER_OUT_PHY_X1Y15 PHASER_OUT_PHY (Prop_phaser_out_phy_OCLK_OCLKDIV)
                                                      0.148     6.222 r  ddr3/u_ddr3_mig/u_memc_ui_top_axi/mem_intfc0/ddr_phy_top0/u_ddr_mc_phy_wrapper/u_ddr_mc_phy/ddr_phy_4lanes_0.u_ddr_phy_4lanes/ddr_byte_lane_D.ddr_byte_lane_D/phaser_out/OCLKDIV
                         net (fo=11, routed)          0.422     6.644    ddr3/u_ddr3_mig/u_memc_ui_top_axi/mem_intfc0/ddr_phy_top0/u_ddr_mc_phy_wrapper/u_ddr_mc_phy/ddr_phy_4lanes_0.u_ddr_phy_4lanes/ddr_byte_lane_D.ddr_byte_lane_D/ddr_byte_group_io/oserdes_clkdiv
    OLOGIC_X1Y198        OSERDESE2                                    r  ddr3/u_ddr3_mig/u_memc_ui_top_axi/mem_intfc0/ddr_phy_top0/u_ddr_mc_phy_wrapper/u_ddr_mc_phy/ddr_phy_4lanes_0.u_ddr_phy_4lanes/ddr_byte_lane_D.ddr_byte_lane_D/ddr_byte_group_io/output_[9].oserdes_dq_.ddr.oserdes_dq_i/CLKDIV
                         clock pessimism              0.687     7.332    
                         clock uncertainty           -0.066     7.266    
    OLOGIC_X1Y198        OSERDESE2 (Setup_oserdese2_CLKDIV_RST)
                                                     -0.849     6.417    ddr3/u_ddr3_mig/u_memc_ui_top_axi/mem_intfc0/ddr_phy_top0/u_ddr_mc_phy_wrapper/u_ddr_mc_phy/ddr_phy_4lanes_0.u_ddr_phy_4lanes/ddr_byte_lane_D.ddr_byte_lane_D/ddr_byte_group_io/output_[9].oserdes_dq_.ddr.oserdes_dq_i
  -------------------------------------------------------------------
                         required time                          6.417    
                         arrival time                          -5.118    
  -------------------------------------------------------------------
                         slack                                  1.299    





Min Delay Paths
--------------------------------------------------------------------------------------
Slack (MET) :             0.095ns  (arrival time - required time)
  Source:                 ddr3/u_ddr3_mig/u_memc_ui_top_axi/mem_intfc0/ddr_phy_top0/u_ddr_mc_phy_wrapper/u_ddr_mc_phy/ddr_phy_4lanes_0.u_ddr_phy_4lanes/ddr_byte_lane_D.ddr_byte_lane_D/phaser_out/OCLK
                            (rising edge-triggered cell PHASER_OUT_PHY clocked by oserdes_clk_3  {rise@0.000ns fall@1.250ns period=2.500ns})
  Destination:            ddr3/u_ddr3_mig/u_memc_ui_top_axi/mem_intfc0/ddr_phy_top0/u_ddr_mc_phy_wrapper/u_ddr_mc_phy/ddr_phy_4lanes_0.u_ddr_phy_4lanes/ddr_byte_lane_D.ddr_byte_lane_D/out_fifo/RDEN
                            (rising edge-triggered cell OUT_FIFO clocked by oserdes_clkdiv_3  {rise@0.000ns fall@2.500ns period=5.000ns})
  Path Group:             oserdes_clkdiv_3
  Path Type:              Hold (Min at Fast Process Corner)
  Requirement:            0.000ns  (oserdes_clkdiv_3 rise@0.000ns - oserdes_clk_3 rise@0.000ns)
  Data Path Delay:        0.172ns  (logic 0.172ns (100.000%)  route 0.000ns (0.000%))
  Logic Levels:           0  
  Clock Path Skew:        0.088ns (DCD - SCD - CPR)
    Destination Clock Delay (DCD):    1.269ns
    Source Clock Delay      (SCD):    1.360ns
    Clock Pessimism Removal (CPR):    -0.179ns

    Location             Delay type                Incr(ns)  Path(ns)    Netlist Resource(s)
  -------------------------------------------------------------------    -------------------
                         (clock oserdes_clk_3 rise edge)
                                                      0.000     0.000 r  
    R4                                                0.000     0.000 r  clk (IN)
                         net (fo=0)                   0.000     0.000    mmcm/inst/clk_in1
    R4                   IBUF (Prop_ibuf_I_O)         0.243     0.243 r  mmcm/inst/clkin1_ibufg/O
                         net (fo=1, routed)           0.440     0.683    mmcm/inst/clk_in1_mmcm
    MMCME2_ADV_X1Y2      MMCME2_ADV (Prop_mmcme2_adv_CLKIN1_CLKOUT0)
                                                     -2.540    -1.856 r  mmcm/inst/mmcm_adv_inst/CLKOUT0
                         net (fo=1, routed)           0.531    -1.325    mmcm/inst/clk_out1_mmcm
    BUFGCTRL_X0Y2        BUFG (Prop_bufg_I_O)         0.026    -1.299 r  mmcm/inst/clkout1_buf/O
                         net (fo=2, routed)           0.606    -0.694    ddr3/u_ddr3_mig/u_ddr3_infrastructure/mmcm_clk
    PLLE2_ADV_X1Y3       PLLE2_ADV (Prop_plle2_adv_CLKIN1_CLKOUT1)
                                                      0.050    -0.644 r  ddr3/u_ddr3_mig/u_ddr3_infrastructure/plle2_i/CLKOUT1
                         net (fo=7, routed)           0.190    -0.454    ddr3/u_ddr3_mig/u_memc_ui_top_axi/mem_intfc0/ddr_phy_top0/u_ddr_mc_phy_wrapper/u_ddr_mc_phy/ddr_phy_4lanes_0.u_ddr_phy_4lanes/ddr_byte_lane_D.ddr_byte_lane_D/mem_refclk
    PHASER_OUT_PHY_X1Y15 PHASER_OUT_PHY (Prop_phaser_out_phy_MEMREFCLK_OCLK)
                                                      1.813     1.360 r  ddr3/u_ddr3_mig/u_memc_ui_top_axi/mem_intfc0/ddr_phy_top0/u_ddr_mc_phy_wrapper/u_ddr_mc_phy/ddr_phy_4lanes_0.u_ddr_phy_4lanes/ddr_byte_lane_D.ddr_byte_lane_D/phaser_out/OCLK
  -------------------------------------------------------------------    -------------------
    PHASER_OUT_PHY_X1Y15 PHASER_OUT_PHY (Prop_phaser_out_phy_OCLK_RDENABLE)
                                                      0.172     1.532 r  ddr3/u_ddr3_mig/u_memc_ui_top_axi/mem_intfc0/ddr_phy_top0/u_ddr_mc_phy_wrapper/u_ddr_mc_phy/ddr_phy_4lanes_0.u_ddr_phy_4lanes/ddr_byte_lane_D.ddr_byte_lane_D/phaser_out/RDENABLE
                         net (fo=1, routed)           0.000     1.532    ddr3/u_ddr3_mig/u_memc_ui_top_axi/mem_intfc0/ddr_phy_top0/u_ddr_mc_phy_wrapper/u_ddr_mc_phy/ddr_phy_4lanes_0.u_ddr_phy_4lanes/ddr_byte_lane_D.ddr_byte_lane_D/po_rd_enable
    OUT_FIFO_X1Y15       OUT_FIFO                                     r  ddr3/u_ddr3_mig/u_memc_ui_top_axi/mem_intfc0/ddr_phy_top0/u_ddr_mc_phy_wrapper/u_ddr_mc_phy/ddr_phy_4lanes_0.u_ddr_phy_4lanes/ddr_byte_lane_D.ddr_byte_lane_D/out_fifo/RDEN
  -------------------------------------------------------------------    -------------------

                         (clock oserdes_clkdiv_3 rise edge)
                                                      0.000     0.000 r  
    R4                                                0.000     0.000 r  clk (IN)
                         net (fo=0)                   0.000     0.000    mmcm/inst/clk_in1
    R4                   IBUF (Prop_ibuf_I_O)         0.431     0.431 r  mmcm/inst/clkin1_ibufg/O
                         net (fo=1, routed)           0.480     0.911    mmcm/inst/clk_in1_mmcm
    MMCME2_ADV_X1Y2      MMCME2_ADV (Prop_mmcme2_adv_CLKIN1_CLKOUT0)
                                                     -3.332    -2.421 r  mmcm/inst/mmcm_adv_inst/CLKOUT0
                         net (fo=1, routed)           0.579    -1.843    mmcm/inst/clk_out1_mmcm
    BUFGCTRL_X0Y2        BUFG (Prop_bufg_I_O)         0.029    -1.814 r  mmcm/inst/clkout1_buf/O
                         net (fo=2, routed)           0.875    -0.939    ddr3/u_ddr3_mig/u_ddr3_infrastructure/mmcm_clk
    PLLE2_ADV_X1Y3       PLLE2_ADV (Prop_plle2_adv_CLKIN1_CLKOUT1)
                                                      0.053    -0.886 r  ddr3/u_ddr3_mig/u_ddr3_infrastructure/plle2_i/CLKOUT1
                         net (fo=7, routed)           0.209    -0.677    ddr3/u_ddr3_mig/u_memc_ui_top_axi/mem_intfc0/ddr_phy_top0/u_ddr_mc_phy_wrapper/u_ddr_mc_phy/ddr_phy_4lanes_0.u_ddr_phy_4lanes/ddr_byte_lane_D.ddr_byte_lane_D/mem_refclk
    PHASER_OUT_PHY_X1Y15 PHASER_OUT_PHY (Prop_phaser_out_phy_MEMREFCLK_OCLK)
                                                      1.858     1.181 r  ddr3/u_ddr3_mig/u_memc_ui_top_axi/mem_intfc0/ddr_phy_top0/u_ddr_mc_phy_wrapper/u_ddr_mc_phy/ddr_phy_4lanes_0.u_ddr_phy_4lanes/ddr_byte_lane_D.ddr_byte_lane_D/phaser_out/OCLK
    PHASER_OUT_PHY_X1Y15 PHASER_OUT_PHY (Prop_phaser_out_phy_OCLK_OCLKDIV)
                                                      0.088     1.269 r  ddr3/u_ddr3_mig/u_memc_ui_top_axi/mem_intfc0/ddr_phy_top0/u_ddr_mc_phy_wrapper/u_ddr_mc_phy/ddr_phy_4lanes_0.u_ddr_phy_4lanes/ddr_byte_lane_D.ddr_byte_lane_D/phaser_out/OCLKDIV
                         net (fo=11, routed)          0.000     1.269    ddr3/u_ddr3_mig/u_memc_ui_top_axi/mem_intfc0/ddr_phy_top0/u_ddr_mc_phy_wrapper/u_ddr_mc_phy/ddr_phy_4lanes_0.u_ddr_phy_4lanes/ddr_byte_lane_D.ddr_byte_lane_D/oserdes_clkdiv
    OUT_FIFO_X1Y15       OUT_FIFO                                     r  ddr3/u_ddr3_mig/u_memc_ui_top_axi/mem_intfc0/ddr_phy_top0/u_ddr_mc_phy_wrapper/u_ddr_mc_phy/ddr_phy_4lanes_0.u_ddr_phy_4lanes/ddr_byte_lane_D.ddr_byte_lane_D/out_fifo/RDCLK
                         clock pessimism              0.179     1.448    
    OUT_FIFO_X1Y15       OUT_FIFO (Hold_out_fifo_RDCLK_RDEN)
                                                     -0.011     1.437    ddr3/u_ddr3_mig/u_memc_ui_top_axi/mem_intfc0/ddr_phy_top0/u_ddr_mc_phy_wrapper/u_ddr_mc_phy/ddr_phy_4lanes_0.u_ddr_phy_4lanes/ddr_byte_lane_D.ddr_byte_lane_D/out_fifo
  -------------------------------------------------------------------
                         required time                         -1.437    
                         arrival time                           1.532    
  -------------------------------------------------------------------
                         slack                                  0.095    





---------------------------------------------------------------------------------------------------
From Clock:  clk_out1_videoclock
  To Clock:  clk_pll_i

Setup :            0  Failing Endpoints,  Worst Slack        7.337ns,  Total Violation        0.000ns
Hold  :           NA  Failing Endpoints,  Worst Slack           NA  ,  Total Violation           NA
---------------------------------------------------------------------------------------------------


Max Delay Paths
--------------------------------------------------------------------------------------
Slack (MET) :             7.337ns  (required time - arrival time)
  Source:                 rasterixgen.rasterix/display/Ack_reg/C
                            (rising edge-triggered cell FDRE clocked by clk_out1_videoclock  {rise@0.000ns fall@19.841ns period=39.683ns})
  Destination:            rasterixgen.rasterix/display/AckSync_reg[0]/D
                            (rising edge-triggered cell FDRE clocked by clk_pll_i  {rise@0.000ns fall@5.000ns period=10.000ns})
  Path Group:             clk_pll_i
  Path Type:              Setup (Max at Slow Process Corner)
  Requirement:            10.000ns  (MaxDelay Path 10.000ns)
  Data Path Delay:        2.568ns  (logic 0.456ns (17.756%)  route 2.112ns (82.244%))
  Logic Levels:           0  
  Timing Exception:       MaxDelay Path 10.000ns -datapath_only

    Location             Delay type                Incr(ns)  Path(ns)    Netlist Resource(s)
  -------------------------------------------------------------------    -------------------
    SLICE_X147Y158                                    0.000     0.000 r  rasterixgen.rasterix/display/Ack_reg/C
    SLICE_X147Y158       FDRE (Prop_fdre_C_Q)         0.456     0.456 r  rasterixgen.rasterix/display/Ack_reg/Q
                         net (fo=2, routed)           2.112     2.568    rasterixgen.rasterix/display/p_1_in__0[0]
    SLICE_X89Y159        FDRE                                         r  rasterixgen.rasterix/display/AckSync_reg[0]/D
  -------------------------------------------------------------------    -------------------

                         max delay                   10.000    10.000    
    SLICE_X89Y159        FDRE (Setup_fdre_C_D)       -0.095     9.905    rasterixgen.rasterix/display/AckSync_reg[0]
  -------------------------------------------------------------------
                         required time                          9.905    
                         arrival time                          -2.568    
  -------------------------------------------------------------------
                         slack                                  7.337    





---------------------------------------------------------------------------------------------------
From Clock:  clk_out2_mmcm
  To Clock:  clk_pll_i

Setup :            0  Failing Endpoints,  Worst Slack       16.597ns,  Total Violation        0.000ns
Hold  :            0  Failing Endpoints,  Worst Slack        0.135ns,  Total Violation        0.000ns
---------------------------------------------------------------------------------------------------


Max Delay Paths
--------------------------------------------------------------------------------------
Slack (MET) :             16.597ns  (required time - arrival time)
  Source:                 ddr3/u_ddr3_mig/temp_mon_enabled.u_tempmon/xadc_supplied_temperature.temperature_reg[7]/C
                            (rising edge-triggered cell FDRE clocked by clk_out2_mmcm  {rise@0.000ns fall@2.500ns period=5.000ns})
  Destination:            ddr3/u_ddr3_mig/temp_mon_enabled.u_tempmon/device_temp_sync_r1_reg[7]/D
                            (rising edge-triggered cell FDRE clocked by clk_pll_i  {rise@0.000ns fall@5.000ns period=10.000ns})
  Path Group:             clk_pll_i
  Path Type:              Setup (Max at Slow Process Corner)
  Requirement:            20.000ns  (MaxDelay Path 20.000ns)
  Data Path Delay:        5.165ns  (logic 0.419ns (8.112%)  route 4.746ns (91.888%))
  Logic Levels:           0  
  Clock Path Skew:        2.176ns (DCD - SCD + CPR)
    Destination Clock Delay (DCD):    0.719ns
    Source Clock Delay      (SCD):    -1.074ns
    Clock Pessimism Removal (CPR):    0.383ns
  Clock Uncertainty:      0.226ns  ((TSJ^2 + DJ^2)^1/2) / 2 + PE
    Total System Jitter     (TSJ):    0.071ns
    Discrete Jitter          (DJ):    0.099ns
    Phase Error              (PE):    0.166ns
  Timing Exception:       MaxDelay Path 20.000ns

    Location             Delay type                Incr(ns)  Path(ns)    Netlist Resource(s)
  -------------------------------------------------------------------    -------------------
                         (clock clk_out2_mmcm rise edge)
                                                      0.000     0.000 r  
    R4                                                0.000     0.000 r  clk (IN)
                         net (fo=0)                   0.000     0.000    mmcm/inst/clk_in1
    R4                   IBUF (Prop_ibuf_I_O)         1.475     1.475 r  mmcm/inst/clkin1_ibufg/O
                         net (fo=1, routed)           1.233     2.708    mmcm/inst/clk_in1_mmcm
    MMCME2_ADV_X1Y2      MMCME2_ADV (Prop_mmcme2_adv_CLKIN1_CLKOUT1)
                                                     -7.432    -4.724 r  mmcm/inst/mmcm_adv_inst/CLKOUT1
                         net (fo=1, routed)           1.808    -2.915    mmcm/inst/clk_out2_mmcm
    BUFGCTRL_X0Y1        BUFG (Prop_bufg_I_O)         0.096    -2.819 r  mmcm/inst/clkout2_buf/O
                         net (fo=62, routed)          1.745    -1.074    ddr3/u_ddr3_mig/temp_mon_enabled.u_tempmon/clk_ref_i
    SLICE_X23Y181        FDRE                                         r  ddr3/u_ddr3_mig/temp_mon_enabled.u_tempmon/xadc_supplied_temperature.temperature_reg[7]/C
  -------------------------------------------------------------------    -------------------
    SLICE_X23Y181        FDRE (Prop_fdre_C_Q)         0.419    -0.655 r  ddr3/u_ddr3_mig/temp_mon_enabled.u_tempmon/xadc_supplied_temperature.temperature_reg[7]/Q
                         net (fo=1, routed)           4.746     4.091    ddr3/u_ddr3_mig/temp_mon_enabled.u_tempmon/device_temp_lcl[7]
    SLICE_X20Y183        FDRE                                         r  ddr3/u_ddr3_mig/temp_mon_enabled.u_tempmon/device_temp_sync_r1_reg[7]/D
  -------------------------------------------------------------------    -------------------

                         max delay                   20.000    20.000    
    R4                                                0.000    20.000 r  clk (IN)
                         net (fo=0)                   0.000    20.000    mmcm/inst/clk_in1
    R4                   IBUF (Prop_ibuf_I_O)         1.405    21.405 r  mmcm/inst/clkin1_ibufg/O
                         net (fo=1, routed)           1.162    22.567    mmcm/inst/clk_in1_mmcm
    MMCME2_ADV_X1Y2      MMCME2_ADV (Prop_mmcme2_adv_CLKIN1_CLKOUT0)
                                                     -7.674    14.893 r  mmcm/inst/mmcm_adv_inst/CLKOUT0
                         net (fo=1, routed)           1.723    16.616    mmcm/inst/clk_out1_mmcm
    BUFGCTRL_X0Y2        BUFG (Prop_bufg_I_O)         0.091    16.707 r  mmcm/inst/clkout1_buf/O
                         net (fo=2, routed)           1.636    18.343    ddr3/u_ddr3_mig/u_ddr3_infrastructure/mmcm_clk
    PLLE2_ADV_X1Y3       PLLE2_ADV (Prop_plle2_adv_CLKIN1_CLKOUT3)
                                                      0.083    18.426 r  ddr3/u_ddr3_mig/u_ddr3_infrastructure/plle2_i/CLKOUT3
                         net (fo=1, routed)           1.289    19.715    ddr3/u_ddr3_mig/u_ddr3_infrastructure/pll_clk3_out
    BUFHCE_X1Y36         BUFH (Prop_bufh_I_O)         0.081    19.796 r  ddr3/u_ddr3_mig/u_ddr3_infrastructure/u_bufh_pll_clk3/O
                         net (fo=1, routed)           0.904    20.700    ddr3/u_ddr3_mig/u_ddr3_infrastructure/pll_clk3
    MMCME2_ADV_X1Y3      MMCME2_ADV (Prop_mmcme2_adv_CLKIN1_CLKFBOUT)
                                                     -3.425    17.275 r  ddr3/u_ddr3_mig/u_ddr3_infrastructure/gen_mmcm.mmcm_i/CLKFBOUT
                         net (fo=1, routed)           1.723    18.998    ddr3/u_ddr3_mig/u_ddr3_infrastructure/clk_pll_i
    BUFGCTRL_X0Y16       BUFG (Prop_bufg_I_O)         0.091    19.089 r  ddr3/u_ddr3_mig/u_ddr3_infrastructure/u_bufg_clkdiv0/O
                         net (fo=25277, routed)       1.630    20.719    ddr3/u_ddr3_mig/temp_mon_enabled.u_tempmon/device_temp_r_reg[11]_0
    SLICE_X20Y183        FDRE                                         r  ddr3/u_ddr3_mig/temp_mon_enabled.u_tempmon/device_temp_sync_r1_reg[7]/C
                         clock pessimism              0.383    21.102    
                         clock uncertainty           -0.226    20.876    
    SLICE_X20Y183        FDRE (Setup_fdre_C_D)       -0.188    20.688    ddr3/u_ddr3_mig/temp_mon_enabled.u_tempmon/device_temp_sync_r1_reg[7]
  -------------------------------------------------------------------
                         required time                         20.688    
                         arrival time                          -4.091    
  -------------------------------------------------------------------
                         slack                                 16.597    





Min Delay Paths
--------------------------------------------------------------------------------------
Slack (MET) :             0.135ns  (arrival time - required time)
  Source:                 ddr3/u_ddr3_mig/temp_mon_enabled.u_tempmon/xadc_supplied_temperature.temperature_reg[1]/C
                            (rising edge-triggered cell FDRE clocked by clk_out2_mmcm  {rise@0.000ns fall@2.500ns period=5.000ns})
  Destination:            ddr3/u_ddr3_mig/temp_mon_enabled.u_tempmon/device_temp_sync_r1_reg[1]/D
                            (rising edge-triggered cell FDRE clocked by clk_pll_i  {rise@0.000ns fall@5.000ns period=10.000ns})
  Path Group:             clk_pll_i
  Path Type:              Hold (Min at Fast Process Corner)
  Requirement:            0.000ns  (clk_pll_i rise@0.000ns - clk_out2_mmcm rise@0.000ns)
  Data Path Delay:        1.868ns  (logic 0.141ns (7.547%)  route 1.727ns (92.453%))
  Logic Levels:           0  
  Clock Path Skew:        1.433ns (DCD - SCD - CPR)
    Destination Clock Delay (DCD):    0.183ns
    Source Clock Delay      (SCD):    -0.685ns
    Clock Pessimism Removal (CPR):    -0.565ns
  Clock Uncertainty:      0.226ns  ((TSJ^2 + DJ^2)^1/2) / 2 + PE
    Total System Jitter     (TSJ):    0.071ns
    Discrete Jitter          (DJ):    0.099ns
    Phase Error              (PE):    0.166ns

    Location             Delay type                Incr(ns)  Path(ns)    Netlist Resource(s)
  -------------------------------------------------------------------    -------------------
                         (clock clk_out2_mmcm rise edge)
                                                      0.000     0.000 r  
    R4                                                0.000     0.000 r  clk (IN)
                         net (fo=0)                   0.000     0.000    mmcm/inst/clk_in1
    R4                   IBUF (Prop_ibuf_I_O)         0.243     0.243 r  mmcm/inst/clkin1_ibufg/O
                         net (fo=1, routed)           0.440     0.683    mmcm/inst/clk_in1_mmcm
    MMCME2_ADV_X1Y2      MMCME2_ADV (Prop_mmcme2_adv_CLKIN1_CLKOUT1)
                                                     -2.540    -1.856 r  mmcm/inst/mmcm_adv_inst/CLKOUT1
                         net (fo=1, routed)           0.531    -1.325    mmcm/inst/clk_out2_mmcm
    BUFGCTRL_X0Y1        BUFG (Prop_bufg_I_O)         0.026    -1.299 r  mmcm/inst/clkout2_buf/O
                         net (fo=62, routed)          0.615    -0.685    ddr3/u_ddr3_mig/temp_mon_enabled.u_tempmon/clk_ref_i
    SLICE_X23Y181        FDRE                                         r  ddr3/u_ddr3_mig/temp_mon_enabled.u_tempmon/xadc_supplied_temperature.temperature_reg[1]/C
  -------------------------------------------------------------------    -------------------
    SLICE_X23Y181        FDRE (Prop_fdre_C_Q)         0.141    -0.544 r  ddr3/u_ddr3_mig/temp_mon_enabled.u_tempmon/xadc_supplied_temperature.temperature_reg[1]/Q
                         net (fo=1, routed)           1.727     1.184    ddr3/u_ddr3_mig/temp_mon_enabled.u_tempmon/device_temp_lcl[1]
    SLICE_X21Y182        FDRE                                         r  ddr3/u_ddr3_mig/temp_mon_enabled.u_tempmon/device_temp_sync_r1_reg[1]/D
  -------------------------------------------------------------------    -------------------

                         (clock clk_pll_i rise edge)
                                                      0.000     0.000 r  
    R4                                                0.000     0.000 r  clk (IN)
                         net (fo=0)                   0.000     0.000    mmcm/inst/clk_in1
    R4                   IBUF (Prop_ibuf_I_O)         0.431     0.431 r  mmcm/inst/clkin1_ibufg/O
                         net (fo=1, routed)           0.480     0.911    mmcm/inst/clk_in1_mmcm
    MMCME2_ADV_X1Y2      MMCME2_ADV (Prop_mmcme2_adv_CLKIN1_CLKOUT0)
                                                     -3.332    -2.421 r  mmcm/inst/mmcm_adv_inst/CLKOUT0
                         net (fo=1, routed)           0.579    -1.843    mmcm/inst/clk_out1_mmcm
    BUFGCTRL_X0Y2        BUFG (Prop_bufg_I_O)         0.029    -1.814 r  mmcm/inst/clkout1_buf/O
                         net (fo=2, routed)           0.875    -0.939    ddr3/u_ddr3_mig/u_ddr3_infrastructure/mmcm_clk
    PLLE2_ADV_X1Y3       PLLE2_ADV (Prop_plle2_adv_CLKIN1_CLKOUT3)
                                                      0.053    -0.886 r  ddr3/u_ddr3_mig/u_ddr3_infrastructure/plle2_i/CLKOUT3
                         net (fo=1, routed)           0.472    -0.414    ddr3/u_ddr3_mig/u_ddr3_infrastructure/pll_clk3_out
    BUFHCE_X1Y36         BUFH (Prop_bufh_I_O)         0.043    -0.371 r  ddr3/u_ddr3_mig/u_ddr3_infrastructure/u_bufh_pll_clk3/O
                         net (fo=1, routed)           0.538     0.167    ddr3/u_ddr3_mig/u_ddr3_infrastructure/pll_clk3
    MMCME2_ADV_X1Y3      MMCME2_ADV (Prop_mmcme2_adv_CLKIN1_CLKFBOUT)
                                                     -1.475    -1.308 r  ddr3/u_ddr3_mig/u_ddr3_infrastructure/gen_mmcm.mmcm_i/CLKFBOUT
                         net (fo=1, routed)           0.579    -0.730    ddr3/u_ddr3_mig/u_ddr3_infrastructure/clk_pll_i
    BUFGCTRL_X0Y16       BUFG (Prop_bufg_I_O)         0.029    -0.701 r  ddr3/u_ddr3_mig/u_ddr3_infrastructure/u_bufg_clkdiv0/O
                         net (fo=25277, routed)       0.883     0.183    ddr3/u_ddr3_mig/temp_mon_enabled.u_tempmon/device_temp_r_reg[11]_0
    SLICE_X21Y182        FDRE                                         r  ddr3/u_ddr3_mig/temp_mon_enabled.u_tempmon/device_temp_sync_r1_reg[1]/C
                         clock pessimism              0.565     0.748    
                         clock uncertainty            0.226     0.974    
    SLICE_X21Y182        FDRE (Hold_fdre_C_D)         0.075     1.049    ddr3/u_ddr3_mig/temp_mon_enabled.u_tempmon/device_temp_sync_r1_reg[1]
  -------------------------------------------------------------------
                         required time                         -1.049    
                         arrival time                           1.184    
  -------------------------------------------------------------------
                         slack                                  0.135    





---------------------------------------------------------------------------------------------------
From Clock:  clk_out3_mmcm
  To Clock:  clk_pll_i

Setup :            0  Failing Endpoints,  Worst Slack       48.360ns,  Total Violation        0.000ns
Hold  :           NA  Failing Endpoints,  Worst Slack           NA  ,  Total Violation           NA
---------------------------------------------------------------------------------------------------


Max Delay Paths
--------------------------------------------------------------------------------------
Slack (MET) :             48.360ns  (required time - arrival time)
  Source:                 fpgaTop/clkconverter/clkconverter_axi_clock_converter_v2_1_35_axi_clock_converter/<hidden>/<hidden>/<hidden>/<hidden>/<hidden>/<hidden>
                            (rising edge-triggered cell FDRE clocked by clk_out3_mmcm  {rise@0.000ns fall@25.000ns period=50.000ns})
  Destination:            fpgaTop/clkconverter/clkconverter_axi_clock_converter_v2_1_35_axi_clock_converter/<hidden>/<hidden>/<hidden>/<hidden>/<hidden>/<hidden>
                            (rising edge-triggered cell FDRE clocked by clk_pll_i  {rise@0.000ns fall@5.000ns period=10.000ns})
  Path Group:             clk_pll_i
  Path Type:              Setup (Max at Slow Process Corner)
  Requirement:            50.000ns  (MaxDelay Path 50.000ns)
  Data Path Delay:        1.360ns  (logic 0.419ns (30.806%)  route 0.941ns (69.194%))
  Logic Levels:           0  
  Timing Exception:       MaxDelay Path 50.000ns -datapath_only

    Location             Delay type                Incr(ns)  Path(ns)    Netlist Resource(s)
  -------------------------------------------------------------------    -------------------
    SLICE_X110Y156                                    0.000     0.000 r  fpgaTop/clkconverter/clkconverter_axi_clock_converter_v2_1_35_axi_clock_converter/<hidden>/<hidden>/<hidden>/<hidden>/<hidden>/<hidden>
    SLICE_X110Y156       FDRE (Prop_fdre_C_Q)         0.419     0.419 r  fpgaTop/clkconverter/clkconverter_axi_clock_converter_v2_1_35_axi_clock_converter/<hidden>/<hidden>/<hidden>/<hidden>/<hidden>/<hidden>
                         net (fo=1, routed)           0.941     1.360    fpgaTop/clkconverter/clkconverter_axi_clock_converter_v2_1_35_axi_clock_converter/<hidden>/<hidden>/<hidden>/<hidden>/<hidden>/<hidden>
    SLICE_X107Y156       FDRE                                         r  fpgaTop/clkconverter/clkconverter_axi_clock_converter_v2_1_35_axi_clock_converter/<hidden>/<hidden>/<hidden>/<hidden>/<hidden>/<hidden>
  -------------------------------------------------------------------    -------------------

                         max delay                   50.000    50.000    
    SLICE_X107Y156       FDRE (Setup_fdre_C_D)       -0.280    49.720    fpgaTop/clkconverter/clkconverter_axi_clock_converter_v2_1_35_axi_clock_converter/<hidden>/<hidden>/<hidden>/<hidden>/<hidden>/<hidden>
  -------------------------------------------------------------------
                         required time                         49.720    
                         arrival time                          -1.360    
  -------------------------------------------------------------------
                         slack                                 48.360    





---------------------------------------------------------------------------------------------------
From Clock:  clk_pll_i
  To Clock:  clk_out2_mmcm

Setup :            0  Failing Endpoints,  Worst Slack       14.426ns,  Total Violation        0.000ns
Hold  :           NA  Failing Endpoints,  Worst Slack           NA  ,  Total Violation           NA
---------------------------------------------------------------------------------------------------


Max Delay Paths
--------------------------------------------------------------------------------------
Slack (MET) :             14.426ns  (required time - arrival time)
  Source:                 ddr3/u_ddr3_mig/u_ddr3_infrastructure/rstdiv0_sync_r1_reg_rep/C
                            (rising edge-triggered cell FDPE clocked by clk_pll_i  {rise@0.000ns fall@5.000ns period=10.000ns})
  Destination:            ddr3/u_ddr3_mig/temp_mon_enabled.u_tempmon/xadc_supplied_temperature.rst_r1_reg/D
                            (rising edge-triggered cell FDRE clocked by clk_out2_mmcm  {rise@0.000ns fall@2.500ns period=5.000ns})
  Path Group:             clk_out2_mmcm
  Path Type:              Setup (Max at Slow Process Corner)
  Requirement:            20.000ns  (MaxDelay Path 20.000ns)
  Data Path Delay:        5.479ns  (logic 0.456ns (8.322%)  route 5.023ns (91.678%))
  Logic Levels:           0  
  Timing Exception:       MaxDelay Path 20.000ns -datapath_only

    Location             Delay type                Incr(ns)  Path(ns)    Netlist Resource(s)
  -------------------------------------------------------------------    -------------------
    SLICE_X125Y220                                    0.000     0.000 r  ddr3/u_ddr3_mig/u_ddr3_infrastructure/rstdiv0_sync_r1_reg_rep/C
    SLICE_X125Y220       FDPE (Prop_fdpe_C_Q)         0.456     0.456 r  ddr3/u_ddr3_mig/u_ddr3_infrastructure/rstdiv0_sync_r1_reg_rep/Q
                         net (fo=53, routed)          5.023     5.479    ddr3/u_ddr3_mig/temp_mon_enabled.u_tempmon/in0
    SLICE_X37Y184        FDRE                                         r  ddr3/u_ddr3_mig/temp_mon_enabled.u_tempmon/xadc_supplied_temperature.rst_r1_reg/D
  -------------------------------------------------------------------    -------------------

                         max delay                   20.000    20.000    
    SLICE_X37Y184        FDRE (Setup_fdre_C_D)       -0.095    19.905    ddr3/u_ddr3_mig/temp_mon_enabled.u_tempmon/xadc_supplied_temperature.rst_r1_reg
  -------------------------------------------------------------------
                         required time                         19.905    
                         arrival time                          -5.479    
  -------------------------------------------------------------------
                         slack                                 14.426    





---------------------------------------------------------------------------------------------------
From Clock:  clk_pll_i
  To Clock:  clk_out3_mmcm

Setup :            0  Failing Endpoints,  Worst Slack        2.782ns,  Total Violation        0.000ns
Hold  :            0  Failing Endpoints,  Worst Slack        0.499ns,  Total Violation        0.000ns
---------------------------------------------------------------------------------------------------


Max Delay Paths
--------------------------------------------------------------------------------------
Slack (MET) :             2.782ns  (required time - arrival time)
  Source:                 rasterixgen.rasterix/gpu/rixif/graphicCore/commandParser/FSM_sequential_state_reg[0]/C
                            (rising edge-triggered cell FDRE clocked by clk_pll_i  {rise@0.000ns fall@5.000ns period=10.000ns})
  Destination:            rasterixgen.rasterix/BusySync_reg[0]/D
                            (rising edge-triggered cell FDRE clocked by clk_out3_mmcm  {rise@0.000ns fall@25.000ns period=50.000ns})
  Path Group:             clk_out3_mmcm
  Path Type:              Setup (Max at Slow Process Corner)
  Requirement:            10.000ns  (clk_out3_mmcm rise@50.000ns - clk_pll_i rise@40.000ns)
  Data Path Delay:        4.161ns  (logic 0.718ns (17.255%)  route 3.443ns (82.745%))
  Logic Levels:           1  (LUT2=1)
  Clock Path Skew:        -2.750ns (DCD - SCD + CPR)
    Destination Clock Delay (DCD):    -1.756ns = ( 48.244 - 50.000 ) 
    Source Clock Delay      (SCD):    1.377ns = ( 41.377 - 40.000 ) 
    Clock Pessimism Removal (CPR):    0.383ns
  Clock Uncertainty:      0.249ns  ((TSJ^2 + DJ^2)^1/2) / 2 + PE
    Total System Jitter     (TSJ):    0.071ns
    Discrete Jitter          (DJ):    0.183ns
    Phase Error              (PE):    0.151ns

    Location             Delay type                Incr(ns)  Path(ns)    Netlist Resource(s)
  -------------------------------------------------------------------    -------------------
                         (clock clk_pll_i rise edge)
                                                     40.000    40.000 r  
    R4                                                0.000    40.000 r  clk (IN)
                         net (fo=0)                   0.000    40.000    mmcm/inst/clk_in1
    R4                   IBUF (Prop_ibuf_I_O)         1.475    41.475 r  mmcm/inst/clkin1_ibufg/O
                         net (fo=1, routed)           1.233    42.708    mmcm/inst/clk_in1_mmcm
    MMCME2_ADV_X1Y2      MMCME2_ADV (Prop_mmcme2_adv_CLKIN1_CLKOUT0)
                                                     -7.432    35.276 r  mmcm/inst/mmcm_adv_inst/CLKOUT0
                         net (fo=1, routed)           1.808    37.085    mmcm/inst/clk_out1_mmcm
    BUFGCTRL_X0Y2        BUFG (Prop_bufg_I_O)         0.096    37.181 r  mmcm/inst/clkout1_buf/O
                         net (fo=2, routed)           1.754    38.935    ddr3/u_ddr3_mig/u_ddr3_infrastructure/mmcm_clk
    PLLE2_ADV_X1Y3       PLLE2_ADV (Prop_plle2_adv_CLKIN1_CLKOUT3)
                                                      0.088    39.023 r  ddr3/u_ddr3_mig/u_ddr3_infrastructure/plle2_i/CLKOUT3
                         net (fo=1, routed)           1.370    40.393    ddr3/u_ddr3_mig/u_ddr3_infrastructure/pll_clk3_out
    BUFHCE_X1Y36         BUFH (Prop_bufh_I_O)         0.127    40.520 r  ddr3/u_ddr3_mig/u_ddr3_infrastructure/u_bufh_pll_clk3/O
                         net (fo=1, routed)           0.943    41.463    ddr3/u_ddr3_mig/u_ddr3_infrastructure/pll_clk3
    MMCME2_ADV_X1Y3      MMCME2_ADV (Prop_mmcme2_adv_CLKIN1_CLKFBOUT)
                                                     -3.633    37.829 r  ddr3/u_ddr3_mig/u_ddr3_infrastructure/gen_mmcm.mmcm_i/CLKFBOUT
                         net (fo=1, routed)           1.808    39.638    ddr3/u_ddr3_mig/u_ddr3_infrastructure/clk_pll_i
    BUFGCTRL_X0Y16       BUFG (Prop_bufg_I_O)         0.096    39.734 r  ddr3/u_ddr3_mig/u_ddr3_infrastructure/u_bufg_clkdiv0/O
                         net (fo=25277, routed)       1.643    41.377    rasterixgen.rasterix/gpu/rixif/graphicCore/commandParser/ui_clk
    SLICE_X67Y164        FDRE                                         r  rasterixgen.rasterix/gpu/rixif/graphicCore/commandParser/FSM_sequential_state_reg[0]/C
  -------------------------------------------------------------------    -------------------
    SLICE_X67Y164        FDRE (Prop_fdre_C_Q)         0.419    41.796 f  rasterixgen.rasterix/gpu/rixif/graphicCore/commandParser/FSM_sequential_state_reg[0]/Q
                         net (fo=40, routed)          1.390    43.186    rasterixgen.rasterix/gpu/rixif/graphicCore/commandParser/FSM_sequential_state_reg[0]_0
    SLICE_X70Y162        LUT2 (Prop_lut2_I1_O)        0.299    43.485 r  rasterixgen.rasterix/gpu/rixif/graphicCore/commandParser/BusySync[0]_i_1/O
                         net (fo=3, routed)           2.053    45.538    rasterixgen.rasterix/Busy
    SLICE_X92Y156        FDRE                                         r  rasterixgen.rasterix/BusySync_reg[0]/D
  -------------------------------------------------------------------    -------------------

                         (clock clk_out3_mmcm rise edge)
                                                     50.000    50.000 r  
    R4                                                0.000    50.000 r  clk (IN)
                         net (fo=0)                   0.000    50.000    mmcm/inst/clk_in1
    R4                   IBUF (Prop_ibuf_I_O)         1.405    51.405 r  mmcm/inst/clkin1_ibufg/O
                         net (fo=1, routed)           1.162    52.567    mmcm/inst/clk_in1_mmcm
    MMCME2_ADV_X1Y2      MMCME2_ADV (Prop_mmcme2_adv_CLKIN1_CLKOUT2)
                                                     -7.674    44.893 r  mmcm/inst/mmcm_adv_inst/CLKOUT2
                         net (fo=1, routed)           1.723    46.616    mmcm/inst/clk_out3_mmcm
    BUFGCTRL_X0Y3        BUFG (Prop_bufg_I_O)         0.091    46.707 r  mmcm/inst/clkout3_buf/O
                         net (fo=26024, routed)       1.537    48.244    rasterixgen.rasterix/clk_out3
    SLICE_X92Y156        FDRE                                         r  rasterixgen.rasterix/BusySync_reg[0]/C
                         clock pessimism              0.383    48.627    
                         clock uncertainty           -0.249    48.378    
    SLICE_X92Y156        FDRE (Setup_fdre_C_D)       -0.058    48.320    rasterixgen.rasterix/BusySync_reg[0]
  -------------------------------------------------------------------
                         required time                         48.320    
                         arrival time                         -45.538    
  -------------------------------------------------------------------
                         slack                                  2.782    





Min Delay Paths
--------------------------------------------------------------------------------------
Slack (MET) :             0.499ns  (arrival time - required time)
  Source:                 rasterixgen.rasterix/FrameToggle_reg/C
                            (rising edge-triggered cell FDRE clocked by clk_pll_i  {rise@0.000ns fall@5.000ns period=10.000ns})
  Destination:            rasterixgen.rasterix/FrameSync_reg[0]/D
                            (rising edge-triggered cell FDRE clocked by clk_out3_mmcm  {rise@0.000ns fall@25.000ns period=50.000ns})
  Path Group:             clk_out3_mmcm
  Path Type:              Hold (Min at Fast Process Corner)
  Requirement:            0.000ns  (clk_out3_mmcm rise@0.000ns - clk_pll_i rise@0.000ns)
  Data Path Delay:        0.337ns  (logic 0.141ns (41.901%)  route 0.196ns (58.099%))
  Logic Levels:           0  
  Clock Path Skew:        -0.487ns (DCD - SCD - CPR)
    Destination Clock Delay (DCD):    -0.966ns
    Source Clock Delay      (SCD):    0.086ns
    Clock Pessimism Removal (CPR):    -0.565ns
  Clock Uncertainty:      0.249ns  ((TSJ^2 + DJ^2)^1/2) / 2 + PE
    Total System Jitter     (TSJ):    0.071ns
    Discrete Jitter          (DJ):    0.183ns
    Phase Error              (PE):    0.151ns

    Location             Delay type                Incr(ns)  Path(ns)    Netlist Resource(s)
  -------------------------------------------------------------------    -------------------
                         (clock clk_pll_i rise edge)
                                                      0.000     0.000 r  
    R4                                                0.000     0.000 r  clk (IN)
                         net (fo=0)                   0.000     0.000    mmcm/inst/clk_in1
    R4                   IBUF (Prop_ibuf_I_O)         0.243     0.243 r  mmcm/inst/clkin1_ibufg/O
                         net (fo=1, routed)           0.440     0.683    mmcm/inst/clk_in1_mmcm
    MMCME2_ADV_X1Y2      MMCME2_ADV (Prop_mmcme2_adv_CLKIN1_CLKOUT0)
                                                     -2.540    -1.856 r  mmcm/inst/mmcm_adv_inst/CLKOUT0
                         net (fo=1, routed)           0.531    -1.325    mmcm/inst/clk_out1_mmcm
    BUFGCTRL_X0Y2        BUFG (Prop_bufg_I_O)         0.026    -1.299 r  mmcm/inst/clkout1_buf/O
                         net (fo=2, routed)           0.606    -0.694    ddr3/u_ddr3_mig/u_ddr3_infrastructure/mmcm_clk
    PLLE2_ADV_X1Y3       PLLE2_ADV (Prop_plle2_adv_CLKIN1_CLKOUT3)
                                                      0.050    -0.644 r  ddr3/u_ddr3_mig/u_ddr3_infrastructure/plle2_i/CLKOUT3
                         net (fo=1, routed)           0.426    -0.218    ddr3/u_ddr3_mig/u_ddr3_infrastructure/pll_clk3_out
    BUFHCE_X1Y36         BUFH (Prop_bufh_I_O)         0.020    -0.198 r  ddr3/u_ddr3_mig/u_ddr3_infrastructure/u_bufh_pll_clk3/O
                         net (fo=1, routed)           0.313     0.115    ddr3/u_ddr3_mig/u_ddr3_infrastructure/pll_clk3
    MMCME2_ADV_X1Y3      MMCME2_ADV (Prop_mmcme2_adv_CLKIN1_CLKFBOUT)
                                                     -1.156    -1.040 r  ddr3/u_ddr3_mig/u_ddr3_infrastructure/gen_mmcm.mmcm_i/CLKFBOUT
                         net (fo=1, routed)           0.531    -0.509    ddr3/u_ddr3_mig/u_ddr3_infrastructure/clk_pll_i
    BUFGCTRL_X0Y16       BUFG (Prop_bufg_I_O)         0.026    -0.483 r  ddr3/u_ddr3_mig/u_ddr3_infrastructure/u_bufg_clkdiv0/O
                         net (fo=25277, routed)       0.570     0.086    rasterixgen.rasterix/ui_clk
    SLICE_X89Y156        FDRE                                         r  rasterixgen.rasterix/FrameToggle_reg/C
  -------------------------------------------------------------------    -------------------
    SLICE_X89Y156        FDRE (Prop_fdre_C_Q)         0.141     0.227 r  rasterixgen.rasterix/FrameToggle_reg/Q
                         net (fo=2, routed)           0.196     0.423    rasterixgen.rasterix/FrameToggle
    SLICE_X92Y156        FDRE                                         r  rasterixgen.rasterix/FrameSync_reg[0]/D
  -------------------------------------------------------------------    -------------------

                         (clock clk_out3_mmcm rise edge)
                                                      0.000     0.000 r  
    R4                                                0.000     0.000 r  clk (IN)
                         net (fo=0)                   0.000     0.000    mmcm/inst/clk_in1
    R4                   IBUF (Prop_ibuf_I_O)         0.431     0.431 r  mmcm/inst/clkin1_ibufg/O
                         net (fo=1, routed)           0.480     0.911    mmcm/inst/clk_in1_mmcm
    MMCME2_ADV_X1Y2      MMCME2_ADV (Prop_mmcme2_adv_CLKIN1_CLKOUT2)
                                                     -3.332    -2.421 r  mmcm/inst/mmcm_adv_inst/CLKOUT2
                         net (fo=1, routed)           0.579    -1.843    mmcm/inst/clk_out3_mmcm
    BUFGCTRL_X0Y3        BUFG (Prop_bufg_I_O)         0.029    -1.814 r  mmcm/inst/clkout3_buf/O
                         net (fo=26024, routed)       0.847    -0.966    rasterixgen.rasterix/clk_out3
    SLICE_X92Y156        FDRE                                         r  rasterixgen.rasterix/FrameSync_reg[0]/C
                         clock pessimism              0.565    -0.401    
                         clock uncertainty            0.249    -0.152    
    SLICE_X92Y156        FDRE (Hold_fdre_C_D)         0.076    -0.076    rasterixgen.rasterix/FrameSync_reg[0]
  -------------------------------------------------------------------
                         required time                          0.076    
                         arrival time                           0.423    
  -------------------------------------------------------------------
                         slack                                  0.499    





---------------------------------------------------------------------------------------------------
Path Group:  **async_default**
From Clock:  clk_out1_videoclock
  To Clock:  clk_out1_videoclock

Setup :            0  Failing Endpoints,  Worst Slack       33.398ns,  Total Violation        0.000ns
Hold  :            0  Failing Endpoints,  Worst Slack        0.921ns,  Total Violation        0.000ns
---------------------------------------------------------------------------------------------------


Max Delay Paths
--------------------------------------------------------------------------------------
Slack (MET) :             33.398ns  (required time - arrival time)
  Source:                 rasterixgen.pixelreset/U0/ACTIVE_LOW_PR_OUT_DFF[0].FDRE_PER_N/C
                            (rising edge-triggered cell FDRE clocked by clk_out1_videoclock  {rise@0.000ns fall@19.841ns period=39.683ns})
  Destination:            rasterixgen.rasterix/display/display/u_dvi/u_tmds_red/dc_bias_q_reg[3]/CLR
                            (recovery check against rising-edge clock clk_out1_videoclock  {rise@0.000ns fall@19.841ns period=39.683ns})
  Path Group:             **async_default**
  Path Type:              Recovery (Max at Slow Process Corner)
  Requirement:            39.683ns  (clk_out1_videoclock rise@39.683ns - clk_out1_videoclock rise@0.000ns)
  Data Path Delay:        5.393ns  (logic 0.580ns (10.755%)  route 4.813ns (89.245%))
  Logic Levels:           1  (LUT1=1)
  Clock Path Skew:        -0.020ns (DCD - SCD + CPR)
    Destination Clock Delay (DCD):    -1.590ns = ( 38.092 - 39.683 ) 
    Source Clock Delay      (SCD):    -1.004ns
    Clock Pessimism Removal (CPR):    0.566ns
  Clock Uncertainty:      0.467ns  ((TSJ^2 + DJ^2)^1/2) / 2 + PE
    Total System Jitter     (TSJ):    0.071ns
    Discrete Jitter          (DJ):    0.930ns
    Phase Error              (PE):    0.000ns

    Location             Delay type                Incr(ns)  Path(ns)    Netlist Resource(s)
  -------------------------------------------------------------------    -------------------
                         (clock clk_out1_videoclock rise edge)
                                                      0.000     0.000 r  
    R4                                                0.000     0.000 r  clk (IN)
                         net (fo=0)                   0.000     0.000    mmcm/inst/clk_in1
    R4                   IBUF (Prop_ibuf_I_O)         1.475     1.475 r  mmcm/inst/clkin1_ibufg/O
                         net (fo=1, routed)           1.233     2.708    mmcm/inst/clk_in1_mmcm
    MMCME2_ADV_X1Y2      MMCME2_ADV (Prop_mmcme2_adv_CLKIN1_CLKOUT0)
                                                     -7.432    -4.724 r  mmcm/inst/mmcm_adv_inst/CLKOUT0
                         net (fo=1, routed)           1.808    -2.915    mmcm/inst/clk_out1_mmcm
    BUFGCTRL_X0Y2        BUFG (Prop_bufg_I_O)         0.096    -2.819 r  mmcm/inst/clkout1_buf/O
                         net (fo=2, routed)           2.106    -0.713    rasterixgen.videoclock/inst/clk_in1
    MMCME2_ADV_X1Y0      MMCME2_ADV (Prop_mmcme2_adv_CLKIN1_CLKOUT0)
                                                     -4.900    -5.613 r  rasterixgen.videoclock/inst/mmcm_adv_inst/CLKOUT0
                         net (fo=1, routed)           2.697    -2.915    rasterixgen.videoclock/inst/clk_out1_videoclock
    BUFGCTRL_X0Y4        BUFG (Prop_bufg_I_O)         0.096    -2.819 r  rasterixgen.videoclock/inst/clkout1_buf/O
                         net (fo=868, routed)         1.815    -1.004    rasterixgen.pixelreset/U0/slowest_sync_clk
    SLICE_X161Y163       FDRE                                         r  rasterixgen.pixelreset/U0/ACTIVE_LOW_PR_OUT_DFF[0].FDRE_PER_N/C
  -------------------------------------------------------------------    -------------------
    SLICE_X161Y163       FDRE (Prop_fdre_C_Q)         0.456    -0.548 r  rasterixgen.pixelreset/U0/ACTIVE_LOW_PR_OUT_DFF[0].FDRE_PER_N/Q
                         net (fo=2, routed)           0.998     0.449    rasterixgen.rasterix/display/display/u_dvi/u_tmds_green/PixelResetn
    SLICE_X155Y158       LUT1 (Prop_lut1_I0_O)        0.124     0.573 f  rasterixgen.rasterix/display/display/u_dvi/u_tmds_green/araddr_q[28]_i_3/O
                         net (fo=348, routed)         3.815     4.389    rasterixgen.rasterix/display/display/u_dvi/u_tmds_red/AR[0]
    SLICE_X160Y156       FDCE                                         f  rasterixgen.rasterix/display/display/u_dvi/u_tmds_red/dc_bias_q_reg[3]/CLR
  -------------------------------------------------------------------    -------------------

                         (clock clk_out1_videoclock rise edge)
                                                     39.683    39.683 r  
    R4                                                0.000    39.683 r  clk (IN)
                         net (fo=0)                   0.000    39.683    mmcm/inst/clk_in1
    R4                   IBUF (Prop_ibuf_I_O)         1.405    41.087 r  mmcm/inst/clkin1_ibufg/O
                         net (fo=1, routed)           1.162    42.249    mmcm/inst/clk_in1_mmcm
    MMCME2_ADV_X1Y2      MMCME2_ADV (Prop_mmcme2_adv_CLKIN1_CLKOUT0)
                                                     -7.674    34.576 r  mmcm/inst/mmcm_adv_inst/CLKOUT0
                         net (fo=1, routed)           1.723    36.299    mmcm/inst/clk_out1_mmcm
    BUFGCTRL_X0Y2        BUFG (Prop_bufg_I_O)         0.091    36.390 r  mmcm/inst/clkout1_buf/O
                         net (fo=2, routed)           1.972    38.361    rasterixgen.videoclock/inst/clk_in1
    MMCME2_ADV_X1Y0      MMCME2_ADV (Prop_mmcme2_adv_CLKIN1_CLKOUT0)
                                                     -4.637    33.725 r  rasterixgen.videoclock/inst/mmcm_adv_inst/CLKOUT0
                         net (fo=1, routed)           2.574    36.299    rasterixgen.videoclock/inst/clk_out1_videoclock
    BUFGCTRL_X0Y4        BUFG (Prop_bufg_I_O)         0.091    36.390 r  rasterixgen.videoclock/inst/clkout1_buf/O
                         net (fo=868, routed)         1.703    38.092    rasterixgen.rasterix/display/display/u_dvi/u_tmds_red/PixelCLK
    SLICE_X160Y156       FDCE                                         r  rasterixgen.rasterix/display/display/u_dvi/u_tmds_red/dc_bias_q_reg[3]/C
                         clock pessimism              0.566    38.658    
                         clock uncertainty           -0.467    38.192    
    SLICE_X160Y156       FDCE (Recov_fdce_C_CLR)     -0.405    37.787    rasterixgen.rasterix/display/display/u_dvi/u_tmds_red/dc_bias_q_reg[3]
  -------------------------------------------------------------------
                         required time                         37.787    
                         arrival time                          -4.389    
  -------------------------------------------------------------------
                         slack                                 33.398    





Min Delay Paths
--------------------------------------------------------------------------------------
Slack (MET) :             0.921ns  (arrival time - required time)
  Source:                 rasterixgen.pixelreset/U0/ACTIVE_LOW_PR_OUT_DFF[0].FDRE_PER_N/C
                            (rising edge-triggered cell FDRE clocked by clk_out1_videoclock  {rise@0.000ns fall@19.841ns period=39.683ns})
  Destination:            rasterixgen.rasterix/display/display/u_fifo/rd_skid_data_q_reg[19]/CLR
                            (removal check against rising-edge clock clk_out1_videoclock  {rise@0.000ns fall@19.841ns period=39.683ns})
  Path Group:             **async_default**
  Path Type:              Removal (Min at Fast Process Corner)
  Requirement:            0.000ns  (clk_out1_videoclock rise@0.000ns - clk_out1_videoclock rise@0.000ns)
  Data Path Delay:        1.105ns  (logic 0.186ns (16.839%)  route 0.919ns (83.161%))
  Logic Levels:           1  (LUT1=1)
  Clock Path Skew:        0.251ns (DCD - SCD - CPR)
    Destination Clock Delay (DCD):    -0.921ns
    Source Clock Delay      (SCD):    -0.658ns
    Clock Pessimism Removal (CPR):    -0.514ns

    Location             Delay type                Incr(ns)  Path(ns)    Netlist Resource(s)
  -------------------------------------------------------------------    -------------------
                         (clock clk_out1_videoclock rise edge)
                                                      0.000     0.000 r  
    R4                                                0.000     0.000 r  clk (IN)
                         net (fo=0)                   0.000     0.000    mmcm/inst/clk_in1
    R4                   IBUF (Prop_ibuf_I_O)         0.243     0.243 r  mmcm/inst/clkin1_ibufg/O
                         net (fo=1, routed)           0.440     0.683    mmcm/inst/clk_in1_mmcm
    MMCME2_ADV_X1Y2      MMCME2_ADV (Prop_mmcme2_adv_CLKIN1_CLKOUT0)
                                                     -2.540    -1.856 r  mmcm/inst/mmcm_adv_inst/CLKOUT0
                         net (fo=1, routed)           0.531    -1.325    mmcm/inst/clk_out1_mmcm
    BUFGCTRL_X0Y2        BUFG (Prop_bufg_I_O)         0.026    -1.299 r  mmcm/inst/clkout1_buf/O
                         net (fo=2, routed)           0.745    -0.555    rasterixgen.videoclock/inst/clk_in1
    MMCME2_ADV_X1Y0      MMCME2_ADV (Prop_mmcme2_adv_CLKIN1_CLKOUT0)
                                                     -1.683    -2.237 r  rasterixgen.videoclock/inst/mmcm_adv_inst/CLKOUT0
                         net (fo=1, routed)           0.912    -1.325    rasterixgen.videoclock/inst/clk_out1_videoclock
    BUFGCTRL_X0Y4        BUFG (Prop_bufg_I_O)         0.026    -1.299 r  rasterixgen.videoclock/inst/clkout1_buf/O
                         net (fo=868, routed)         0.642    -0.658    rasterixgen.pixelreset/U0/slowest_sync_clk
    SLICE_X161Y163       FDRE                                         r  rasterixgen.pixelreset/U0/ACTIVE_LOW_PR_OUT_DFF[0].FDRE_PER_N/C
  -------------------------------------------------------------------    -------------------
    SLICE_X161Y163       FDRE (Prop_fdre_C_Q)         0.141    -0.517 r  rasterixgen.pixelreset/U0/ACTIVE_LOW_PR_OUT_DFF[0].FDRE_PER_N/Q
                         net (fo=2, routed)           0.411    -0.106    rasterixgen.rasterix/display/display/u_dvi/u_tmds_green/PixelResetn
    SLICE_X155Y158       LUT1 (Prop_lut1_I0_O)        0.045    -0.061 f  rasterixgen.rasterix/display/display/u_dvi/u_tmds_green/araddr_q[28]_i_3/O
                         net (fo=348, routed)         0.508     0.447    rasterixgen.rasterix/display/display/u_fifo/AR[0]
    SLICE_X150Y149       FDCE                                         f  rasterixgen.rasterix/display/display/u_fifo/rd_skid_data_q_reg[19]/CLR
  -------------------------------------------------------------------    -------------------

                         (clock clk_out1_videoclock rise edge)
                                                      0.000     0.000 r  
    R4                                                0.000     0.000 r  clk (IN)
                         net (fo=0)                   0.000     0.000    mmcm/inst/clk_in1
    R4                   IBUF (Prop_ibuf_I_O)         0.431     0.431 r  mmcm/inst/clkin1_ibufg/O
                         net (fo=1, routed)           0.480     0.911    mmcm/inst/clk_in1_mmcm
    MMCME2_ADV_X1Y2      MMCME2_ADV (Prop_mmcme2_adv_CLKIN1_CLKOUT0)
                                                     -3.332    -2.421 r  mmcm/inst/mmcm_adv_inst/CLKOUT0
                         net (fo=1, routed)           0.579    -1.843    mmcm/inst/clk_out1_mmcm
    BUFGCTRL_X0Y2        BUFG (Prop_bufg_I_O)         0.029    -1.814 r  mmcm/inst/clkout1_buf/O
                         net (fo=2, routed)           1.022    -0.792    rasterixgen.videoclock/inst/clk_in1
    MMCME2_ADV_X1Y0      MMCME2_ADV (Prop_mmcme2_adv_CLKIN1_CLKOUT0)
                                                     -2.040    -2.832 r  rasterixgen.videoclock/inst/mmcm_adv_inst/CLKOUT0
                         net (fo=1, routed)           0.989    -1.843    rasterixgen.videoclock/inst/clk_out1_videoclock
    BUFGCTRL_X0Y4        BUFG (Prop_bufg_I_O)         0.029    -1.814 r  rasterixgen.videoclock/inst/clkout1_buf/O
                         net (fo=868, routed)         0.893    -0.921    rasterixgen.rasterix/display/display/u_fifo/PixelCLK
    SLICE_X150Y149       FDCE                                         r  rasterixgen.rasterix/display/display/u_fifo/rd_skid_data_q_reg[19]/C
                         clock pessimism              0.514    -0.407    
    SLICE_X150Y149       FDCE (Remov_fdce_C_CLR)     -0.067    -0.474    rasterixgen.rasterix/display/display/u_fifo/rd_skid_data_q_reg[19]
  -------------------------------------------------------------------
                         required time                          0.474    
                         arrival time                           0.447    
  -------------------------------------------------------------------
                         slack                                  0.921    





---------------------------------------------------------------------------------------------------
Path Group:  **async_default**
From Clock:  clk_out1_videoclock
  To Clock:  clk_out2_videoclock

Setup :            0  Failing Endpoints,  Worst Slack        1.772ns,  Total Violation        0.000ns
Hold  :            0  Failing Endpoints,  Worst Slack        0.942ns,  Total Violation        0.000ns
---------------------------------------------------------------------------------------------------


Max Delay Paths
--------------------------------------------------------------------------------------
Slack (MET) :             1.772ns  (required time - arrival time)
  Source:                 rasterixgen.pixelreset/U0/ACTIVE_LOW_PR_OUT_DFF[0].FDRE_PER_N/C
                            (rising edge-triggered cell FDRE clocked by clk_out1_videoclock  {rise@0.000ns fall@19.841ns period=39.683ns})
  Destination:            rasterixgen.rasterix/display/display/u_dvi/u_resync/sync_q_reg/CLR
                            (recovery check against rising-edge clock clk_out2_videoclock  {rise@0.000ns fall@3.968ns period=7.937ns})
  Path Group:             **async_default**
  Path Type:              Recovery (Max at Slow Process Corner)
  Requirement:            7.937ns  (clk_out2_videoclock rise@7.937ns - clk_out1_videoclock rise@0.000ns)
  Data Path Delay:        5.212ns  (logic 0.580ns (11.127%)  route 4.632ns (88.873%))
  Logic Levels:           1  (LUT1=1)
  Clock Path Skew:        -0.233ns (DCD - SCD + CPR)
    Destination Clock Delay (DCD):    -1.582ns = ( 6.354 - 7.937 ) 
    Source Clock Delay      (SCD):    -1.004ns
    Clock Pessimism Removal (CPR):    0.345ns
  Clock Uncertainty:      0.358ns  ((TSJ^2 + DJ^2)^1/2) / 2 + PE
    Total System Jitter     (TSJ):    0.071ns
    Discrete Jitter          (DJ):    0.470ns
    Phase Error              (PE):    0.120ns

    Location             Delay type                Incr(ns)  Path(ns)    Netlist Resource(s)
  -------------------------------------------------------------------    -------------------
                         (clock clk_out1_videoclock rise edge)
                                                      0.000     0.000 r  
    R4                                                0.000     0.000 r  clk (IN)
                         net (fo=0)                   0.000     0.000    mmcm/inst/clk_in1
    R4                   IBUF (Prop_ibuf_I_O)         1.475     1.475 r  mmcm/inst/clkin1_ibufg/O
                         net (fo=1, routed)           1.233     2.708    mmcm/inst/clk_in1_mmcm
    MMCME2_ADV_X1Y2      MMCME2_ADV (Prop_mmcme2_adv_CLKIN1_CLKOUT0)
                                                     -7.432    -4.724 r  mmcm/inst/mmcm_adv_inst/CLKOUT0
                         net (fo=1, routed)           1.808    -2.915    mmcm/inst/clk_out1_mmcm
    BUFGCTRL_X0Y2        BUFG (Prop_bufg_I_O)         0.096    -2.819 r  mmcm/inst/clkout1_buf/O
                         net (fo=2, routed)           2.106    -0.713    rasterixgen.videoclock/inst/clk_in1
    MMCME2_ADV_X1Y0      MMCME2_ADV (Prop_mmcme2_adv_CLKIN1_CLKOUT0)
                                                     -4.900    -5.613 r  rasterixgen.videoclock/inst/mmcm_adv_inst/CLKOUT0
                         net (fo=1, routed)           2.697    -2.915    rasterixgen.videoclock/inst/clk_out1_videoclock
    BUFGCTRL_X0Y4        BUFG (Prop_bufg_I_O)         0.096    -2.819 r  rasterixgen.videoclock/inst/clkout1_buf/O
                         net (fo=868, routed)         1.815    -1.004    rasterixgen.pixelreset/U0/slowest_sync_clk
    SLICE_X161Y163       FDRE                                         r  rasterixgen.pixelreset/U0/ACTIVE_LOW_PR_OUT_DFF[0].FDRE_PER_N/C
  -------------------------------------------------------------------    -------------------
    SLICE_X161Y163       FDRE (Prop_fdre_C_Q)         0.456    -0.548 r  rasterixgen.pixelreset/U0/ACTIVE_LOW_PR_OUT_DFF[0].FDRE_PER_N/Q
                         net (fo=2, routed)           0.998     0.449    rasterixgen.rasterix/display/display/u_dvi/u_tmds_green/PixelResetn
    SLICE_X155Y158       LUT1 (Prop_lut1_I0_O)        0.124     0.573 f  rasterixgen.rasterix/display/display/u_dvi/u_tmds_green/araddr_q[28]_i_3/O
                         net (fo=348, routed)         3.635     4.208    rasterixgen.rasterix/display/display/u_dvi/u_resync/AR[0]
    SLICE_X162Y138       FDCE                                         f  rasterixgen.rasterix/display/display/u_dvi/u_resync/sync_q_reg/CLR
  -------------------------------------------------------------------    -------------------

                         (clock clk_out2_videoclock rise edge)
                                                      7.937     7.937 r  
    R4                                                0.000     7.937 r  clk (IN)
                         net (fo=0)                   0.000     7.937    mmcm/inst/clk_in1
    R4                   IBUF (Prop_ibuf_I_O)         1.405     9.341 r  mmcm/inst/clkin1_ibufg/O
                         net (fo=1, routed)           1.162    10.503    mmcm/inst/clk_in1_mmcm
    MMCME2_ADV_X1Y2      MMCME2_ADV (Prop_mmcme2_adv_CLKIN1_CLKOUT0)
                                                     -7.674     2.830 r  mmcm/inst/mmcm_adv_inst/CLKOUT0
                         net (fo=1, routed)           1.723     4.553    mmcm/inst/clk_out1_mmcm
    BUFGCTRL_X0Y2        BUFG (Prop_bufg_I_O)         0.091     4.644 r  mmcm/inst/clkout1_buf/O
                         net (fo=2, routed)           1.972     6.615    rasterixgen.videoclock/inst/clk_in1
    MMCME2_ADV_X1Y0      MMCME2_ADV (Prop_mmcme2_adv_CLKIN1_CLKOUT1)
                                                     -4.637     1.979 r  rasterixgen.videoclock/inst/mmcm_adv_inst/CLKOUT1
                         net (fo=1, routed)           2.574     4.553    rasterixgen.videoclock/inst/clk_out2_videoclock
    BUFGCTRL_X0Y0        BUFG (Prop_bufg_I_O)         0.091     4.644 r  rasterixgen.videoclock/inst/clkout2_buf/O
                         net (fo=77, routed)          1.710     6.354    rasterixgen.rasterix/display/display/u_dvi/u_resync/SerialCLK
    SLICE_X162Y138       FDCE                                         r  rasterixgen.rasterix/display/display/u_dvi/u_resync/sync_q_reg/C
                         clock pessimism              0.345     6.699    
                         clock uncertainty           -0.358     6.342    
    SLICE_X162Y138       FDCE (Recov_fdce_C_CLR)     -0.361     5.981    rasterixgen.rasterix/display/display/u_dvi/u_resync/sync_q_reg
  -------------------------------------------------------------------
                         required time                          5.981    
                         arrival time                          -4.208    
  -------------------------------------------------------------------
                         slack                                  1.772    





Min Delay Paths
--------------------------------------------------------------------------------------
Slack (MET) :             0.942ns  (arrival time - required time)
  Source:                 rasterixgen.pixelreset/U0/ACTIVE_LOW_PR_OUT_DFF[0].FDRE_PER_N/C
                            (rising edge-triggered cell FDRE clocked by clk_out1_videoclock  {rise@0.000ns fall@19.841ns period=39.683ns})
  Destination:            rasterixgen.rasterix/display/display/u_dvi/tmds_red_x5_q_reg[8]/CLR
                            (removal check against rising-edge clock clk_out2_videoclock  {rise@0.000ns fall@3.968ns period=7.937ns})
  Path Group:             **async_default**
  Path Type:              Removal (Min at Fast Process Corner)
  Requirement:            0.000ns  (clk_out2_videoclock rise@0.000ns - clk_out1_videoclock rise@0.000ns)
  Data Path Delay:        1.567ns  (logic 0.186ns (11.871%)  route 1.381ns (88.129%))
  Logic Levels:           1  (LUT1=1)
  Clock Path Skew:        0.359ns (DCD - SCD - CPR)
    Destination Clock Delay (DCD):    -0.893ns
    Source Clock Delay      (SCD):    -0.658ns
    Clock Pessimism Removal (CPR):    -0.595ns
  Clock Uncertainty:      0.358ns  ((TSJ^2 + DJ^2)^1/2) / 2 + PE
    Total System Jitter     (TSJ):    0.071ns
    Discrete Jitter          (DJ):    0.470ns
    Phase Error              (PE):    0.120ns

    Location             Delay type                Incr(ns)  Path(ns)    Netlist Resource(s)
  -------------------------------------------------------------------    -------------------
                         (clock clk_out1_videoclock rise edge)
                                                      0.000     0.000 r  
    R4                                                0.000     0.000 r  clk (IN)
                         net (fo=0)                   0.000     0.000    mmcm/inst/clk_in1
    R4                   IBUF (Prop_ibuf_I_O)         0.243     0.243 r  mmcm/inst/clkin1_ibufg/O
                         net (fo=1, routed)           0.440     0.683    mmcm/inst/clk_in1_mmcm
    MMCME2_ADV_X1Y2      MMCME2_ADV (Prop_mmcme2_adv_CLKIN1_CLKOUT0)
                                                     -2.540    -1.856 r  mmcm/inst/mmcm_adv_inst/CLKOUT0
                         net (fo=1, routed)           0.531    -1.325    mmcm/inst/clk_out1_mmcm
    BUFGCTRL_X0Y2        BUFG (Prop_bufg_I_O)         0.026    -1.299 r  mmcm/inst/clkout1_buf/O
                         net (fo=2, routed)           0.745    -0.555    rasterixgen.videoclock/inst/clk_in1
    MMCME2_ADV_X1Y0      MMCME2_ADV (Prop_mmcme2_adv_CLKIN1_CLKOUT0)
                                                     -1.683    -2.237 r  rasterixgen.videoclock/inst/mmcm_adv_inst/CLKOUT0
                         net (fo=1, routed)           0.912    -1.325    rasterixgen.videoclock/inst/clk_out1_videoclock
    BUFGCTRL_X0Y4        BUFG (Prop_bufg_I_O)         0.026    -1.299 r  rasterixgen.videoclock/inst/clkout1_buf/O
                         net (fo=868, routed)         0.642    -0.658    rasterixgen.pixelreset/U0/slowest_sync_clk
    SLICE_X161Y163       FDRE                                         r  rasterixgen.pixelreset/U0/ACTIVE_LOW_PR_OUT_DFF[0].FDRE_PER_N/C
  -------------------------------------------------------------------    -------------------
    SLICE_X161Y163       FDRE (Prop_fdre_C_Q)         0.141    -0.517 r  rasterixgen.pixelreset/U0/ACTIVE_LOW_PR_OUT_DFF[0].FDRE_PER_N/Q
                         net (fo=2, routed)           0.411    -0.106    rasterixgen.rasterix/display/display/u_dvi/u_tmds_green/PixelResetn
    SLICE_X155Y158       LUT1 (Prop_lut1_I0_O)        0.045    -0.061 f  rasterixgen.rasterix/display/display/u_dvi/u_tmds_green/araddr_q[28]_i_3/O
                         net (fo=348, routed)         0.970     0.909    rasterixgen.rasterix/display/display/u_dvi/AR[0]
    SLICE_X159Y147       FDCE                                         f  rasterixgen.rasterix/display/display/u_dvi/tmds_red_x5_q_reg[8]/CLR
  -------------------------------------------------------------------    -------------------

                         (clock clk_out2_videoclock rise edge)
                                                      0.000     0.000 r  
    R4                                                0.000     0.000 r  clk (IN)
                         net (fo=0)                   0.000     0.000    mmcm/inst/clk_in1
    R4                   IBUF (Prop_ibuf_I_O)         0.431     0.431 r  mmcm/inst/clkin1_ibufg/O
                         net (fo=1, routed)           0.480     0.911    mmcm/inst/clk_in1_mmcm
    MMCME2_ADV_X1Y2      MMCME2_ADV (Prop_mmcme2_adv_CLKIN1_CLKOUT0)
                                                     -3.332    -2.421 r  mmcm/inst/mmcm_adv_inst/CLKOUT0
                         net (fo=1, routed)           0.579    -1.843    mmcm/inst/clk_out1_mmcm
    BUFGCTRL_X0Y2        BUFG (Prop_bufg_I_O)         0.029    -1.814 r  mmcm/inst/clkout1_buf/O
                         net (fo=2, routed)           1.022    -0.792    rasterixgen.videoclock/inst/clk_in1
    MMCME2_ADV_X1Y0      MMCME2_ADV (Prop_mmcme2_adv_CLKIN1_CLKOUT1)
                                                     -2.040    -2.832 r  rasterixgen.videoclock/inst/mmcm_adv_inst/CLKOUT1
                         net (fo=1, routed)           0.989    -1.843    rasterixgen.videoclock/inst/clk_out2_videoclock
    BUFGCTRL_X0Y0        BUFG (Prop_bufg_I_O)         0.029    -1.814 r  rasterixgen.videoclock/inst/clkout2_buf/O
                         net (fo=77, routed)          0.921    -0.893    rasterixgen.rasterix/display/display/u_dvi/SerialCLK
    SLICE_X159Y147       FDCE                                         r  rasterixgen.rasterix/display/display/u_dvi/tmds_red_x5_q_reg[8]/C
                         clock pessimism              0.595    -0.298    
                         clock uncertainty            0.358     0.059    
    SLICE_X159Y147       FDCE (Remov_fdce_C_CLR)     -0.092    -0.033    rasterixgen.rasterix/display/display/u_dvi/tmds_red_x5_q_reg[8]
  -------------------------------------------------------------------
                         required time                          0.033    
                         arrival time                           0.909    
  -------------------------------------------------------------------
                         slack                                  0.942    





---------------------------------------------------------------------------------------------------
Path Group:  **async_default**
From Clock:  clk_out3_mmcm
  To Clock:  clk_out3_mmcm

Setup :            0  Failing Endpoints,  Worst Slack       47.210ns,  Total Violation        0.000ns
Hold  :            0  Failing Endpoints,  Worst Slack        0.397ns,  Total Violation        0.000ns
---------------------------------------------------------------------------------------------------


Max Delay Paths
--------------------------------------------------------------------------------------
Slack (MET) :             47.210ns  (required time - arrival time)
  Source:                 fpgaTop/clkconverter/clkconverter_axi_clock_converter_v2_1_35_axi_clock_converter/<hidden>/<hidden>/<hidden>/<hidden>/<hidden>
                            (rising edge-triggered cell FDPE clocked by clk_out3_mmcm  {rise@0.000ns fall@25.000ns period=50.000ns})
  Destination:            fpgaTop/clkconverter/clkconverter_axi_clock_converter_v2_1_35_axi_clock_converter/<hidden>/<hidden>/<hidden>/<hidden>/<hidden>/<hidden>
                            (recovery check against rising-edge clock clk_out3_mmcm  {rise@0.000ns fall@25.000ns period=50.000ns})
  Path Group:             **async_default**
  Path Type:              Recovery (Max at Slow Process Corner)
  Requirement:            50.000ns  (clk_out3_mmcm rise@50.000ns - clk_out3_mmcm rise@0.000ns)
  Data Path Delay:        2.162ns  (logic 0.456ns (21.088%)  route 1.706ns (78.912%))
  Logic Levels:           0  
  Clock Path Skew:        -0.125ns (DCD - SCD + CPR)
    Destination Clock Delay (DCD):    -1.740ns = ( 48.260 - 50.000 ) 
    Source Clock Delay      (SCD):    -1.142ns
    Clock Pessimism Removal (CPR):    0.474ns
  Clock Uncertainty:      0.098ns  ((TSJ^2 + DJ^2)^1/2) / 2 + PE
    Total System Jitter     (TSJ):    0.071ns
    Discrete Jitter          (DJ):    0.183ns
    Phase Error              (PE):    0.000ns

    Location             Delay type                Incr(ns)  Path(ns)    Netlist Resource(s)
  -------------------------------------------------------------------    -------------------
                         (clock clk_out3_mmcm rise edge)
                                                      0.000     0.000 r  
    R4                                                0.000     0.000 r  clk (IN)
                         net (fo=0)                   0.000     0.000    mmcm/inst/clk_in1
    R4                   IBUF (Prop_ibuf_I_O)         1.475     1.475 r  mmcm/inst/clkin1_ibufg/O
                         net (fo=1, routed)           1.233     2.708    mmcm/inst/clk_in1_mmcm
    MMCME2_ADV_X1Y2      MMCME2_ADV (Prop_mmcme2_adv_CLKIN1_CLKOUT2)
                                                     -7.432    -4.724 r  mmcm/inst/mmcm_adv_inst/CLKOUT2
                         net (fo=1, routed)           1.808    -2.915    mmcm/inst/clk_out3_mmcm
    BUFGCTRL_X0Y3        BUFG (Prop_bufg_I_O)         0.096    -2.819 r  mmcm/inst/clkout3_buf/O
                         net (fo=26024, routed)       1.677    -1.142    fpgaTop/clkconverter/clkconverter_axi_clock_converter_v2_1_35_axi_clock_converter/<hidden>/<hidden>/<hidden>/<hidden>/<hidden>
    SLICE_X122Y151       FDPE                                         r  fpgaTop/clkconverter/clkconverter_axi_clock_converter_v2_1_35_axi_clock_converter/<hidden>/<hidden>/<hidden>/<hidden>/<hidden>
  -------------------------------------------------------------------    -------------------
    SLICE_X122Y151       FDPE (Prop_fdpe_C_Q)         0.456    -0.686 f  fpgaTop/clkconverter/clkconverter_axi_clock_converter_v2_1_35_axi_clock_converter/<hidden>/<hidden>/<hidden>/<hidden>/<hidden>
                         net (fo=21, routed)          1.706     1.020    fpgaTop/clkconverter/clkconverter_axi_clock_converter_v2_1_35_axi_clock_converter/<hidden>/<hidden>/<hidden>/<hidden>/<hidden>/<hidden>
    SLICE_X99Y148        FDCE                                         f  fpgaTop/clkconverter/clkconverter_axi_clock_converter_v2_1_35_axi_clock_converter/<hidden>/<hidden>/<hidden>/<hidden>/<hidden>/<hidden>
  -------------------------------------------------------------------    -------------------

                         (clock clk_out3_mmcm rise edge)
                                                     50.000    50.000 r  
    R4                                                0.000    50.000 r  clk (IN)
                         net (fo=0)                   0.000    50.000    mmcm/inst/clk_in1
    R4                   IBUF (Prop_ibuf_I_O)         1.405    51.405 r  mmcm/inst/clkin1_ibufg/O
                         net (fo=1, routed)           1.162    52.567    mmcm/inst/clk_in1_mmcm
    MMCME2_ADV_X1Y2      MMCME2_ADV (Prop_mmcme2_adv_CLKIN1_CLKOUT2)
                                                     -7.674    44.893 r  mmcm/inst/mmcm_adv_inst/CLKOUT2
                         net (fo=1, routed)           1.723    46.616    mmcm/inst/clk_out3_mmcm
    BUFGCTRL_X0Y3        BUFG (Prop_bufg_I_O)         0.091    46.707 r  mmcm/inst/clkout3_buf/O
                         net (fo=26024, routed)       1.552    48.260    fpgaTop/clkconverter/clkconverter_axi_clock_converter_v2_1_35_axi_clock_converter/<hidden>/<hidden>/<hidden>/<hidden>/<hidden>/<hidden>
    SLICE_X99Y148        FDCE                                         r  fpgaTop/clkconverter/clkconverter_axi_clock_converter_v2_1_35_axi_clock_converter/<hidden>/<hidden>/<hidden>/<hidden>/<hidden>/<hidden>
                         clock pessimism              0.474    48.733    
                         clock uncertainty           -0.098    48.635    
    SLICE_X99Y148        FDCE (Recov_fdce_C_CLR)     -0.405    48.230    fpgaTop/clkconverter/clkconverter_axi_clock_converter_v2_1_35_axi_clock_converter/<hidden>/<hidden>/<hidden>/<hidden>/<hidden>/<hidden>
  -------------------------------------------------------------------
                         required time                         48.230    
                         arrival time                          -1.020    
  -------------------------------------------------------------------
                         slack                                 47.210    





Min Delay Paths
--------------------------------------------------------------------------------------
Slack (MET) :             0.397ns  (arrival time - required time)
  Source:                 fpgaTop/clkconverter/clkconverter_axi_clock_converter_v2_1_35_axi_clock_converter/<hidden>/<hidden>/<hidden>/<hidden>/<hidden>/<hidden>
                            (rising edge-triggered cell FDPE clocked by clk_out3_mmcm  {rise@0.000ns fall@25.000ns period=50.000ns})
  Destination:            fpgaTop/clkconverter/clkconverter_axi_clock_converter_v2_1_35_axi_clock_converter/<hidden>/<hidden>/<hidden>/<hidden>/<hidden>
                            (removal check against rising-edge clock clk_out3_mmcm  {rise@0.000ns fall@25.000ns period=50.000ns})
  Path Group:             **async_default**
  Path Type:              Removal (Min at Fast Process Corner)
  Requirement:            0.000ns  (clk_out3_mmcm rise@0.000ns - clk_out3_mmcm rise@0.000ns)
  Data Path Delay:        0.264ns  (logic 0.128ns (48.403%)  route 0.136ns (51.597%))
  Logic Levels:           0  
  Clock Path Skew:        0.016ns (DCD - SCD - CPR)
    Destination Clock Delay (DCD):    -0.953ns
    Source Clock Delay      (SCD):    -0.710ns
    Clock Pessimism Removal (CPR):    -0.259ns

    Location             Delay type                Incr(ns)  Path(ns)    Netlist Resource(s)
  -------------------------------------------------------------------    -------------------
                         (clock clk_out3_mmcm rise edge)
                                                      0.000     0.000 r  
    R4                                                0.000     0.000 r  clk (IN)
                         net (fo=0)                   0.000     0.000    mmcm/inst/clk_in1
    R4                   IBUF (Prop_ibuf_I_O)         0.243     0.243 r  mmcm/inst/clkin1_ibufg/O
                         net (fo=1, routed)           0.440     0.683    mmcm/inst/clk_in1_mmcm
    MMCME2_ADV_X1Y2      MMCME2_ADV (Prop_mmcme2_adv_CLKIN1_CLKOUT2)
                                                     -2.540    -1.856 r  mmcm/inst/mmcm_adv_inst/CLKOUT2
                         net (fo=1, routed)           0.531    -1.325    mmcm/inst/clk_out3_mmcm
    BUFGCTRL_X0Y3        BUFG (Prop_bufg_I_O)         0.026    -1.299 r  mmcm/inst/clkout3_buf/O
                         net (fo=26024, routed)       0.590    -0.710    fpgaTop/clkconverter/clkconverter_axi_clock_converter_v2_1_35_axi_clock_converter/<hidden>/<hidden>/<hidden>/<hidden>/<hidden>/<hidden>
    SLICE_X119Y157       FDPE                                         r  fpgaTop/clkconverter/clkconverter_axi_clock_converter_v2_1_35_axi_clock_converter/<hidden>/<hidden>/<hidden>/<hidden>/<hidden>/<hidden>
  -------------------------------------------------------------------    -------------------
    SLICE_X119Y157       FDPE (Prop_fdpe_C_Q)         0.128    -0.582 f  fpgaTop/clkconverter/clkconverter_axi_clock_converter_v2_1_35_axi_clock_converter/<hidden>/<hidden>/<hidden>/<hidden>/<hidden>/<hidden>
                         net (fo=9, routed)           0.136    -0.445    fpgaTop/clkconverter/clkconverter_axi_clock_converter_v2_1_35_axi_clock_converter/<hidden>/<hidden>/<hidden>/<hidden>/<hidden>
    SLICE_X119Y158       FDPE                                         f  fpgaTop/clkconverter/clkconverter_axi_clock_converter_v2_1_35_axi_clock_converter/<hidden>/<hidden>/<hidden>/<hidden>/<hidden>
  -------------------------------------------------------------------    -------------------

                         (clock clk_out3_mmcm rise edge)
                                                      0.000     0.000 r  
    R4                                                0.000     0.000 r  clk (IN)
                         net (fo=0)                   0.000     0.000    mmcm/inst/clk_in1
    R4                   IBUF (Prop_ibuf_I_O)         0.431     0.431 r  mmcm/inst/clkin1_ibufg/O
                         net (fo=1, routed)           0.480     0.911    mmcm/inst/clk_in1_mmcm
    MMCME2_ADV_X1Y2      MMCME2_ADV (Prop_mmcme2_adv_CLKIN1_CLKOUT2)
                                                     -3.332    -2.421 r  mmcm/inst/mmcm_adv_inst/CLKOUT2
                         net (fo=1, routed)           0.579    -1.843    mmcm/inst/clk_out3_mmcm
    BUFGCTRL_X0Y3        BUFG (Prop_bufg_I_O)         0.029    -1.814 r  mmcm/inst/clkout3_buf/O
                         net (fo=26024, routed)       0.860    -0.953    fpgaTop/clkconverter/clkconverter_axi_clock_converter_v2_1_35_axi_clock_converter/<hidden>/<hidden>/<hidden>/<hidden>/<hidden>
    SLICE_X119Y158       FDPE                                         r  fpgaTop/clkconverter/clkconverter_axi_clock_converter_v2_1_35_axi_clock_converter/<hidden>/<hidden>/<hidden>/<hidden>/<hidden>
                         clock pessimism              0.259    -0.694    
    SLICE_X119Y158       FDPE (Remov_fdpe_C_PRE)     -0.149    -0.843    fpgaTop/clkconverter/clkconverter_axi_clock_converter_v2_1_35_axi_clock_converter/<hidden>/<hidden>/<hidden>/<hidden>/<hidden>
  -------------------------------------------------------------------
                         required time                          0.843    
                         arrival time                          -0.445    
  -------------------------------------------------------------------
                         slack                                  0.397    





---------------------------------------------------------------------------------------------------
Path Group:  **async_default**
From Clock:  clk_pll_i
  To Clock:  clk_pll_i

Setup :            0  Failing Endpoints,  Worst Slack        6.369ns,  Total Violation        0.000ns
Hold  :            0  Failing Endpoints,  Worst Slack        0.166ns,  Total Violation        0.000ns
---------------------------------------------------------------------------------------------------


Max Delay Paths
--------------------------------------------------------------------------------------
Slack (MET) :             6.369ns  (required time - arrival time)
  Source:                 fpgaTop/rasterix/rasterixmem_wrapper/rasterixmem/rasterixmem_gpubuffer_0/axi_data_fifo_v2_1_36_axi_data_fifo/<hidden>/<hidden>/<hidden>/<hidden>/<hidden>/<hidden>
                            (rising edge-triggered cell FDPE clocked by clk_pll_i  {rise@0.000ns fall@5.000ns period=10.000ns})
  Destination:            fpgaTop/rasterix/rasterixmem_wrapper/rasterixmem/rasterixmem_gpubuffer_0/axi_data_fifo_v2_1_36_axi_data_fifo/<hidden>/<hidden>/<hidden>/<hidden>/<hidden>/<hidden>
                            (recovery check against rising-edge clock clk_pll_i  {rise@0.000ns fall@5.000ns period=10.000ns})
  Path Group:             **async_default**
  Path Type:              Recovery (Max at Slow Process Corner)
  Requirement:            10.000ns  (clk_pll_i rise@10.000ns - clk_pll_i rise@0.000ns)
  Data Path Delay:        3.113ns  (logic 0.718ns (23.066%)  route 2.395ns (76.934%))
  Logic Levels:           1  (LUT3=1)
  Clock Path Skew:        -0.096ns (DCD - SCD + CPR)
    Destination Clock Delay (DCD):    0.610ns = ( 10.610 - 10.000 ) 
    Source Clock Delay      (SCD):    1.359ns
    Clock Pessimism Removal (CPR):    0.653ns
  Clock Uncertainty:      0.060ns  ((TSJ^2 + DJ^2)^1/2) / 2 + PE
    Total System Jitter     (TSJ):    0.071ns
    Discrete Jitter          (DJ):    0.098ns
    Phase Error              (PE):    0.000ns

    Location             Delay type                Incr(ns)  Path(ns)    Netlist Resource(s)
  -------------------------------------------------------------------    -------------------
                         (clock clk_pll_i rise edge)
                                                      0.000     0.000 r  
    R4                                                0.000     0.000 r  clk (IN)
                         net (fo=0)                   0.000     0.000    mmcm/inst/clk_in1
    R4                   IBUF (Prop_ibuf_I_O)         1.475     1.475 r  mmcm/inst/clkin1_ibufg/O
                         net (fo=1, routed)           1.233     2.708    mmcm/inst/clk_in1_mmcm
    MMCME2_ADV_X1Y2      MMCME2_ADV (Prop_mmcme2_adv_CLKIN1_CLKOUT0)
                                                     -7.432    -4.724 r  mmcm/inst/mmcm_adv_inst/CLKOUT0
                         net (fo=1, routed)           1.808    -2.915    mmcm/inst/clk_out1_mmcm
    BUFGCTRL_X0Y2        BUFG (Prop_bufg_I_O)         0.096    -2.819 r  mmcm/inst/clkout1_buf/O
                         net (fo=2, routed)           1.754    -1.065    ddr3/u_ddr3_mig/u_ddr3_infrastructure/mmcm_clk
    PLLE2_ADV_X1Y3       PLLE2_ADV (Prop_plle2_adv_CLKIN1_CLKOUT3)
                                                      0.088    -0.977 r  ddr3/u_ddr3_mig/u_ddr3_infrastructure/plle2_i/CLKOUT3
                         net (fo=1, routed)           1.370     0.393    ddr3/u_ddr3_mig/u_ddr3_infrastructure/pll_clk3_out
    BUFHCE_X1Y36         BUFH (Prop_bufh_I_O)         0.127     0.520 r  ddr3/u_ddr3_mig/u_ddr3_infrastructure/u_bufh_pll_clk3/O
                         net (fo=1, routed)           0.943     1.463    ddr3/u_ddr3_mig/u_ddr3_infrastructure/pll_clk3
    MMCME2_ADV_X1Y3      MMCME2_ADV (Prop_mmcme2_adv_CLKIN1_CLKFBOUT)
                                                     -3.633    -2.171 r  ddr3/u_ddr3_mig/u_ddr3_infrastructure/gen_mmcm.mmcm_i/CLKFBOUT
                         net (fo=1, routed)           1.808    -0.362    ddr3/u_ddr3_mig/u_ddr3_infrastructure/clk_pll_i
    BUFGCTRL_X0Y16       BUFG (Prop_bufg_I_O)         0.096    -0.266 r  ddr3/u_ddr3_mig/u_ddr3_infrastructure/u_bufg_clkdiv0/O
                         net (fo=25277, routed)       1.625     1.359    fpgaTop/rasterix/rasterixmem_wrapper/rasterixmem/rasterixmem_gpubuffer_0/axi_data_fifo_v2_1_36_axi_data_fifo/<hidden>/<hidden>/<hidden>/<hidden>/<hidden>/<hidden>
    SLICE_X78Y185        FDPE                                         r  fpgaTop/rasterix/rasterixmem_wrapper/rasterixmem/rasterixmem_gpubuffer_0/axi_data_fifo_v2_1_36_axi_data_fifo/<hidden>/<hidden>/<hidden>/<hidden>/<hidden>/<hidden>
  -------------------------------------------------------------------    -------------------
    SLICE_X78Y185        FDPE (Prop_fdpe_C_Q)         0.419     1.778 f  fpgaTop/rasterix/rasterixmem_wrapper/rasterixmem/rasterixmem_gpubuffer_0/axi_data_fifo_v2_1_36_axi_data_fifo/<hidden>/<hidden>/<hidden>/<hidden>/<hidden>/<hidden>
                         net (fo=7, routed)           0.646     2.424    fpgaTop/rasterix/rasterixmem_wrapper/rasterixmem/rasterixmem_gpubuffer_0/axi_data_fifo_v2_1_36_axi_data_fifo/<hidden>/<hidden>/<hidden>/<hidden>/<hidden>
    SLICE_X77Y185        LUT3 (Prop_lut3_I2_O)        0.299     2.723 f  fpgaTop/rasterix/rasterixmem_wrapper/rasterixmem/rasterixmem_gpubuffer_0/axi_data_fifo_v2_1_36_axi_data_fifo/<hidden>/<hidden>/<hidden>/<hidden>/<hidden>
                         net (fo=31, routed)          1.749     4.472    fpgaTop/rasterix/rasterixmem_wrapper/rasterixmem/rasterixmem_gpubuffer_0/axi_data_fifo_v2_1_36_axi_data_fifo/<hidden>/<hidden>/<hidden>/<hidden>/<hidden>/<hidden>
    SLICE_X88Y184        FDPE                                         f  fpgaTop/rasterix/rasterixmem_wrapper/rasterixmem/rasterixmem_gpubuffer_0/axi_data_fifo_v2_1_36_axi_data_fifo/<hidden>/<hidden>/<hidden>/<hidden>/<hidden>/<hidden>
  -------------------------------------------------------------------    -------------------

                         (clock clk_pll_i rise edge)
                                                     10.000    10.000 r  
    R4                                                0.000    10.000 r  clk (IN)
                         net (fo=0)                   0.000    10.000    mmcm/inst/clk_in1
    R4                   IBUF (Prop_ibuf_I_O)         1.405    11.405 r  mmcm/inst/clkin1_ibufg/O
                         net (fo=1, routed)           1.162    12.567    mmcm/inst/clk_in1_mmcm
    MMCME2_ADV_X1Y2      MMCME2_ADV (Prop_mmcme2_adv_CLKIN1_CLKOUT0)
                                                     -7.674     4.893 r  mmcm/inst/mmcm_adv_inst/CLKOUT0
                         net (fo=1, routed)           1.723     6.616    mmcm/inst/clk_out1_mmcm
    BUFGCTRL_X0Y2        BUFG (Prop_bufg_I_O)         0.091     6.707 r  mmcm/inst/clkout1_buf/O
                         net (fo=2, routed)           1.636     8.343    ddr3/u_ddr3_mig/u_ddr3_infrastructure/mmcm_clk
    PLLE2_ADV_X1Y3       PLLE2_ADV (Prop_plle2_adv_CLKIN1_CLKOUT3)
                                                      0.083     8.426 r  ddr3/u_ddr3_mig/u_ddr3_infrastructure/plle2_i/CLKOUT3
                         net (fo=1, routed)           1.289     9.715    ddr3/u_ddr3_mig/u_ddr3_infrastructure/pll_clk3_out
    BUFHCE_X1Y36         BUFH (Prop_bufh_I_O)         0.081     9.796 r  ddr3/u_ddr3_mig/u_ddr3_infrastructure/u_bufh_pll_clk3/O
                         net (fo=1, routed)           0.904    10.700    ddr3/u_ddr3_mig/u_ddr3_infrastructure/pll_clk3
    MMCME2_ADV_X1Y3      MMCME2_ADV (Prop_mmcme2_adv_CLKIN1_CLKFBOUT)
                                                     -3.425     7.275 r  ddr3/u_ddr3_mig/u_ddr3_infrastructure/gen_mmcm.mmcm_i/CLKFBOUT
                         net (fo=1, routed)           1.723     8.998    ddr3/u_ddr3_mig/u_ddr3_infrastructure/clk_pll_i
    BUFGCTRL_X0Y16       BUFG (Prop_bufg_I_O)         0.091     9.089 r  ddr3/u_ddr3_mig/u_ddr3_infrastructure/u_bufg_clkdiv0/O
                         net (fo=25277, routed)       1.521    10.610    fpgaTop/rasterix/rasterixmem_wrapper/rasterixmem/rasterixmem_gpubuffer_0/axi_data_fifo_v2_1_36_axi_data_fifo/<hidden>/<hidden>/<hidden>/<hidden>/<hidden>/<hidden>
    SLICE_X88Y184        FDPE                                         r  fpgaTop/rasterix/rasterixmem_wrapper/rasterixmem/rasterixmem_gpubuffer_0/axi_data_fifo_v2_1_36_axi_data_fifo/<hidden>/<hidden>/<hidden>/<hidden>/<hidden>/<hidden>
                         clock pessimism              0.653    11.263    
                         clock uncertainty           -0.060    11.202    
    SLICE_X88Y184        FDPE (Recov_fdpe_C_PRE)     -0.361    10.841    fpgaTop/rasterix/rasterixmem_wrapper/rasterixmem/rasterixmem_gpubuffer_0/axi_data_fifo_v2_1_36_axi_data_fifo/<hidden>/<hidden>/<hidden>/<hidden>/<hidden>/<hidden>
  -------------------------------------------------------------------
                         required time                         10.841    
                         arrival time                          -4.472    
  -------------------------------------------------------------------
                         slack                                  6.369    





Min Delay Paths
--------------------------------------------------------------------------------------
Slack (MET) :             0.166ns  (arrival time - required time)
  Source:                 fpgaTop/clkconverter/clkconverter_axi_clock_converter_v2_1_35_axi_clock_converter/<hidden>/<hidden>/<hidden>/<hidden>/<hidden>
                            (rising edge-triggered cell FDPE clocked by clk_pll_i  {rise@0.000ns fall@5.000ns period=10.000ns})
  Destination:            fpgaTop/clkconverter/clkconverter_axi_clock_converter_v2_1_35_axi_clock_converter/<hidden>/<hidden>/<hidden>/<hidden>/<hidden>/<hidden>
                            (removal check against rising-edge clock clk_pll_i  {rise@0.000ns fall@5.000ns period=10.000ns})
  Path Group:             **async_default**
  Path Type:              Removal (Min at Fast Process Corner)
  Requirement:            0.000ns  (clk_pll_i rise@0.000ns - clk_pll_i rise@0.000ns)
  Data Path Delay:        0.317ns  (logic 0.128ns (40.326%)  route 0.189ns (59.674%))
  Logic Levels:           0  
  Clock Path Skew:        0.277ns (DCD - SCD - CPR)
    Destination Clock Delay (DCD):    0.166ns
    Source Clock Delay      (SCD):    0.106ns
    Clock Pessimism Removal (CPR):    -0.217ns

    Location             Delay type                Incr(ns)  Path(ns)    Netlist Resource(s)
  -------------------------------------------------------------------    -------------------
                         (clock clk_pll_i rise edge)
                                                      0.000     0.000 r  
    R4                                                0.000     0.000 r  clk (IN)
                         net (fo=0)                   0.000     0.000    mmcm/inst/clk_in1
    R4                   IBUF (Prop_ibuf_I_O)         0.243     0.243 r  mmcm/inst/clkin1_ibufg/O
                         net (fo=1, routed)           0.440     0.683    mmcm/inst/clk_in1_mmcm
    MMCME2_ADV_X1Y2      MMCME2_ADV (Prop_mmcme2_adv_CLKIN1_CLKOUT0)
                                                     -2.540    -1.856 r  mmcm/inst/mmcm_adv_inst/CLKOUT0
                         net (fo=1, routed)           0.531    -1.325    mmcm/inst/clk_out1_mmcm
    BUFGCTRL_X0Y2        BUFG (Prop_bufg_I_O)         0.026    -1.299 r  mmcm/inst/clkout1_buf/O
                         net (fo=2, routed)           0.606    -0.694    ddr3/u_ddr3_mig/u_ddr3_infrastructure/mmcm_clk
    PLLE2_ADV_X1Y3       PLLE2_ADV (Prop_plle2_adv_CLKIN1_CLKOUT3)
                                                      0.050    -0.644 r  ddr3/u_ddr3_mig/u_ddr3_infrastructure/plle2_i/CLKOUT3
                         net (fo=1, routed)           0.426    -0.218    ddr3/u_ddr3_mig/u_ddr3_infrastructure/pll_clk3_out
    BUFHCE_X1Y36         BUFH (Prop_bufh_I_O)         0.020    -0.198 r  ddr3/u_ddr3_mig/u_ddr3_infrastructure/u_bufh_pll_clk3/O
                         net (fo=1, routed)           0.313     0.115    ddr3/u_ddr3_mig/u_ddr3_infrastructure/pll_clk3
    MMCME2_ADV_X1Y3      MMCME2_ADV (Prop_mmcme2_adv_CLKIN1_CLKFBOUT)
                                                     -1.156    -1.040 r  ddr3/u_ddr3_mig/u_ddr3_infrastructure/gen_mmcm.mmcm_i/CLKFBOUT
                         net (fo=1, routed)           0.531    -0.509    ddr3/u_ddr3_mig/u_ddr3_infrastructure/clk_pll_i
    BUFGCTRL_X0Y16       BUFG (Prop_bufg_I_O)         0.026    -0.483 r  ddr3/u_ddr3_mig/u_ddr3_infrastructure/u_bufg_clkdiv0/O
                         net (fo=25277, routed)       0.590     0.106    fpgaTop/clkconverter/clkconverter_axi_clock_converter_v2_1_35_axi_clock_converter/<hidden>/<hidden>/<hidden>/<hidden>/<hidden>
    SLICE_X121Y150       FDPE                                         r  fpgaTop/clkconverter/clkconverter_axi_clock_converter_v2_1_35_axi_clock_converter/<hidden>/<hidden>/<hidden>/<hidden>/<hidden>
  -------------------------------------------------------------------    -------------------
    SLICE_X121Y150       FDPE (Prop_fdpe_C_Q)         0.128     0.234 f  fpgaTop/clkconverter/clkconverter_axi_clock_converter_v2_1_35_axi_clock_converter/<hidden>/<hidden>/<hidden>/<hidden>/<hidden>
                         net (fo=3, routed)           0.189     0.424    fpgaTop/clkconverter/clkconverter_axi_clock_converter_v2_1_35_axi_clock_converter/<hidden>/<hidden>/<hidden>/<hidden>/<hidden>/<hidden>
    SLICE_X120Y149       FDPE                                         f  fpgaTop/clkconverter/clkconverter_axi_clock_converter_v2_1_35_axi_clock_converter/<hidden>/<hidden>/<hidden>/<hidden>/<hidden>/<hidden>
  -------------------------------------------------------------------    -------------------

                         (clock clk_pll_i rise edge)
                                                      0.000     0.000 r  
    R4                                                0.000     0.000 r  clk (IN)
                         net (fo=0)                   0.000     0.000    mmcm/inst/clk_in1
    R4                   IBUF (Prop_ibuf_I_O)         0.431     0.431 r  mmcm/inst/clkin1_ibufg/O
                         net (fo=1, routed)           0.480     0.911    mmcm/inst/clk_in1_mmcm
    MMCME2_ADV_X1Y2      MMCME2_ADV (Prop_mmcme2_adv_CLKIN1_CLKOUT0)
                                                     -3.332    -2.421 r  mmcm/inst/mmcm_adv_inst/CLKOUT0
                         net (fo=1, routed)           0.579    -1.843    mmcm/inst/clk_out1_mmcm
    BUFGCTRL_X0Y2        BUFG (Prop_bufg_I_O)         0.029    -1.814 r  mmcm/inst/clkout1_buf/O
                         net (fo=2, routed)           0.875    -0.939    ddr3/u_ddr3_mig/u_ddr3_infrastructure/mmcm_clk
    PLLE2_ADV_X1Y3       PLLE2_ADV (Prop_plle2_adv_CLKIN1_CLKOUT3)
                                                      0.053    -0.886 r  ddr3/u_ddr3_mig/u_ddr3_infrastructure/plle2_i/CLKOUT3
                         net (fo=1, routed)           0.472    -0.414    ddr3/u_ddr3_mig/u_ddr3_infrastructure/pll_clk3_out
    BUFHCE_X1Y36         BUFH (Prop_bufh_I_O)         0.043    -0.371 r  ddr3/u_ddr3_mig/u_ddr3_infrastructure/u_bufh_pll_clk3/O
                         net (fo=1, routed)           0.538     0.167    ddr3/u_ddr3_mig/u_ddr3_infrastructure/pll_clk3
    MMCME2_ADV_X1Y3      MMCME2_ADV (Prop_mmcme2_adv_CLKIN1_CLKFBOUT)
                                                     -1.475    -1.308 r  ddr3/u_ddr3_mig/u_ddr3_infrastructure/gen_mmcm.mmcm_i/CLKFBOUT
                         net (fo=1, routed)           0.579    -0.730    ddr3/u_ddr3_mig/u_ddr3_infrastructure/clk_pll_i
    BUFGCTRL_X0Y16       BUFG (Prop_bufg_I_O)         0.029    -0.701 r  ddr3/u_ddr3_mig/u_ddr3_infrastructure/u_bufg_clkdiv0/O
                         net (fo=25277, routed)       0.867     0.166    fpgaTop/clkconverter/clkconverter_axi_clock_converter_v2_1_35_axi_clock_converter/<hidden>/<hidden>/<hidden>/<hidden>/<hidden>/<hidden>
    SLICE_X120Y149       FDPE                                         r  fpgaTop/clkconverter/clkconverter_axi_clock_converter_v2_1_35_axi_clock_converter/<hidden>/<hidden>/<hidden>/<hidden>/<hidden>/<hidden>
                         clock pessimism              0.217     0.383    
    SLICE_X120Y149       FDPE (Remov_fdpe_C_PRE)     -0.125     0.258    fpgaTop/clkconverter/clkconverter_axi_clock_converter_v2_1_35_axi_clock_converter/<hidden>/<hidden>/<hidden>/<hidden>/<hidden>/<hidden>
  -------------------------------------------------------------------
                         required time                         -0.258    
                         arrival time                           0.424    
  -------------------------------------------------------------------
                         slack                                  0.166    





---------------------------------------------------------------------------------------------------
Path Group:  **default**
From Clock:  clk_pll_i
  To Clock:  

Setup :            0  Failing Endpoints,  Worst Slack        0.949ns,  Total Violation        0.000ns
Hold  :           NA  Failing Endpoints,  Worst Slack           NA  ,  Total Violation           NA
---------------------------------------------------------------------------------------------------


Max Delay Paths
--------------------------------------------------------------------------------------
Slack (MET) :             0.949ns  (required time - arrival time)
  Source:                 ddr3/u_ddr3_mig/u_ddr3_infrastructure/rstdiv0_sync_r1_reg_rep/C
                            (rising edge-triggered cell FDPE clocked by clk_pll_i  {rise@0.000ns fall@5.000ns period=10.000ns})
  Destination:            ddr3/u_ddr3_mig/u_memc_ui_top_axi/mem_intfc0/ddr_phy_top0/u_ddr_mc_phy_wrapper/u_ddr_mc_phy/ddr_phy_4lanes_0.u_ddr_phy_4lanes/phy_control_i/RESET
  Path Group:             **default**
  Path Type:              Max at Slow Process Corner
  Requirement:            5.000ns  (MaxDelay Path 5.000ns)
  Data Path Delay:        4.051ns  (logic 0.456ns (11.256%)  route 3.595ns (88.744%))
  Logic Levels:           0  
  Output Delay:           0.000ns
  Timing Exception:       MaxDelay Path 5.000ns -datapath_only

    Location             Delay type                Incr(ns)  Path(ns)    Netlist Resource(s)
  -------------------------------------------------------------------    -------------------
    SLICE_X125Y220                                    0.000     0.000 r  ddr3/u_ddr3_mig/u_ddr3_infrastructure/rstdiv0_sync_r1_reg_rep/C
    SLICE_X125Y220       FDPE (Prop_fdpe_C_Q)         0.456     0.456 r  ddr3/u_ddr3_mig/u_ddr3_infrastructure/rstdiv0_sync_r1_reg_rep/Q
                         net (fo=53, routed)          3.595     4.051    ddr3/u_ddr3_mig/u_memc_ui_top_axi/mem_intfc0/ddr_phy_top0/u_ddr_mc_phy_wrapper/u_ddr_mc_phy/ddr_phy_4lanes_0.u_ddr_phy_4lanes/in0
    PHY_CONTROL_X1Y3     PHY_CONTROL                                  r  ddr3/u_ddr3_mig/u_memc_ui_top_axi/mem_intfc0/ddr_phy_top0/u_ddr_mc_phy_wrapper/u_ddr_mc_phy/ddr_phy_4lanes_0.u_ddr_phy_4lanes/phy_control_i/RESET
  -------------------------------------------------------------------    -------------------

                         max delay                    5.000     5.000    
    PHY_CONTROL_X1Y3     PHY_CONTROL                  0.000     5.000    ddr3/u_ddr3_mig/u_memc_ui_top_axi/mem_intfc0/ddr_phy_top0/u_ddr_mc_phy_wrapper/u_ddr_mc_phy/ddr_phy_4lanes_0.u_ddr_phy_4lanes/phy_control_i
                         output delay                -0.000     5.000    
  -------------------------------------------------------------------
                         required time                          5.000    
                         arrival time                          -4.051    
  -------------------------------------------------------------------
                         slack                                  0.949    





--------------------------------------------------------------------------------------
Path Group:  (none)
From Clock:  clk_out2_videoclock
  To Clock:  

Max Delay             8 Endpoints
Min Delay             8 Endpoints
--------------------------------------------------------------------------------------


Max Delay Paths
--------------------------------------------------------------------------------------
Slack:                    inf
  Source:                 rasterixgen.rasterix/display/display/u_dvi/u_ddr_r/u_ddr_r/C
                            (falling edge-triggered cell ODDR clocked by clk_out2_videoclock  {rise@0.000ns fall@3.968ns period=7.937ns})
  Destination:            HDMITXn[2]
                            (output port)
  Path Group:             (none)
  Path Type:              Max at Slow Process Corner
  Data Path Delay:        2.370ns  (logic 2.369ns (99.958%)  route 0.001ns (0.042%))
  Logic Levels:           1  (OBUFDS=1)
  Clock Uncertainty:      0.520ns  ((TSJ^2 + DJ^2)^1/2) / 2 + PE
    Total System Jitter     (TSJ):    0.050ns
    Discrete Jitter          (DJ):    0.342ns
    Phase Error              (PE):    0.347ns
  Timing Exception:       False Path

    Location             Delay type                Incr(ns)  Path(ns)    Netlist Resource(s)
  -------------------------------------------------------------------    -------------------
                         (clock clk_out2_videoclock fall edge)
                                                      3.968     3.968 f  
    R4                                                0.000     3.968 f  clk (IN)
                         net (fo=0)                   0.000     3.968    mmcm/inst/clk_in1
    R4                   IBUF (Prop_ibuf_I_O)         1.475     5.443 f  mmcm/inst/clkin1_ibufg/O
                         net (fo=1, routed)           1.233     6.676    mmcm/inst/clk_in1_mmcm
    MMCME2_ADV_X1Y2      MMCME2_ADV (Prop_mmcme2_adv_CLKIN1_CLKOUT0)
                                                     -7.432    -0.755 f  mmcm/inst/mmcm_adv_inst/CLKOUT0
                         net (fo=1, routed)           1.808     1.053    mmcm/inst/clk_out1_mmcm
    BUFGCTRL_X0Y2        BUFG (Prop_bufg_I_O)         0.096     1.149 f  mmcm/inst/clkout1_buf/O
                         net (fo=2, routed)           2.106     3.255    rasterixgen.videoclock/inst/clk_in1
    MMCME2_ADV_X1Y0      MMCME2_ADV (Prop_mmcme2_adv_CLKIN1_CLKOUT1)
                                                     -4.900    -1.644 f  rasterixgen.videoclock/inst/mmcm_adv_inst/CLKOUT1
                         net (fo=1, routed)           2.697     1.053    rasterixgen.videoclock/inst/clk_out2_videoclock
    BUFGCTRL_X0Y0        BUFG (Prop_bufg_I_O)         0.096     1.149 f  rasterixgen.videoclock/inst/clkout2_buf/O
                         net (fo=77, routed)          1.831     2.980    rasterixgen.rasterix/display/display/u_dvi/u_ddr_r/SerialCLK
    OLOGIC_X1Y134        ODDR                                         f  rasterixgen.rasterix/display/display/u_dvi/u_ddr_r/u_ddr_r/C
  -------------------------------------------------------------------    -------------------
    OLOGIC_X1Y134        ODDR (Prop_oddr_C_Q)         0.472     3.452 r  rasterixgen.rasterix/display/display/u_dvi/u_ddr_r/u_ddr_r/Q
                         net (fo=1, routed)           0.001     3.453    TMDS[2]
    AB3                  OBUFDS (Prop_obufds_I_OB)    1.897     5.350 r  hdmi[2].data/OB
                         net (fo=0)                   0.000     5.350    HDMITXn[2]
    AB2                                                               r  HDMITXn[2] (OUT)
  -------------------------------------------------------------------    -------------------





Min Delay Paths
--------------------------------------------------------------------------------------
Slack:                    inf
  Source:                 rasterixgen.rasterix/display/display/u_dvi/u_ddr_c/u_ddr_r/C
                            (rising edge-triggered cell ODDR clocked by clk_out2_videoclock  {rise@0.000ns fall@3.968ns period=7.937ns})
  Destination:            HDMITXCLKp
                            (output port)
  Path Group:             (none)
  Path Type:              Min at Fast Process Corner
  Data Path Delay:        0.994ns  (logic 0.993ns (99.899%)  route 0.001ns (0.101%))
  Logic Levels:           1  (OBUFDS=1)
  Clock Uncertainty:      0.520ns  ((TSJ^2 + DJ^2)^1/2) / 2 + PE
    Total System Jitter     (TSJ):    0.050ns
    Discrete Jitter          (DJ):    0.342ns
    Phase Error              (PE):    0.347ns
  Timing Exception:       False Path

    Location             Delay type                Incr(ns)  Path(ns)    Netlist Resource(s)
  -------------------------------------------------------------------    -------------------
                         (clock clk_out2_videoclock rise edge)
                                                      0.000     0.000 r  
    R4                                                0.000     0.000 r  clk (IN)
                         net (fo=0)                   0.000     0.000    mmcm/inst/clk_in1
    R4                   IBUF (Prop_ibuf_I_O)         0.243     0.243 r  mmcm/inst/clkin1_ibufg/O
                         net (fo=1, routed)           0.440     0.683    mmcm/inst/clk_in1_mmcm
    MMCME2_ADV_X1Y2      MMCME2_ADV (Prop_mmcme2_adv_CLKIN1_CLKOUT0)
                                                     -2.540    -1.856 r  mmcm/inst/mmcm_adv_inst/CLKOUT0
                         net (fo=1, routed)           0.531    -1.325    mmcm/inst/clk_out1_mmcm
    BUFGCTRL_X0Y2        BUFG (Prop_bufg_I_O)         0.026    -1.299 r  mmcm/inst/clkout1_buf/O
                         net (fo=2, routed)           0.745    -0.555    rasterixgen.videoclock/inst/clk_in1
    MMCME2_ADV_X1Y0      MMCME2_ADV (Prop_mmcme2_adv_CLKIN1_CLKOUT1)
                                                     -1.683    -2.237 r  rasterixgen.videoclock/inst/mmcm_adv_inst/CLKOUT1
                         net (fo=1, routed)           0.912    -1.325    rasterixgen.videoclock/inst/clk_out2_videoclock
    BUFGCTRL_X0Y0        BUFG (Prop_bufg_I_O)         0.026    -1.299 r  rasterixgen.videoclock/inst/clkout2_buf/O
                         net (fo=77, routed)          0.640    -0.660    rasterixgen.rasterix/display/display/u_dvi/u_ddr_c/SerialCLK
    OLOGIC_X1Y148        ODDR                                         r  rasterixgen.rasterix/display/display/u_dvi/u_ddr_c/u_ddr_r/C
  -------------------------------------------------------------------    -------------------
    OLOGIC_X1Y148        ODDR (Prop_oddr_C_Q)         0.177    -0.483 r  rasterixgen.rasterix/display/display/u_dvi/u_ddr_c/u_ddr_r/Q
                         net (fo=1, routed)           0.001    -0.482    TMDS[3]
    T1                   OBUFDS (Prop_obufds_I_O)     0.816     0.334 r  hdmiclock/O
                         net (fo=0)                   0.000     0.334    HDMITXCLKp
    T1                                                                r  HDMITXCLKp (OUT)
  -------------------------------------------------------------------    -------------------





--------------------------------------------------------------------------------------
Path Group:  (none)
From Clock:  clk_out3_mmcm
  To Clock:  

Max Delay             9 Endpoints
Min Delay             9 Endpoints
--------------------------------------------------------------------------------------


Max Delay Paths
--------------------------------------------------------------------------------------
Slack:                    inf
  Source:                 wallypipelinedsoc/uncoregen.uncore/pwm.pwm/PWMConfig_reg[13]/C
                            (rising edge-triggered cell FDRE clocked by clk_out3_mmcm  {rise@0.000ns fall@25.000ns period=50.000ns})
  Destination:            GPO[0]
                            (output port)
  Path Group:             (none)
  Path Type:              Max at Slow Process Corner
  Data Path Delay:        14.255ns  (logic 4.126ns (28.942%)  route 10.129ns (71.058%))
  Logic Levels:           3  (LUT2=1 LUT6=1 OBUF=1)
  Clock Uncertainty:      0.194ns  ((TSJ^2 + DJ^2)^1/2) / 2 + PE
    Total System Jitter     (TSJ):    0.050ns
    Discrete Jitter          (DJ):    0.183ns
    Phase Error              (PE):    0.099ns
  Timing Exception:       False Path

    Location             Delay type                Incr(ns)  Path(ns)    Netlist Resource(s)
  -------------------------------------------------------------------    -------------------
                         (clock clk_out3_mmcm rise edge)
                                                      0.000     0.000 r  
    R4                                                0.000     0.000 r  clk (IN)
                         net (fo=0)                   0.000     0.000    mmcm/inst/clk_in1
    R4                   IBUF (Prop_ibuf_I_O)         1.475     1.475 r  mmcm/inst/clkin1_ibufg/O
                         net (fo=1, routed)           1.233     2.708    mmcm/inst/clk_in1_mmcm
    MMCME2_ADV_X1Y2      MMCME2_ADV (Prop_mmcme2_adv_CLKIN1_CLKOUT2)
                                                     -7.432    -4.724 r  mmcm/inst/mmcm_adv_inst/CLKOUT2
                         net (fo=1, routed)           1.808    -2.915    mmcm/inst/clk_out3_mmcm
    BUFGCTRL_X0Y3        BUFG (Prop_bufg_I_O)         0.096    -2.819 r  mmcm/inst/clkout3_buf/O
                         net (fo=26024, routed)       1.685    -1.134    wallypipelinedsoc/uncoregen.uncore/pwm.pwm/clk_out3
    SLICE_X120Y138       FDRE                                         r  wallypipelinedsoc/uncoregen.uncore/pwm.pwm/PWMConfig_reg[13]/C
  -------------------------------------------------------------------    -------------------
    SLICE_X120Y138       FDRE (Prop_fdre_C_Q)         0.518    -0.616 f  wallypipelinedsoc/uncoregen.uncore/pwm.pwm/PWMConfig_reg[13]/Q
                         net (fo=2, routed)           0.960     0.345    wallypipelinedsoc/uncoregen.uncore/pwm.pwm/pwmcompareipreg1/GPO_OBUF[0]_inst_i_1[1]
    SLICE_X122Y138       LUT6 (Prop_lut6_I0_O)        0.124     0.469 r  wallypipelinedsoc/uncoregen.uncore/pwm.pwm/pwmcompareipreg1/GPO_OBUF[0]_inst_i_2/O
                         net (fo=1, routed)           0.946     1.415    wallypipelinedsoc/uncoregen.uncore/gpio.gpio/gpio_out[0]
    SLICE_X123Y138       LUT2 (Prop_lut2_I1_O)        0.124     1.539 r  wallypipelinedsoc/uncoregen.uncore/gpio.gpio/GPO_OBUF[0]_inst_i_1/O
                         net (fo=1, routed)           8.222     9.761    GPO_OBUF[0]
    T14                  OBUF (Prop_obuf_I_O)         3.360    13.121 r  GPO_OBUF[0]_inst/O
                         net (fo=0)                   0.000    13.121    GPO[0]
    T14                                                               r  GPO[0] (OUT)
  -------------------------------------------------------------------    -------------------





Min Delay Paths
--------------------------------------------------------------------------------------
Slack:                    inf
  Source:                 wallypipelinedsoc/uncoregen.uncore/gpio.gpio/out_xor_reg[2]/C
                            (rising edge-triggered cell FDRE clocked by clk_out3_mmcm  {rise@0.000ns fall@25.000ns period=50.000ns})
  Destination:            GPO[2]
                            (output port)
  Path Group:             (none)
  Path Type:              Min at Fast Process Corner
  Data Path Delay:        3.788ns  (logic 1.382ns (36.483%)  route 2.406ns (63.517%))
  Logic Levels:           2  (LUT2=1 OBUF=1)
  Clock Uncertainty:      0.194ns  ((TSJ^2 + DJ^2)^1/2) / 2 + PE
    Total System Jitter     (TSJ):    0.050ns
    Discrete Jitter          (DJ):    0.183ns
    Phase Error              (PE):    0.099ns
  Timing Exception:       False Path

    Location             Delay type                Incr(ns)  Path(ns)    Netlist Resource(s)
  -------------------------------------------------------------------    -------------------
                         (clock clk_out3_mmcm rise edge)
                                                      0.000     0.000 r  
    R4                                                0.000     0.000 r  clk (IN)
                         net (fo=0)                   0.000     0.000    mmcm/inst/clk_in1
    R4                   IBUF (Prop_ibuf_I_O)         0.243     0.243 r  mmcm/inst/clkin1_ibufg/O
                         net (fo=1, routed)           0.440     0.683    mmcm/inst/clk_in1_mmcm
    MMCME2_ADV_X1Y2      MMCME2_ADV (Prop_mmcme2_adv_CLKIN1_CLKOUT2)
                                                     -2.540    -1.856 r  mmcm/inst/mmcm_adv_inst/CLKOUT2
                         net (fo=1, routed)           0.531    -1.325    mmcm/inst/clk_out3_mmcm
    BUFGCTRL_X0Y3        BUFG (Prop_bufg_I_O)         0.026    -1.299 r  mmcm/inst/clkout3_buf/O
                         net (fo=26024, routed)       0.591    -0.709    wallypipelinedsoc/uncoregen.uncore/gpio.gpio/clk_out3
    SLICE_X124Y137       FDRE                                         r  wallypipelinedsoc/uncoregen.uncore/gpio.gpio/out_xor_reg[2]/C
  -------------------------------------------------------------------    -------------------
    SLICE_X124Y137       FDRE (Prop_fdre_C_Q)         0.164    -0.545 r  wallypipelinedsoc/uncoregen.uncore/gpio.gpio/out_xor_reg[2]/Q
                         net (fo=2, routed)           0.133    -0.412    wallypipelinedsoc/uncoregen.uncore/gpio.gpio/out_xor_reg_n_0_[2]
    SLICE_X122Y138       LUT2 (Prop_lut2_I0_O)        0.045    -0.367 r  wallypipelinedsoc/uncoregen.uncore/gpio.gpio/GPO_OBUF[2]_inst_i_1/O
                         net (fo=1, routed)           2.274     1.907    GPO_OBUF[2]
    T16                  OBUF (Prop_obuf_I_O)         1.173     3.080 r  GPO_OBUF[2]_inst/O
                         net (fo=0)                   0.000     3.080    GPO[2]
    T16                                                               r  GPO[2] (OUT)
  -------------------------------------------------------------------    -------------------





--------------------------------------------------------------------------------------
Path Group:  (none)
From Clock:  clk_pll_i
  To Clock:  

Max Delay             1 Endpoint
Min Delay             2 Endpoints
--------------------------------------------------------------------------------------


Max Delay Paths
--------------------------------------------------------------------------------------
Slack:                    inf
  Source:                 ddr3/u_ddr3_mig/u_memc_ui_top_axi/mem_intfc0/ddr_phy_top0/u_ddr_calib_top/init_calib_complete_reg_rep__3/C
                            (rising edge-triggered cell FDRE clocked by clk_pll_i  {rise@0.000ns fall@5.000ns period=10.000ns})
  Destination:            DDR3Resetn
                            (output port)
  Path Group:             (none)
  Path Type:              Max at Slow Process Corner
  Data Path Delay:        6.688ns  (logic 2.361ns (35.298%)  route 4.327ns (64.702%))
  Logic Levels:           2  (LUT2=1 OBUF=1)
  Clock Uncertainty:      0.169ns  ((TSJ^2 + DJ^2)^1/2) / 2 + PE
    Total System Jitter     (TSJ):    0.050ns
    Discrete Jitter          (DJ):    0.098ns
    Phase Error              (PE):    0.114ns
  Timing Exception:       False Path

    Location             Delay type                Incr(ns)  Path(ns)    Netlist Resource(s)
  -------------------------------------------------------------------    -------------------
                         (clock clk_pll_i rise edge)
                                                      0.000     0.000 r  
    R4                                                0.000     0.000 r  clk (IN)
                         net (fo=0)                   0.000     0.000    mmcm/inst/clk_in1
    R4                   IBUF (Prop_ibuf_I_O)         1.475     1.475 r  mmcm/inst/clkin1_ibufg/O
                         net (fo=1, routed)           1.233     2.708    mmcm/inst/clk_in1_mmcm
    MMCME2_ADV_X1Y2      MMCME2_ADV (Prop_mmcme2_adv_CLKIN1_CLKOUT0)
                                                     -7.432    -4.724 r  mmcm/inst/mmcm_adv_inst/CLKOUT0
                         net (fo=1, routed)           1.808    -2.915    mmcm/inst/clk_out1_mmcm
    BUFGCTRL_X0Y2        BUFG (Prop_bufg_I_O)         0.096    -2.819 r  mmcm/inst/clkout1_buf/O
                         net (fo=2, routed)           1.754    -1.065    ddr3/u_ddr3_mig/u_ddr3_infrastructure/mmcm_clk
    PLLE2_ADV_X1Y3       PLLE2_ADV (Prop_plle2_adv_CLKIN1_CLKOUT3)
                                                      0.088    -0.977 r  ddr3/u_ddr3_mig/u_ddr3_infrastructure/plle2_i/CLKOUT3
                         net (fo=1, routed)           1.370     0.393    ddr3/u_ddr3_mig/u_ddr3_infrastructure/pll_clk3_out
    BUFHCE_X1Y36         BUFH (Prop_bufh_I_O)         0.127     0.520 r  ddr3/u_ddr3_mig/u_ddr3_infrastructure/u_bufh_pll_clk3/O
                         net (fo=1, routed)           0.943     1.463    ddr3/u_ddr3_mig/u_ddr3_infrastructure/pll_clk3
    MMCME2_ADV_X1Y3      MMCME2_ADV (Prop_mmcme2_adv_CLKIN1_CLKFBOUT)
                                                     -3.633    -2.171 r  ddr3/u_ddr3_mig/u_ddr3_infrastructure/gen_mmcm.mmcm_i/CLKFBOUT
                         net (fo=1, routed)           1.808    -0.362    ddr3/u_ddr3_mig/u_ddr3_infrastructure/clk_pll_i
    BUFGCTRL_X0Y16       BUFG (Prop_bufg_I_O)         0.096    -0.266 r  ddr3/u_ddr3_mig/u_ddr3_infrastructure/u_bufg_clkdiv0/O
                         net (fo=25277, routed)       1.816     1.550    ddr3/u_ddr3_mig/u_memc_ui_top_axi/mem_intfc0/ddr_phy_top0/u_ddr_calib_top/CLK
    SLICE_X159Y194       FDRE                                         r  ddr3/u_ddr3_mig/u_memc_ui_top_axi/mem_intfc0/ddr_phy_top0/u_ddr_calib_top/init_calib_complete_reg_rep__3/C
  -------------------------------------------------------------------    -------------------
    SLICE_X159Y194       FDRE (Prop_fdre_C_Q)         0.456     2.006 r  ddr3/u_ddr3_mig/u_memc_ui_top_axi/mem_intfc0/ddr_phy_top0/u_ddr_calib_top/init_calib_complete_reg_rep__3/Q
                         net (fo=47, routed)          1.652     3.657    ddr3/u_ddr3_mig/u_memc_ui_top_axi/mem_intfc0/ddr_phy_top0/u_ddr_calib_top/u_ddr_phy_init/phy_ctl_wd_i1_reg[22]
    SLICE_X162Y219       LUT2 (Prop_lut2_I0_O)        0.124     3.781 r  ddr3/u_ddr3_mig/u_memc_ui_top_axi/mem_intfc0/ddr_phy_top0/u_ddr_calib_top/u_ddr_phy_init/gen_reset_obuf.u_reset_obuf_i_1/O
                         net (fo=1, routed)           2.675     6.457    ddr3/u_ddr3_mig/u_memc_ui_top_axi/mem_intfc0/ddr_phy_top0/u_ddr_mc_phy_wrapper/mux_reset_n
    G1                   OBUF (Prop_obuf_I_O)         1.781     8.238 r  ddr3/u_ddr3_mig/u_memc_ui_top_axi/mem_intfc0/ddr_phy_top0/u_ddr_mc_phy_wrapper/gen_reset_obuf.u_reset_obuf/O
                         net (fo=0)                   0.000     8.238    DDR3Resetn
    G1                                                                r  DDR3Resetn (OUT)
  -------------------------------------------------------------------    -------------------





Min Delay Paths
--------------------------------------------------------------------------------------
Slack:                    inf
  Source:                 ddr3/u_ddr3_mig/u_ddr3_infrastructure/rstdiv0_sync_r1_reg_rep/C
                            (rising edge-triggered cell FDPE clocked by clk_pll_i  {rise@0.000ns fall@5.000ns period=10.000ns})
  Destination:            ddr3/u_ddr3_mig/u_memc_ui_top_axi/mem_intfc0/ddr_phy_top0/u_ddr_mc_phy_wrapper/u_ddr_mc_phy/ddr_phy_4lanes_0.u_ddr_phy_4lanes/phy_control_i/RESET
  Path Group:             (none)
  Path Type:              Min at Fast Process Corner
  Data Path Delay:        1.826ns  (logic 0.141ns (7.720%)  route 1.685ns (92.280%))
  Logic Levels:           0  
  Clock Uncertainty:      0.169ns  ((TSJ^2 + DJ^2)^1/2) / 2 + PE
    Total System Jitter     (TSJ):    0.050ns
    Discrete Jitter          (DJ):    0.098ns
    Phase Error              (PE):    0.114ns
  Timing Exception:       False Path

    Location             Delay type                Incr(ns)  Path(ns)    Netlist Resource(s)
  -------------------------------------------------------------------    -------------------
                         (clock clk_pll_i rise edge)
                                                      0.000     0.000 r  
    R4                                                0.000     0.000 r  clk (IN)
                         net (fo=0)                   0.000     0.000    mmcm/inst/clk_in1
    R4                   IBUF (Prop_ibuf_I_O)         0.243     0.243 r  mmcm/inst/clkin1_ibufg/O
                         net (fo=1, routed)           0.440     0.683    mmcm/inst/clk_in1_mmcm
    MMCME2_ADV_X1Y2      MMCME2_ADV (Prop_mmcme2_adv_CLKIN1_CLKOUT0)
                                                     -2.540    -1.856 r  mmcm/inst/mmcm_adv_inst/CLKOUT0
                         net (fo=1, routed)           0.531    -1.325    mmcm/inst/clk_out1_mmcm
    BUFGCTRL_X0Y2        BUFG (Prop_bufg_I_O)         0.026    -1.299 r  mmcm/inst/clkout1_buf/O
                         net (fo=2, routed)           0.606    -0.694    ddr3/u_ddr3_mig/u_ddr3_infrastructure/mmcm_clk
    PLLE2_ADV_X1Y3       PLLE2_ADV (Prop_plle2_adv_CLKIN1_CLKOUT3)
                                                      0.050    -0.644 r  ddr3/u_ddr3_mig/u_ddr3_infrastructure/plle2_i/CLKOUT3
                         net (fo=1, routed)           0.426    -0.218    ddr3/u_ddr3_mig/u_ddr3_infrastructure/pll_clk3_out
    BUFHCE_X1Y36         BUFH (Prop_bufh_I_O)         0.020    -0.198 r  ddr3/u_ddr3_mig/u_ddr3_infrastructure/u_bufh_pll_clk3/O
                         net (fo=1, routed)           0.313     0.115    ddr3/u_ddr3_mig/u_ddr3_infrastructure/pll_clk3
    MMCME2_ADV_X1Y3      MMCME2_ADV (Prop_mmcme2_adv_CLKIN1_CLKFBOUT)
                                                     -1.156    -1.040 r  ddr3/u_ddr3_mig/u_ddr3_infrastructure/gen_mmcm.mmcm_i/CLKFBOUT
                         net (fo=1, routed)           0.531    -0.509    ddr3/u_ddr3_mig/u_ddr3_infrastructure/clk_pll_i
    BUFGCTRL_X0Y16       BUFG (Prop_bufg_I_O)         0.026    -0.483 r  ddr3/u_ddr3_mig/u_ddr3_infrastructure/u_bufg_clkdiv0/O
                         net (fo=25277, routed)       0.671     0.188    ddr3/u_ddr3_mig/u_ddr3_infrastructure/CLK
    SLICE_X125Y220       FDPE                                         r  ddr3/u_ddr3_mig/u_ddr3_infrastructure/rstdiv0_sync_r1_reg_rep/C
  -------------------------------------------------------------------    -------------------
    SLICE_X125Y220       FDPE (Prop_fdpe_C_Q)         0.141     0.329 r  ddr3/u_ddr3_mig/u_ddr3_infrastructure/rstdiv0_sync_r1_reg_rep/Q
                         net (fo=53, routed)          1.685     2.014    ddr3/u_ddr3_mig/u_memc_ui_top_axi/mem_intfc0/ddr_phy_top0/u_ddr_mc_phy_wrapper/u_ddr_mc_phy/ddr_phy_4lanes_0.u_ddr_phy_4lanes/in0
    PHY_CONTROL_X1Y3     PHY_CONTROL                                  r  ddr3/u_ddr3_mig/u_memc_ui_top_axi/mem_intfc0/ddr_phy_top0/u_ddr_mc_phy_wrapper/u_ddr_mc_phy/ddr_phy_4lanes_0.u_ddr_phy_4lanes/phy_control_i/RESET
  -------------------------------------------------------------------    -------------------





--------------------------------------------------------------------------------------
Path Group:  (none)
From Clock:  clk_out1_videoclock
  To Clock:  clk_out1_videoclock

Max Delay            16 Endpoints
Min Delay            16 Endpoints
--------------------------------------------------------------------------------------


Max Delay Paths
--------------------------------------------------------------------------------------
Slack:                    inf
  Source:                 rasterixgen.rasterix/memory/rasterixmem_i/interconnect/inst/clk_map/psr0/U0/ACTIVE_LOW_BSR_OUT_DFF[0].FDRE_BSR_N/C
                            (rising edge-triggered cell FDRE clocked by clk_out1_videoclock  {rise@0.000ns fall@19.841ns period=39.683ns})
  Destination:            rasterixgen.rasterix/memory/rasterixmem_i/interconnect/inst/clk_map/psr_aclk1/U0/EXT_LPF/ACTIVE_LOW_EXT.ACT_LO_EXT/syncstages_ff_reg[0]/D
                            (rising edge-triggered cell FDRE clocked by clk_out1_videoclock  {rise@0.000ns fall@19.841ns period=39.683ns})
  Path Group:             (none)
  Path Type:              Setup (Max at Slow Process Corner)
  Data Path Delay:        2.586ns  (logic 0.642ns (24.829%)  route 1.944ns (75.171%))
  Logic Levels:           1  (LUT1=1)
  Clock Path Skew:        -0.598ns (DCD - SCD + CPR)
    Destination Clock Delay (DCD):    -1.589ns
    Source Clock Delay      (SCD):    -0.991ns
    Clock Pessimism Removal (CPR):    0.000ns
  Clock Uncertainty:      0.467ns  ((TSJ^2 + DJ^2)^1/2) / 2 + PE
    Total System Jitter     (TSJ):    0.071ns
    Discrete Jitter          (DJ):    0.930ns
    Phase Error              (PE):    0.000ns
  Timing Exception:       False Path

    Location             Delay type                Incr(ns)  Path(ns)    Netlist Resource(s)
  -------------------------------------------------------------------    -------------------
                         (clock clk_out1_videoclock rise edge)
                                                      0.000     0.000 r  
    R4                                                0.000     0.000 r  clk (IN)
                         net (fo=0)                   0.000     0.000    mmcm/inst/clk_in1
    R4                   IBUF (Prop_ibuf_I_O)         1.475     1.475 r  mmcm/inst/clkin1_ibufg/O
                         net (fo=1, routed)           1.233     2.708    mmcm/inst/clk_in1_mmcm
    MMCME2_ADV_X1Y2      MMCME2_ADV (Prop_mmcme2_adv_CLKIN1_CLKOUT0)
                                                     -7.432    -4.724 r  mmcm/inst/mmcm_adv_inst/CLKOUT0
                         net (fo=1, routed)           1.808    -2.915    mmcm/inst/clk_out1_mmcm
    BUFGCTRL_X0Y2        BUFG (Prop_bufg_I_O)         0.096    -2.819 r  mmcm/inst/clkout1_buf/O
                         net (fo=2, routed)           2.106    -0.713    rasterixgen.videoclock/inst/clk_in1
    MMCME2_ADV_X1Y0      MMCME2_ADV (Prop_mmcme2_adv_CLKIN1_CLKOUT0)
                                                     -4.900    -5.613 r  rasterixgen.videoclock/inst/mmcm_adv_inst/CLKOUT0
                         net (fo=1, routed)           2.697    -2.915    rasterixgen.videoclock/inst/clk_out1_videoclock
    BUFGCTRL_X0Y4        BUFG (Prop_bufg_I_O)         0.096    -2.819 r  rasterixgen.videoclock/inst/clkout1_buf/O
                         net (fo=868, routed)         1.828    -0.991    rasterixgen.rasterix/memory/rasterixmem_i/interconnect/inst/clk_map/psr0/U0/aclk1
    SLICE_X162Y137       FDRE                                         r  rasterixgen.rasterix/memory/rasterixmem_i/interconnect/inst/clk_map/psr0/U0/ACTIVE_LOW_BSR_OUT_DFF[0].FDRE_BSR_N/C
  -------------------------------------------------------------------    -------------------
    SLICE_X162Y137       FDRE (Prop_fdre_C_Q)         0.518    -0.473 f  rasterixgen.rasterix/memory/rasterixmem_i/interconnect/inst/clk_map/psr0/U0/ACTIVE_LOW_BSR_OUT_DFF[0].FDRE_BSR_N/Q
                         net (fo=1, routed)           1.295     0.822    rasterixgen.rasterix/memory/rasterixmem_i/interconnect/inst/clk_map/psr0/U0/EXT_LPF/psr0_interconnect_aresetn[0]
    SLICE_X162Y150       LUT1 (Prop_lut1_I0_O)        0.124     0.946 r  rasterixgen.rasterix/memory/rasterixmem_i/interconnect/inst/clk_map/psr0/U0/EXT_LPF/ACTIVE_LOW_EXT.ACT_LO_EXT_i_1/O
                         net (fo=2, routed)           0.649     1.595    rasterixgen.rasterix/memory/rasterixmem_i/interconnect/inst/clk_map/psr_aclk1/U0/EXT_LPF/ACTIVE_LOW_EXT.ACT_LO_EXT/src_in
    SLICE_X161Y152       FDRE                                         r  rasterixgen.rasterix/memory/rasterixmem_i/interconnect/inst/clk_map/psr_aclk1/U0/EXT_LPF/ACTIVE_LOW_EXT.ACT_LO_EXT/syncstages_ff_reg[0]/D
  -------------------------------------------------------------------    -------------------

                         (clock clk_out1_videoclock rise edge)
                                                      0.000     0.000 r  
    R4                                                0.000     0.000 r  clk (IN)
                         net (fo=0)                   0.000     0.000    mmcm/inst/clk_in1
    R4                   IBUF (Prop_ibuf_I_O)         1.405     1.405 r  mmcm/inst/clkin1_ibufg/O
                         net (fo=1, routed)           1.162     2.567    mmcm/inst/clk_in1_mmcm
    MMCME2_ADV_X1Y2      MMCME2_ADV (Prop_mmcme2_adv_CLKIN1_CLKOUT0)
                                                     -7.674    -5.107 r  mmcm/inst/mmcm_adv_inst/CLKOUT0
                         net (fo=1, routed)           1.723    -3.384    mmcm/inst/clk_out1_mmcm
    BUFGCTRL_X0Y2        BUFG (Prop_bufg_I_O)         0.091    -3.293 r  mmcm/inst/clkout1_buf/O
                         net (fo=2, routed)           1.972    -1.321    rasterixgen.videoclock/inst/clk_in1
    MMCME2_ADV_X1Y0      MMCME2_ADV (Prop_mmcme2_adv_CLKIN1_CLKOUT0)
                                                     -4.637    -5.958 r  rasterixgen.videoclock/inst/mmcm_adv_inst/CLKOUT0
                         net (fo=1, routed)           2.574    -3.384    rasterixgen.videoclock/inst/clk_out1_videoclock
    BUFGCTRL_X0Y4        BUFG (Prop_bufg_I_O)         0.091    -3.293 r  rasterixgen.videoclock/inst/clkout1_buf/O
                         net (fo=868, routed)         1.704    -1.589    rasterixgen.rasterix/memory/rasterixmem_i/interconnect/inst/clk_map/psr_aclk1/U0/EXT_LPF/ACTIVE_LOW_EXT.ACT_LO_EXT/dest_clk
    SLICE_X161Y152       FDRE                                         r  rasterixgen.rasterix/memory/rasterixmem_i/interconnect/inst/clk_map/psr_aclk1/U0/EXT_LPF/ACTIVE_LOW_EXT.ACT_LO_EXT/syncstages_ff_reg[0]/C





Min Delay Paths
--------------------------------------------------------------------------------------
Slack:                    inf
  Source:                 rasterixgen.rasterix/memory/rasterixmem_i/interconnect/inst/clk_map/psr_aclk1/U0/ACTIVE_LOW_BSR_OUT_DFF[0].FDRE_BSR_N/C
                            (rising edge-triggered cell FDRE clocked by clk_out1_videoclock  {rise@0.000ns fall@19.841ns period=39.683ns})
  Destination:            rasterixgen.rasterix/memory/rasterixmem_i/interconnect/inst/s02_nodes/s02_r_node/inst/m_sc_xpm_cdc_async_rst_inst/arststages_ff_reg[0]/CLR
                            (removal check against rising-edge clock clk_out1_videoclock  {rise@0.000ns fall@19.841ns period=39.683ns})
  Path Group:             (none)
  Path Type:              Removal (Min at Slow Process Corner)
  Data Path Delay:        1.523ns  (logic 0.518ns (34.007%)  route 1.005ns (65.993%))
  Logic Levels:           1  (LUT1=1)
  Clock Path Skew:        0.589ns (DCD - SCD - CPR)
    Destination Clock Delay (DCD):    -1.001ns
    Source Clock Delay      (SCD):    -1.590ns
    Clock Pessimism Removal (CPR):    -0.000ns
  Clock Uncertainty:      0.467ns  ((TSJ^2 + DJ^2)^1/2) / 2 + PE
    Total System Jitter     (TSJ):    0.071ns
    Discrete Jitter          (DJ):    0.930ns
    Phase Error              (PE):    0.000ns
  Timing Exception:       False Path

    Location             Delay type                Incr(ns)  Path(ns)    Netlist Resource(s)
  -------------------------------------------------------------------    -------------------
                         (clock clk_out1_videoclock rise edge)
                                                      0.000     0.000 r  
    R4                                                0.000     0.000 r  clk (IN)
                         net (fo=0)                   0.000     0.000    mmcm/inst/clk_in1
    R4                   IBUF (Prop_ibuf_I_O)         1.405     1.405 r  mmcm/inst/clkin1_ibufg/O
                         net (fo=1, routed)           1.162     2.567    mmcm/inst/clk_in1_mmcm
    MMCME2_ADV_X1Y2      MMCME2_ADV (Prop_mmcme2_adv_CLKIN1_CLKOUT0)
                                                     -7.674    -5.107 r  mmcm/inst/mmcm_adv_inst/CLKOUT0
                         net (fo=1, routed)           1.723    -3.384    mmcm/inst/clk_out1_mmcm
    BUFGCTRL_X0Y2        BUFG (Prop_bufg_I_O)         0.091    -3.293 r  mmcm/inst/clkout1_buf/O
                         net (fo=2, routed)           1.972    -1.321    rasterixgen.videoclock/inst/clk_in1
    MMCME2_ADV_X1Y0      MMCME2_ADV (Prop_mmcme2_adv_CLKIN1_CLKOUT0)
                                                     -4.637    -5.958 r  rasterixgen.videoclock/inst/mmcm_adv_inst/CLKOUT0
                         net (fo=1, routed)           2.574    -3.384    rasterixgen.videoclock/inst/clk_out1_videoclock
    BUFGCTRL_X0Y4        BUFG (Prop_bufg_I_O)         0.091    -3.293 r  rasterixgen.videoclock/inst/clkout1_buf/O
                         net (fo=868, routed)         1.703    -1.590    rasterixgen.rasterix/memory/rasterixmem_i/interconnect/inst/clk_map/psr_aclk1/U0/aclk1
    SLICE_X162Y156       FDRE                                         r  rasterixgen.rasterix/memory/rasterixmem_i/interconnect/inst/clk_map/psr_aclk1/U0/ACTIVE_LOW_BSR_OUT_DFF[0].FDRE_BSR_N/C
  -------------------------------------------------------------------    -------------------
    SLICE_X162Y156       FDRE (Prop_fdre_C_Q)         0.418    -1.172 r  rasterixgen.rasterix/memory/rasterixmem_i/interconnect/inst/clk_map/psr_aclk1/U0/ACTIVE_LOW_BSR_OUT_DFF[0].FDRE_BSR_N/Q
                         net (fo=5, routed)           0.563    -0.609    rasterixgen.rasterix/memory/rasterixmem_i/interconnect/inst/s02_nodes/s02_r_node/inst/m_sc_xpm_cdc_async_rst_inst/src_arst
    SLICE_X158Y156       LUT1 (Prop_lut1_I0_O)        0.100    -0.509 f  rasterixgen.rasterix/memory/rasterixmem_i/interconnect/inst/s02_nodes/s02_r_node/inst/m_sc_xpm_cdc_async_rst_inst/arststages_ff[2]_i_1/O
                         net (fo=3, routed)           0.442    -0.067    rasterixgen.rasterix/memory/rasterixmem_i/interconnect/inst/s02_nodes/s02_r_node/inst/m_sc_xpm_cdc_async_rst_inst/reset_pol
    SLICE_X158Y156       FDCE                                         f  rasterixgen.rasterix/memory/rasterixmem_i/interconnect/inst/s02_nodes/s02_r_node/inst/m_sc_xpm_cdc_async_rst_inst/arststages_ff_reg[0]/CLR
  -------------------------------------------------------------------    -------------------

                         (clock clk_out1_videoclock rise edge)
                                                      0.000     0.000 r  
    R4                                                0.000     0.000 r  clk (IN)
                         net (fo=0)                   0.000     0.000    mmcm/inst/clk_in1
    R4                   IBUF (Prop_ibuf_I_O)         1.475     1.475 r  mmcm/inst/clkin1_ibufg/O
                         net (fo=1, routed)           1.233     2.708    mmcm/inst/clk_in1_mmcm
    MMCME2_ADV_X1Y2      MMCME2_ADV (Prop_mmcme2_adv_CLKIN1_CLKOUT0)
                                                     -7.432    -4.724 r  mmcm/inst/mmcm_adv_inst/CLKOUT0
                         net (fo=1, routed)           1.808    -2.915    mmcm/inst/clk_out1_mmcm
    BUFGCTRL_X0Y2        BUFG (Prop_bufg_I_O)         0.096    -2.819 r  mmcm/inst/clkout1_buf/O
                         net (fo=2, routed)           2.106    -0.713    rasterixgen.videoclock/inst/clk_in1
    MMCME2_ADV_X1Y0      MMCME2_ADV (Prop_mmcme2_adv_CLKIN1_CLKOUT0)
                                                     -4.900    -5.613 r  rasterixgen.videoclock/inst/mmcm_adv_inst/CLKOUT0
                         net (fo=1, routed)           2.697    -2.915    rasterixgen.videoclock/inst/clk_out1_videoclock
    BUFGCTRL_X0Y4        BUFG (Prop_bufg_I_O)         0.096    -2.819 r  rasterixgen.videoclock/inst/clkout1_buf/O
                         net (fo=868, routed)         1.818    -1.001    rasterixgen.rasterix/memory/rasterixmem_i/interconnect/inst/s02_nodes/s02_r_node/inst/m_sc_xpm_cdc_async_rst_inst/dest_clk
    SLICE_X158Y156       FDCE                                         r  rasterixgen.rasterix/memory/rasterixmem_i/interconnect/inst/s02_nodes/s02_r_node/inst/m_sc_xpm_cdc_async_rst_inst/arststages_ff_reg[0]/C





--------------------------------------------------------------------------------------
Path Group:  (none)
From Clock:  clk_pll_i
  To Clock:  clk_out1_videoclock

Max Delay             4 Endpoints
Min Delay           116 Endpoints
--------------------------------------------------------------------------------------


Max Delay Paths
--------------------------------------------------------------------------------------
Slack:                    inf
  Source:                 ddrreset/U0/ACTIVE_LOW_PR_OUT_DFF[0].FDRE_PER_N/C
                            (rising edge-triggered cell FDRE clocked by clk_pll_i  {rise@0.000ns fall@5.000ns period=10.000ns})
  Destination:            rasterixgen.rasterix/memory/rasterixmem_i/interconnect/inst/clk_map/psr0/U0/EXT_LPF/ACTIVE_LOW_AUX.ACT_LO_AUX/syncstages_ff_reg[0]/D
                            (rising edge-triggered cell FDRE clocked by clk_out1_videoclock  {rise@0.000ns fall@19.841ns period=39.683ns})
  Path Group:             (none)
  Path Type:              Setup (Max at Slow Process Corner)
  Data Path Delay:        8.203ns  (logic 0.773ns (9.423%)  route 7.430ns (90.577%))
  Logic Levels:           1  (LUT1=1)
  Clock Path Skew:        -2.959ns (DCD - SCD + CPR)
    Destination Clock Delay (DCD):    -1.578ns
    Source Clock Delay      (SCD):    1.381ns
    Clock Pessimism Removal (CPR):    0.000ns
  Clock Uncertainty:      0.652ns  ((TSJ^2 + DJ^2)^1/2) / 2 + PE
    Total System Jitter     (TSJ):    0.071ns
    Discrete Jitter          (DJ):    0.568ns
    Phase Error              (PE):    0.366ns
  Timing Exception:       False Path

    Location             Delay type                Incr(ns)  Path(ns)    Netlist Resource(s)
  -------------------------------------------------------------------    -------------------
                         (clock clk_pll_i rise edge)
                                                      0.000     0.000 r  
    R4                                                0.000     0.000 r  clk (IN)
                         net (fo=0)                   0.000     0.000    mmcm/inst/clk_in1
    R4                   IBUF (Prop_ibuf_I_O)         1.475     1.475 r  mmcm/inst/clkin1_ibufg/O
                         net (fo=1, routed)           1.233     2.708    mmcm/inst/clk_in1_mmcm
    MMCME2_ADV_X1Y2      MMCME2_ADV (Prop_mmcme2_adv_CLKIN1_CLKOUT0)
                                                     -7.432    -4.724 r  mmcm/inst/mmcm_adv_inst/CLKOUT0
                         net (fo=1, routed)           1.808    -2.915    mmcm/inst/clk_out1_mmcm
    BUFGCTRL_X0Y2        BUFG (Prop_bufg_I_O)         0.096    -2.819 r  mmcm/inst/clkout1_buf/O
                         net (fo=2, routed)           1.754    -1.065    ddr3/u_ddr3_mig/u_ddr3_infrastructure/mmcm_clk
    PLLE2_ADV_X1Y3       PLLE2_ADV (Prop_plle2_adv_CLKIN1_CLKOUT3)
                                                      0.088    -0.977 r  ddr3/u_ddr3_mig/u_ddr3_infrastructure/plle2_i/CLKOUT3
                         net (fo=1, routed)           1.370     0.393    ddr3/u_ddr3_mig/u_ddr3_infrastructure/pll_clk3_out
    BUFHCE_X1Y36         BUFH (Prop_bufh_I_O)         0.127     0.520 r  ddr3/u_ddr3_mig/u_ddr3_infrastructure/u_bufh_pll_clk3/O
                         net (fo=1, routed)           0.943     1.463    ddr3/u_ddr3_mig/u_ddr3_infrastructure/pll_clk3
    MMCME2_ADV_X1Y3      MMCME2_ADV (Prop_mmcme2_adv_CLKIN1_CLKFBOUT)
                                                     -3.633    -2.171 r  ddr3/u_ddr3_mig/u_ddr3_infrastructure/gen_mmcm.mmcm_i/CLKFBOUT
                         net (fo=1, routed)           1.808    -0.362    ddr3/u_ddr3_mig/u_ddr3_infrastructure/clk_pll_i
    BUFGCTRL_X0Y16       BUFG (Prop_bufg_I_O)         0.096    -0.266 r  ddr3/u_ddr3_mig/u_ddr3_infrastructure/u_bufg_clkdiv0/O
                         net (fo=25277, routed)       1.647     1.381    ddrreset/U0/slowest_sync_clk
    SLICE_X88Y196        FDRE                                         r  ddrreset/U0/ACTIVE_LOW_PR_OUT_DFF[0].FDRE_PER_N/C
  -------------------------------------------------------------------    -------------------
    SLICE_X88Y196        FDRE (Prop_fdre_C_Q)         0.478     1.859 f  ddrreset/U0/ACTIVE_LOW_PR_OUT_DFF[0].FDRE_PER_N/Q
                         net (fo=378, routed)         6.944     8.803    rasterixgen.rasterix/memory/rasterixmem_i/interconnect/inst/clk_map/psr_aclk/U0/EXT_LPF/aresetn
    SLICE_X160Y151       LUT1 (Prop_lut1_I0_O)        0.295     9.098 r  rasterixgen.rasterix/memory/rasterixmem_i/interconnect/inst/clk_map/psr_aclk/U0/EXT_LPF/ACTIVE_LOW_AUX.ACT_LO_AUX_i_1/O
                         net (fo=3, routed)           0.486     9.584    rasterixgen.rasterix/memory/rasterixmem_i/interconnect/inst/clk_map/psr0/U0/EXT_LPF/ACTIVE_LOW_AUX.ACT_LO_AUX/src_in
    SLICE_X162Y149       FDRE                                         r  rasterixgen.rasterix/memory/rasterixmem_i/interconnect/inst/clk_map/psr0/U0/EXT_LPF/ACTIVE_LOW_AUX.ACT_LO_AUX/syncstages_ff_reg[0]/D
  -------------------------------------------------------------------    -------------------

                         (clock clk_out1_videoclock rise edge)
                                                      0.000     0.000 r  
    R4                                                0.000     0.000 r  clk (IN)
                         net (fo=0)                   0.000     0.000    mmcm/inst/clk_in1
    R4                   IBUF (Prop_ibuf_I_O)         1.405     1.405 r  mmcm/inst/clkin1_ibufg/O
                         net (fo=1, routed)           1.162     2.567    mmcm/inst/clk_in1_mmcm
    MMCME2_ADV_X1Y2      MMCME2_ADV (Prop_mmcme2_adv_CLKIN1_CLKOUT0)
                                                     -7.674    -5.107 r  mmcm/inst/mmcm_adv_inst/CLKOUT0
                         net (fo=1, routed)           1.723    -3.384    mmcm/inst/clk_out1_mmcm
    BUFGCTRL_X0Y2        BUFG (Prop_bufg_I_O)         0.091    -3.293 r  mmcm/inst/clkout1_buf/O
                         net (fo=2, routed)           1.972    -1.321    rasterixgen.videoclock/inst/clk_in1
    MMCME2_ADV_X1Y0      MMCME2_ADV (Prop_mmcme2_adv_CLKIN1_CLKOUT0)
                                                     -4.637    -5.958 r  rasterixgen.videoclock/inst/mmcm_adv_inst/CLKOUT0
                         net (fo=1, routed)           2.574    -3.384    rasterixgen.videoclock/inst/clk_out1_videoclock
    BUFGCTRL_X0Y4        BUFG (Prop_bufg_I_O)         0.091    -3.293 r  rasterixgen.videoclock/inst/clkout1_buf/O
                         net (fo=868, routed)         1.714    -1.578    rasterixgen.rasterix/memory/rasterixmem_i/interconnect/inst/clk_map/psr0/U0/EXT_LPF/ACTIVE_LOW_AUX.ACT_LO_AUX/dest_clk
    SLICE_X162Y149       FDRE                                         r  rasterixgen.rasterix/memory/rasterixmem_i/interconnect/inst/clk_map/psr0/U0/EXT_LPF/ACTIVE_LOW_AUX.ACT_LO_AUX/syncstages_ff_reg[0]/C





Min Delay Paths
--------------------------------------------------------------------------------------
Slack:                    inf
  Source:                 rasterixgen.rasterix/memory/rasterixmem_i/interconnect/inst/s02_nodes/s02_ar_node/inst/inst_mi_handler/gen_normal_area.inst_fifo_node_payld/gen_xpm_memory_fifo.inst_fifo/gen_async_clocks.inst_cdc_addrb_to_wr_clk/src_gray_ff_reg[4]/C
                            (rising edge-triggered cell FDRE clocked by clk_pll_i  {rise@0.000ns fall@5.000ns period=10.000ns})
  Destination:            rasterixgen.rasterix/memory/rasterixmem_i/interconnect/inst/s02_nodes/s02_ar_node/inst/inst_mi_handler/gen_normal_area.inst_fifo_node_payld/gen_xpm_memory_fifo.inst_fifo/gen_async_clocks.inst_cdc_addrb_to_wr_clk/dest_graysync_ff_reg[0][4]/D
                            (rising edge-triggered cell FDRE clocked by clk_out1_videoclock  {rise@0.000ns fall@19.841ns period=39.683ns})
  Path Group:             (none)
  Path Type:              Hold (Min at Fast Process Corner)
  Data Path Delay:        0.256ns  (logic 0.141ns (55.073%)  route 0.115ns (44.927%))
  Logic Levels:           0  
  Clock Path Skew:        -1.058ns (DCD - SCD - CPR)
    Destination Clock Delay (DCD):    -0.929ns
    Source Clock Delay      (SCD):    0.129ns
    Clock Pessimism Removal (CPR):    -0.000ns
  Clock Uncertainty:      0.652ns  ((TSJ^2 + DJ^2)^1/2) / 2 + PE
    Total System Jitter     (TSJ):    0.071ns
    Discrete Jitter          (DJ):    0.568ns
    Phase Error              (PE):    0.366ns
  Timing Exception:       False Path

    Location             Delay type                Incr(ns)  Path(ns)    Netlist Resource(s)
  -------------------------------------------------------------------    -------------------
                         (clock clk_pll_i rise edge)
                                                      0.000     0.000 r  
    R4                                                0.000     0.000 r  clk (IN)
                         net (fo=0)                   0.000     0.000    mmcm/inst/clk_in1
    R4                   IBUF (Prop_ibuf_I_O)         0.243     0.243 r  mmcm/inst/clkin1_ibufg/O
                         net (fo=1, routed)           0.440     0.683    mmcm/inst/clk_in1_mmcm
    MMCME2_ADV_X1Y2      MMCME2_ADV (Prop_mmcme2_adv_CLKIN1_CLKOUT0)
                                                     -2.540    -1.856 r  mmcm/inst/mmcm_adv_inst/CLKOUT0
                         net (fo=1, routed)           0.531    -1.325    mmcm/inst/clk_out1_mmcm
    BUFGCTRL_X0Y2        BUFG (Prop_bufg_I_O)         0.026    -1.299 r  mmcm/inst/clkout1_buf/O
                         net (fo=2, routed)           0.606    -0.694    ddr3/u_ddr3_mig/u_ddr3_infrastructure/mmcm_clk
    PLLE2_ADV_X1Y3       PLLE2_ADV (Prop_plle2_adv_CLKIN1_CLKOUT3)
                                                      0.050    -0.644 r  ddr3/u_ddr3_mig/u_ddr3_infrastructure/plle2_i/CLKOUT3
                         net (fo=1, routed)           0.426    -0.218    ddr3/u_ddr3_mig/u_ddr3_infrastructure/pll_clk3_out
    BUFHCE_X1Y36         BUFH (Prop_bufh_I_O)         0.020    -0.198 r  ddr3/u_ddr3_mig/u_ddr3_infrastructure/u_bufh_pll_clk3/O
                         net (fo=1, routed)           0.313     0.115    ddr3/u_ddr3_mig/u_ddr3_infrastructure/pll_clk3
    MMCME2_ADV_X1Y3      MMCME2_ADV (Prop_mmcme2_adv_CLKIN1_CLKFBOUT)
                                                     -1.156    -1.040 r  ddr3/u_ddr3_mig/u_ddr3_infrastructure/gen_mmcm.mmcm_i/CLKFBOUT
                         net (fo=1, routed)           0.531    -0.509    ddr3/u_ddr3_mig/u_ddr3_infrastructure/clk_pll_i
    BUFGCTRL_X0Y16       BUFG (Prop_bufg_I_O)         0.026    -0.483 r  ddr3/u_ddr3_mig/u_ddr3_infrastructure/u_bufg_clkdiv0/O
                         net (fo=25277, routed)       0.613     0.129    rasterixgen.rasterix/memory/rasterixmem_i/interconnect/inst/s02_nodes/s02_ar_node/inst/inst_mi_handler/gen_normal_area.inst_fifo_node_payld/gen_xpm_memory_fifo.inst_fifo/gen_async_clocks.inst_cdc_addrb_to_wr_clk/src_clk
    SLICE_X153Y165       FDRE                                         r  rasterixgen.rasterix/memory/rasterixmem_i/interconnect/inst/s02_nodes/s02_ar_node/inst/inst_mi_handler/gen_normal_area.inst_fifo_node_payld/gen_xpm_memory_fifo.inst_fifo/gen_async_clocks.inst_cdc_addrb_to_wr_clk/src_gray_ff_reg[4]/C
  -------------------------------------------------------------------    -------------------
    SLICE_X153Y165       FDRE (Prop_fdre_C_Q)         0.141     0.270 r  rasterixgen.rasterix/memory/rasterixmem_i/interconnect/inst/s02_nodes/s02_ar_node/inst/inst_mi_handler/gen_normal_area.inst_fifo_node_payld/gen_xpm_memory_fifo.inst_fifo/gen_async_clocks.inst_cdc_addrb_to_wr_clk/src_gray_ff_reg[4]/Q
                         net (fo=1, routed)           0.115     0.385    rasterixgen.rasterix/memory/rasterixmem_i/interconnect/inst/s02_nodes/s02_ar_node/inst/inst_mi_handler/gen_normal_area.inst_fifo_node_payld/gen_xpm_memory_fifo.inst_fifo/gen_async_clocks.inst_cdc_addrb_to_wr_clk/async_path[4]
    SLICE_X154Y165       FDRE                                         r  rasterixgen.rasterix/memory/rasterixmem_i/interconnect/inst/s02_nodes/s02_ar_node/inst/inst_mi_handler/gen_normal_area.inst_fifo_node_payld/gen_xpm_memory_fifo.inst_fifo/gen_async_clocks.inst_cdc_addrb_to_wr_clk/dest_graysync_ff_reg[0][4]/D
  -------------------------------------------------------------------    -------------------

                         (clock clk_out1_videoclock rise edge)
                                                      0.000     0.000 r  
    R4                                                0.000     0.000 r  clk (IN)
                         net (fo=0)                   0.000     0.000    mmcm/inst/clk_in1
    R4                   IBUF (Prop_ibuf_I_O)         0.431     0.431 r  mmcm/inst/clkin1_ibufg/O
                         net (fo=1, routed)           0.480     0.911    mmcm/inst/clk_in1_mmcm
    MMCME2_ADV_X1Y2      MMCME2_ADV (Prop_mmcme2_adv_CLKIN1_CLKOUT0)
                                                     -3.332    -2.421 r  mmcm/inst/mmcm_adv_inst/CLKOUT0
                         net (fo=1, routed)           0.579    -1.843    mmcm/inst/clk_out1_mmcm
    BUFGCTRL_X0Y2        BUFG (Prop_bufg_I_O)         0.029    -1.814 r  mmcm/inst/clkout1_buf/O
                         net (fo=2, routed)           1.022    -0.792    rasterixgen.videoclock/inst/clk_in1
    MMCME2_ADV_X1Y0      MMCME2_ADV (Prop_mmcme2_adv_CLKIN1_CLKOUT0)
                                                     -2.040    -2.832 r  rasterixgen.videoclock/inst/mmcm_adv_inst/CLKOUT0
                         net (fo=1, routed)           0.989    -1.843    rasterixgen.videoclock/inst/clk_out1_videoclock
    BUFGCTRL_X0Y4        BUFG (Prop_bufg_I_O)         0.029    -1.814 r  rasterixgen.videoclock/inst/clkout1_buf/O
                         net (fo=868, routed)         0.885    -0.929    rasterixgen.rasterix/memory/rasterixmem_i/interconnect/inst/s02_nodes/s02_ar_node/inst/inst_mi_handler/gen_normal_area.inst_fifo_node_payld/gen_xpm_memory_fifo.inst_fifo/gen_async_clocks.inst_cdc_addrb_to_wr_clk/dest_clk
    SLICE_X154Y165       FDRE                                         r  rasterixgen.rasterix/memory/rasterixmem_i/interconnect/inst/s02_nodes/s02_ar_node/inst/inst_mi_handler/gen_normal_area.inst_fifo_node_payld/gen_xpm_memory_fifo.inst_fifo/gen_async_clocks.inst_cdc_addrb_to_wr_clk/dest_graysync_ff_reg[0][4]/C





--------------------------------------------------------------------------------------
Path Group:  (none)
From Clock:  
  To Clock:  clk_out2_mmcm

Max Delay            15 Endpoints
Min Delay            15 Endpoints
--------------------------------------------------------------------------------------


Max Delay Paths
--------------------------------------------------------------------------------------
Slack:                    inf
  Source:                 mmcm/inst/mmcm_adv_inst/LOCKED
                            (internal pin)
  Destination:            ddr3/u_ddr3_mig/u_iodelay_ctrl/rst_ref_sync_r_reg[0][10]/PRE
                            (recovery check against rising-edge clock clk_out2_mmcm  {rise@0.000ns fall@2.500ns period=5.000ns})
  Path Group:             (none)
  Path Type:              Recovery (Max at Slow Process Corner)
  Data Path Delay:        8.025ns  (logic 0.248ns (3.090%)  route 7.777ns (96.910%))
  Logic Levels:           2  (LUT1=1 LUT2=1)
  Clock Uncertainty:      0.161ns  ((TSJ^2 + DJ^2)^1/2) / 2 + PE
    Total System Jitter     (TSJ):    0.050ns
    Discrete Jitter          (DJ):    0.115ns
    Phase Error              (PE):    0.099ns
  Timing Exception:       False Path

    Location             Delay type                Incr(ns)  Path(ns)    Netlist Resource(s)
  -------------------------------------------------------------------    -------------------
    MMCME2_ADV_X1Y2      MMCME2_ADV                   0.000     0.000 r  mmcm/inst/mmcm_adv_inst/LOCKED
                         net (fo=4, routed)           3.056     3.056    ClockLocked
    SLICE_X155Y181       LUT2 (Prop_lut2_I1_O)        0.124     3.180 r  ddr3_i_1/O
                         net (fo=2, routed)           1.151     4.332    ddr3/u_ddr3_mig/u_iodelay_ctrl/sys_rst_i
    SLICE_X159Y181       LUT1 (Prop_lut1_I0_O)        0.124     4.456 f  ddr3/u_ddr3_mig/u_iodelay_ctrl/plle2_i_i_1/O
                         net (fo=16, routed)          3.569     8.025    ddr3/u_ddr3_mig/u_iodelay_ctrl/AS[0]
    SLICE_X118Y243       FDPE                                         f  ddr3/u_ddr3_mig/u_iodelay_ctrl/rst_ref_sync_r_reg[0][10]/PRE
  -------------------------------------------------------------------    -------------------

                         (clock clk_out2_mmcm rise edge)
                                                      0.000     0.000 r  
    R4                                                0.000     0.000 r  clk (IN)
                         net (fo=0)                   0.000     0.000    mmcm/inst/clk_in1
    R4                   IBUF (Prop_ibuf_I_O)         1.405     1.405 r  mmcm/inst/clkin1_ibufg/O
                         net (fo=1, routed)           1.162     2.567    mmcm/inst/clk_in1_mmcm
    MMCME2_ADV_X1Y2      MMCME2_ADV (Prop_mmcme2_adv_CLKIN1_CLKOUT1)
                                                     -7.674    -5.107 r  mmcm/inst/mmcm_adv_inst/CLKOUT1
                         net (fo=1, routed)           1.723    -3.384    mmcm/inst/clk_out2_mmcm
    BUFGCTRL_X0Y1        BUFG (Prop_bufg_I_O)         0.091    -3.293 r  mmcm/inst/clkout2_buf/O
                         net (fo=62, routed)          1.748    -1.545    ddr3/u_ddr3_mig/u_iodelay_ctrl/clk_ref_i
    SLICE_X118Y243       FDPE                                         r  ddr3/u_ddr3_mig/u_iodelay_ctrl/rst_ref_sync_r_reg[0][10]/C





Min Delay Paths
--------------------------------------------------------------------------------------
Slack:                    inf
  Source:                 resetn
                            (input port)
  Destination:            ddr3/u_ddr3_mig/u_iodelay_ctrl/rst_ref_sync_r_reg[0][0]/PRE
                            (removal check against rising-edge clock clk_out2_mmcm  {rise@0.000ns fall@2.500ns period=5.000ns})
  Path Group:             (none)
  Path Type:              Removal (Min at Fast Process Corner)
  Data Path Delay:        3.117ns  (logic 0.216ns (6.925%)  route 2.902ns (93.075%))
  Logic Levels:           3  (IBUF=1 LUT1=1 LUT2=1)
  Clock Path Skew:        -0.858ns (DCD - SCD - CPR)
    Destination Clock Delay (DCD):    -0.858ns
    Source Clock Delay      (SCD):    0.000ns
    Clock Pessimism Removal (CPR):    -0.000ns
  Timing Exception:       False Path

    Location             Delay type                Incr(ns)  Path(ns)    Netlist Resource(s)
  -------------------------------------------------------------------    -------------------
    G4                                                0.000     0.000 r  resetn (IN)
                         net (fo=0)                   0.000     0.000    resetn
    G4                   IBUF (Prop_ibuf_I_O)         0.126     0.126 r  resetn_IBUF_inst/O
                         net (fo=5, routed)           0.824     0.950    resetn_IBUF
    SLICE_X155Y181       LUT2 (Prop_lut2_I0_O)        0.045     0.995 r  ddr3_i_1/O
                         net (fo=2, routed)           0.451     1.446    ddr3/u_ddr3_mig/u_iodelay_ctrl/sys_rst_i
    SLICE_X159Y181       LUT1 (Prop_lut1_I0_O)        0.045     1.491 f  ddr3/u_ddr3_mig/u_iodelay_ctrl/plle2_i_i_1/O
                         net (fo=16, routed)          1.626     3.117    ddr3/u_ddr3_mig/u_iodelay_ctrl/AS[0]
    SLICE_X119Y243       FDPE                                         f  ddr3/u_ddr3_mig/u_iodelay_ctrl/rst_ref_sync_r_reg[0][0]/PRE
  -------------------------------------------------------------------    -------------------

                         (clock clk_out2_mmcm rise edge)
                                                      0.000     0.000 r  
    R4                                                0.000     0.000 r  clk (IN)
                         net (fo=0)                   0.000     0.000    mmcm/inst/clk_in1
    R4                   IBUF (Prop_ibuf_I_O)         0.431     0.431 r  mmcm/inst/clkin1_ibufg/O
                         net (fo=1, routed)           0.480     0.911    mmcm/inst/clk_in1_mmcm
    MMCME2_ADV_X1Y2      MMCME2_ADV (Prop_mmcme2_adv_CLKIN1_CLKOUT1)
                                                     -3.332    -2.421 r  mmcm/inst/mmcm_adv_inst/CLKOUT1
                         net (fo=1, routed)           0.579    -1.843    mmcm/inst/clk_out2_mmcm
    BUFGCTRL_X0Y1        BUFG (Prop_bufg_I_O)         0.029    -1.814 r  mmcm/inst/clkout2_buf/O
                         net (fo=62, routed)          0.956    -0.858    ddr3/u_ddr3_mig/u_iodelay_ctrl/clk_ref_i
    SLICE_X119Y243       FDPE                                         r  ddr3/u_ddr3_mig/u_iodelay_ctrl/rst_ref_sync_r_reg[0][0]/C





--------------------------------------------------------------------------------------
Path Group:  (none)
From Clock:  clk_pll_i
  To Clock:  clk_out2_mmcm

Max Delay             0 Endpoints
Min Delay             1 Endpoint
--------------------------------------------------------------------------------------


Min Delay Paths
--------------------------------------------------------------------------------------
Slack:                    inf
  Source:                 ddr3/u_ddr3_mig/u_ddr3_infrastructure/rstdiv0_sync_r1_reg_rep/C
                            (rising edge-triggered cell FDPE clocked by clk_pll_i  {rise@0.000ns fall@5.000ns period=10.000ns})
  Destination:            ddr3/u_ddr3_mig/temp_mon_enabled.u_tempmon/xadc_supplied_temperature.rst_r1_reg/D
                            (rising edge-triggered cell FDRE clocked by clk_out2_mmcm  {rise@0.000ns fall@2.500ns period=5.000ns})
  Path Group:             (none)
  Path Type:              Hold (Min at Fast Process Corner)
  Data Path Delay:        2.466ns  (logic 0.141ns (5.717%)  route 2.325ns (94.283%))
  Logic Levels:           0  
  Clock Path Skew:        -1.122ns (DCD - SCD - CPR)
    Destination Clock Delay (DCD):    -0.934ns
    Source Clock Delay      (SCD):    0.188ns
    Clock Pessimism Removal (CPR):    -0.000ns
  Clock Uncertainty:      0.218ns  ((TSJ^2 + DJ^2)^1/2) / 2 + PE
    Total System Jitter     (TSJ):    0.071ns
    Discrete Jitter          (DJ):    0.115ns
    Phase Error              (PE):    0.151ns
  Timing Exception:       False Path

    Location             Delay type                Incr(ns)  Path(ns)    Netlist Resource(s)
  -------------------------------------------------------------------    -------------------
                         (clock clk_pll_i rise edge)
                                                      0.000     0.000 r  
    R4                                                0.000     0.000 r  clk (IN)
                         net (fo=0)                   0.000     0.000    mmcm/inst/clk_in1
    R4                   IBUF (Prop_ibuf_I_O)         0.243     0.243 r  mmcm/inst/clkin1_ibufg/O
                         net (fo=1, routed)           0.440     0.683    mmcm/inst/clk_in1_mmcm
    MMCME2_ADV_X1Y2      MMCME2_ADV (Prop_mmcme2_adv_CLKIN1_CLKOUT0)
                                                     -2.540    -1.856 r  mmcm/inst/mmcm_adv_inst/CLKOUT0
                         net (fo=1, routed)           0.531    -1.325    mmcm/inst/clk_out1_mmcm
    BUFGCTRL_X0Y2        BUFG (Prop_bufg_I_O)         0.026    -1.299 r  mmcm/inst/clkout1_buf/O
                         net (fo=2, routed)           0.606    -0.694    ddr3/u_ddr3_mig/u_ddr3_infrastructure/mmcm_clk
    PLLE2_ADV_X1Y3       PLLE2_ADV (Prop_plle2_adv_CLKIN1_CLKOUT3)
                                                      0.050    -0.644 r  ddr3/u_ddr3_mig/u_ddr3_infrastructure/plle2_i/CLKOUT3
                         net (fo=1, routed)           0.426    -0.218    ddr3/u_ddr3_mig/u_ddr3_infrastructure/pll_clk3_out
    BUFHCE_X1Y36         BUFH (Prop_bufh_I_O)         0.020    -0.198 r  ddr3/u_ddr3_mig/u_ddr3_infrastructure/u_bufh_pll_clk3/O
                         net (fo=1, routed)           0.313     0.115    ddr3/u_ddr3_mig/u_ddr3_infrastructure/pll_clk3
    MMCME2_ADV_X1Y3      MMCME2_ADV (Prop_mmcme2_adv_CLKIN1_CLKFBOUT)
                                                     -1.156    -1.040 r  ddr3/u_ddr3_mig/u_ddr3_infrastructure/gen_mmcm.mmcm_i/CLKFBOUT
                         net (fo=1, routed)           0.531    -0.509    ddr3/u_ddr3_mig/u_ddr3_infrastructure/clk_pll_i
    BUFGCTRL_X0Y16       BUFG (Prop_bufg_I_O)         0.026    -0.483 r  ddr3/u_ddr3_mig/u_ddr3_infrastructure/u_bufg_clkdiv0/O
                         net (fo=25277, routed)       0.671     0.188    ddr3/u_ddr3_mig/u_ddr3_infrastructure/CLK
    SLICE_X125Y220       FDPE                                         r  ddr3/u_ddr3_mig/u_ddr3_infrastructure/rstdiv0_sync_r1_reg_rep/C
  -------------------------------------------------------------------    -------------------
    SLICE_X125Y220       FDPE (Prop_fdpe_C_Q)         0.141     0.329 r  ddr3/u_ddr3_mig/u_ddr3_infrastructure/rstdiv0_sync_r1_reg_rep/Q
                         net (fo=53, routed)          2.325     2.654    ddr3/u_ddr3_mig/temp_mon_enabled.u_tempmon/in0
    SLICE_X37Y184        FDRE                                         r  ddr3/u_ddr3_mig/temp_mon_enabled.u_tempmon/xadc_supplied_temperature.rst_r1_reg/D
  -------------------------------------------------------------------    -------------------

                         (clock clk_out2_mmcm rise edge)
                                                      0.000     0.000 r  
    R4                                                0.000     0.000 r  clk (IN)
                         net (fo=0)                   0.000     0.000    mmcm/inst/clk_in1
    R4                   IBUF (Prop_ibuf_I_O)         0.431     0.431 r  mmcm/inst/clkin1_ibufg/O
                         net (fo=1, routed)           0.480     0.911    mmcm/inst/clk_in1_mmcm
    MMCME2_ADV_X1Y2      MMCME2_ADV (Prop_mmcme2_adv_CLKIN1_CLKOUT1)
                                                     -3.332    -2.421 r  mmcm/inst/mmcm_adv_inst/CLKOUT1
                         net (fo=1, routed)           0.579    -1.843    mmcm/inst/clk_out2_mmcm
    BUFGCTRL_X0Y1        BUFG (Prop_bufg_I_O)         0.029    -1.814 r  mmcm/inst/clkout2_buf/O
                         net (fo=62, routed)          0.880    -0.934    ddr3/u_ddr3_mig/temp_mon_enabled.u_tempmon/clk_ref_i
    SLICE_X37Y184        FDRE                                         r  ddr3/u_ddr3_mig/temp_mon_enabled.u_tempmon/xadc_supplied_temperature.rst_r1_reg/C





--------------------------------------------------------------------------------------
Path Group:  (none)
From Clock:  
  To Clock:  clk_out3_mmcm

Max Delay            11 Endpoints
Min Delay            11 Endpoints
--------------------------------------------------------------------------------------


Max Delay Paths
--------------------------------------------------------------------------------------
Slack:                    inf
  Source:                 SDCCD
                            (input port)
  Destination:            BoardInputMeta_reg[8]/D
                            (rising edge-triggered cell FDRE clocked by clk_out3_mmcm  {rise@0.000ns fall@25.000ns period=50.000ns})
  Path Group:             (none)
  Path Type:              Setup (Max at Slow Process Corner)
  Data Path Delay:        9.066ns  (logic 1.466ns (16.165%)  route 7.600ns (83.835%))
  Logic Levels:           1  (IBUF=1)
  Clock Path Skew:        -1.668ns (DCD - SCD + CPR)
    Destination Clock Delay (DCD):    -1.668ns
    Source Clock Delay      (SCD):    0.000ns
    Clock Pessimism Removal (CPR):    0.000ns
  Clock Uncertainty:      0.194ns  ((TSJ^2 + DJ^2)^1/2) / 2 + PE
    Total System Jitter     (TSJ):    0.050ns
    Discrete Jitter          (DJ):    0.183ns
    Phase Error              (PE):    0.099ns
  Timing Exception:       False Path

    Location             Delay type                Incr(ns)  Path(ns)    Netlist Resource(s)
  -------------------------------------------------------------------    -------------------
    T18                                               0.000     0.000 r  SDCCD (IN)
                         net (fo=0)                   0.000     0.000    SDCCD
    T18                  IBUF (Prop_ibuf_I_O)         1.466     1.466 r  SDCCD_IBUF_inst/O
                         net (fo=1, routed)           7.600     9.066    SDCCD_IBUF
    SLICE_X149Y128       FDRE                                         r  BoardInputMeta_reg[8]/D
  -------------------------------------------------------------------    -------------------

                         (clock clk_out3_mmcm rise edge)
                                                      0.000     0.000 r  
    R4                                                0.000     0.000 r  clk (IN)
                         net (fo=0)                   0.000     0.000    mmcm/inst/clk_in1
    R4                   IBUF (Prop_ibuf_I_O)         1.405     1.405 r  mmcm/inst/clkin1_ibufg/O
                         net (fo=1, routed)           1.162     2.567    mmcm/inst/clk_in1_mmcm
    MMCME2_ADV_X1Y2      MMCME2_ADV (Prop_mmcme2_adv_CLKIN1_CLKOUT2)
                                                     -7.674    -5.107 r  mmcm/inst/mmcm_adv_inst/CLKOUT2
                         net (fo=1, routed)           1.723    -3.384    mmcm/inst/clk_out3_mmcm
    BUFGCTRL_X0Y3        BUFG (Prop_bufg_I_O)         0.091    -3.293 r  mmcm/inst/clkout3_buf/O
                         net (fo=26024, routed)       1.624    -1.668    CPUCLK
    SLICE_X149Y128       FDRE                                         r  BoardInputMeta_reg[8]/C





Min Delay Paths
--------------------------------------------------------------------------------------
Slack:                    inf
  Source:                 resetn
                            (input port)
  Destination:            cpureset/U0/EXT_LPF/ACTIVE_HIGH_EXT.ACT_HI_EXT/syncstages_ff_reg[0]/D
                            (rising edge-triggered cell FDRE clocked by clk_out3_mmcm  {rise@0.000ns fall@25.000ns period=50.000ns})
  Path Group:             (none)
  Path Type:              Hold (Min at Fast Process Corner)
  Data Path Delay:        1.320ns  (logic 0.170ns (12.875%)  route 1.150ns (87.125%))
  Logic Levels:           2  (IBUF=1 LUT3=1)
  Clock Path Skew:        -0.930ns (DCD - SCD - CPR)
    Destination Clock Delay (DCD):    -0.930ns
    Source Clock Delay      (SCD):    0.000ns
    Clock Pessimism Removal (CPR):    -0.000ns
  Timing Exception:       False Path

    Location             Delay type                Incr(ns)  Path(ns)    Netlist Resource(s)
  -------------------------------------------------------------------    -------------------
    G4                                                0.000     0.000 f  resetn (IN)
                         net (fo=0)                   0.000     0.000    resetn
    G4                   IBUF (Prop_ibuf_I_O)         0.126     0.126 f  resetn_IBUF_inst/O
                         net (fo=5, routed)           0.824     0.950    resetn_IBUF
    SLICE_X155Y181       LUT3 (Prop_lut3_I0_O)        0.044     0.994 r  cpureset_i_1/O
                         net (fo=1, routed)           0.326     1.320    cpureset/U0/EXT_LPF/ACTIVE_HIGH_EXT.ACT_HI_EXT/src_in
    SLICE_X144Y184       FDRE                                         r  cpureset/U0/EXT_LPF/ACTIVE_HIGH_EXT.ACT_HI_EXT/syncstages_ff_reg[0]/D
  -------------------------------------------------------------------    -------------------

                         (clock clk_out3_mmcm rise edge)
                                                      0.000     0.000 r  
    R4                                                0.000     0.000 r  clk (IN)
                         net (fo=0)                   0.000     0.000    mmcm/inst/clk_in1
    R4                   IBUF (Prop_ibuf_I_O)         0.431     0.431 r  mmcm/inst/clkin1_ibufg/O
                         net (fo=1, routed)           0.480     0.911    mmcm/inst/clk_in1_mmcm
    MMCME2_ADV_X1Y2      MMCME2_ADV (Prop_mmcme2_adv_CLKIN1_CLKOUT2)
                                                     -3.332    -2.421 r  mmcm/inst/mmcm_adv_inst/CLKOUT2
                         net (fo=1, routed)           0.579    -1.843    mmcm/inst/clk_out3_mmcm
    BUFGCTRL_X0Y3        BUFG (Prop_bufg_I_O)         0.029    -1.814 r  mmcm/inst/clkout3_buf/O
                         net (fo=26024, routed)       0.883    -0.930    cpureset/U0/EXT_LPF/ACTIVE_HIGH_EXT.ACT_HI_EXT/dest_clk
    SLICE_X144Y184       FDRE                                         r  cpureset/U0/EXT_LPF/ACTIVE_HIGH_EXT.ACT_HI_EXT/syncstages_ff_reg[0]/C





--------------------------------------------------------------------------------------
Path Group:  (none)
From Clock:  clk_out3_mmcm
  To Clock:  clk_out3_mmcm

Max Delay            11 Endpoints
Min Delay            14 Endpoints
--------------------------------------------------------------------------------------


Max Delay Paths
--------------------------------------------------------------------------------------
Slack:                    inf
  Source:                 cpureset/U0/ACTIVE_LOW_PR_OUT_DFF[0].FDRE_PER_N/C
                            (rising edge-triggered cell FDRE clocked by clk_out3_mmcm  {rise@0.000ns fall@25.000ns period=50.000ns})
  Destination:            fpgaTop/clkconverter/clkconverter_axi_clock_converter_v2_1_35_axi_clock_converter/<hidden>/<hidden>/<hidden>/<hidden>/<hidden>/<hidden>
                            (recovery check against rising-edge clock clk_out3_mmcm  {rise@0.000ns fall@25.000ns period=50.000ns})
  Path Group:             (none)
  Path Type:              Recovery (Max at Slow Process Corner)
  Data Path Delay:        5.348ns  (logic 0.642ns (12.005%)  route 4.706ns (87.994%))
  Logic Levels:           1  (LUT2=1)
  Clock Path Skew:        -0.501ns (DCD - SCD + CPR)
    Destination Clock Delay (DCD):    -1.667ns
    Source Clock Delay      (SCD):    -1.166ns
    Clock Pessimism Removal (CPR):    0.000ns
  Clock Uncertainty:      0.098ns  ((TSJ^2 + DJ^2)^1/2) / 2 + PE
    Total System Jitter     (TSJ):    0.071ns
    Discrete Jitter          (DJ):    0.183ns
    Phase Error              (PE):    0.000ns
  Timing Exception:       False Path

    Location             Delay type                Incr(ns)  Path(ns)    Netlist Resource(s)
  -------------------------------------------------------------------    -------------------
                         (clock clk_out3_mmcm rise edge)
                                                      0.000     0.000 r  
    R4                                                0.000     0.000 r  clk (IN)
                         net (fo=0)                   0.000     0.000    mmcm/inst/clk_in1
    R4                   IBUF (Prop_ibuf_I_O)         1.475     1.475 r  mmcm/inst/clkin1_ibufg/O
                         net (fo=1, routed)           1.233     2.708    mmcm/inst/clk_in1_mmcm
    MMCME2_ADV_X1Y2      MMCME2_ADV (Prop_mmcme2_adv_CLKIN1_CLKOUT2)
                                                     -7.432    -4.724 r  mmcm/inst/mmcm_adv_inst/CLKOUT2
                         net (fo=1, routed)           1.808    -2.915    mmcm/inst/clk_out3_mmcm
    BUFGCTRL_X0Y3        BUFG (Prop_bufg_I_O)         0.096    -2.819 r  mmcm/inst/clkout3_buf/O
                         net (fo=26024, routed)       1.653    -1.166    cpureset/U0/slowest_sync_clk
    SLICE_X92Y187        FDRE                                         r  cpureset/U0/ACTIVE_LOW_PR_OUT_DFF[0].FDRE_PER_N/C
  -------------------------------------------------------------------    -------------------
    SLICE_X92Y187        FDRE (Prop_fdre_C_Q)         0.518    -0.648 r  cpureset/U0/ACTIVE_LOW_PR_OUT_DFF[0].FDRE_PER_N/Q
                         net (fo=18, routed)          2.353     1.704    clkconverter/inst/s_axi_aresetn
    SLICE_X117Y157       LUT2 (Prop_lut2_I0_O)        0.124     1.828 f  clkconverter/inst/gen_clock_conv.gen_async_conv.asyncfifo_axi_i_1/O
                         net (fo=20, routed)          2.353     4.181    fpgaTop/clkconverter/clkconverter_axi_clock_converter_v2_1_35_axi_clock_converter/<hidden>/<hidden>/<hidden>/<hidden>/<hidden>/<hidden>
    SLICE_X144Y150       FDPE                                         f  fpgaTop/clkconverter/clkconverter_axi_clock_converter_v2_1_35_axi_clock_converter/<hidden>/<hidden>/<hidden>/<hidden>/<hidden>/<hidden>
  -------------------------------------------------------------------    -------------------

                         (clock clk_out3_mmcm rise edge)
                                                      0.000     0.000 r  
    R4                                                0.000     0.000 r  clk (IN)
                         net (fo=0)                   0.000     0.000    mmcm/inst/clk_in1
    R4                   IBUF (Prop_ibuf_I_O)         1.405     1.405 r  mmcm/inst/clkin1_ibufg/O
                         net (fo=1, routed)           1.162     2.567    mmcm/inst/clk_in1_mmcm
    MMCME2_ADV_X1Y2      MMCME2_ADV (Prop_mmcme2_adv_CLKIN1_CLKOUT2)
                                                     -7.674    -5.107 r  mmcm/inst/mmcm_adv_inst/CLKOUT2
                         net (fo=1, routed)           1.723    -3.384    mmcm/inst/clk_out3_mmcm
    BUFGCTRL_X0Y3        BUFG (Prop_bufg_I_O)         0.091    -3.293 r  mmcm/inst/clkout3_buf/O
                         net (fo=26024, routed)       1.626    -1.667    fpgaTop/clkconverter/clkconverter_axi_clock_converter_v2_1_35_axi_clock_converter/<hidden>/<hidden>/<hidden>/<hidden>/<hidden>/<hidden>
    SLICE_X144Y150       FDPE                                         r  fpgaTop/clkconverter/clkconverter_axi_clock_converter_v2_1_35_axi_clock_converter/<hidden>/<hidden>/<hidden>/<hidden>/<hidden>/<hidden>





Min Delay Paths
--------------------------------------------------------------------------------------
Slack:                    inf
  Source:                 cpureset/U0/ACTIVE_LOW_PR_OUT_DFF[0].FDRE_PER_N/C
                            (rising edge-triggered cell FDRE clocked by clk_out3_mmcm  {rise@0.000ns fall@25.000ns period=50.000ns})
  Destination:            fpgaTop/clkconverter/clkconverter_axi_clock_converter_v2_1_35_axi_clock_converter/<hidden>/<hidden>/<hidden>/<hidden>/<hidden>/<hidden>
                            (removal check against rising-edge clock clk_out3_mmcm  {rise@0.000ns fall@25.000ns period=50.000ns})
  Path Group:             (none)
  Path Type:              Removal (Min at Fast Process Corner)
  Data Path Delay:        1.402ns  (logic 0.209ns (14.904%)  route 1.193ns (85.096%))
  Logic Levels:           1  (LUT2=1)
  Clock Path Skew:        -0.228ns (DCD - SCD - CPR)
    Destination Clock Delay (DCD):    -0.953ns
    Source Clock Delay      (SCD):    -0.725ns
    Clock Pessimism Removal (CPR):    -0.000ns
  Clock Uncertainty:      0.098ns  ((TSJ^2 + DJ^2)^1/2) / 2 + PE
    Total System Jitter     (TSJ):    0.071ns
    Discrete Jitter          (DJ):    0.183ns
    Phase Error              (PE):    0.000ns
  Timing Exception:       False Path

    Location             Delay type                Incr(ns)  Path(ns)    Netlist Resource(s)
  -------------------------------------------------------------------    -------------------
                         (clock clk_out3_mmcm rise edge)
                                                      0.000     0.000 r  
    R4                                                0.000     0.000 r  clk (IN)
                         net (fo=0)                   0.000     0.000    mmcm/inst/clk_in1
    R4                   IBUF (Prop_ibuf_I_O)         0.243     0.243 r  mmcm/inst/clkin1_ibufg/O
                         net (fo=1, routed)           0.440     0.683    mmcm/inst/clk_in1_mmcm
    MMCME2_ADV_X1Y2      MMCME2_ADV (Prop_mmcme2_adv_CLKIN1_CLKOUT2)
                                                     -2.540    -1.856 r  mmcm/inst/mmcm_adv_inst/CLKOUT2
                         net (fo=1, routed)           0.531    -1.325    mmcm/inst/clk_out3_mmcm
    BUFGCTRL_X0Y3        BUFG (Prop_bufg_I_O)         0.026    -1.299 r  mmcm/inst/clkout3_buf/O
                         net (fo=26024, routed)       0.575    -0.725    cpureset/U0/slowest_sync_clk
    SLICE_X92Y187        FDRE                                         r  cpureset/U0/ACTIVE_LOW_PR_OUT_DFF[0].FDRE_PER_N/C
  -------------------------------------------------------------------    -------------------
    SLICE_X92Y187        FDRE (Prop_fdre_C_Q)         0.164    -0.561 r  cpureset/U0/ACTIVE_LOW_PR_OUT_DFF[0].FDRE_PER_N/Q
                         net (fo=18, routed)          1.008     0.447    clkconverter/inst/s_axi_aresetn
    SLICE_X117Y157       LUT2 (Prop_lut2_I0_O)        0.045     0.492 f  clkconverter/inst/gen_clock_conv.gen_async_conv.asyncfifo_axi_i_1/O
                         net (fo=20, routed)          0.186     0.678    fpgaTop/clkconverter/clkconverter_axi_clock_converter_v2_1_35_axi_clock_converter/<hidden>/<hidden>/<hidden>/<hidden>/<hidden>/<hidden>
    SLICE_X119Y157       FDPE                                         f  fpgaTop/clkconverter/clkconverter_axi_clock_converter_v2_1_35_axi_clock_converter/<hidden>/<hidden>/<hidden>/<hidden>/<hidden>/<hidden>
  -------------------------------------------------------------------    -------------------

                         (clock clk_out3_mmcm rise edge)
                                                      0.000     0.000 r  
    R4                                                0.000     0.000 r  clk (IN)
                         net (fo=0)                   0.000     0.000    mmcm/inst/clk_in1
    R4                   IBUF (Prop_ibuf_I_O)         0.431     0.431 r  mmcm/inst/clkin1_ibufg/O
                         net (fo=1, routed)           0.480     0.911    mmcm/inst/clk_in1_mmcm
    MMCME2_ADV_X1Y2      MMCME2_ADV (Prop_mmcme2_adv_CLKIN1_CLKOUT2)
                                                     -3.332    -2.421 r  mmcm/inst/mmcm_adv_inst/CLKOUT2
                         net (fo=1, routed)           0.579    -1.843    mmcm/inst/clk_out3_mmcm
    BUFGCTRL_X0Y3        BUFG (Prop_bufg_I_O)         0.029    -1.814 r  mmcm/inst/clkout3_buf/O
                         net (fo=26024, routed)       0.860    -0.953    fpgaTop/clkconverter/clkconverter_axi_clock_converter_v2_1_35_axi_clock_converter/<hidden>/<hidden>/<hidden>/<hidden>/<hidden>/<hidden>
    SLICE_X119Y157       FDPE                                         r  fpgaTop/clkconverter/clkconverter_axi_clock_converter_v2_1_35_axi_clock_converter/<hidden>/<hidden>/<hidden>/<hidden>/<hidden>/<hidden>





--------------------------------------------------------------------------------------
Path Group:  (none)
From Clock:  clk_pll_i
  To Clock:  clk_out3_mmcm

Max Delay            85 Endpoints
Min Delay           123 Endpoints
--------------------------------------------------------------------------------------


Max Delay Paths
--------------------------------------------------------------------------------------
Slack:                    inf
  Source:                 ddrreset/U0/ACTIVE_LOW_PR_OUT_DFF[0].FDRE_PER_N/C
                            (rising edge-triggered cell FDRE clocked by clk_pll_i  {rise@0.000ns fall@5.000ns period=10.000ns})
  Destination:            fpgaTop/clkconverter/clkconverter_axi_clock_converter_v2_1_35_axi_clock_converter/<hidden>/<hidden>/<hidden>/<hidden>/<hidden>/<hidden>
                            (recovery check against rising-edge clock clk_out3_mmcm  {rise@0.000ns fall@25.000ns period=50.000ns})
  Path Group:             (none)
  Path Type:              Recovery (Max at Slow Process Corner)
  Data Path Delay:        8.237ns  (logic 0.773ns (9.384%)  route 7.464ns (90.616%))
  Logic Levels:           1  (LUT2=1)
  Clock Path Skew:        -3.048ns (DCD - SCD + CPR)
    Destination Clock Delay (DCD):    -1.667ns
    Source Clock Delay      (SCD):    1.381ns
    Clock Pessimism Removal (CPR):    0.000ns
  Clock Uncertainty:      0.249ns  ((TSJ^2 + DJ^2)^1/2) / 2 + PE
    Total System Jitter     (TSJ):    0.071ns
    Discrete Jitter          (DJ):    0.183ns
    Phase Error              (PE):    0.151ns
  Timing Exception:       False Path

    Location             Delay type                Incr(ns)  Path(ns)    Netlist Resource(s)
  -------------------------------------------------------------------    -------------------
                         (clock clk_pll_i rise edge)
                                                      0.000     0.000 r  
    R4                                                0.000     0.000 r  clk (IN)
                         net (fo=0)                   0.000     0.000    mmcm/inst/clk_in1
    R4                   IBUF (Prop_ibuf_I_O)         1.475     1.475 r  mmcm/inst/clkin1_ibufg/O
                         net (fo=1, routed)           1.233     2.708    mmcm/inst/clk_in1_mmcm
    MMCME2_ADV_X1Y2      MMCME2_ADV (Prop_mmcme2_adv_CLKIN1_CLKOUT0)
                                                     -7.432    -4.724 r  mmcm/inst/mmcm_adv_inst/CLKOUT0
                         net (fo=1, routed)           1.808    -2.915    mmcm/inst/clk_out1_mmcm
    BUFGCTRL_X0Y2        BUFG (Prop_bufg_I_O)         0.096    -2.819 r  mmcm/inst/clkout1_buf/O
                         net (fo=2, routed)           1.754    -1.065    ddr3/u_ddr3_mig/u_ddr3_infrastructure/mmcm_clk
    PLLE2_ADV_X1Y3       PLLE2_ADV (Prop_plle2_adv_CLKIN1_CLKOUT3)
                                                      0.088    -0.977 r  ddr3/u_ddr3_mig/u_ddr3_infrastructure/plle2_i/CLKOUT3
                         net (fo=1, routed)           1.370     0.393    ddr3/u_ddr3_mig/u_ddr3_infrastructure/pll_clk3_out
    BUFHCE_X1Y36         BUFH (Prop_bufh_I_O)         0.127     0.520 r  ddr3/u_ddr3_mig/u_ddr3_infrastructure/u_bufh_pll_clk3/O
                         net (fo=1, routed)           0.943     1.463    ddr3/u_ddr3_mig/u_ddr3_infrastructure/pll_clk3
    MMCME2_ADV_X1Y3      MMCME2_ADV (Prop_mmcme2_adv_CLKIN1_CLKFBOUT)
                                                     -3.633    -2.171 r  ddr3/u_ddr3_mig/u_ddr3_infrastructure/gen_mmcm.mmcm_i/CLKFBOUT
                         net (fo=1, routed)           1.808    -0.362    ddr3/u_ddr3_mig/u_ddr3_infrastructure/clk_pll_i
    BUFGCTRL_X0Y16       BUFG (Prop_bufg_I_O)         0.096    -0.266 r  ddr3/u_ddr3_mig/u_ddr3_infrastructure/u_bufg_clkdiv0/O
                         net (fo=25277, routed)       1.647     1.381    ddrreset/U0/slowest_sync_clk
    SLICE_X88Y196        FDRE                                         r  ddrreset/U0/ACTIVE_LOW_PR_OUT_DFF[0].FDRE_PER_N/C
  -------------------------------------------------------------------    -------------------
    SLICE_X88Y196        FDRE (Prop_fdre_C_Q)         0.478     1.859 r  ddrreset/U0/ACTIVE_LOW_PR_OUT_DFF[0].FDRE_PER_N/Q
                         net (fo=378, routed)         5.111     6.970    clkconverter/inst/m_axi_aresetn
    SLICE_X117Y157       LUT2 (Prop_lut2_I1_O)        0.295     7.265 f  clkconverter/inst/gen_clock_conv.gen_async_conv.asyncfifo_axi_i_1/O
                         net (fo=20, routed)          2.353     9.618    fpgaTop/clkconverter/clkconverter_axi_clock_converter_v2_1_35_axi_clock_converter/<hidden>/<hidden>/<hidden>/<hidden>/<hidden>/<hidden>
    SLICE_X144Y150       FDPE                                         f  fpgaTop/clkconverter/clkconverter_axi_clock_converter_v2_1_35_axi_clock_converter/<hidden>/<hidden>/<hidden>/<hidden>/<hidden>/<hidden>
  -------------------------------------------------------------------    -------------------

                         (clock clk_out3_mmcm rise edge)
                                                      0.000     0.000 r  
    R4                                                0.000     0.000 r  clk (IN)
                         net (fo=0)                   0.000     0.000    mmcm/inst/clk_in1
    R4                   IBUF (Prop_ibuf_I_O)         1.405     1.405 r  mmcm/inst/clkin1_ibufg/O
                         net (fo=1, routed)           1.162     2.567    mmcm/inst/clk_in1_mmcm
    MMCME2_ADV_X1Y2      MMCME2_ADV (Prop_mmcme2_adv_CLKIN1_CLKOUT2)
                                                     -7.674    -5.107 r  mmcm/inst/mmcm_adv_inst/CLKOUT2
                         net (fo=1, routed)           1.723    -3.384    mmcm/inst/clk_out3_mmcm
    BUFGCTRL_X0Y3        BUFG (Prop_bufg_I_O)         0.091    -3.293 r  mmcm/inst/clkout3_buf/O
                         net (fo=26024, routed)       1.626    -1.667    fpgaTop/clkconverter/clkconverter_axi_clock_converter_v2_1_35_axi_clock_converter/<hidden>/<hidden>/<hidden>/<hidden>/<hidden>/<hidden>
    SLICE_X144Y150       FDPE                                         r  fpgaTop/clkconverter/clkconverter_axi_clock_converter_v2_1_35_axi_clock_converter/<hidden>/<hidden>/<hidden>/<hidden>/<hidden>/<hidden>





Min Delay Paths
--------------------------------------------------------------------------------------
Slack:                    inf
  Source:                 rasterixgen.rasterix/responsefifo/inst/gen_fifo.xpm_fifo_axis_inst/xpm_fifo_base_inst/gen_cdc_pntr.wr_pntr_cdc_inst/src_gray_ff_reg[8]/C
                            (rising edge-triggered cell FDRE clocked by clk_pll_i  {rise@0.000ns fall@5.000ns period=10.000ns})
  Destination:            rasterixgen.rasterix/responsefifo/inst/gen_fifo.xpm_fifo_axis_inst/xpm_fifo_base_inst/gen_cdc_pntr.wr_pntr_cdc_inst/dest_graysync_ff_reg[0][8]/D
                            (rising edge-triggered cell FDRE clocked by clk_out3_mmcm  {rise@0.000ns fall@25.000ns period=50.000ns})
  Path Group:             (none)
  Path Type:              Hold (Min at Fast Process Corner)
  Data Path Delay:        0.244ns  (logic 0.141ns (57.692%)  route 0.103ns (42.308%))
  Logic Levels:           0  
  Clock Path Skew:        -1.058ns (DCD - SCD - CPR)
    Destination Clock Delay (DCD):    -0.979ns
    Source Clock Delay      (SCD):    0.079ns
    Clock Pessimism Removal (CPR):    -0.000ns
  Clock Uncertainty:      0.249ns  ((TSJ^2 + DJ^2)^1/2) / 2 + PE
    Total System Jitter     (TSJ):    0.071ns
    Discrete Jitter          (DJ):    0.183ns
    Phase Error              (PE):    0.151ns
  Timing Exception:       False Path

    Location             Delay type                Incr(ns)  Path(ns)    Netlist Resource(s)
  -------------------------------------------------------------------    -------------------
                         (clock clk_pll_i rise edge)
                                                      0.000     0.000 r  
    R4                                                0.000     0.000 r  clk (IN)
                         net (fo=0)                   0.000     0.000    mmcm/inst/clk_in1
    R4                   IBUF (Prop_ibuf_I_O)         0.243     0.243 r  mmcm/inst/clkin1_ibufg/O
                         net (fo=1, routed)           0.440     0.683    mmcm/inst/clk_in1_mmcm
    MMCME2_ADV_X1Y2      MMCME2_ADV (Prop_mmcme2_adv_CLKIN1_CLKOUT0)
                                                     -2.540    -1.856 r  mmcm/inst/mmcm_adv_inst/CLKOUT0
                         net (fo=1, routed)           0.531    -1.325    mmcm/inst/clk_out1_mmcm
    BUFGCTRL_X0Y2        BUFG (Prop_bufg_I_O)         0.026    -1.299 r  mmcm/inst/clkout1_buf/O
                         net (fo=2, routed)           0.606    -0.694    ddr3/u_ddr3_mig/u_ddr3_infrastructure/mmcm_clk
    PLLE2_ADV_X1Y3       PLLE2_ADV (Prop_plle2_adv_CLKIN1_CLKOUT3)
                                                      0.050    -0.644 r  ddr3/u_ddr3_mig/u_ddr3_infrastructure/plle2_i/CLKOUT3
                         net (fo=1, routed)           0.426    -0.218    ddr3/u_ddr3_mig/u_ddr3_infrastructure/pll_clk3_out
    BUFHCE_X1Y36         BUFH (Prop_bufh_I_O)         0.020    -0.198 r  ddr3/u_ddr3_mig/u_ddr3_infrastructure/u_bufh_pll_clk3/O
                         net (fo=1, routed)           0.313     0.115    ddr3/u_ddr3_mig/u_ddr3_infrastructure/pll_clk3
    MMCME2_ADV_X1Y3      MMCME2_ADV (Prop_mmcme2_adv_CLKIN1_CLKFBOUT)
                                                     -1.156    -1.040 r  ddr3/u_ddr3_mig/u_ddr3_infrastructure/gen_mmcm.mmcm_i/CLKFBOUT
                         net (fo=1, routed)           0.531    -0.509    ddr3/u_ddr3_mig/u_ddr3_infrastructure/clk_pll_i
    BUFGCTRL_X0Y16       BUFG (Prop_bufg_I_O)         0.026    -0.483 r  ddr3/u_ddr3_mig/u_ddr3_infrastructure/u_bufg_clkdiv0/O
                         net (fo=25277, routed)       0.563     0.079    rasterixgen.rasterix/responsefifo/inst/gen_fifo.xpm_fifo_axis_inst/xpm_fifo_base_inst/gen_cdc_pntr.wr_pntr_cdc_inst/src_clk
    SLICE_X85Y152        FDRE                                         r  rasterixgen.rasterix/responsefifo/inst/gen_fifo.xpm_fifo_axis_inst/xpm_fifo_base_inst/gen_cdc_pntr.wr_pntr_cdc_inst/src_gray_ff_reg[8]/C
  -------------------------------------------------------------------    -------------------
    SLICE_X85Y152        FDRE (Prop_fdre_C_Q)         0.141     0.220 r  rasterixgen.rasterix/responsefifo/inst/gen_fifo.xpm_fifo_axis_inst/xpm_fifo_base_inst/gen_cdc_pntr.wr_pntr_cdc_inst/src_gray_ff_reg[8]/Q
                         net (fo=1, routed)           0.103     0.324    rasterixgen.rasterix/responsefifo/inst/gen_fifo.xpm_fifo_axis_inst/xpm_fifo_base_inst/gen_cdc_pntr.wr_pntr_cdc_inst/async_path[8]
    SLICE_X86Y152        FDRE                                         r  rasterixgen.rasterix/responsefifo/inst/gen_fifo.xpm_fifo_axis_inst/xpm_fifo_base_inst/gen_cdc_pntr.wr_pntr_cdc_inst/dest_graysync_ff_reg[0][8]/D
  -------------------------------------------------------------------    -------------------

                         (clock clk_out3_mmcm rise edge)
                                                      0.000     0.000 r  
    R4                                                0.000     0.000 r  clk (IN)
                         net (fo=0)                   0.000     0.000    mmcm/inst/clk_in1
    R4                   IBUF (Prop_ibuf_I_O)         0.431     0.431 r  mmcm/inst/clkin1_ibufg/O
                         net (fo=1, routed)           0.480     0.911    mmcm/inst/clk_in1_mmcm
    MMCME2_ADV_X1Y2      MMCME2_ADV (Prop_mmcme2_adv_CLKIN1_CLKOUT2)
                                                     -3.332    -2.421 r  mmcm/inst/mmcm_adv_inst/CLKOUT2
                         net (fo=1, routed)           0.579    -1.843    mmcm/inst/clk_out3_mmcm
    BUFGCTRL_X0Y3        BUFG (Prop_bufg_I_O)         0.029    -1.814 r  mmcm/inst/clkout3_buf/O
                         net (fo=26024, routed)       0.834    -0.979    rasterixgen.rasterix/responsefifo/inst/gen_fifo.xpm_fifo_axis_inst/xpm_fifo_base_inst/gen_cdc_pntr.wr_pntr_cdc_inst/dest_clk
    SLICE_X86Y152        FDRE                                         r  rasterixgen.rasterix/responsefifo/inst/gen_fifo.xpm_fifo_axis_inst/xpm_fifo_base_inst/gen_cdc_pntr.wr_pntr_cdc_inst/dest_graysync_ff_reg[0][8]/C





--------------------------------------------------------------------------------------
Path Group:  (none)
From Clock:  
  To Clock:  clk_pll_i

Max Delay            34 Endpoints
Min Delay            34 Endpoints
--------------------------------------------------------------------------------------


Max Delay Paths
--------------------------------------------------------------------------------------
Slack:                    inf
  Source:                 mmcm/inst/mmcm_adv_inst/LOCKED
                            (internal pin)
  Destination:            ddr3/u_ddr3_mig/u_ddr3_infrastructure/rstdiv0_sync_r1_reg_rep__8/PRE
                            (recovery check against rising-edge clock clk_pll_i  {rise@0.000ns fall@5.000ns period=10.000ns})
  Path Group:             (none)
  Path Type:              Recovery (Max at Slow Process Corner)
  Data Path Delay:        8.200ns  (logic 0.278ns (3.390%)  route 7.922ns (96.610%))
  Logic Levels:           2  (LUT2=1 LUT4=1)
  Clock Uncertainty:      0.169ns  ((TSJ^2 + DJ^2)^1/2) / 2 + PE
    Total System Jitter     (TSJ):    0.050ns
    Discrete Jitter          (DJ):    0.098ns
    Phase Error              (PE):    0.114ns
  Timing Exception:       False Path

    Location             Delay type                Incr(ns)  Path(ns)    Netlist Resource(s)
  -------------------------------------------------------------------    -------------------
    MMCME2_ADV_X1Y2      MMCME2_ADV                   0.000     0.000 r  mmcm/inst/mmcm_adv_inst/LOCKED
                         net (fo=4, routed)           3.056     3.056    ClockLocked
    SLICE_X155Y181       LUT2 (Prop_lut2_I1_O)        0.124     3.180 r  ddr3_i_1/O
                         net (fo=2, routed)           1.151     4.332    ddr3/u_ddr3_mig/u_iodelay_ctrl/sys_rst_i
    SLICE_X159Y181       LUT4 (Prop_lut4_I2_O)        0.154     4.486 f  ddr3/u_ddr3_mig/u_iodelay_ctrl/rstdiv2_sync_r[11]_i_1/O
                         net (fo=33, routed)          3.714     8.200    ddr3/u_ddr3_mig/u_ddr3_infrastructure/rst_tmp
    SLICE_X124Y223       FDPE                                         f  ddr3/u_ddr3_mig/u_ddr3_infrastructure/rstdiv0_sync_r1_reg_rep__8/PRE
  -------------------------------------------------------------------    -------------------

                         (clock clk_pll_i rise edge)
                                                      0.000     0.000 r  
    R4                                                0.000     0.000 r  clk (IN)
                         net (fo=0)                   0.000     0.000    mmcm/inst/clk_in1
    R4                   IBUF (Prop_ibuf_I_O)         1.405     1.405 r  mmcm/inst/clkin1_ibufg/O
                         net (fo=1, routed)           1.162     2.567    mmcm/inst/clk_in1_mmcm
    MMCME2_ADV_X1Y2      MMCME2_ADV (Prop_mmcme2_adv_CLKIN1_CLKOUT0)
                                                     -7.674    -5.107 r  mmcm/inst/mmcm_adv_inst/CLKOUT0
                         net (fo=1, routed)           1.723    -3.384    mmcm/inst/clk_out1_mmcm
    BUFGCTRL_X0Y2        BUFG (Prop_bufg_I_O)         0.091    -3.293 r  mmcm/inst/clkout1_buf/O
                         net (fo=2, routed)           1.636    -1.657    ddr3/u_ddr3_mig/u_ddr3_infrastructure/mmcm_clk
    PLLE2_ADV_X1Y3       PLLE2_ADV (Prop_plle2_adv_CLKIN1_CLKOUT3)
                                                      0.083    -1.574 r  ddr3/u_ddr3_mig/u_ddr3_infrastructure/plle2_i/CLKOUT3
                         net (fo=1, routed)           1.289    -0.285    ddr3/u_ddr3_mig/u_ddr3_infrastructure/pll_clk3_out
    BUFHCE_X1Y36         BUFH (Prop_bufh_I_O)         0.081    -0.204 r  ddr3/u_ddr3_mig/u_ddr3_infrastructure/u_bufh_pll_clk3/O
                         net (fo=1, routed)           0.904     0.700    ddr3/u_ddr3_mig/u_ddr3_infrastructure/pll_clk3
    MMCME2_ADV_X1Y3      MMCME2_ADV (Prop_mmcme2_adv_CLKIN1_CLKFBOUT)
                                                     -3.425    -2.725 r  ddr3/u_ddr3_mig/u_ddr3_infrastructure/gen_mmcm.mmcm_i/CLKFBOUT
                         net (fo=1, routed)           1.723    -1.002    ddr3/u_ddr3_mig/u_ddr3_infrastructure/clk_pll_i
    BUFGCTRL_X0Y16       BUFG (Prop_bufg_I_O)         0.091    -0.911 r  ddr3/u_ddr3_mig/u_ddr3_infrastructure/u_bufg_clkdiv0/O
                         net (fo=25277, routed)       1.732     0.821    ddr3/u_ddr3_mig/u_ddr3_infrastructure/CLK
    SLICE_X124Y223       FDPE                                         r  ddr3/u_ddr3_mig/u_ddr3_infrastructure/rstdiv0_sync_r1_reg_rep__8/C





Min Delay Paths
--------------------------------------------------------------------------------------
Slack:                    inf
  Source:                 resetn
                            (input port)
  Destination:            ddrreset/U0/EXT_LPF/ACTIVE_HIGH_AUX.ACT_HI_AUX/syncstages_ff_reg[0]/D
                            (rising edge-triggered cell FDRE clocked by clk_pll_i  {rise@0.000ns fall@5.000ns period=10.000ns})
  Path Group:             (none)
  Path Type:              Hold (Min at Fast Process Corner)
  Data Path Delay:        1.778ns  (logic 0.170ns (9.557%)  route 1.608ns (90.443%))
  Logic Levels:           2  (IBUF=1 LUT1=1)
  Clock Path Skew:        0.160ns (DCD - SCD - CPR)
    Destination Clock Delay (DCD):    0.160ns
    Source Clock Delay      (SCD):    0.000ns
    Clock Pessimism Removal (CPR):    -0.000ns
  Timing Exception:       False Path

    Location             Delay type                Incr(ns)  Path(ns)    Netlist Resource(s)
  -------------------------------------------------------------------    -------------------
    G4                                                0.000     0.000 f  resetn (IN)
                         net (fo=0)                   0.000     0.000    resetn
    G4                   IBUF (Prop_ibuf_I_O)         0.126     0.126 f  resetn_IBUF_inst/O
                         net (fo=5, routed)           0.713     0.839    resetn_IBUF
    SLICE_X155Y178       LUT1 (Prop_lut1_I0_O)        0.044     0.883 r  mmcm_i_1/O
                         net (fo=1, routed)           0.895     1.778    ddrreset/U0/EXT_LPF/ACTIVE_HIGH_AUX.ACT_HI_AUX/src_in
    SLICE_X116Y197       FDRE                                         r  ddrreset/U0/EXT_LPF/ACTIVE_HIGH_AUX.ACT_HI_AUX/syncstages_ff_reg[0]/D
  -------------------------------------------------------------------    -------------------

                         (clock clk_pll_i rise edge)
                                                      0.000     0.000 r  
    R4                                                0.000     0.000 r  clk (IN)
                         net (fo=0)                   0.000     0.000    mmcm/inst/clk_in1
    R4                   IBUF (Prop_ibuf_I_O)         0.431     0.431 r  mmcm/inst/clkin1_ibufg/O
                         net (fo=1, routed)           0.480     0.911    mmcm/inst/clk_in1_mmcm
    MMCME2_ADV_X1Y2      MMCME2_ADV (Prop_mmcme2_adv_CLKIN1_CLKOUT0)
                                                     -3.332    -2.421 r  mmcm/inst/mmcm_adv_inst/CLKOUT0
                         net (fo=1, routed)           0.579    -1.843    mmcm/inst/clk_out1_mmcm
    BUFGCTRL_X0Y2        BUFG (Prop_bufg_I_O)         0.029    -1.814 r  mmcm/inst/clkout1_buf/O
                         net (fo=2, routed)           0.875    -0.939    ddr3/u_ddr3_mig/u_ddr3_infrastructure/mmcm_clk
    PLLE2_ADV_X1Y3       PLLE2_ADV (Prop_plle2_adv_CLKIN1_CLKOUT3)
                                                      0.053    -0.886 r  ddr3/u_ddr3_mig/u_ddr3_infrastructure/plle2_i/CLKOUT3
                         net (fo=1, routed)           0.472    -0.414    ddr3/u_ddr3_mig/u_ddr3_infrastructure/pll_clk3_out
    BUFHCE_X1Y36         BUFH (Prop_bufh_I_O)         0.043    -0.371 r  ddr3/u_ddr3_mig/u_ddr3_infrastructure/u_bufh_pll_clk3/O
                         net (fo=1, routed)           0.538     0.167    ddr3/u_ddr3_mig/u_ddr3_infrastructure/pll_clk3
    MMCME2_ADV_X1Y3      MMCME2_ADV (Prop_mmcme2_adv_CLKIN1_CLKFBOUT)
                                                     -1.475    -1.308 r  ddr3/u_ddr3_mig/u_ddr3_infrastructure/gen_mmcm.mmcm_i/CLKFBOUT
                         net (fo=1, routed)           0.579    -0.730    ddr3/u_ddr3_mig/u_ddr3_infrastructure/clk_pll_i
    BUFGCTRL_X0Y16       BUFG (Prop_bufg_I_O)         0.029    -0.701 r  ddr3/u_ddr3_mig/u_ddr3_infrastructure/u_bufg_clkdiv0/O
                         net (fo=25277, routed)       0.861     0.160    ddrreset/U0/EXT_LPF/ACTIVE_HIGH_AUX.ACT_HI_AUX/dest_clk
    SLICE_X116Y197       FDRE                                         r  ddrreset/U0/EXT_LPF/ACTIVE_HIGH_AUX.ACT_HI_AUX/syncstages_ff_reg[0]/C





--------------------------------------------------------------------------------------
Path Group:  (none)
From Clock:  clk_out1_videoclock
  To Clock:  clk_pll_i

Max Delay             1 Endpoint
Min Delay            85 Endpoints
--------------------------------------------------------------------------------------


Max Delay Paths
--------------------------------------------------------------------------------------
Slack:                    inf
  Source:                 rasterixgen.rasterix/memory/rasterixmem_i/interconnect/inst/clk_map/psr0/U0/ACTIVE_LOW_BSR_OUT_DFF[0].FDRE_BSR_N/C
                            (rising edge-triggered cell FDRE clocked by clk_out1_videoclock  {rise@0.000ns fall@19.841ns period=39.683ns})
  Destination:            rasterixgen.rasterix/memory/rasterixmem_i/interconnect/inst/clk_map/psr_aclk/U0/EXT_LPF/ACTIVE_LOW_EXT.ACT_LO_EXT/syncstages_ff_reg[0]/D
                            (rising edge-triggered cell FDRE clocked by clk_pll_i  {rise@0.000ns fall@5.000ns period=10.000ns})
  Path Group:             (none)
  Path Type:              Setup (Max at Slow Process Corner)
  Data Path Delay:        2.451ns  (logic 0.642ns (26.195%)  route 1.809ns (73.805%))
  Logic Levels:           1  (LUT1=1)
  Clock Path Skew:        1.781ns (DCD - SCD + CPR)
    Destination Clock Delay (DCD):    0.790ns
    Source Clock Delay      (SCD):    -0.991ns
    Clock Pessimism Removal (CPR):    0.000ns
  Clock Uncertainty:      0.652ns  ((TSJ^2 + DJ^2)^1/2) / 2 + PE
    Total System Jitter     (TSJ):    0.071ns
    Discrete Jitter          (DJ):    0.568ns
    Phase Error              (PE):    0.366ns
  Timing Exception:       False Path

    Location             Delay type                Incr(ns)  Path(ns)    Netlist Resource(s)
  -------------------------------------------------------------------    -------------------
                         (clock clk_out1_videoclock rise edge)
                                                      0.000     0.000 r  
    R4                                                0.000     0.000 r  clk (IN)
                         net (fo=0)                   0.000     0.000    mmcm/inst/clk_in1
    R4                   IBUF (Prop_ibuf_I_O)         1.475     1.475 r  mmcm/inst/clkin1_ibufg/O
                         net (fo=1, routed)           1.233     2.708    mmcm/inst/clk_in1_mmcm
    MMCME2_ADV_X1Y2      MMCME2_ADV (Prop_mmcme2_adv_CLKIN1_CLKOUT0)
                                                     -7.432    -4.724 r  mmcm/inst/mmcm_adv_inst/CLKOUT0
                         net (fo=1, routed)           1.808    -2.915    mmcm/inst/clk_out1_mmcm
    BUFGCTRL_X0Y2        BUFG (Prop_bufg_I_O)         0.096    -2.819 r  mmcm/inst/clkout1_buf/O
                         net (fo=2, routed)           2.106    -0.713    rasterixgen.videoclock/inst/clk_in1
    MMCME2_ADV_X1Y0      MMCME2_ADV (Prop_mmcme2_adv_CLKIN1_CLKOUT0)
                                                     -4.900    -5.613 r  rasterixgen.videoclock/inst/mmcm_adv_inst/CLKOUT0
                         net (fo=1, routed)           2.697    -2.915    rasterixgen.videoclock/inst/clk_out1_videoclock
    BUFGCTRL_X0Y4        BUFG (Prop_bufg_I_O)         0.096    -2.819 r  rasterixgen.videoclock/inst/clkout1_buf/O
                         net (fo=868, routed)         1.828    -0.991    rasterixgen.rasterix/memory/rasterixmem_i/interconnect/inst/clk_map/psr0/U0/aclk1
    SLICE_X162Y137       FDRE                                         r  rasterixgen.rasterix/memory/rasterixmem_i/interconnect/inst/clk_map/psr0/U0/ACTIVE_LOW_BSR_OUT_DFF[0].FDRE_BSR_N/C
  -------------------------------------------------------------------    -------------------
    SLICE_X162Y137       FDRE (Prop_fdre_C_Q)         0.518    -0.473 f  rasterixgen.rasterix/memory/rasterixmem_i/interconnect/inst/clk_map/psr0/U0/ACTIVE_LOW_BSR_OUT_DFF[0].FDRE_BSR_N/Q
                         net (fo=1, routed)           1.295     0.822    rasterixgen.rasterix/memory/rasterixmem_i/interconnect/inst/clk_map/psr0/U0/EXT_LPF/psr0_interconnect_aresetn[0]
    SLICE_X162Y150       LUT1 (Prop_lut1_I0_O)        0.124     0.946 r  rasterixgen.rasterix/memory/rasterixmem_i/interconnect/inst/clk_map/psr0/U0/EXT_LPF/ACTIVE_LOW_EXT.ACT_LO_EXT_i_1/O
                         net (fo=2, routed)           0.514     1.460    rasterixgen.rasterix/memory/rasterixmem_i/interconnect/inst/clk_map/psr_aclk/U0/EXT_LPF/ACTIVE_LOW_EXT.ACT_LO_EXT/src_in
    SLICE_X160Y150       FDRE                                         r  rasterixgen.rasterix/memory/rasterixmem_i/interconnect/inst/clk_map/psr_aclk/U0/EXT_LPF/ACTIVE_LOW_EXT.ACT_LO_EXT/syncstages_ff_reg[0]/D
  -------------------------------------------------------------------    -------------------

                         (clock clk_pll_i rise edge)
                                                      0.000     0.000 r  
    R4                                                0.000     0.000 r  clk (IN)
                         net (fo=0)                   0.000     0.000    mmcm/inst/clk_in1
    R4                   IBUF (Prop_ibuf_I_O)         1.405     1.405 r  mmcm/inst/clkin1_ibufg/O
                         net (fo=1, routed)           1.162     2.567    mmcm/inst/clk_in1_mmcm
    MMCME2_ADV_X1Y2      MMCME2_ADV (Prop_mmcme2_adv_CLKIN1_CLKOUT0)
                                                     -7.674    -5.107 r  mmcm/inst/mmcm_adv_inst/CLKOUT0
                         net (fo=1, routed)           1.723    -3.384    mmcm/inst/clk_out1_mmcm
    BUFGCTRL_X0Y2        BUFG (Prop_bufg_I_O)         0.091    -3.293 r  mmcm/inst/clkout1_buf/O
                         net (fo=2, routed)           1.636    -1.657    ddr3/u_ddr3_mig/u_ddr3_infrastructure/mmcm_clk
    PLLE2_ADV_X1Y3       PLLE2_ADV (Prop_plle2_adv_CLKIN1_CLKOUT3)
                                                      0.083    -1.574 r  ddr3/u_ddr3_mig/u_ddr3_infrastructure/plle2_i/CLKOUT3
                         net (fo=1, routed)           1.289    -0.285    ddr3/u_ddr3_mig/u_ddr3_infrastructure/pll_clk3_out
    BUFHCE_X1Y36         BUFH (Prop_bufh_I_O)         0.081    -0.204 r  ddr3/u_ddr3_mig/u_ddr3_infrastructure/u_bufh_pll_clk3/O
                         net (fo=1, routed)           0.904     0.700    ddr3/u_ddr3_mig/u_ddr3_infrastructure/pll_clk3
    MMCME2_ADV_X1Y3      MMCME2_ADV (Prop_mmcme2_adv_CLKIN1_CLKFBOUT)
                                                     -3.425    -2.725 r  ddr3/u_ddr3_mig/u_ddr3_infrastructure/gen_mmcm.mmcm_i/CLKFBOUT
                         net (fo=1, routed)           1.723    -1.002    ddr3/u_ddr3_mig/u_ddr3_infrastructure/clk_pll_i
    BUFGCTRL_X0Y16       BUFG (Prop_bufg_I_O)         0.091    -0.911 r  ddr3/u_ddr3_mig/u_ddr3_infrastructure/u_bufg_clkdiv0/O
                         net (fo=25277, routed)       1.701     0.790    rasterixgen.rasterix/memory/rasterixmem_i/interconnect/inst/clk_map/psr_aclk/U0/EXT_LPF/ACTIVE_LOW_EXT.ACT_LO_EXT/dest_clk
    SLICE_X160Y150       FDRE                                         r  rasterixgen.rasterix/memory/rasterixmem_i/interconnect/inst/clk_map/psr_aclk/U0/EXT_LPF/ACTIVE_LOW_EXT.ACT_LO_EXT/syncstages_ff_reg[0]/C





Min Delay Paths
--------------------------------------------------------------------------------------
Slack:                    inf
  Source:                 rasterixgen.rasterix/memory/rasterixmem_i/interconnect/inst/s02_nodes/s02_ar_node/inst/inst_mi_handler/gen_normal_area.inst_fifo_node_payld/gen_xpm_memory_fifo.inst_fifo/gen_async_clocks.inst_cdc_addra_to_rd_clk/src_gray_ff_reg[3]/C
                            (rising edge-triggered cell FDRE clocked by clk_out1_videoclock  {rise@0.000ns fall@19.841ns period=39.683ns})
  Destination:            rasterixgen.rasterix/memory/rasterixmem_i/interconnect/inst/s02_nodes/s02_ar_node/inst/inst_mi_handler/gen_normal_area.inst_fifo_node_payld/gen_xpm_memory_fifo.inst_fifo/gen_async_clocks.inst_cdc_addra_to_rd_clk/dest_graysync_ff_reg[0][3]/D
                            (rising edge-triggered cell FDRE clocked by clk_pll_i  {rise@0.000ns fall@5.000ns period=10.000ns})
  Path Group:             (none)
  Path Type:              Hold (Min at Slow Process Corner)
  Data Path Delay:        0.588ns  (logic 0.337ns (57.334%)  route 0.251ns (42.666%))
  Logic Levels:           0  
  Clock Path Skew:        3.141ns (DCD - SCD - CPR)
    Destination Clock Delay (DCD):    1.468ns
    Source Clock Delay      (SCD):    -1.673ns
    Clock Pessimism Removal (CPR):    -0.000ns
  Clock Uncertainty:      0.652ns  ((TSJ^2 + DJ^2)^1/2) / 2 + PE
    Total System Jitter     (TSJ):    0.071ns
    Discrete Jitter          (DJ):    0.568ns
    Phase Error              (PE):    0.366ns
  Timing Exception:       False Path

    Location             Delay type                Incr(ns)  Path(ns)    Netlist Resource(s)
  -------------------------------------------------------------------    -------------------
                         (clock clk_out1_videoclock rise edge)
                                                      0.000     0.000 r  
    R4                                                0.000     0.000 r  clk (IN)
                         net (fo=0)                   0.000     0.000    mmcm/inst/clk_in1
    R4                   IBUF (Prop_ibuf_I_O)         1.405     1.405 r  mmcm/inst/clkin1_ibufg/O
                         net (fo=1, routed)           1.162     2.567    mmcm/inst/clk_in1_mmcm
    MMCME2_ADV_X1Y2      MMCME2_ADV (Prop_mmcme2_adv_CLKIN1_CLKOUT0)
                                                     -7.674    -5.107 r  mmcm/inst/mmcm_adv_inst/CLKOUT0
                         net (fo=1, routed)           1.723    -3.384    mmcm/inst/clk_out1_mmcm
    BUFGCTRL_X0Y2        BUFG (Prop_bufg_I_O)         0.091    -3.293 r  mmcm/inst/clkout1_buf/O
                         net (fo=2, routed)           1.972    -1.321    rasterixgen.videoclock/inst/clk_in1
    MMCME2_ADV_X1Y0      MMCME2_ADV (Prop_mmcme2_adv_CLKIN1_CLKOUT0)
                                                     -4.637    -5.958 r  rasterixgen.videoclock/inst/mmcm_adv_inst/CLKOUT0
                         net (fo=1, routed)           2.574    -3.384    rasterixgen.videoclock/inst/clk_out1_videoclock
    BUFGCTRL_X0Y4        BUFG (Prop_bufg_I_O)         0.091    -3.293 r  rasterixgen.videoclock/inst/clkout1_buf/O
                         net (fo=868, routed)         1.620    -1.673    rasterixgen.rasterix/memory/rasterixmem_i/interconnect/inst/s02_nodes/s02_ar_node/inst/inst_mi_handler/gen_normal_area.inst_fifo_node_payld/gen_xpm_memory_fifo.inst_fifo/gen_async_clocks.inst_cdc_addra_to_rd_clk/src_clk
    SLICE_X155Y166       FDRE                                         r  rasterixgen.rasterix/memory/rasterixmem_i/interconnect/inst/s02_nodes/s02_ar_node/inst/inst_mi_handler/gen_normal_area.inst_fifo_node_payld/gen_xpm_memory_fifo.inst_fifo/gen_async_clocks.inst_cdc_addra_to_rd_clk/src_gray_ff_reg[3]/C
  -------------------------------------------------------------------    -------------------
    SLICE_X155Y166       FDRE (Prop_fdre_C_Q)         0.337    -1.336 r  rasterixgen.rasterix/memory/rasterixmem_i/interconnect/inst/s02_nodes/s02_ar_node/inst/inst_mi_handler/gen_normal_area.inst_fifo_node_payld/gen_xpm_memory_fifo.inst_fifo/gen_async_clocks.inst_cdc_addra_to_rd_clk/src_gray_ff_reg[3]/Q
                         net (fo=1, routed)           0.251    -1.085    rasterixgen.rasterix/memory/rasterixmem_i/interconnect/inst/s02_nodes/s02_ar_node/inst/inst_mi_handler/gen_normal_area.inst_fifo_node_payld/gen_xpm_memory_fifo.inst_fifo/gen_async_clocks.inst_cdc_addra_to_rd_clk/async_path[3]
    SLICE_X155Y167       FDRE                                         r  rasterixgen.rasterix/memory/rasterixmem_i/interconnect/inst/s02_nodes/s02_ar_node/inst/inst_mi_handler/gen_normal_area.inst_fifo_node_payld/gen_xpm_memory_fifo.inst_fifo/gen_async_clocks.inst_cdc_addra_to_rd_clk/dest_graysync_ff_reg[0][3]/D
  -------------------------------------------------------------------    -------------------

                         (clock clk_pll_i rise edge)
                                                      0.000     0.000 r  
    R4                                                0.000     0.000 r  clk (IN)
                         net (fo=0)                   0.000     0.000    mmcm/inst/clk_in1
    R4                   IBUF (Prop_ibuf_I_O)         1.475     1.475 r  mmcm/inst/clkin1_ibufg/O
                         net (fo=1, routed)           1.233     2.708    mmcm/inst/clk_in1_mmcm
    MMCME2_ADV_X1Y2      MMCME2_ADV (Prop_mmcme2_adv_CLKIN1_CLKOUT0)
                                                     -7.432    -4.724 r  mmcm/inst/mmcm_adv_inst/CLKOUT0
                         net (fo=1, routed)           1.808    -2.915    mmcm/inst/clk_out1_mmcm
    BUFGCTRL_X0Y2        BUFG (Prop_bufg_I_O)         0.096    -2.819 r  mmcm/inst/clkout1_buf/O
                         net (fo=2, routed)           1.754    -1.065    ddr3/u_ddr3_mig/u_ddr3_infrastructure/mmcm_clk
    PLLE2_ADV_X1Y3       PLLE2_ADV (Prop_plle2_adv_CLKIN1_CLKOUT3)
                                                      0.088    -0.977 r  ddr3/u_ddr3_mig/u_ddr3_infrastructure/plle2_i/CLKOUT3
                         net (fo=1, routed)           1.370     0.393    ddr3/u_ddr3_mig/u_ddr3_infrastructure/pll_clk3_out
    BUFHCE_X1Y36         BUFH (Prop_bufh_I_O)         0.127     0.520 r  ddr3/u_ddr3_mig/u_ddr3_infrastructure/u_bufh_pll_clk3/O
                         net (fo=1, routed)           0.943     1.463    ddr3/u_ddr3_mig/u_ddr3_infrastructure/pll_clk3
    MMCME2_ADV_X1Y3      MMCME2_ADV (Prop_mmcme2_adv_CLKIN1_CLKFBOUT)
                                                     -3.633    -2.171 r  ddr3/u_ddr3_mig/u_ddr3_infrastructure/gen_mmcm.mmcm_i/CLKFBOUT
                         net (fo=1, routed)           1.808    -0.362    ddr3/u_ddr3_mig/u_ddr3_infrastructure/clk_pll_i
    BUFGCTRL_X0Y16       BUFG (Prop_bufg_I_O)         0.096    -0.266 r  ddr3/u_ddr3_mig/u_ddr3_infrastructure/u_bufg_clkdiv0/O
                         net (fo=25277, routed)       1.734     1.468    rasterixgen.rasterix/memory/rasterixmem_i/interconnect/inst/s02_nodes/s02_ar_node/inst/inst_mi_handler/gen_normal_area.inst_fifo_node_payld/gen_xpm_memory_fifo.inst_fifo/gen_async_clocks.inst_cdc_addra_to_rd_clk/dest_clk
    SLICE_X155Y167       FDRE                                         r  rasterixgen.rasterix/memory/rasterixmem_i/interconnect/inst/s02_nodes/s02_ar_node/inst/inst_mi_handler/gen_normal_area.inst_fifo_node_payld/gen_xpm_memory_fifo.inst_fifo/gen_async_clocks.inst_cdc_addra_to_rd_clk/dest_graysync_ff_reg[0][3]/C





--------------------------------------------------------------------------------------
Path Group:  (none)
From Clock:  clk_out3_mmcm
  To Clock:  clk_pll_i

Max Delay           186 Endpoints
Min Delay           224 Endpoints
--------------------------------------------------------------------------------------


Max Delay Paths
--------------------------------------------------------------------------------------
Slack:                    inf
  Source:                 cpureset/U0/ACTIVE_LOW_PR_OUT_DFF[0].FDRE_PER_N/C
                            (rising edge-triggered cell FDRE clocked by clk_out3_mmcm  {rise@0.000ns fall@25.000ns period=50.000ns})
  Destination:            fpgaTop/clkconverter/clkconverter_axi_clock_converter_v2_1_35_axi_clock_converter/<hidden>/<hidden>/<hidden>/<hidden>/<hidden>/<hidden>
                            (recovery check against rising-edge clock clk_pll_i  {rise@0.000ns fall@5.000ns period=10.000ns})
  Path Group:             (none)
  Path Type:              Recovery (Max at Slow Process Corner)
  Data Path Delay:        5.628ns  (logic 0.642ns (11.407%)  route 4.986ns (88.593%))
  Logic Levels:           1  (LUT2=1)
  Clock Path Skew:        1.895ns (DCD - SCD + CPR)
    Destination Clock Delay (DCD):    0.729ns
    Source Clock Delay      (SCD):    -1.166ns
    Clock Pessimism Removal (CPR):    0.000ns
  Clock Uncertainty:      0.228ns  ((TSJ^2 + DJ^2)^1/2) / 2 + PE
    Total System Jitter     (TSJ):    0.071ns
    Discrete Jitter          (DJ):    0.103ns
    Phase Error              (PE):    0.166ns
  Timing Exception:       False Path

    Location             Delay type                Incr(ns)  Path(ns)    Netlist Resource(s)
  -------------------------------------------------------------------    -------------------
                         (clock clk_out3_mmcm rise edge)
                                                      0.000     0.000 r  
    R4                                                0.000     0.000 r  clk (IN)
                         net (fo=0)                   0.000     0.000    mmcm/inst/clk_in1
    R4                   IBUF (Prop_ibuf_I_O)         1.475     1.475 r  mmcm/inst/clkin1_ibufg/O
                         net (fo=1, routed)           1.233     2.708    mmcm/inst/clk_in1_mmcm
    MMCME2_ADV_X1Y2      MMCME2_ADV (Prop_mmcme2_adv_CLKIN1_CLKOUT2)
                                                     -7.432    -4.724 r  mmcm/inst/mmcm_adv_inst/CLKOUT2
                         net (fo=1, routed)           1.808    -2.915    mmcm/inst/clk_out3_mmcm
    BUFGCTRL_X0Y3        BUFG (Prop_bufg_I_O)         0.096    -2.819 r  mmcm/inst/clkout3_buf/O
                         net (fo=26024, routed)       1.653    -1.166    cpureset/U0/slowest_sync_clk
    SLICE_X92Y187        FDRE                                         r  cpureset/U0/ACTIVE_LOW_PR_OUT_DFF[0].FDRE_PER_N/C
  -------------------------------------------------------------------    -------------------
    SLICE_X92Y187        FDRE (Prop_fdre_C_Q)         0.518    -0.648 r  cpureset/U0/ACTIVE_LOW_PR_OUT_DFF[0].FDRE_PER_N/Q
                         net (fo=18, routed)          2.353     1.704    clkconverter/inst/s_axi_aresetn
    SLICE_X117Y157       LUT2 (Prop_lut2_I0_O)        0.124     1.828 f  clkconverter/inst/gen_clock_conv.gen_async_conv.asyncfifo_axi_i_1/O
                         net (fo=20, routed)          2.634     4.462    fpgaTop/clkconverter/clkconverter_axi_clock_converter_v2_1_35_axi_clock_converter/<hidden>/<hidden>/<hidden>/<hidden>/<hidden>/<hidden>
    SLICE_X144Y149       FDPE                                         f  fpgaTop/clkconverter/clkconverter_axi_clock_converter_v2_1_35_axi_clock_converter/<hidden>/<hidden>/<hidden>/<hidden>/<hidden>/<hidden>
  -------------------------------------------------------------------    -------------------

                         (clock clk_pll_i rise edge)
                                                      0.000     0.000 r  
    R4                                                0.000     0.000 r  clk (IN)
                         net (fo=0)                   0.000     0.000    mmcm/inst/clk_in1
    R4                   IBUF (Prop_ibuf_I_O)         1.405     1.405 r  mmcm/inst/clkin1_ibufg/O
                         net (fo=1, routed)           1.162     2.567    mmcm/inst/clk_in1_mmcm
    MMCME2_ADV_X1Y2      MMCME2_ADV (Prop_mmcme2_adv_CLKIN1_CLKOUT0)
                                                     -7.674    -5.107 r  mmcm/inst/mmcm_adv_inst/CLKOUT0
                         net (fo=1, routed)           1.723    -3.384    mmcm/inst/clk_out1_mmcm
    BUFGCTRL_X0Y2        BUFG (Prop_bufg_I_O)         0.091    -3.293 r  mmcm/inst/clkout1_buf/O
                         net (fo=2, routed)           1.636    -1.657    ddr3/u_ddr3_mig/u_ddr3_infrastructure/mmcm_clk
    PLLE2_ADV_X1Y3       PLLE2_ADV (Prop_plle2_adv_CLKIN1_CLKOUT3)
                                                      0.083    -1.574 r  ddr3/u_ddr3_mig/u_ddr3_infrastructure/plle2_i/CLKOUT3
                         net (fo=1, routed)           1.289    -0.285    ddr3/u_ddr3_mig/u_ddr3_infrastructure/pll_clk3_out
    BUFHCE_X1Y36         BUFH (Prop_bufh_I_O)         0.081    -0.204 r  ddr3/u_ddr3_mig/u_ddr3_infrastructure/u_bufh_pll_clk3/O
                         net (fo=1, routed)           0.904     0.700    ddr3/u_ddr3_mig/u_ddr3_infrastructure/pll_clk3
    MMCME2_ADV_X1Y3      MMCME2_ADV (Prop_mmcme2_adv_CLKIN1_CLKFBOUT)
                                                     -3.425    -2.725 r  ddr3/u_ddr3_mig/u_ddr3_infrastructure/gen_mmcm.mmcm_i/CLKFBOUT
                         net (fo=1, routed)           1.723    -1.002    ddr3/u_ddr3_mig/u_ddr3_infrastructure/clk_pll_i
    BUFGCTRL_X0Y16       BUFG (Prop_bufg_I_O)         0.091    -0.911 r  ddr3/u_ddr3_mig/u_ddr3_infrastructure/u_bufg_clkdiv0/O
                         net (fo=25277, routed)       1.639     0.729    fpgaTop/clkconverter/clkconverter_axi_clock_converter_v2_1_35_axi_clock_converter/<hidden>/<hidden>/<hidden>/<hidden>/<hidden>/<hidden>
    SLICE_X144Y149       FDPE                                         r  fpgaTop/clkconverter/clkconverter_axi_clock_converter_v2_1_35_axi_clock_converter/<hidden>/<hidden>/<hidden>/<hidden>/<hidden>/<hidden>





Min Delay Paths
--------------------------------------------------------------------------------------
Slack:                    inf
  Source:                 rasterixgen.rasterix/responsefifo/inst/gen_fifo.xpm_fifo_axis_inst/xpm_fifo_base_inst/xpm_fifo_rst_inst/gen_rst_ic.fifo_rd_rst_ic_reg/C
                            (rising edge-triggered cell FDRE clocked by clk_out3_mmcm  {rise@0.000ns fall@25.000ns period=50.000ns})
  Destination:            rasterixgen.rasterix/responsefifo/inst/gen_fifo.xpm_fifo_axis_inst/xpm_fifo_base_inst/xpm_fifo_rst_inst/gen_rst_ic.rrst_wr_inst/syncstages_ff_reg[0]/D
                            (rising edge-triggered cell FDRE clocked by clk_pll_i  {rise@0.000ns fall@5.000ns period=10.000ns})
  Path Group:             (none)
  Path Type:              Hold (Min at Slow Process Corner)
  Data Path Delay:        0.512ns  (logic 0.367ns (71.611%)  route 0.145ns (28.389%))
  Logic Levels:           0  
  Clock Path Skew:        3.149ns (DCD - SCD - CPR)
    Destination Clock Delay (DCD):    1.380ns
    Source Clock Delay      (SCD):    -1.768ns
    Clock Pessimism Removal (CPR):    -0.000ns
  Clock Uncertainty:      0.228ns  ((TSJ^2 + DJ^2)^1/2) / 2 + PE
    Total System Jitter     (TSJ):    0.071ns
    Discrete Jitter          (DJ):    0.103ns
    Phase Error              (PE):    0.166ns
  Timing Exception:       False Path

    Location             Delay type                Incr(ns)  Path(ns)    Netlist Resource(s)
  -------------------------------------------------------------------    -------------------
                         (clock clk_out3_mmcm rise edge)
                                                      0.000     0.000 r  
    R4                                                0.000     0.000 r  clk (IN)
                         net (fo=0)                   0.000     0.000    mmcm/inst/clk_in1
    R4                   IBUF (Prop_ibuf_I_O)         1.405     1.405 r  mmcm/inst/clkin1_ibufg/O
                         net (fo=1, routed)           1.162     2.567    mmcm/inst/clk_in1_mmcm
    MMCME2_ADV_X1Y2      MMCME2_ADV (Prop_mmcme2_adv_CLKIN1_CLKOUT2)
                                                     -7.674    -5.107 r  mmcm/inst/mmcm_adv_inst/CLKOUT2
                         net (fo=1, routed)           1.723    -3.384    mmcm/inst/clk_out3_mmcm
    BUFGCTRL_X0Y3        BUFG (Prop_bufg_I_O)         0.091    -3.293 r  mmcm/inst/clkout3_buf/O
                         net (fo=26024, routed)       1.524    -1.768    rasterixgen.rasterix/responsefifo/inst/gen_fifo.xpm_fifo_axis_inst/xpm_fifo_base_inst/xpm_fifo_rst_inst/rd_clk
    SLICE_X78Y146        FDRE                                         r  rasterixgen.rasterix/responsefifo/inst/gen_fifo.xpm_fifo_axis_inst/xpm_fifo_base_inst/xpm_fifo_rst_inst/gen_rst_ic.fifo_rd_rst_ic_reg/C
  -------------------------------------------------------------------    -------------------
    SLICE_X78Y146        FDRE (Prop_fdre_C_Q)         0.367    -1.401 r  rasterixgen.rasterix/responsefifo/inst/gen_fifo.xpm_fifo_axis_inst/xpm_fifo_base_inst/xpm_fifo_rst_inst/gen_rst_ic.fifo_rd_rst_ic_reg/Q
                         net (fo=34, routed)          0.145    -1.256    rasterixgen.rasterix/responsefifo/inst/gen_fifo.xpm_fifo_axis_inst/xpm_fifo_base_inst/xpm_fifo_rst_inst/gen_rst_ic.rrst_wr_inst/src_rst
    SLICE_X79Y146        FDRE                                         r  rasterixgen.rasterix/responsefifo/inst/gen_fifo.xpm_fifo_axis_inst/xpm_fifo_base_inst/xpm_fifo_rst_inst/gen_rst_ic.rrst_wr_inst/syncstages_ff_reg[0]/D
  -------------------------------------------------------------------    -------------------

                         (clock clk_pll_i rise edge)
                                                      0.000     0.000 r  
    R4                                                0.000     0.000 r  clk (IN)
                         net (fo=0)                   0.000     0.000    mmcm/inst/clk_in1
    R4                   IBUF (Prop_ibuf_I_O)         1.475     1.475 r  mmcm/inst/clkin1_ibufg/O
                         net (fo=1, routed)           1.233     2.708    mmcm/inst/clk_in1_mmcm
    MMCME2_ADV_X1Y2      MMCME2_ADV (Prop_mmcme2_adv_CLKIN1_CLKOUT0)
                                                     -7.432    -4.724 r  mmcm/inst/mmcm_adv_inst/CLKOUT0
                         net (fo=1, routed)           1.808    -2.915    mmcm/inst/clk_out1_mmcm
    BUFGCTRL_X0Y2        BUFG (Prop_bufg_I_O)         0.096    -2.819 r  mmcm/inst/clkout1_buf/O
                         net (fo=2, routed)           1.754    -1.065    ddr3/u_ddr3_mig/u_ddr3_infrastructure/mmcm_clk
    PLLE2_ADV_X1Y3       PLLE2_ADV (Prop_plle2_adv_CLKIN1_CLKOUT3)
                                                      0.088    -0.977 r  ddr3/u_ddr3_mig/u_ddr3_infrastructure/plle2_i/CLKOUT3
                         net (fo=1, routed)           1.370     0.393    ddr3/u_ddr3_mig/u_ddr3_infrastructure/pll_clk3_out
    BUFHCE_X1Y36         BUFH (Prop_bufh_I_O)         0.127     0.520 r  ddr3/u_ddr3_mig/u_ddr3_infrastructure/u_bufh_pll_clk3/O
                         net (fo=1, routed)           0.943     1.463    ddr3/u_ddr3_mig/u_ddr3_infrastructure/pll_clk3
    MMCME2_ADV_X1Y3      MMCME2_ADV (Prop_mmcme2_adv_CLKIN1_CLKFBOUT)
                                                     -3.633    -2.171 r  ddr3/u_ddr3_mig/u_ddr3_infrastructure/gen_mmcm.mmcm_i/CLKFBOUT
                         net (fo=1, routed)           1.808    -0.362    ddr3/u_ddr3_mig/u_ddr3_infrastructure/clk_pll_i
    BUFGCTRL_X0Y16       BUFG (Prop_bufg_I_O)         0.096    -0.266 r  ddr3/u_ddr3_mig/u_ddr3_infrastructure/u_bufg_clkdiv0/O
                         net (fo=25277, routed)       1.646     1.380    rasterixgen.rasterix/responsefifo/inst/gen_fifo.xpm_fifo_axis_inst/xpm_fifo_base_inst/xpm_fifo_rst_inst/gen_rst_ic.rrst_wr_inst/dest_clk
    SLICE_X79Y146        FDRE                                         r  rasterixgen.rasterix/responsefifo/inst/gen_fifo.xpm_fifo_axis_inst/xpm_fifo_base_inst/xpm_fifo_rst_inst/gen_rst_ic.rrst_wr_inst/syncstages_ff_reg[0]/C





--------------------------------------------------------------------------------------
Path Group:  (none)
From Clock:  clk_pll_i
  To Clock:  clk_pll_i

Max Delay            97 Endpoints
Min Delay            97 Endpoints
--------------------------------------------------------------------------------------


Max Delay Paths
--------------------------------------------------------------------------------------
Slack:                    inf
  Source:                 ddrreset/U0/ACTIVE_LOW_PR_OUT_DFF[0].FDRE_PER_N/C
                            (rising edge-triggered cell FDRE clocked by clk_pll_i  {rise@0.000ns fall@5.000ns period=10.000ns})
  Destination:            fpgaTop/clkconverter/clkconverter_axi_clock_converter_v2_1_35_axi_clock_converter/<hidden>/<hidden>/<hidden>/<hidden>/<hidden>/<hidden>
                            (recovery check against rising-edge clock clk_pll_i  {rise@0.000ns fall@5.000ns period=10.000ns})
  Path Group:             (none)
  Path Type:              Recovery (Max at Slow Process Corner)
  Data Path Delay:        8.518ns  (logic 0.773ns (9.075%)  route 7.745ns (90.925%))
  Logic Levels:           1  (LUT2=1)
  Clock Path Skew:        -0.652ns (DCD - SCD + CPR)
    Destination Clock Delay (DCD):    0.729ns
    Source Clock Delay      (SCD):    1.381ns
    Clock Pessimism Removal (CPR):    0.000ns
  Clock Uncertainty:      0.060ns  ((TSJ^2 + DJ^2)^1/2) / 2 + PE
    Total System Jitter     (TSJ):    0.071ns
    Discrete Jitter          (DJ):    0.098ns
    Phase Error              (PE):    0.000ns
  Timing Exception:       False Path

    Location             Delay type                Incr(ns)  Path(ns)    Netlist Resource(s)
  -------------------------------------------------------------------    -------------------
                         (clock clk_pll_i rise edge)
                                                      0.000     0.000 r  
    R4                                                0.000     0.000 r  clk (IN)
                         net (fo=0)                   0.000     0.000    mmcm/inst/clk_in1
    R4                   IBUF (Prop_ibuf_I_O)         1.475     1.475 r  mmcm/inst/clkin1_ibufg/O
                         net (fo=1, routed)           1.233     2.708    mmcm/inst/clk_in1_mmcm
    MMCME2_ADV_X1Y2      MMCME2_ADV (Prop_mmcme2_adv_CLKIN1_CLKOUT0)
                                                     -7.432    -4.724 r  mmcm/inst/mmcm_adv_inst/CLKOUT0
                         net (fo=1, routed)           1.808    -2.915    mmcm/inst/clk_out1_mmcm
    BUFGCTRL_X0Y2        BUFG (Prop_bufg_I_O)         0.096    -2.819 r  mmcm/inst/clkout1_buf/O
                         net (fo=2, routed)           1.754    -1.065    ddr3/u_ddr3_mig/u_ddr3_infrastructure/mmcm_clk
    PLLE2_ADV_X1Y3       PLLE2_ADV (Prop_plle2_adv_CLKIN1_CLKOUT3)
                                                      0.088    -0.977 r  ddr3/u_ddr3_mig/u_ddr3_infrastructure/plle2_i/CLKOUT3
                         net (fo=1, routed)           1.370     0.393    ddr3/u_ddr3_mig/u_ddr3_infrastructure/pll_clk3_out
    BUFHCE_X1Y36         BUFH (Prop_bufh_I_O)         0.127     0.520 r  ddr3/u_ddr3_mig/u_ddr3_infrastructure/u_bufh_pll_clk3/O
                         net (fo=1, routed)           0.943     1.463    ddr3/u_ddr3_mig/u_ddr3_infrastructure/pll_clk3
    MMCME2_ADV_X1Y3      MMCME2_ADV (Prop_mmcme2_adv_CLKIN1_CLKFBOUT)
                                                     -3.633    -2.171 r  ddr3/u_ddr3_mig/u_ddr3_infrastructure/gen_mmcm.mmcm_i/CLKFBOUT
                         net (fo=1, routed)           1.808    -0.362    ddr3/u_ddr3_mig/u_ddr3_infrastructure/clk_pll_i
    BUFGCTRL_X0Y16       BUFG (Prop_bufg_I_O)         0.096    -0.266 r  ddr3/u_ddr3_mig/u_ddr3_infrastructure/u_bufg_clkdiv0/O
                         net (fo=25277, routed)       1.647     1.381    ddrreset/U0/slowest_sync_clk
    SLICE_X88Y196        FDRE                                         r  ddrreset/U0/ACTIVE_LOW_PR_OUT_DFF[0].FDRE_PER_N/C
  -------------------------------------------------------------------    -------------------
    SLICE_X88Y196        FDRE (Prop_fdre_C_Q)         0.478     1.859 r  ddrreset/U0/ACTIVE_LOW_PR_OUT_DFF[0].FDRE_PER_N/Q
                         net (fo=378, routed)         5.111     6.970    clkconverter/inst/m_axi_aresetn
    SLICE_X117Y157       LUT2 (Prop_lut2_I1_O)        0.295     7.265 f  clkconverter/inst/gen_clock_conv.gen_async_conv.asyncfifo_axi_i_1/O
                         net (fo=20, routed)          2.634     9.899    fpgaTop/clkconverter/clkconverter_axi_clock_converter_v2_1_35_axi_clock_converter/<hidden>/<hidden>/<hidden>/<hidden>/<hidden>/<hidden>
    SLICE_X144Y149       FDPE                                         f  fpgaTop/clkconverter/clkconverter_axi_clock_converter_v2_1_35_axi_clock_converter/<hidden>/<hidden>/<hidden>/<hidden>/<hidden>/<hidden>
  -------------------------------------------------------------------    -------------------

                         (clock clk_pll_i rise edge)
                                                      0.000     0.000 r  
    R4                                                0.000     0.000 r  clk (IN)
                         net (fo=0)                   0.000     0.000    mmcm/inst/clk_in1
    R4                   IBUF (Prop_ibuf_I_O)         1.405     1.405 r  mmcm/inst/clkin1_ibufg/O
                         net (fo=1, routed)           1.162     2.567    mmcm/inst/clk_in1_mmcm
    MMCME2_ADV_X1Y2      MMCME2_ADV (Prop_mmcme2_adv_CLKIN1_CLKOUT0)
                                                     -7.674    -5.107 r  mmcm/inst/mmcm_adv_inst/CLKOUT0
                         net (fo=1, routed)           1.723    -3.384    mmcm/inst/clk_out1_mmcm
    BUFGCTRL_X0Y2        BUFG (Prop_bufg_I_O)         0.091    -3.293 r  mmcm/inst/clkout1_buf/O
                         net (fo=2, routed)           1.636    -1.657    ddr3/u_ddr3_mig/u_ddr3_infrastructure/mmcm_clk
    PLLE2_ADV_X1Y3       PLLE2_ADV (Prop_plle2_adv_CLKIN1_CLKOUT3)
                                                      0.083    -1.574 r  ddr3/u_ddr3_mig/u_ddr3_infrastructure/plle2_i/CLKOUT3
                         net (fo=1, routed)           1.289    -0.285    ddr3/u_ddr3_mig/u_ddr3_infrastructure/pll_clk3_out
    BUFHCE_X1Y36         BUFH (Prop_bufh_I_O)         0.081    -0.204 r  ddr3/u_ddr3_mig/u_ddr3_infrastructure/u_bufh_pll_clk3/O
                         net (fo=1, routed)           0.904     0.700    ddr3/u_ddr3_mig/u_ddr3_infrastructure/pll_clk3
    MMCME2_ADV_X1Y3      MMCME2_ADV (Prop_mmcme2_adv_CLKIN1_CLKFBOUT)
                                                     -3.425    -2.725 r  ddr3/u_ddr3_mig/u_ddr3_infrastructure/gen_mmcm.mmcm_i/CLKFBOUT
                         net (fo=1, routed)           1.723    -1.002    ddr3/u_ddr3_mig/u_ddr3_infrastructure/clk_pll_i
    BUFGCTRL_X0Y16       BUFG (Prop_bufg_I_O)         0.091    -0.911 r  ddr3/u_ddr3_mig/u_ddr3_infrastructure/u_bufg_clkdiv0/O
                         net (fo=25277, routed)       1.639     0.729    fpgaTop/clkconverter/clkconverter_axi_clock_converter_v2_1_35_axi_clock_converter/<hidden>/<hidden>/<hidden>/<hidden>/<hidden>/<hidden>
    SLICE_X144Y149       FDPE                                         r  fpgaTop/clkconverter/clkconverter_axi_clock_converter_v2_1_35_axi_clock_converter/<hidden>/<hidden>/<hidden>/<hidden>/<hidden>/<hidden>





Min Delay Paths
--------------------------------------------------------------------------------------
Slack:                    inf
  Source:                 rasterixgen.rasterix/memory/rasterixmem_i/interconnect/inst/clk_map/psr_aclk/U0/ACTIVE_LOW_BSR_OUT_DFF[0].FDRE_BSR_N/C
                            (rising edge-triggered cell FDRE clocked by clk_pll_i  {rise@0.000ns fall@5.000ns period=10.000ns})
  Destination:            rasterixgen.rasterix/memory/rasterixmem_i/interconnect/inst/s00_nodes/s00_ar_node/inst/s_sc_xpm_cdc_async_rst_inst/arststages_ff_reg[0]/CLR
                            (removal check against rising-edge clock clk_pll_i  {rise@0.000ns fall@5.000ns period=10.000ns})
  Path Group:             (none)
  Path Type:              Removal (Min at Fast Process Corner)
  Data Path Delay:        0.719ns  (logic 0.186ns (25.883%)  route 0.533ns (74.117%))
  Logic Levels:           1  (LUT1=1)
  Clock Path Skew:        0.053ns (DCD - SCD - CPR)
    Destination Clock Delay (DCD):    0.210ns
    Source Clock Delay      (SCD):    0.157ns
    Clock Pessimism Removal (CPR):    -0.000ns
  Clock Uncertainty:      0.060ns  ((TSJ^2 + DJ^2)^1/2) / 2 + PE
    Total System Jitter     (TSJ):    0.071ns
    Discrete Jitter          (DJ):    0.098ns
    Phase Error              (PE):    0.000ns
  Timing Exception:       False Path

    Location             Delay type                Incr(ns)  Path(ns)    Netlist Resource(s)
  -------------------------------------------------------------------    -------------------
                         (clock clk_pll_i rise edge)
                                                      0.000     0.000 r  
    R4                                                0.000     0.000 r  clk (IN)
                         net (fo=0)                   0.000     0.000    mmcm/inst/clk_in1
    R4                   IBUF (Prop_ibuf_I_O)         0.243     0.243 r  mmcm/inst/clkin1_ibufg/O
                         net (fo=1, routed)           0.440     0.683    mmcm/inst/clk_in1_mmcm
    MMCME2_ADV_X1Y2      MMCME2_ADV (Prop_mmcme2_adv_CLKIN1_CLKOUT0)
                                                     -2.540    -1.856 r  mmcm/inst/mmcm_adv_inst/CLKOUT0
                         net (fo=1, routed)           0.531    -1.325    mmcm/inst/clk_out1_mmcm
    BUFGCTRL_X0Y2        BUFG (Prop_bufg_I_O)         0.026    -1.299 r  mmcm/inst/clkout1_buf/O
                         net (fo=2, routed)           0.606    -0.694    ddr3/u_ddr3_mig/u_ddr3_infrastructure/mmcm_clk
    PLLE2_ADV_X1Y3       PLLE2_ADV (Prop_plle2_adv_CLKIN1_CLKOUT3)
                                                      0.050    -0.644 r  ddr3/u_ddr3_mig/u_ddr3_infrastructure/plle2_i/CLKOUT3
                         net (fo=1, routed)           0.426    -0.218    ddr3/u_ddr3_mig/u_ddr3_infrastructure/pll_clk3_out
    BUFHCE_X1Y36         BUFH (Prop_bufh_I_O)         0.020    -0.198 r  ddr3/u_ddr3_mig/u_ddr3_infrastructure/u_bufh_pll_clk3/O
                         net (fo=1, routed)           0.313     0.115    ddr3/u_ddr3_mig/u_ddr3_infrastructure/pll_clk3
    MMCME2_ADV_X1Y3      MMCME2_ADV (Prop_mmcme2_adv_CLKIN1_CLKFBOUT)
                                                     -1.156    -1.040 r  ddr3/u_ddr3_mig/u_ddr3_infrastructure/gen_mmcm.mmcm_i/CLKFBOUT
                         net (fo=1, routed)           0.531    -0.509    ddr3/u_ddr3_mig/u_ddr3_infrastructure/clk_pll_i
    BUFGCTRL_X0Y16       BUFG (Prop_bufg_I_O)         0.026    -0.483 r  ddr3/u_ddr3_mig/u_ddr3_infrastructure/u_bufg_clkdiv0/O
                         net (fo=25277, routed)       0.641     0.157    rasterixgen.rasterix/memory/rasterixmem_i/interconnect/inst/clk_map/psr_aclk/U0/aclk
    SLICE_X159Y160       FDRE                                         r  rasterixgen.rasterix/memory/rasterixmem_i/interconnect/inst/clk_map/psr_aclk/U0/ACTIVE_LOW_BSR_OUT_DFF[0].FDRE_BSR_N/C
  -------------------------------------------------------------------    -------------------
    SLICE_X159Y160       FDRE (Prop_fdre_C_Q)         0.141     0.298 r  rasterixgen.rasterix/memory/rasterixmem_i/interconnect/inst/clk_map/psr_aclk/U0/ACTIVE_LOW_BSR_OUT_DFF[0].FDRE_BSR_N/Q
                         net (fo=24, routed)          0.353     0.652    rasterixgen.rasterix/memory/rasterixmem_i/interconnect/inst/s00_nodes/s00_ar_node/inst/s_sc_xpm_cdc_async_rst_inst/src_arst
    SLICE_X158Y163       LUT1 (Prop_lut1_I0_O)        0.045     0.697 f  rasterixgen.rasterix/memory/rasterixmem_i/interconnect/inst/s00_nodes/s00_ar_node/inst/s_sc_xpm_cdc_async_rst_inst/arststages_ff[2]_i_1/O
                         net (fo=3, routed)           0.179     0.876    rasterixgen.rasterix/memory/rasterixmem_i/interconnect/inst/s00_nodes/s00_ar_node/inst/s_sc_xpm_cdc_async_rst_inst/reset_pol
    SLICE_X158Y163       FDCE                                         f  rasterixgen.rasterix/memory/rasterixmem_i/interconnect/inst/s00_nodes/s00_ar_node/inst/s_sc_xpm_cdc_async_rst_inst/arststages_ff_reg[0]/CLR
  -------------------------------------------------------------------    -------------------

                         (clock clk_pll_i rise edge)
                                                      0.000     0.000 r  
    R4                                                0.000     0.000 r  clk (IN)
                         net (fo=0)                   0.000     0.000    mmcm/inst/clk_in1
    R4                   IBUF (Prop_ibuf_I_O)         0.431     0.431 r  mmcm/inst/clkin1_ibufg/O
                         net (fo=1, routed)           0.480     0.911    mmcm/inst/clk_in1_mmcm
    MMCME2_ADV_X1Y2      MMCME2_ADV (Prop_mmcme2_adv_CLKIN1_CLKOUT0)
                                                     -3.332    -2.421 r  mmcm/inst/mmcm_adv_inst/CLKOUT0
                         net (fo=1, routed)           0.579    -1.843    mmcm/inst/clk_out1_mmcm
    BUFGCTRL_X0Y2        BUFG (Prop_bufg_I_O)         0.029    -1.814 r  mmcm/inst/clkout1_buf/O
                         net (fo=2, routed)           0.875    -0.939    ddr3/u_ddr3_mig/u_ddr3_infrastructure/mmcm_clk
    PLLE2_ADV_X1Y3       PLLE2_ADV (Prop_plle2_adv_CLKIN1_CLKOUT3)
                                                      0.053    -0.886 r  ddr3/u_ddr3_mig/u_ddr3_infrastructure/plle2_i/CLKOUT3
                         net (fo=1, routed)           0.472    -0.414    ddr3/u_ddr3_mig/u_ddr3_infrastructure/pll_clk3_out
    BUFHCE_X1Y36         BUFH (Prop_bufh_I_O)         0.043    -0.371 r  ddr3/u_ddr3_mig/u_ddr3_infrastructure/u_bufh_pll_clk3/O
                         net (fo=1, routed)           0.538     0.167    ddr3/u_ddr3_mig/u_ddr3_infrastructure/pll_clk3
    MMCME2_ADV_X1Y3      MMCME2_ADV (Prop_mmcme2_adv_CLKIN1_CLKFBOUT)
                                                     -1.475    -1.308 r  ddr3/u_ddr3_mig/u_ddr3_infrastructure/gen_mmcm.mmcm_i/CLKFBOUT
                         net (fo=1, routed)           0.579    -0.730    ddr3/u_ddr3_mig/u_ddr3_infrastructure/clk_pll_i
    BUFGCTRL_X0Y16       BUFG (Prop_bufg_I_O)         0.029    -0.701 r  ddr3/u_ddr3_mig/u_ddr3_infrastructure/u_bufg_clkdiv0/O
                         net (fo=25277, routed)       0.910     0.210    rasterixgen.rasterix/memory/rasterixmem_i/interconnect/inst/s00_nodes/s00_ar_node/inst/s_sc_xpm_cdc_async_rst_inst/dest_clk
    SLICE_X158Y163       FDCE                                         r  rasterixgen.rasterix/memory/rasterixmem_i/interconnect/inst/s00_nodes/s00_ar_node/inst/s_sc_xpm_cdc_async_rst_inst/arststages_ff_reg[0]/C





--------------------------------------------------------------------------------------
Path Group:  (none)
From Clock:  mem_refclk
  To Clock:  clk_pll_i

Max Delay             2 Endpoints
Min Delay             2 Endpoints
--------------------------------------------------------------------------------------


Max Delay Paths
--------------------------------------------------------------------------------------
Slack:                    inf
  Source:                 ddr3/u_ddr3_mig/u_memc_ui_top_axi/mem_intfc0/ddr_phy_top0/u_ddr_mc_phy_wrapper/u_ddr_mc_phy/ddr_phy_4lanes_0.u_ddr_phy_4lanes/ddr_byte_lane_C.ddr_byte_lane_C/phaser_in_gen.phaser_in/MEMREFCLK
                            (rising edge-triggered cell PHASER_IN_PHY clocked by mem_refclk  {rise@0.000ns fall@1.250ns period=2.500ns})
  Destination:            ddr3/u_ddr3_mig/u_memc_ui_top_axi/mem_intfc0/ddr_phy_top0/u_ddr_calib_top/dqsfind_calib_left.u_ddr_phy_dqs_found_cal_hr/pi_dqs_found_lanes_r1_reg[2]/D
                            (rising edge-triggered cell FDRE clocked by clk_pll_i  {rise@0.000ns fall@5.000ns period=10.000ns})
  Path Group:             (none)
  Path Type:              Setup (Max at Slow Process Corner)
  Data Path Delay:        2.976ns  (logic 0.402ns (13.507%)  route 2.574ns (86.493%))
  Logic Levels:           0  
  Clock Path Skew:        1.340ns (DCD - SCD + CPR)
    Destination Clock Delay (DCD):    0.970ns
    Source Clock Delay      (SCD):    -0.370ns
    Clock Pessimism Removal (CPR):    0.000ns
  Clock Uncertainty:      0.226ns  ((TSJ^2 + DJ^2)^1/2) / 2 + PE
    Total System Jitter     (TSJ):    0.071ns
    Discrete Jitter          (DJ):    0.098ns
    Phase Error              (PE):    0.166ns
  Timing Exception:       False Path

    Location             Delay type                Incr(ns)  Path(ns)    Netlist Resource(s)
  -------------------------------------------------------------------    -------------------
                         (clock mem_refclk rise edge)
                                                      0.000     0.000 r  
    R4                                                0.000     0.000 r  clk (IN)
                         net (fo=0)                   0.000     0.000    mmcm/inst/clk_in1
    R4                   IBUF (Prop_ibuf_I_O)         1.475     1.475 r  mmcm/inst/clkin1_ibufg/O
                         net (fo=1, routed)           1.233     2.708    mmcm/inst/clk_in1_mmcm
    MMCME2_ADV_X1Y2      MMCME2_ADV (Prop_mmcme2_adv_CLKIN1_CLKOUT0)
                                                     -7.432    -4.724 r  mmcm/inst/mmcm_adv_inst/CLKOUT0
                         net (fo=1, routed)           1.808    -2.915    mmcm/inst/clk_out1_mmcm
    BUFGCTRL_X0Y2        BUFG (Prop_bufg_I_O)         0.096    -2.819 r  mmcm/inst/clkout1_buf/O
                         net (fo=2, routed)           1.754    -1.065    ddr3/u_ddr3_mig/u_ddr3_infrastructure/mmcm_clk
    PLLE2_ADV_X1Y3       PLLE2_ADV (Prop_plle2_adv_CLKIN1_CLKOUT1)
                                                      0.088    -0.977 r  ddr3/u_ddr3_mig/u_ddr3_infrastructure/plle2_i/CLKOUT1
                         net (fo=7, routed)           0.607    -0.370    ddr3/u_ddr3_mig/u_memc_ui_top_axi/mem_intfc0/ddr_phy_top0/u_ddr_mc_phy_wrapper/u_ddr_mc_phy/ddr_phy_4lanes_0.u_ddr_phy_4lanes/ddr_byte_lane_C.ddr_byte_lane_C/mem_refclk
    PHASER_IN_PHY_X1Y14  PHASER_IN_PHY                                r  ddr3/u_ddr3_mig/u_memc_ui_top_axi/mem_intfc0/ddr_phy_top0/u_ddr_mc_phy_wrapper/u_ddr_mc_phy/ddr_phy_4lanes_0.u_ddr_phy_4lanes/ddr_byte_lane_C.ddr_byte_lane_C/phaser_in_gen.phaser_in/MEMREFCLK
  -------------------------------------------------------------------    -------------------
    PHASER_IN_PHY_X1Y14  PHASER_IN_PHY (Prop_phaser_in_phy_MEMREFCLK_DQSFOUND)
                                                      0.402     0.032 r  ddr3/u_ddr3_mig/u_memc_ui_top_axi/mem_intfc0/ddr_phy_top0/u_ddr_mc_phy_wrapper/u_ddr_mc_phy/ddr_phy_4lanes_0.u_ddr_phy_4lanes/ddr_byte_lane_C.ddr_byte_lane_C/phaser_in_gen.phaser_in/DQSFOUND
                         net (fo=1, routed)           2.574     2.606    ddr3/u_ddr3_mig/u_memc_ui_top_axi/mem_intfc0/ddr_phy_top0/u_ddr_calib_top/dqsfind_calib_left.u_ddr_phy_dqs_found_cal_hr/pi_dqs_found_lanes[0]
    SLICE_X162Y231       FDRE                                         r  ddr3/u_ddr3_mig/u_memc_ui_top_axi/mem_intfc0/ddr_phy_top0/u_ddr_calib_top/dqsfind_calib_left.u_ddr_phy_dqs_found_cal_hr/pi_dqs_found_lanes_r1_reg[2]/D
  -------------------------------------------------------------------    -------------------

                         (clock clk_pll_i rise edge)
                                                      0.000     0.000 r  
    R4                                                0.000     0.000 r  clk (IN)
                         net (fo=0)                   0.000     0.000    mmcm/inst/clk_in1
    R4                   IBUF (Prop_ibuf_I_O)         1.405     1.405 r  mmcm/inst/clkin1_ibufg/O
                         net (fo=1, routed)           1.162     2.567    mmcm/inst/clk_in1_mmcm
    MMCME2_ADV_X1Y2      MMCME2_ADV (Prop_mmcme2_adv_CLKIN1_CLKOUT0)
                                                     -7.674    -5.107 r  mmcm/inst/mmcm_adv_inst/CLKOUT0
                         net (fo=1, routed)           1.723    -3.384    mmcm/inst/clk_out1_mmcm
    BUFGCTRL_X0Y2        BUFG (Prop_bufg_I_O)         0.091    -3.293 r  mmcm/inst/clkout1_buf/O
                         net (fo=2, routed)           1.636    -1.657    ddr3/u_ddr3_mig/u_ddr3_infrastructure/mmcm_clk
    PLLE2_ADV_X1Y3       PLLE2_ADV (Prop_plle2_adv_CLKIN1_CLKOUT3)
                                                      0.083    -1.574 r  ddr3/u_ddr3_mig/u_ddr3_infrastructure/plle2_i/CLKOUT3
                         net (fo=1, routed)           1.289    -0.285    ddr3/u_ddr3_mig/u_ddr3_infrastructure/pll_clk3_out
    BUFHCE_X1Y36         BUFH (Prop_bufh_I_O)         0.081    -0.204 r  ddr3/u_ddr3_mig/u_ddr3_infrastructure/u_bufh_pll_clk3/O
                         net (fo=1, routed)           0.904     0.700    ddr3/u_ddr3_mig/u_ddr3_infrastructure/pll_clk3
    MMCME2_ADV_X1Y3      MMCME2_ADV (Prop_mmcme2_adv_CLKIN1_CLKFBOUT)
                                                     -3.425    -2.725 r  ddr3/u_ddr3_mig/u_ddr3_infrastructure/gen_mmcm.mmcm_i/CLKFBOUT
                         net (fo=1, routed)           1.723    -1.002    ddr3/u_ddr3_mig/u_ddr3_infrastructure/clk_pll_i
    BUFGCTRL_X0Y16       BUFG (Prop_bufg_I_O)         0.091    -0.911 r  ddr3/u_ddr3_mig/u_ddr3_infrastructure/u_bufg_clkdiv0/O
                         net (fo=25277, routed)       1.881     0.970    ddr3/u_ddr3_mig/u_memc_ui_top_axi/mem_intfc0/ddr_phy_top0/u_ddr_calib_top/dqsfind_calib_left.u_ddr_phy_dqs_found_cal_hr/CLK
    SLICE_X162Y231       FDRE                                         r  ddr3/u_ddr3_mig/u_memc_ui_top_axi/mem_intfc0/ddr_phy_top0/u_ddr_calib_top/dqsfind_calib_left.u_ddr_phy_dqs_found_cal_hr/pi_dqs_found_lanes_r1_reg[2]/C





Min Delay Paths
--------------------------------------------------------------------------------------
Slack:                    inf
  Source:                 ddr3/u_ddr3_mig/u_memc_ui_top_axi/mem_intfc0/ddr_phy_top0/u_ddr_mc_phy_wrapper/u_ddr_mc_phy/ddr_phy_4lanes_0.u_ddr_phy_4lanes/ddr_byte_lane_D.ddr_byte_lane_D/phaser_in_gen.phaser_in/MEMREFCLK
                            (rising edge-triggered cell PHASER_IN_PHY clocked by mem_refclk  {rise@0.000ns fall@1.250ns period=2.500ns})
  Destination:            ddr3/u_ddr3_mig/u_memc_ui_top_axi/mem_intfc0/ddr_phy_top0/u_ddr_calib_top/dqsfind_calib_left.u_ddr_phy_dqs_found_cal_hr/pi_dqs_found_lanes_r1_reg[3]/D
                            (rising edge-triggered cell FDRE clocked by clk_pll_i  {rise@0.000ns fall@5.000ns period=10.000ns})
  Path Group:             (none)
  Path Type:              Hold (Min at Fast Process Corner)
  Data Path Delay:        1.141ns  (logic 0.204ns (17.875%)  route 0.937ns (82.125%))
  Logic Levels:           0  
  Clock Path Skew:        0.756ns (DCD - SCD - CPR)
    Destination Clock Delay (DCD):    0.303ns
    Source Clock Delay      (SCD):    -0.453ns
    Clock Pessimism Removal (CPR):    -0.000ns
  Clock Uncertainty:      0.226ns  ((TSJ^2 + DJ^2)^1/2) / 2 + PE
    Total System Jitter     (TSJ):    0.071ns
    Discrete Jitter          (DJ):    0.098ns
    Phase Error              (PE):    0.166ns
  Timing Exception:       False Path

    Location             Delay type                Incr(ns)  Path(ns)    Netlist Resource(s)
  -------------------------------------------------------------------    -------------------
                         (clock mem_refclk rise edge)
                                                      0.000     0.000 r  
    R4                                                0.000     0.000 r  clk (IN)
                         net (fo=0)                   0.000     0.000    mmcm/inst/clk_in1
    R4                   IBUF (Prop_ibuf_I_O)         0.243     0.243 r  mmcm/inst/clkin1_ibufg/O
                         net (fo=1, routed)           0.440     0.683    mmcm/inst/clk_in1_mmcm
    MMCME2_ADV_X1Y2      MMCME2_ADV (Prop_mmcme2_adv_CLKIN1_CLKOUT0)
                                                     -2.540    -1.856 r  mmcm/inst/mmcm_adv_inst/CLKOUT0
                         net (fo=1, routed)           0.531    -1.325    mmcm/inst/clk_out1_mmcm
    BUFGCTRL_X0Y2        BUFG (Prop_bufg_I_O)         0.026    -1.299 r  mmcm/inst/clkout1_buf/O
                         net (fo=2, routed)           0.606    -0.694    ddr3/u_ddr3_mig/u_ddr3_infrastructure/mmcm_clk
    PLLE2_ADV_X1Y3       PLLE2_ADV (Prop_plle2_adv_CLKIN1_CLKOUT1)
                                                      0.050    -0.644 r  ddr3/u_ddr3_mig/u_ddr3_infrastructure/plle2_i/CLKOUT1
                         net (fo=7, routed)           0.191    -0.453    ddr3/u_ddr3_mig/u_memc_ui_top_axi/mem_intfc0/ddr_phy_top0/u_ddr_mc_phy_wrapper/u_ddr_mc_phy/ddr_phy_4lanes_0.u_ddr_phy_4lanes/ddr_byte_lane_D.ddr_byte_lane_D/mem_refclk
    PHASER_IN_PHY_X1Y15  PHASER_IN_PHY                                r  ddr3/u_ddr3_mig/u_memc_ui_top_axi/mem_intfc0/ddr_phy_top0/u_ddr_mc_phy_wrapper/u_ddr_mc_phy/ddr_phy_4lanes_0.u_ddr_phy_4lanes/ddr_byte_lane_D.ddr_byte_lane_D/phaser_in_gen.phaser_in/MEMREFCLK
  -------------------------------------------------------------------    -------------------
    PHASER_IN_PHY_X1Y15  PHASER_IN_PHY (Prop_phaser_in_phy_MEMREFCLK_DQSFOUND)
                                                      0.204    -0.249 r  ddr3/u_ddr3_mig/u_memc_ui_top_axi/mem_intfc0/ddr_phy_top0/u_ddr_mc_phy_wrapper/u_ddr_mc_phy/ddr_phy_4lanes_0.u_ddr_phy_4lanes/ddr_byte_lane_D.ddr_byte_lane_D/phaser_in_gen.phaser_in/DQSFOUND
                         net (fo=1, routed)           0.937     0.689    ddr3/u_ddr3_mig/u_memc_ui_top_axi/mem_intfc0/ddr_phy_top0/u_ddr_calib_top/dqsfind_calib_left.u_ddr_phy_dqs_found_cal_hr/pi_dqs_found_lanes[1]
    SLICE_X162Y231       FDRE                                         r  ddr3/u_ddr3_mig/u_memc_ui_top_axi/mem_intfc0/ddr_phy_top0/u_ddr_calib_top/dqsfind_calib_left.u_ddr_phy_dqs_found_cal_hr/pi_dqs_found_lanes_r1_reg[3]/D
  -------------------------------------------------------------------    -------------------

                         (clock clk_pll_i rise edge)
                                                      0.000     0.000 r  
    R4                                                0.000     0.000 r  clk (IN)
                         net (fo=0)                   0.000     0.000    mmcm/inst/clk_in1
    R4                   IBUF (Prop_ibuf_I_O)         0.431     0.431 r  mmcm/inst/clkin1_ibufg/O
                         net (fo=1, routed)           0.480     0.911    mmcm/inst/clk_in1_mmcm
    MMCME2_ADV_X1Y2      MMCME2_ADV (Prop_mmcme2_adv_CLKIN1_CLKOUT0)
                                                     -3.332    -2.421 r  mmcm/inst/mmcm_adv_inst/CLKOUT0
                         net (fo=1, routed)           0.579    -1.843    mmcm/inst/clk_out1_mmcm
    BUFGCTRL_X0Y2        BUFG (Prop_bufg_I_O)         0.029    -1.814 r  mmcm/inst/clkout1_buf/O
                         net (fo=2, routed)           0.875    -0.939    ddr3/u_ddr3_mig/u_ddr3_infrastructure/mmcm_clk
    PLLE2_ADV_X1Y3       PLLE2_ADV (Prop_plle2_adv_CLKIN1_CLKOUT3)
                                                      0.053    -0.886 r  ddr3/u_ddr3_mig/u_ddr3_infrastructure/plle2_i/CLKOUT3
                         net (fo=1, routed)           0.472    -0.414    ddr3/u_ddr3_mig/u_ddr3_infrastructure/pll_clk3_out
    BUFHCE_X1Y36         BUFH (Prop_bufh_I_O)         0.043    -0.371 r  ddr3/u_ddr3_mig/u_ddr3_infrastructure/u_bufh_pll_clk3/O
                         net (fo=1, routed)           0.538     0.167    ddr3/u_ddr3_mig/u_ddr3_infrastructure/pll_clk3
    MMCME2_ADV_X1Y3      MMCME2_ADV (Prop_mmcme2_adv_CLKIN1_CLKFBOUT)
                                                     -1.475    -1.308 r  ddr3/u_ddr3_mig/u_ddr3_infrastructure/gen_mmcm.mmcm_i/CLKFBOUT
                         net (fo=1, routed)           0.579    -0.730    ddr3/u_ddr3_mig/u_ddr3_infrastructure/clk_pll_i
    BUFGCTRL_X0Y16       BUFG (Prop_bufg_I_O)         0.029    -0.701 r  ddr3/u_ddr3_mig/u_ddr3_infrastructure/u_bufg_clkdiv0/O
                         net (fo=25277, routed)       1.004     0.303    ddr3/u_ddr3_mig/u_memc_ui_top_axi/mem_intfc0/ddr_phy_top0/u_ddr_calib_top/dqsfind_calib_left.u_ddr_phy_dqs_found_cal_hr/CLK
    SLICE_X162Y231       FDRE                                         r  ddr3/u_ddr3_mig/u_memc_ui_top_axi/mem_intfc0/ddr_phy_top0/u_ddr_calib_top/dqsfind_calib_left.u_ddr_phy_dqs_found_cal_hr/pi_dqs_found_lanes_r1_reg[3]/C





--------------------------------------------------------------------------------------
Path Group:  (none)
From Clock:  
  To Clock:  clk_out1_videoclock

Max Delay             1 Endpoint
Min Delay             1 Endpoint
--------------------------------------------------------------------------------------


Max Delay Paths
--------------------------------------------------------------------------------------
Slack:                    inf
  Source:                 rasterixgen.videoclock/inst/mmcm_adv_inst/LOCKED
                            (internal pin)
  Destination:            rasterixgen.pixelreset/U0/EXT_LPF/lpf_int_reg/D
                            (rising edge-triggered cell FDRE clocked by clk_out1_videoclock  {rise@0.000ns fall@19.841ns period=39.683ns})
  Path Group:             (none)
  Path Type:              Setup (Max at Slow Process Corner)
  Data Path Delay:        5.081ns  (logic 0.124ns (2.440%)  route 4.957ns (97.560%))
  Logic Levels:           1  (LUT4=1)
  Clock Uncertainty:      0.584ns  ((TSJ^2 + DJ^2)^1/2) / 2 + PE
    Total System Jitter     (TSJ):    0.050ns
    Discrete Jitter          (DJ):    0.470ns
    Phase Error              (PE):    0.347ns

    Location             Delay type                Incr(ns)  Path(ns)    Netlist Resource(s)
  -------------------------------------------------------------------    -------------------
    MMCME2_ADV_X1Y0      MMCME2_ADV                   0.000     0.000 f  rasterixgen.videoclock/inst/mmcm_adv_inst/LOCKED
                         net (fo=1, routed)           4.957     4.957    rasterixgen.pixelreset/U0/EXT_LPF/dcm_locked
    SLICE_X155Y173       LUT4 (Prop_lut4_I0_O)        0.124     5.081 r  rasterixgen.pixelreset/U0/EXT_LPF/lpf_int0/O
                         net (fo=1, routed)           0.000     5.081    rasterixgen.pixelreset/U0/EXT_LPF/lpf_int0__0
    SLICE_X155Y173       FDRE                                         r  rasterixgen.pixelreset/U0/EXT_LPF/lpf_int_reg/D
  -------------------------------------------------------------------    -------------------

                         (clock clk_out1_videoclock rise edge)
                                                      0.000     0.000 r  
    R4                                                0.000     0.000 r  clk (IN)
                         net (fo=0)                   0.000     0.000    mmcm/inst/clk_in1
    R4                   IBUF (Prop_ibuf_I_O)         1.405     1.405 r  mmcm/inst/clkin1_ibufg/O
                         net (fo=1, routed)           1.162     2.567    mmcm/inst/clk_in1_mmcm
    MMCME2_ADV_X1Y2      MMCME2_ADV (Prop_mmcme2_adv_CLKIN1_CLKOUT0)
                                                     -7.674    -5.107 r  mmcm/inst/mmcm_adv_inst/CLKOUT0
                         net (fo=1, routed)           1.723    -3.384    mmcm/inst/clk_out1_mmcm
    BUFGCTRL_X0Y2        BUFG (Prop_bufg_I_O)         0.091    -3.293 r  mmcm/inst/clkout1_buf/O
                         net (fo=2, routed)           1.972    -1.321    rasterixgen.videoclock/inst/clk_in1
    MMCME2_ADV_X1Y0      MMCME2_ADV (Prop_mmcme2_adv_CLKIN1_CLKOUT0)
                                                     -4.637    -5.958 r  rasterixgen.videoclock/inst/mmcm_adv_inst/CLKOUT0
                         net (fo=1, routed)           2.574    -3.384    rasterixgen.videoclock/inst/clk_out1_videoclock
    BUFGCTRL_X0Y4        BUFG (Prop_bufg_I_O)         0.091    -3.293 r  rasterixgen.videoclock/inst/clkout1_buf/O
                         net (fo=868, routed)         1.612    -1.681    rasterixgen.pixelreset/U0/EXT_LPF/slowest_sync_clk
    SLICE_X155Y173       FDRE                                         r  rasterixgen.pixelreset/U0/EXT_LPF/lpf_int_reg/C





Min Delay Paths
--------------------------------------------------------------------------------------
Slack:                    inf
  Source:                 rasterixgen.videoclock/inst/mmcm_adv_inst/LOCKED
                            (internal pin)
  Destination:            rasterixgen.pixelreset/U0/EXT_LPF/lpf_int_reg/D
                            (rising edge-triggered cell FDRE clocked by clk_out1_videoclock  {rise@0.000ns fall@19.841ns period=39.683ns})
  Path Group:             (none)
  Path Type:              Hold (Min at Fast Process Corner)
  Data Path Delay:        1.952ns  (logic 0.045ns (2.305%)  route 1.907ns (97.695%))
  Logic Levels:           1  (LUT4=1)
  Clock Uncertainty:      0.584ns  ((TSJ^2 + DJ^2)^1/2) / 2 + PE
    Total System Jitter     (TSJ):    0.050ns
    Discrete Jitter          (DJ):    0.470ns
    Phase Error              (PE):    0.347ns

    Location             Delay type                Incr(ns)  Path(ns)    Netlist Resource(s)
  -------------------------------------------------------------------    -------------------
    MMCME2_ADV_X1Y0      MMCME2_ADV                   0.000     0.000 f  rasterixgen.videoclock/inst/mmcm_adv_inst/LOCKED
                         net (fo=1, routed)           1.907     1.907    rasterixgen.pixelreset/U0/EXT_LPF/dcm_locked
    SLICE_X155Y173       LUT4 (Prop_lut4_I0_O)        0.045     1.952 r  rasterixgen.pixelreset/U0/EXT_LPF/lpf_int0/O
                         net (fo=1, routed)           0.000     1.952    rasterixgen.pixelreset/U0/EXT_LPF/lpf_int0__0
    SLICE_X155Y173       FDRE                                         r  rasterixgen.pixelreset/U0/EXT_LPF/lpf_int_reg/D
  -------------------------------------------------------------------    -------------------

                         (clock clk_out1_videoclock rise edge)
                                                      0.000     0.000 r  
    R4                                                0.000     0.000 r  clk (IN)
                         net (fo=0)                   0.000     0.000    mmcm/inst/clk_in1
    R4                   IBUF (Prop_ibuf_I_O)         0.431     0.431 r  mmcm/inst/clkin1_ibufg/O
                         net (fo=1, routed)           0.480     0.911    mmcm/inst/clk_in1_mmcm
    MMCME2_ADV_X1Y2      MMCME2_ADV (Prop_mmcme2_adv_CLKIN1_CLKOUT0)
                                                     -3.332    -2.421 r  mmcm/inst/mmcm_adv_inst/CLKOUT0
                         net (fo=1, routed)           0.579    -1.843    mmcm/inst/clk_out1_mmcm
    BUFGCTRL_X0Y2        BUFG (Prop_bufg_I_O)         0.029    -1.814 r  mmcm/inst/clkout1_buf/O
                         net (fo=2, routed)           1.022    -0.792    rasterixgen.videoclock/inst/clk_in1
    MMCME2_ADV_X1Y0      MMCME2_ADV (Prop_mmcme2_adv_CLKIN1_CLKOUT0)
                                                     -2.040    -2.832 r  rasterixgen.videoclock/inst/mmcm_adv_inst/CLKOUT0
                         net (fo=1, routed)           0.989    -1.843    rasterixgen.videoclock/inst/clk_out1_videoclock
    BUFGCTRL_X0Y4        BUFG (Prop_bufg_I_O)         0.029    -1.814 r  rasterixgen.videoclock/inst/clkout1_buf/O
                         net (fo=868, routed)         0.876    -0.938    rasterixgen.pixelreset/U0/EXT_LPF/slowest_sync_clk
    SLICE_X155Y173       FDRE                                         r  rasterixgen.pixelreset/U0/EXT_LPF/lpf_int_reg/C





--------------------------------------------------------------------------------------
Path Group:  (none)
From Clock:  
  To Clock:  clk_pll_i

Max Delay            35 Endpoints
Min Delay            35 Endpoints
--------------------------------------------------------------------------------------


Max Delay Paths
--------------------------------------------------------------------------------------
Slack:                    inf
  Source:                 ddr3/u_ddr3_mig/u_ddr3_infrastructure/gen_mmcm.mmcm_i/LOCKED
                            (internal pin)
  Destination:            ddr3/u_ddr3_mig/u_ddr3_infrastructure/rstdiv0_sync_r1_reg_rep__8/PRE
                            (recovery check against rising-edge clock clk_pll_i  {rise@0.000ns fall@5.000ns period=10.000ns})
  Path Group:             (none)
  Path Type:              Recovery (Max at Slow Process Corner)
  Data Path Delay:        5.965ns  (logic 0.153ns (2.565%)  route 5.812ns (97.435%))
  Logic Levels:           1  (LUT4=1)
  Clock Uncertainty:      0.169ns  ((TSJ^2 + DJ^2)^1/2) / 2 + PE
    Total System Jitter     (TSJ):    0.050ns
    Discrete Jitter          (DJ):    0.098ns
    Phase Error              (PE):    0.114ns

    Location             Delay type                Incr(ns)  Path(ns)    Netlist Resource(s)
  -------------------------------------------------------------------    -------------------
    MMCME2_ADV_X1Y3      MMCME2_ADV                   0.000     0.000 r  ddr3/u_ddr3_mig/u_ddr3_infrastructure/gen_mmcm.mmcm_i/LOCKED
                         net (fo=3, routed)           2.098     2.098    ddr3/u_ddr3_mig/u_iodelay_ctrl/rstdiv2_sync_r_reg[11]
    SLICE_X159Y181       LUT4 (Prop_lut4_I0_O)        0.153     2.251 f  ddr3/u_ddr3_mig/u_iodelay_ctrl/rstdiv2_sync_r[11]_i_1/O
                         net (fo=33, routed)          3.714     5.965    ddr3/u_ddr3_mig/u_ddr3_infrastructure/rst_tmp
    SLICE_X124Y223       FDPE                                         f  ddr3/u_ddr3_mig/u_ddr3_infrastructure/rstdiv0_sync_r1_reg_rep__8/PRE
  -------------------------------------------------------------------    -------------------

                         (clock clk_pll_i rise edge)
                                                      0.000     0.000 r  
    R4                                                0.000     0.000 r  clk (IN)
                         net (fo=0)                   0.000     0.000    mmcm/inst/clk_in1
    R4                   IBUF (Prop_ibuf_I_O)         1.405     1.405 r  mmcm/inst/clkin1_ibufg/O
                         net (fo=1, routed)           1.162     2.567    mmcm/inst/clk_in1_mmcm
    MMCME2_ADV_X1Y2      MMCME2_ADV (Prop_mmcme2_adv_CLKIN1_CLKOUT0)
                                                     -7.674    -5.107 r  mmcm/inst/mmcm_adv_inst/CLKOUT0
                         net (fo=1, routed)           1.723    -3.384    mmcm/inst/clk_out1_mmcm
    BUFGCTRL_X0Y2        BUFG (Prop_bufg_I_O)         0.091    -3.293 r  mmcm/inst/clkout1_buf/O
                         net (fo=2, routed)           1.636    -1.657    ddr3/u_ddr3_mig/u_ddr3_infrastructure/mmcm_clk
    PLLE2_ADV_X1Y3       PLLE2_ADV (Prop_plle2_adv_CLKIN1_CLKOUT3)
                                                      0.083    -1.574 r  ddr3/u_ddr3_mig/u_ddr3_infrastructure/plle2_i/CLKOUT3
                         net (fo=1, routed)           1.289    -0.285    ddr3/u_ddr3_mig/u_ddr3_infrastructure/pll_clk3_out
    BUFHCE_X1Y36         BUFH (Prop_bufh_I_O)         0.081    -0.204 r  ddr3/u_ddr3_mig/u_ddr3_infrastructure/u_bufh_pll_clk3/O
                         net (fo=1, routed)           0.904     0.700    ddr3/u_ddr3_mig/u_ddr3_infrastructure/pll_clk3
    MMCME2_ADV_X1Y3      MMCME2_ADV (Prop_mmcme2_adv_CLKIN1_CLKFBOUT)
                                                     -3.425    -2.725 r  ddr3/u_ddr3_mig/u_ddr3_infrastructure/gen_mmcm.mmcm_i/CLKFBOUT
                         net (fo=1, routed)           1.723    -1.002    ddr3/u_ddr3_mig/u_ddr3_infrastructure/clk_pll_i
    BUFGCTRL_X0Y16       BUFG (Prop_bufg_I_O)         0.091    -0.911 r  ddr3/u_ddr3_mig/u_ddr3_infrastructure/u_bufg_clkdiv0/O
                         net (fo=25277, routed)       1.732     0.821    ddr3/u_ddr3_mig/u_ddr3_infrastructure/CLK
    SLICE_X124Y223       FDPE                                         r  ddr3/u_ddr3_mig/u_ddr3_infrastructure/rstdiv0_sync_r1_reg_rep__8/C





Min Delay Paths
--------------------------------------------------------------------------------------
Slack:                    inf
  Source:                 ddr3/u_ddr3_mig/u_memc_ui_top_axi/mem_intfc0/ddr_phy_top0/u_ddr_mc_phy_wrapper/u_ddr_mc_phy/ddr_phy_4lanes_0.u_ddr_phy_4lanes/phaser_ref_i/LOCKED
                            (internal pin)
  Destination:            ddr3/u_ddr3_mig/u_ddr3_infrastructure/rstdiv0_sync_r1_reg_rep__18/PRE
                            (removal check against rising-edge clock clk_pll_i  {rise@0.000ns fall@5.000ns period=10.000ns})
  Path Group:             (none)
  Path Type:              Removal (Min at Fast Process Corner)
  Data Path Delay:        1.047ns  (logic 0.051ns (4.870%)  route 0.996ns (95.130%))
  Logic Levels:           1  (LUT4=1)
  Clock Uncertainty:      0.169ns  ((TSJ^2 + DJ^2)^1/2) / 2 + PE
    Total System Jitter     (TSJ):    0.050ns
    Discrete Jitter          (DJ):    0.098ns
    Phase Error              (PE):    0.114ns

    Location             Delay type                Incr(ns)  Path(ns)    Netlist Resource(s)
  -------------------------------------------------------------------    -------------------
    PHASER_REF_X1Y3      PHASER_REF                   0.000     0.000 r  ddr3/u_ddr3_mig/u_memc_ui_top_axi/mem_intfc0/ddr_phy_top0/u_ddr_mc_phy_wrapper/u_ddr_mc_phy/ddr_phy_4lanes_0.u_ddr_phy_4lanes/phaser_ref_i/LOCKED
                         net (fo=2, routed)           0.430     0.430    ddr3/u_ddr3_mig/u_iodelay_ctrl/ref_dll_lock
    SLICE_X159Y181       LUT4 (Prop_lut4_I3_O)        0.051     0.481 f  ddr3/u_ddr3_mig/u_iodelay_ctrl/rstdiv2_sync_r[11]_i_1/O
                         net (fo=33, routed)          0.567     1.047    ddr3/u_ddr3_mig/u_ddr3_infrastructure/rst_tmp
    SLICE_X145Y192       FDPE                                         f  ddr3/u_ddr3_mig/u_ddr3_infrastructure/rstdiv0_sync_r1_reg_rep__18/PRE
  -------------------------------------------------------------------    -------------------

                         (clock clk_pll_i rise edge)
                                                      0.000     0.000 r  
    R4                                                0.000     0.000 r  clk (IN)
                         net (fo=0)                   0.000     0.000    mmcm/inst/clk_in1
    R4                   IBUF (Prop_ibuf_I_O)         0.431     0.431 r  mmcm/inst/clkin1_ibufg/O
                         net (fo=1, routed)           0.480     0.911    mmcm/inst/clk_in1_mmcm
    MMCME2_ADV_X1Y2      MMCME2_ADV (Prop_mmcme2_adv_CLKIN1_CLKOUT0)
                                                     -3.332    -2.421 r  mmcm/inst/mmcm_adv_inst/CLKOUT0
                         net (fo=1, routed)           0.579    -1.843    mmcm/inst/clk_out1_mmcm
    BUFGCTRL_X0Y2        BUFG (Prop_bufg_I_O)         0.029    -1.814 r  mmcm/inst/clkout1_buf/O
                         net (fo=2, routed)           0.875    -0.939    ddr3/u_ddr3_mig/u_ddr3_infrastructure/mmcm_clk
    PLLE2_ADV_X1Y3       PLLE2_ADV (Prop_plle2_adv_CLKIN1_CLKOUT3)
                                                      0.053    -0.886 r  ddr3/u_ddr3_mig/u_ddr3_infrastructure/plle2_i/CLKOUT3
                         net (fo=1, routed)           0.472    -0.414    ddr3/u_ddr3_mig/u_ddr3_infrastructure/pll_clk3_out
    BUFHCE_X1Y36         BUFH (Prop_bufh_I_O)         0.043    -0.371 r  ddr3/u_ddr3_mig/u_ddr3_infrastructure/u_bufh_pll_clk3/O
                         net (fo=1, routed)           0.538     0.167    ddr3/u_ddr3_mig/u_ddr3_infrastructure/pll_clk3
    MMCME2_ADV_X1Y3      MMCME2_ADV (Prop_mmcme2_adv_CLKIN1_CLKFBOUT)
                                                     -1.475    -1.308 r  ddr3/u_ddr3_mig/u_ddr3_infrastructure/gen_mmcm.mmcm_i/CLKFBOUT
                         net (fo=1, routed)           0.579    -0.730    ddr3/u_ddr3_mig/u_ddr3_infrastructure/clk_pll_i
    BUFGCTRL_X0Y16       BUFG (Prop_bufg_I_O)         0.029    -0.701 r  ddr3/u_ddr3_mig/u_ddr3_infrastructure/u_bufg_clkdiv0/O
                         net (fo=25277, routed)       0.887     0.186    ddr3/u_ddr3_mig/u_ddr3_infrastructure/CLK
    SLICE_X145Y192       FDPE                                         r  ddr3/u_ddr3_mig/u_ddr3_infrastructure/rstdiv0_sync_r1_reg_rep__18/C





