frame,seconds,wall_left_rows,wall_right_rows,missing_both_wall_rows,ball_found,paddle_found,ball_x,ball_y,ball_w,ball_h,paddle_x,paddle_y,paddle_w,paddle_h
0,0.0,0,0,402,0,0,,,,,,,,
1,0.016666666666666666,0,0,402,0,0,,,,,,,,
2,0.03333333333333333,0,0,402,0,0,,,,,,,,
3,0.05,0,0,402,0,0,,,,,,,,
4,0.06666666666666667,0,0,402,0,0,,,,,,,,
5,0.08333333333333333,0,0,402,0,0,,,,,,,,
6,0.1,0,0,402,0,0,,,,,,,,
7,0.11666666666666667,0,0,402,0,0,,,,,,,,
8,0.13333333333333333,0,0,402,0,0,,,,,,,,
9,0.15,0,0,402,0,0,,,,,,,,
10,0.16666666666666666,0,0,402,0,0,,,,,,,,
11,0.18333333333333332,0,0,402,0,0,,,,,,,,
12,0.2,0,0,402,0,0,,,,,,,,
13,0.21666666666666667,0,0,402,0,0,,,,,,,,
14,0.23333333333333334,0,0,402,0,0,,,,,,,,
15,0.25,0,0,402,0,0,,,,,,,,
16,0.26666666666666666,0,0,402,0,0,,,,,,,,
17,0.2833333333333333,0,0,402,0,0,,,,,,,,
18,0.3,0,0,402,0,0,,,,,,,,
19,0.31666666666666665,0,0,402,0,0,,,,,,,,
20,0.3333333333333333,0,0,402,0,0,,,,,,,,
21,0.35,0,0,402,0,0,,,,,,,,
22,0.36666666666666664,0,0,402,0,0,,,,,,,,
23,0.38333333333333336,0,0,402,0,0,,,,,,,,
24,0.4,0,0,402,0,0,,,,,,,,
25,0.4166666666666667,0,0,402,0,0,,,,,,,,
26,0.43333333333333335,0,0,402,0,0,,,,,,,,
27,0.45,0,0,402,0,0,,,,,,,,
28,0.4666666666666667,0,0,402,0,0,,,,,,,,
29,0.48333333333333334,0,0,402,0,0,,,,,,,,
30,0.5,0,0,402,0,0,,,,,,,,
31,0.5166666666666667,0,0,402,0,0,,,,,,,,
32,0.5333333333333333,0,0,402,0,0,,,,,,,,
33,0.55,0,0,402,0,0,,,,,,,,
34,0.5666666666666667,0,0,402,0,0,,,,,,,,
35,0.5833333333333334,0,0,402,0,0,,,,,,,,
36,0.6,0,0,402,0,0,,,,,,,,
37,0.6166666666666667,0,0,402,0,0,,,,,,,,
38,0.6333333333333333,0,0,402,0,0,,,,,,,,
39,0.65,0,0,402,0,0,,,,,,,,
40,0.6666666666666666,0,0,402,0,0,,,,,,,,
41,0.6833333333333333,0,0,402,0,0,,,,,,,,
42,0.7,0,0,402,0,0,,,,,,,,
43,0.7166666666666667,0,0,402,0,0,,,,,,,,
44,0.7333333333333333,0,0,402,0,0,,,,,,,,
45,0.75,0,0,402,0,0,,,,,,,,
46,0.7666666666666667,0,0,402,0,0,,,,,,,,
47,0.7833333333333333,0,0,402,0,0,,,,,,,,
48,0.8,0,0,402,0,0,,,,,,,,
49,0.8166666666666667,0,0,402,0,0,,,,,,,,
50,0.8333333333333334,0,0,402,0,0,,,,,,,,
51,0.85,0,0,402,0,0,,,,,,,,
52,0.8666666666666667,0,0,402,0,0,,,,,,,,
53,0.8833333333333333,0,0,402,0,0,,,,,,,,
54,0.9,0,0,402,0,0,,,,,,,,
55,0.9166666666666666,0,0,402,0,0,,,,,,,,
56,0.9333333333333333,0,0,402,0,0,,,,,,,,
57,0.95,0,0,402,0,0,,,,,,,,
58,0.9666666666666667,0,0,402,0,0,,,,,,,,
59,0.9833333333333333,0,0,402,0,0,,,,,,,,
60,1.0,0,0,402,0,0,,,,,,,,
61,1.0166666666666666,0,0,402,0,0,,,,,,,,
62,1.0333333333333334,0,0,402,0,0,,,,,,,,
63,1.05,0,0,402,0,0,,,,,,,,
64,1.0666666666666667,0,0,402,0,0,,,,,,,,
65,1.0833333333333333,0,0,402,0,0,,,,,,,,
66,1.1,0,0,402,0,0,,,,,,,,
67,1.1166666666666667,0,0,402,0,0,,,,,,,,
68,1.1333333333333333,0,0,402,0,0,,,,,,,,
69,1.15,0,0,402,0,0,,,,,,,,
70,1.1666666666666667,0,0,402,0,0,,,,,,,,
71,1.1833333333333333,0,0,402,0,0,,,,,,,,
72,1.2,0,0,402,0,0,,,,,,,,
73,1.2166666666666666,0,0,402,0,0,,,,,,,,
74,1.2333333333333334,0,0,402,0,0,,,,,,,,
75,1.25,0,0,402,0,0,,,,,,,,
76,1.2666666666666666,0,0,402,0,0,,,,,,,,
77,1.2833333333333334,0,0,402,0,0,,,,,,,,
78,1.3,0,0,402,0,0,,,,,,,,
79,1.3166666666666667,0,0,402,0,0,,,,,,,,
80,1.3333333333333333,0,0,402,0,0,,,,,,,,
81,1.35,0,0,402,0,0,,,,,,,,
82,1.3666666666666667,0,0,402,0,0,,,,,,,,
83,1.3833333333333333,0,0,402,0,0,,,,,,,,
84,1.4,0,0,402,0,0,,,,,,,,
85,1.4166666666666667,0,0,402,0,0,,,,,,,,
86,1.4333333333333333,0,0,402,0,0,,,,,,,,
87,1.45,0,0,402,0,0,,,,,,,,
88,1.4666666666666666,0,0,402,0,0,,,,,,,,
89,1.4833333333333334,0,0,402,0,0,,,,,,,,
90,1.5,0,0,402,0,0,,,,,,,,
91,1.5166666666666666,0,0,402,0,0,,,,,,,,
92,1.5333333333333334,0,0,402,0,0,,,,,,,,
93,1.55,0,0,402,0,0,,,,,,,,
94,1.5666666666666667,0,0,402,0,0,,,,,,,,
95,1.5833333333333333,0,0,402,0,0,,,,,,,,
96,1.6,0,0,402,0,0,,,,,,,,
97,1.6166666666666667,0,0,402,0,0,,,,,,,,
98,1.6333333333333333,0,0,402,0,0,,,,,,,,
99,1.65,0,0,402,0,0,,,,,,,,
100,1.6666666666666667,0,0,402,0,0,,,,,,,,
101,1.6833333333333333,0,0,402,0,0,,,,,,,,
102,1.7,0,0,402,0,0,,,,,,,,
103,1.7166666666666666,0,0,402,0,0,,,,,,,,
104,1.7333333333333334,0,0,402,0,0,,,,,,,,
105,1.75,0,0,402,0,0,,,,,,,,
106,1.7666666666666666,0,0,402,0,0,,,,,,,,
107,1.7833333333333334,0,0,402,0,0,,,,,,,,
108,1.8,0,0,402,0,0,,,,,,,,
109,1.8166666666666667,0,0,402,0,0,,,,,,,,
110,1.8333333333333333,0,0,402,0,0,,,,,,,,
111,1.85,0,0,402,0,0,,,,,,,,
112,1.8666666666666667,0,0,402,0,0,,,,,,,,
113,1.8833333333333333,0,0,402,0,0,,,,,,,,
114,1.9,0,0,402,0,0,,,,,,,,
115,1.9166666666666667,0,0,402,0,0,,,,,,,,
116,1.9333333333333333,0,0,402,0,0,,,,,,,,
117,1.95,0,0,402,0,0,,,,,,,,
118,1.9666666666666666,0,0,402,0,0,,,,,,,,
119,1.9833333333333334,0,0,402,0,0,,,,,,,,
120,2.0,0,0,402,0,0,,,,,,,,
121,2.0166666666666666,0,0,402,0,0,,,,,,,,
122,2.033333333333333,0,0,402,0,0,,,,,,,,
123,2.05,0,0,402,0,0,,,,,,,,
124,2.066666666666667,0,0,402,0,0,,,,,,,,
125,2.0833333333333335,0,0,402,0,0,,,,,,,,
126,2.1,0,0,402,0,0,,,,,,,,
127,2.1166666666666667,0,0,402,0,0,,,,,,,,
128,2.1333333333333333,0,0,402,0,0,,,,,,,,
129,2.15,0,0,402,0,0,,,,,,,,
130,2.1666666666666665,0,0,402,0,0,,,,,,,,
131,2.183333333333333,0,0,402,0,0,,,,,,,,
132,2.2,0,0,402,0,0,,,,,,,,
133,2.216666666666667,0,0,402,0,0,,,,,,,,
134,2.2333333333333334,0,0,402,0,0,,,,,,,,
135,2.25,0,0,402,0,0,,,,,,,,
136,2.2666666666666666,0,0,402,0,0,,,,,,,,
137,2.283333333333333,0,0,402,0,0,,,,,,,,
138,2.3,0,0,402,0,0,,,,,,,,
139,2.316666666666667,0,0,402,0,0,,,,,,,,
140,2.3333333333333335,0,0,402,0,0,,,,,,,,
141,2.35,0,0,402,0,0,,,,,,,,
142,2.3666666666666667,0,0,402,0,0,,,,,,,,
143,2.3833333333333333,0,0,402,0,0,,,,,,,,
144,2.4,0,0,402,0,0,,,,,,,,
145,2.4166666666666665,0,0,402,0,0,,,,,,,,
146,2.433333333333333,0,0,402,0,0,,,,,,,,
147,2.45,0,0,402,0,0,,,,,,,,
148,2.466666666666667,0,0,402,0,0,,,,,,,,
149,2.4833333333333334,0,0,402,0,0,,,,,,,,
150,2.5,0,0,402,0,0,,,,,,,,
151,2.5166666666666666,0,0,402,0,0,,,,,,,,
152,2.533333333333333,0,0,402,0,0,,,,,,,,
153,2.55,0,0,402,0,0,,,,,,,,
154,2.566666666666667,0,0,402,0,0,,,,,,,,
155,2.5833333333333335,0,0,402,0,0,,,,,,,,
156,2.6,0,0,402,0,0,,,,,,,,
157,2.6166666666666667,0,0,402,0,0,,,,,,,,
158,2.6333333333333333,0,0,402,0,0,,,,,,,,
159,2.65,0,0,402,0,0,,,,,,,,
160,2.6666666666666665,0,0,402,0,0,,,,,,,,
161,2.683333333333333,0,0,402,0,0,,,,,,,,
162,2.7,0,0,402,0,0,,,,,,,,
163,2.716666666666667,0,0,402,0,0,,,,,,,,
164,2.7333333333333334,0,0,402,0,0,,,,,,,,
165,2.75,0,0,402,0,0,,,,,,,,
166,2.7666666666666666,0,0,402,0,0,,,,,,,,
167,2.783333333333333,0,0,402,0,0,,,,,,,,
168,2.8,0,0,402,0,0,,,,,,,,
169,2.816666666666667,0,0,402,0,0,,,,,,,,
170,2.8333333333333335,0,0,402,0,0,,,,,,,,
171,2.85,0,0,402,0,0,,,,,,,,
172,2.8666666666666667,0,0,402,0,0,,,,,,,,
173,2.8833333333333333,0,0,402,0,0,,,,,,,,
174,2.9,0,0,402,0,0,,,,,,,,
175,2.9166666666666665,0,0,402,0,0,,,,,,,,
176,2.933333333333333,0,0,402,0,0,,,,,,,,
177,2.95,0,0,402,0,0,,,,,,,,
178,2.966666666666667,0,0,402,0,0,,,,,,,,
179,2.9833333333333334,0,0,402,0,0,,,,,,,,
180,3.0,0,0,402,0,0,,,,,,,,
181,3.0166666666666666,0,0,402,0,0,,,,,,,,
182,3.033333333333333,0,0,402,0,0,,,,,,,,
183,3.05,0,0,402,0,0,,,,,,,,
184,3.066666666666667,0,0,402,0,0,,,,,,,,
185,3.0833333333333335,0,0,402,0,0,,,,,,,,
186,3.1,0,0,402,0,0,,,,,,,,
187,3.1166666666666667,0,0,402,0,0,,,,,,,,
188,3.1333333333333333,0,0,402,0,0,,,,,,,,
189,3.15,0,0,402,0,0,,,,,,,,
190,3.1666666666666665,0,0,402,0,0,,,,,,,,
191,3.183333333333333,0,0,402,0,0,,,,,,,,
192,3.2,0,0,402,0,0,,,,,,,,
193,3.216666666666667,0,0,402,0,0,,,,,,,,
194,3.2333333333333334,0,0,402,0,0,,,,,,,,
195,3.25,0,0,402,0,0,,,,,,,,
196,3.2666666666666666,0,0,402,0,0,,,,,,,,
197,3.283333333333333,0,0,402,0,0,,,,,,,,
198,3.3,0,0,402,0,0,,,,,,,,
199,3.316666666666667,0,0,402,0,0,,,,,,,,
200,3.3333333333333335,0,0,402,0,0,,,,,,,,
201,3.35,0,0,402,0,0,,,,,,,,
202,3.3666666666666667,0,0,402,0,0,,,,,,,,
203,3.3833333333333333,0,0,402,0,0,,,,,,,,
204,3.4,0,0,402,0,0,,,,,,,,
205,3.4166666666666665,0,0,402,0,0,,,,,,,,
206,3.433333333333333,0,0,402,0,0,,,,,,,,
207,3.45,0,0,402,0,0,,,,,,,,
208,3.466666666666667,0,0,402,0,0,,,,,,,,
209,3.4833333333333334,0,0,402,0,0,,,,,,,,
210,3.5,0,0,402,0,0,,,,,,,,
211,3.5166666666666666,0,0,402,0,0,,,,,,,,
212,3.533333333333333,0,0,402,0,0,,,,,,,,
213,3.55,0,0,402,0,0,,,,,,,,
214,3.566666666666667,0,0,402,0,0,,,,,,,,
215,3.5833333333333335,0,0,402,0,0,,,,,,,,
216,3.6,0,0,402,0,0,,,,,,,,
217,3.6166666666666667,0,0,402,0,0,,,,,,,,
218,3.6333333333333333,0,0,402,0,0,,,,,,,,
219,3.65,0,0,402,0,0,,,,,,,,
220,3.6666666666666665,0,0,402,0,0,,,,,,,,
221,3.683333333333333,0,0,402,0,0,,,,,,,,
222,3.7,0,0,402,0,0,,,,,,,,
223,3.716666666666667,0,0,402,0,0,,,,,,,,
224,3.7333333333333334,0,0,402,0,0,,,,,,,,
225,3.75,0,0,402,0,0,,,,,,,,
226,3.7666666666666666,0,0,402,0,0,,,,,,,,
227,3.783333333333333,0,0,402,0,0,,,,,,,,
228,3.8,0,0,402,0,0,,,,,,,,
229,3.816666666666667,0,0,402,0,0,,,,,,,,
230,3.8333333333333335,0,0,402,0,0,,,,,,,,
231,3.85,0,0,402,0,0,,,,,,,,
232,3.8666666666666667,0,0,402,0,0,,,,,,,,
233,3.8833333333333333,0,0,402,0,0,,,,,,,,
234,3.9,0,0,402,0,0,,,,,,,,
235,3.9166666666666665,0,0,402,0,0,,,,,,,,
236,3.933333333333333,0,0,402,0,0,,,,,,,,
237,3.95,0,0,402,0,0,,,,,,,,
238,3.966666666666667,0,0,402,0,0,,,,,,,,
239,3.9833333333333334,0,0,402,0,0,,,,,,,,
240,4.0,0,0,402,0,0,,,,,,,,
241,4.016666666666667,0,0,402,0,0,,,,,,,,
242,4.033333333333333,0,0,402,0,0,,,,,,,,
243,4.05,0,0,402,0,0,,,,,,,,
244,4.066666666666666,0,0,402,0,0,,,,,,,,
245,4.083333333333333,0,0,402,0,0,,,,,,,,
246,4.1,0,0,402,0,0,,,,,,,,
247,4.116666666666666,0,0,402,0,0,,,,,,,,
248,4.133333333333334,0,0,402,0,0,,,,,,,,
249,4.15,0,0,402,0,0,,,,,,,,
250,4.166666666666667,0,0,402,0,0,,,,,,,,
251,4.183333333333334,0,0,402,0,0,,,,,,,,
252,4.2,0,0,402,0,0,,,,,,,,
253,4.216666666666667,0,0,402,0,0,,,,,,,,
254,4.233333333333333,0,0,402,0,0,,,,,,,,
255,4.25,0,0,402,0,0,,,,,,,,
256,4.266666666666667,0,0,402,0,0,,,,,,,,
257,4.283333333333333,0,0,402,0,0,,,,,,,,
258,4.3,0,0,402,0,0,,,,,,,,
259,4.316666666666666,0,0,402,0,0,,,,,,,,
260,4.333333333333333,0,0,402,0,0,,,,,,,,
261,4.35,0,0,402,0,0,,,,,,,,
262,4.366666666666666,0,0,402,0,0,,,,,,,,
263,4.383333333333334,0,0,402,0,0,,,,,,,,
264,4.4,0,0,402,0,0,,,,,,,,
265,4.416666666666667,0,0,402,0,0,,,,,,,,
266,4.433333333333334,0,0,402,0,0,,,,,,,,
267,4.45,0,0,402,0,0,,,,,,,,
268,4.466666666666667,0,0,402,0,0,,,,,,,,
269,4.483333333333333,0,0,402,0,0,,,,,,,,
270,4.5,0,0,402,0,0,,,,,,,,
271,4.516666666666667,0,0,402,0,0,,,,,,,,
272,4.533333333333333,0,0,402,0,0,,,,,,,,
273,4.55,0,0,402,0,0,,,,,,,,
274,4.566666666666666,0,0,402,0,0,,,,,,,,
275,4.583333333333333,0,0,402,0,0,,,,,,,,
276,4.6,0,0,402,0,0,,,,,,,,
277,4.616666666666666,0,0,402,0,0,,,,,,,,
278,4.633333333333334,0,0,402,0,0,,,,,,,,
279,4.65,0,0,402,0,0,,,,,,,,
280,4.666666666666667,0,0,402,0,0,,,,,,,,
281,4.683333333333334,0,0,402,0,0,,,,,,,,
282,4.7,0,0,402,0,0,,,,,,,,
283,4.716666666666667,0,0,402,0,0,,,,,,,,
284,4.733333333333333,0,0,402,0,0,,,,,,,,
285,4.75,0,0,402,0,0,,,,,,,,
286,4.766666666666667,0,0,402,0,0,,,,,,,,
287,4.783333333333333,0,0,402,0,0,,,,,,,,
288,4.8,0,0,402,0,0,,,,,,,,
289,4.816666666666666,0,0,402,0,0,,,,,,,,
290,4.833333333333333,0,0,402,0,0,,,,,,,,
291,4.85,0,0,402,0,0,,,,,,,,
292,4.866666666666666,0,0,402,0,0,,,,,,,,
293,4.883333333333334,0,0,402,0,0,,,,,,,,
294,4.9,0,0,402,0,0,,,,,,,,
295,4.916666666666667,0,0,402,0,0,,,,,,,,
296,4.933333333333334,0,0,402,0,0,,,,,,,,
297,4.95,0,0,402,0,0,,,,,,,,
298,4.966666666666667,0,0,402,0,0,,,,,,,,
299,4.983333333333333,0,0,402,0,0,,,,,,,,
300,5.0,0,0,402,0,0,,,,,,,,
301,5.016666666666667,0,0,402,0,0,,,,,,,,
302,5.033333333333333,0,0,402,0,0,,,,,,,,
303,5.05,0,0,402,0,0,,,,,,,,
304,5.066666666666666,0,0,402,0,0,,,,,,,,
305,5.083333333333333,0,0,402,0,0,,,,,,,,
306,5.1,0,0,402,0,0,,,,,,,,
307,5.116666666666666,0,0,402,0,0,,,,,,,,
308,5.133333333333334,402,402,0,1,1,315,421,10,10,276,440,88,11
309,5.15,402,402,0,1,1,315,421,10,10,276,440,88,11
310,5.166666666666667,402,402,0,1,1,315,421,10,10,276,440,88,11
311,5.183333333333334,402,402,0,1,1,315,421,10,10,276,440,88,11
312,5.2,402,402,0,1,1,315,421,10,10,276,440,88,11
313,5.216666666666667,402,402,0,1,1,315,421,10,10,276,440,88,11
314,5.233333333333333,402,402,0,1,1,315,421,10,10,276,440,88,11
315,5.25,402,402,0,1,1,315,421,10,10,276,440,88,11
316,5.266666666666667,402,402,0,1,1,315,421,10,10,276,440,88,11
317,5.283333333333333,402,402,0,1,1,315,421,10,10,276,440,88,11
318,5.3,402,402,0,1,1,315,421,10,10,276,440,88,11
319,5.316666666666666,402,402,0,1,1,309,421,10,10,270,440,88,11
320,5.333333333333333,402,402,0,1,1,303,421,10,10,264,440,88,11
321,5.35,402,402,0,1,1,297,421,10,10,258,440,88,11
322,5.366666666666666,402,402,0,1,1,291,421,10,10,252,440,88,11
323,5.383333333333334,402,402,0,1,1,285,421,10,10,246,440,88,11
324,5.4,402,402,0,1,1,279,421,10,10,240,440,88,11
325,5.416666666666667,402,402,0,1,1,273,421,10,10,234,440,88,11
326,5.433333333333334,402,402,0,1,1,267,421,10,10,228,440,88,11
327,5.45,402,402,0,1,1,261,421,10,10,222,440,88,11
328,5.466666666666667,402,402,0,1,1,255,421,10,10,216,440,88,11
329,5.483333333333333,402,402,0,1,1,249,421,10,10,210,440,88,11
330,5.5,402,402,0,1,1,243,421,10,10,204,440,88,11
331,5.516666666666667,402,402,0,1,1,237,421,10,10,198,440,88,11
332,5.533333333333333,402,402,0,1,1,231,421,10,10,192,440,88,11
333,5.55,402,402,0,1,1,225,421,10,10,186,440,88,11
334,5.566666666666666,402,402,0,1,1,219,421,10,10,180,440,88,11
335,5.583333333333333,402,402,0,1,1,213,421,10,10,174,440,88,11
336,5.6,402,402,0,1,1,207,421,10,10,168,440,88,11
337,5.616666666666666,402,402,0,1,1,201,421,10,10,162,440,88,11
338,5.633333333333334,402,402,0,1,1,195,421,10,10,156,440,88,11
339,5.65,402,402,0,1,1,189,421,10,10,150,440,88,11
340,5.666666666666667,402,402,0,1,1,183,421,10,10,144,440,88,11
341,5.683333333333334,402,402,0,1,1,177,421,10,10,138,440,88,11
342,5.7,402,402,0,1,1,171,421,10,10,132,440,88,11
343,5.716666666666667,402,402,0,1,1,165,421,10,10,126,440,88,11
344,5.733333333333333,402,402,0,1,1,159,421,10,10,120,440,88,11
345,5.75,402,402,0,1,1,153,421,10,10,114,440,88,11
346,5.766666666666667,402,402,0,1,1,147,421,10,10,108,440,88,11
347,5.783333333333333,402,402,0,1,1,141,421,10,10,102,440,88,11
348,5.8,402,402,0,1,1,135,421,10,10,96,440,88,11
349,5.816666666666666,402,402,0,1,1,135,421,10,10,96,440,88,11
350,5.833333333333333,402,402,0,1,1,129,421,10,10,90,440,88,11
351,5.85,402,402,0,1,1,133,413,10,10,78,440,88,11
352,5.866666666666666,402,402,0,1,1,135,409,10,10,72,440,88,11
353,5.883333333333334,402,402,0,1,1,137,405,10,10,72,440,88,11
354,5.9,402,402,0,1,1,139,401,10,10,72,440,88,11
355,5.916666666666667,402,402,0,1,1,141,397,10,10,78,440,88,11
356,5.933333333333334,402,402,0,1,1,143,393,10,10,78,440,88,11
357,5.95,402,402,0,1,1,145,389,10,10,78,440,88,11
358,5.966666666666667,402,402,0,1,1,147,385,10,10,84,440,88,11
359,5.983333333333333,402,402,0,1,1,149,381,10,10,84,440,88,11
360,6.0,402,402,0,1,1,151,377,10,10,84,440,88,11
361,6.016666666666667,402,402,0,1,1,153,373,10,10,90,440,88,11
362,6.033333333333333,402,402,0,1,1,155,369,10,10,90,440,88,11
363,6.05,402,402,0,1,1,157,365,10,10,90,440,88,11
364,6.066666666666666,402,402,0,1,1,157,365,10,10,90,440,88,11
365,6.083333333333333,402,402,0,1,1,159,361,10,10,96,440,88,11
366,6.1,402,402,0,1,1,163,353,10,10,96,440,88,11
367,6.116666666666666,402,402,0,1,1,165,349,10,10,102,440,88,11
368,6.133333333333334,402,402,0,1,1,167,345,10,10,102,440,88,11
369,6.15,402,402,0,1,1,169,341,10,10,102,440,88,11
370,6.166666666666667,402,402,0,1,1,171,337,10,10,108,440,88,11
371,6.183333333333334,402,402,0,1,1,173,333,10,10,108,440,88,11
372,6.2,402,402,0,1,1,175,329,10,10,108,440,88,11
373,6.216666666666667,402,402,0,1,1,177,325,10,10,114,440,88,11
374,6.233333333333333,402,402,0,1,1,177,325,10,10,114,440,88,11
375,6.25,402,402,0,1,1,179,321,10,10,114,440,88,11
376,6.266666666666667,402,402,0,1,1,181,317,10,10,114,440,88,11
377,6.283333333333333,402,402,0,1,1,183,313,10,10,120,440,88,11
378,6.3,402,402,0,1,1,185,309,10,10,120,440,88,11
379,6.316666666666666,402,402,0,1,1,187,305,10,10,120,440,88,11
380,6.333333333333333,402,402,0,1,1,189,301,10,10,126,440,88,11
381,6.35,402,402,0,1,1,191,297,10,10,126,440,88,11
382,6.366666666666666,402,402,0,1,1,193,293,10,10,126,440,88,11
383,6.383333333333334,402,402,0,1,1,195,289,10,10,132,440,88,11
384,6.4,402,402,0,1,1,197,285,10,10,132,440,88,11
385,6.416666666666667,402,402,0,1,1,199,281,10,10,132,440,88,11
386,6.433333333333334,402,402,0,1,1,201,277,10,10,138,440,88,11
387,6.45,402,402,0,1,1,203,273,10,10,138,440,88,11
388,6.466666666666667,402,402,0,1,1,205,269,10,10,138,440,88,11
389,6.483333333333333,402,402,0,1,1,207,265,10,10,144,440,88,11
390,6.5,402,402,0,1,1,209,261,10,10,144,440,88,11
391,6.516666666666667,402,402,0,1,1,211,257,10,10,144,440,88,11
392,6.533333333333333,402,402,0,1,1,213,253,10,10,150,440,88,11
393,6.55,402,402,0,1,1,215,249,10,10,150,440,88,11
394,6.566666666666666,402,402,0,1,1,217,245,10,10,150,440,88,11
395,6.583333333333333,402,402,0,1,1,219,241,10,10,156,440,88,11
396,6.6,402,402,0,1,1,221,237,10,10,156,440,88,11
397,6.616666666666666,402,402,0,1,1,223,233,10,10,156,440,88,11
398,6.633333333333334,402,402,0,1,1,225,229,10,10,162,440,88,11
399,6.65,402,402,0,1,1,227,225,10,10,162,440,88,11
400,6.666666666666667,402,402,0,1,1,229,221,10,10,162,440,88,11
401,6.683333333333334,402,402,0,1,1,231,217,10,10,168,440,88,11
402,6.7,402,402,0,1,1,233,213,10,10,168,440,88,11
403,6.716666666666667,402,402,0,1,1,235,209,10,10,168,440,88,11
404,6.733333333333333,402,402,0,1,1,237,205,10,10,174,440,88,11
405,6.75,402,402,0,1,1,239,201,10,10,174,440,88,11
406,6.766666666666667,402,402,0,1,1,239,201,10,10,174,440,88,11
407,6.783333333333333,402,402,0,1,1,241,200,10,10,174,440,88,11
408,6.8,402,402,0,1,1,241,200,10,10,174,440,88,11
409,6.816666666666666,402,402,0,1,1,245,208,10,10,180,440,88,11
410,6.833333333333333,402,402,0,1,1,249,216,10,10,186,440,88,11
411,6.85,402,402,0,1,1,251,220,10,10,186,440,88,11
412,6.866666666666666,402,402,0,1,1,253,224,10,10,186,440,88,11
413,6.883333333333334,402,402,0,1,1,255,228,10,10,192,440,88,11
414,6.9,402,402,0,1,1,257,232,10,10,192,440,88,11
415,6.916666666666667,402,402,0,1,1,259,236,10,10,192,440,88,11
416,6.933333333333334,402,402,0,1,1,261,240,10,10,198,440,88,11
417,6.95,402,402,0,1,1,263,244,10,10,198,440,88,11
418,6.966666666666667,402,402,0,1,1,265,248,10,10,198,440,88,11
419,6.983333333333333,402,402,0,1,1,265,248,10,10,198,440,88,11
420,7.0,402,402,0,1,1,267,252,10,10,204,440,88,11
421,7.016666666666667,402,402,0,1,1,271,260,10,10,204,440,88,11
422,7.033333333333333,402,402,0,1,1,273,264,10,10,210,440,88,11
423,7.05,402,402,0,1,1,275,268,10,10,210,440,88,11
424,7.066666666666666,402,402,0,1,1,277,272,10,10,210,440,88,11
425,7.083333333333333,402,402,0,1,1,279,276,10,10,216,440,88,11
426,7.1,402,402,0,1,1,281,280,10,10,216,440,88,11
427,7.116666666666666,402,402,0,1,1,283,284,10,10,216,440,88,11
428,7.133333333333334,402,402,0,1,1,285,288,10,10,222,440,88,11
429,7.15,402,402,0,1,1,287,292,10,10,222,440,88,11
430,7.166666666666667,402,402,0,1,1,289,296,10,10,222,440,88,11
431,7.183333333333334,402,402,0,1,1,291,300,10,10,228,440,88,11
432,7.2,402,402,0,1,1,293,304,10,10,228,440,88,11
433,7.216666666666667,402,402,0,1,1,295,308,10,10,228,440,88,11
434,7.233333333333333,402,402,0,1,1,297,312,10,10,234,440,88,11
435,7.25,402,402,0,1,1,299,316,10,10,234,440,88,11
436,7.266666666666667,402,402,0,1,1,301,320,10,10,234,440,88,11
437,7.283333333333333,402,402,0,1,1,303,324,10,10,240,440,88,11
438,7.3,402,402,0,1,1,305,328,10,10,240,440,88,11
439,7.316666666666666,402,402,0,1,1,307,332,10,10,240,440,88,11
440,7.333333333333333,402,402,0,1,1,309,336,10,10,246,440,88,11
441,7.35,402,402,0,1,1,311,340,10,10,246,440,88,11
442,7.366666666666666,402,402,0,1,1,313,344,10,10,246,440,88,11
443,7.383333333333334,402,402,0,1,1,315,348,10,10,252,440,88,11
444,7.4,402,402,0,1,1,317,352,10,10,252,440,88,11
445,7.416666666666667,402,402,0,1,1,319,356,10,10,252,440,88,11
446,7.433333333333334,402,402,0,1,1,321,360,10,10,258,440,88,11
447,7.45,402,402,0,1,1,323,364,10,10,258,440,88,11
448,7.466666666666667,402,402,0,1,1,325,368,10,10,258,440,88,11
449,7.483333333333333,402,402,0,1,1,327,372,10,10,264,440,88,11
450,7.5,402,402,0,1,1,329,376,10,10,264,440,88,11
451,7.516666666666667,402,402,0,1,1,331,380,10,10,264,440,88,11
452,7.533333333333333,402,402,0,1,1,333,384,10,10,270,440,88,11
453,7.55,402,402,0,1,1,335,388,10,10,270,440,88,11
454,7.566666666666666,402,402,0,1,1,337,392,10,10,270,440,88,11
455,7.583333333333333,402,402,0,1,1,341,400,10,10,276,440,88,11
456,7.6,402,402,0,1,1,343,404,10,10,276,440,88,11
457,7.616666666666666,402,402,0,1,1,345,408,10,10,282,440,88,11
458,7.633333333333334,402,402,0,1,1,347,412,10,10,282,440,88,11
459,7.65,402,402,0,1,1,349,416,10,10,282,440,88,11
460,7.666666666666667,402,402,0,1,1,349,416,10,10,282,440,88,11
461,7.683333333333334,402,402,0,1,1,351,420,10,10,288,440,88,11
462,7.7,402,402,0,1,1,355,428,10,10,288,440,88,11
463,7.716666666666667,402,402,0,1,1,357,426,10,10,294,440,88,11
464,7.733333333333333,402,402,0,1,1,359,422,10,10,294,440,88,11
465,7.75,402,402,0,1,1,361,418,10,10,294,440,88,11
466,7.766666666666667,402,402,0,1,1,363,414,10,10,300,440,88,11
467,7.783333333333333,402,402,0,1,1,365,410,10,10,300,440,88,11
468,7.8,402,402,0,1,1,367,406,10,10,300,440,88,11
469,7.816666666666666,402,402,0,1,1,369,402,10,10,306,440,88,11
470,7.833333333333333,402,402,0,1,1,371,398,10,10,306,440,88,11
471,7.85,402,402,0,1,1,373,394,10,10,306,440,88,11
472,7.866666666666666,402,402,0,1,1,375,390,10,10,312,440,88,11
473,7.883333333333334,402,402,0,1,1,377,386,10,10,312,440,88,11
474,7.9,402,402,0,1,1,379,382,10,10,312,440,88,11
475,7.916666666666667,402,402,0,1,1,381,378,10,10,318,440,88,11
476,7.933333333333334,402,402,0,1,1,383,374,10,10,318,440,88,11
477,7.95,402,402,0,1,1,385,370,10,10,318,440,88,11
478,7.966666666666667,402,402,0,1,1,387,366,10,10,324,440,88,11
479,7.983333333333333,402,402,0,1,1,389,362,10,10,324,440,88,11
480,8.0,402,402,0,1,1,391,358,10,10,324,440,88,11
481,8.016666666666667,402,402,0,1,1,393,354,10,10,330,440,88,11
482,8.033333333333333,402,402,0,1,1,395,350,10,10,330,440,88,11
483,8.05,402,402,0,1,1,397,346,10,10,330,440,88,11
484,8.066666666666666,402,402,0,1,1,399,342,10,10,336,440,88,11
485,8.083333333333334,402,402,0,1,1,401,338,10,10,336,440,88,11
486,8.1,402,402,0,1,1,403,334,10,10,336,440,88,11
487,8.116666666666667,402,402,0,1,1,403,334,10,10,336,440,88,11
488,8.133333333333333,402,402,0,1,1,405,330,10,10,342,440,88,11
489,8.15,402,402,0,1,1,409,322,10,10,342,440,88,11
490,8.166666666666666,402,402,0,1,1,411,318,10,10,348,440,88,11
491,8.183333333333334,402,402,0,1,1,413,314,10,10,348,440,88,11
492,8.2,402,402,0,1,1,415,310,10,10,348,440,88,11
493,8.216666666666667,402,402,0,1,1,417,306,10,10,354,440,88,11
494,8.233333333333333,402,402,0,1,1,419,302,10,10,354,440,88,11
495,8.25,402,402,0,1,1,421,298,10,10,354,440,88,11
496,8.266666666666667,402,402,0,1,1,423,294,10,10,360,440,88,11
497,8.283333333333333,402,402,0,1,1,425,290,10,10,360,440,88,11
498,8.3,402,402,0,1,1,427,286,10,10,360,440,88,11
499,8.316666666666666,402,402,0,1,1,429,282,10,10,366,440,88,11
500,8.333333333333334,402,402,0,1,1,431,278,10,10,366,440,88,11
501,8.35,402,402,0,1,1,433,274,10,10,366,440,88,11
502,8.366666666666667,402,402,0,1,1,435,270,10,10,372,440,88,11
503,8.383333333333333,402,402,0,1,1,437,266,10,10,372,440,88,11
504,8.4,402,402,0,1,1,439,262,10,10,372,440,88,11
505,8.416666666666666,402,402,0,1,1,441,258,10,10,378,440,88,11
506,8.433333333333334,402,402,0,1,1,443,254,10,10,378,440,88,11
507,8.45,402,402,0,1,1,445,250,10,10,378,440,88,11
508,8.466666666666667,402,402,0,1,1,447,246,10,10,384,440,88,11
509,8.483333333333333,402,402,0,1,1,449,242,10,10,384,440,88,11
510,8.5,402,402,0,1,1,451,238,10,10,384,440,88,11
511,8.516666666666667,402,402,0,1,1,453,234,10,10,390,440,88,11
512,8.533333333333333,402,402,0,1,1,455,230,10,10,390,440,88,11
513,8.55,402,402,0,1,1,457,226,10,10,390,440,88,11
514,8.566666666666666,402,402,0,1,1,459,222,10,10,396,440,88,11
515,8.583333333333334,402,402,0,1,1,461,218,10,10,396,440,88,11
516,8.6,402,402,0,1,1,463,214,10,10,396,440,88,11
517,8.616666666666667,402,402,0,1,1,465,210,10,10,402,440,88,11
518,8.633333333333333,402,402,0,1,1,467,206,10,10,402,440,88,11
519,8.65,402,402,0,1,1,469,202,10,10,402,440,88,11
520,8.666666666666666,402,402,0,1,1,469,202,10,10,402,440,88,11
521,8.683333333333334,402,402,0,1,1,471,200,10,9,408,440,88,11
522,8.7,402,402,0,1,1,471,200,10,9,408,440,88,11
523,8.716666666666667,402,402,0,1,1,475,208,10,9,408,440,88,11
524,8.733333333333333,402,402,0,1,1,479,216,10,9,414,440,88,11
525,8.75,402,402,0,1,1,481,220,10,9,414,440,88,11
526,8.766666666666667,402,402,0,1,1,483,224,10,9,420,440,88,11
527,8.783333333333333,402,402,0,1,1,485,228,10,9,420,440,88,11
528,8.8,402,402,0,1,1,487,232,10,9,420,440,88,11
529,8.816666666666666,402,402,0,1,1,489,236,10,9,426,440,88,11
530,8.833333333333334,402,402,0,1,1,491,240,10,9,426,440,88,11
531,8.85,402,402,0,1,1,493,244,10,9,426,440,88,11
532,8.866666666666667,402,402,0,1,1,495,248,10,9,432,440,88,11
533,8.883333333333333,402,402,0,1,1,497,252,10,9,432,440,88,11
534,8.9,402,402,0,1,1,499,256,10,9,432,440,88,11
535,8.916666666666666,402,402,0,1,1,501,260,10,9,438,440,88,11
536,8.933333333333334,402,402,0,1,1,503,264,10,9,438,440,88,11
537,8.95,402,402,0,1,1,505,268,10,9,438,440,88,11
538,8.966666666666667,402,402,0,1,1,507,272,10,9,444,440,88,11
539,8.983333333333333,402,402,0,1,1,509,276,10,9,444,440,88,11
540,9.0,402,402,0,1,1,511,280,10,9,444,440,88,11
541,9.016666666666667,402,402,0,1,1,513,284,10,9,450,440,88,11
542,9.033333333333333,402,402,0,1,1,515,288,10,9,450,440,88,11
543,9.05,402,402,0,1,1,517,292,10,9,450,440,88,11
544,9.066666666666666,402,402,0,1,1,519,296,10,9,456,440,88,11
545,9.083333333333334,402,402,0,1,1,521,300,10,9,456,440,88,11
546,9.1,402,402,0,1,1,523,304,10,9,456,440,88,11
547,9.116666666666667,402,402,0,1,1,525,308,10,9,462,440,88,11
548,9.133333333333333,402,402,0,1,1,525,308,10,9,462,440,88,11
549,9.15,402,402,0,1,1,527,312,10,9,462,440,88,11
550,9.166666666666666,402,402,0,1,1,531,320,10,9,468,440,88,11
551,9.183333333333334,402,402,0,1,1,533,324,10,9,468,440,88,11
552,9.2,402,402,0,1,1,535,328,10,9,468,440,88,11
553,9.216666666666667,402,402,0,1,1,537,332,10,9,474,440,88,11
554,9.233333333333333,402,402,0,1,1,539,336,10,9,474,440,88,11
555,9.25,402,402,0,1,1,541,340,10,9,474,440,88,11
556,9.266666666666667,402,402,0,1,1,543,344,10,9,480,440,88,11
557,9.283333333333333,402,402,0,1,1,545,348,10,9,480,440,88,11
558,9.3,402,402,0,1,1,547,352,10,9,480,440,88,11
559,9.316666666666666,402,402,0,1,1,549,356,10,9,486,440,88,11
560,9.333333333333334,402,402,0,1,1,551,360,10,9,492,440,88,11
561,9.35,402,402,0,1,1,553,364,10,9,498,440,88,11
562,9.366666666666667,402,402,0,1,1,555,368,10,9,504,440,88,11
563,9.383333333333333,402,402,0,1,1,557,372,10,9,510,440,88,11
564,9.4,402,402,0,1,1,559,376,10,9,516,440,88,11
565,9.416666666666666,402,402,0,1,1,561,380,10,9,522,440,88,11
566,9.433333333333334,402,402,0,1,1,563,384,10,9,522,440,88,11
567,9.45,402,402,0,1,1,565,388,10,9,522,440,88,11
568,9.466666666666667,402,402,0,1,1,567,392,10,9,528,440,88,11
569,9.483333333333333,402,402,0,1,1,569,396,10,9,528,440,88,11
570,9.5,402,402,0,1,1,571,400,10,9,528,440,88,11
571,9.516666666666667,402,402,0,1,1,573,404,10,9,534,440,88,11
572,9.533333333333333,402,402,0,1,1,575,408,10,9,534,440,88,11
573,9.55,402,402,0,1,1,577,412,10,9,534,440,88,11
574,9.566666666666666,402,402,0,1,1,579,416,10,9,536,440,88,11
575,9.583333333333334,402,402,0,1,1,581,420,10,9,536,440,88,11
576,9.6,402,402,0,1,1,583,424,10,9,536,440,88,11
577,9.616666666666667,402,402,0,1,1,585,428,10,9,536,440,88,11
578,9.633333333333333,402,402,0,1,1,586,428,10,9,536,440,88,11
579,9.65,402,402,0,1,1,587,424,10,9,536,440,88,11
580,9.666666666666666,402,402,0,1,1,588,420,10,9,536,440,88,11
581,9.683333333333334,402,402,0,1,1,589,416,10,9,536,440,88,11
582,9.7,402,402,0,1,1,590,412,10,9,536,440,88,11
583,9.716666666666667,402,402,0,1,1,591,408,10,9,536,440,88,11
584,9.733333333333333,402,402,0,1,1,592,404,10,9,536,440,88,11
585,9.75,402,402,0,1,1,593,400,10,9,536,440,88,11
586,9.766666666666667,402,402,0,1,1,594,396,10,9,536,440,88,11
587,9.783333333333333,402,402,0,1,1,595,392,10,9,536,440,88,11
588,9.8,402,402,0,1,1,596,388,10,9,536,440,88,11
589,9.816666666666666,402,402,0,1,1,597,384,10,9,536,440,88,11
590,9.833333333333334,402,402,0,1,1,598,380,10,9,536,440,88,11
591,9.85,402,402,0,1,1,599,376,10,9,536,440,88,11
592,9.866666666666667,402,402,0,1,1,600,372,10,9,536,440,88,11
593,9.883333333333333,402,402,0,1,1,601,368,10,9,536,440,88,11
594,9.9,402,402,0,1,1,602,364,10,9,536,440,88,11
595,9.916666666666666,402,402,0,1,1,603,360,10,9,536,440,88,11
596,9.933333333333334,402,402,0,1,1,604,356,10,9,536,440,88,11
597,9.95,402,402,0,1,1,605,352,10,9,536,440,88,11
598,9.966666666666667,402,402,0,1,1,606,348,10,9,536,440,88,11
599,9.983333333333333,402,402,0,1,1,607,344,10,9,536,440,88,11
600,10.0,402,402,0,1,1,608,340,10,9,536,440,88,11
601,10.016666666666667,402,402,0,1,1,609,336,10,9,536,440,88,11
602,10.033333333333333,402,402,0,1,1,610,332,10,9,536,440,88,11
603,10.05,402,402,0,1,1,611,328,10,9,536,440,88,11
604,10.066666666666666,402,402,0,1,1,612,324,10,9,536,440,88,11
605,10.083333333333334,402,402,0,1,1,613,320,10,9,536,440,88,11
606,10.1,402,402,0,1,1,613,316,10,9,536,440,88,11
607,10.116666666666667,402,402,0,1,1,612,312,10,9,536,440,88,11
608,10.133333333333333,402,402,0,1,1,611,308,10,9,536,440,88,11
609,10.15,402,402,0,1,1,610,304,10,9,536,440,88,11
610,10.166666666666666,402,402,0,1,1,609,300,10,9,536,440,88,11
611,10.183333333333334,402,402,0,1,1,608,296,10,9,536,440,88,11
612,10.2,402,402,0,1,1,607,292,10,9,536,440,88,11
613,10.216666666666667,402,402,0,1,1,606,288,10,9,536,440,88,11
614,10.233333333333333,402,402,0,1,1,605,284,10,9,536,440,88,11
615,10.25,402,402,0,1,1,604,280,10,9,536,440,88,11
616,10.266666666666667,402,402,0,1,1,603,276,10,9,536,440,88,11
617,10.283333333333333,402,402,0,1,1,602,272,10,9,536,440,88,11
618,10.3,402,402,0,1,1,601,268,10,9,536,440,88,11
619,10.316666666666666,402,402,0,1,1,600,264,10,9,536,440,88,11
620,10.333333333333334,402,402,0,1,1,599,260,10,9,536,440,88,11
621,10.35,402,402,0,1,1,598,256,10,9,536,440,88,11
622,10.366666666666667,402,402,0,1,1,597,252,10,9,536,440,88,11
623,10.383333333333333,402,402,0,1,1,596,248,10,9,536,440,88,11
624,10.4,402,402,0,1,1,595,244,10,9,536,440,88,11
625,10.416666666666666,402,402,0,1,1,594,240,10,9,536,440,88,11
626,10.433333333333334,402,402,0,1,1,593,236,10,9,536,440,88,11
627,10.45,402,402,0,1,1,592,232,10,9,536,440,88,11
628,10.466666666666667,402,402,0,1,1,591,228,10,9,536,440,88,11
629,10.483333333333333,402,402,0,1,1,590,224,10,9,536,440,88,11
630,10.5,402,402,0,1,1,589,220,10,9,536,440,88,11
631,10.516666666666667,402,402,0,1,1,588,216,10,9,536,440,88,11
632,10.533333333333333,402,402,0,1,1,587,212,10,9,536,440,88,11
633,10.55,402,402,0,1,1,586,208,10,9,536,440,88,11
634,10.566666666666666,402,402,0,1,1,585,204,10,9,536,440,88,11
635,10.583333333333334,402,402,0,1,1,585,204,10,9,536,440,88,11
636,10.6,402,402,0,1,1,583,202,10,10,536,440,88,11
637,10.616666666666667,402,402,0,1,1,583,202,10,10,536,440,88,11
638,10.633333333333333,402,402,0,1,1,581,210,10,10,536,440,88,11
639,10.65,402,402,0,1,1,579,218,10,10,536,440,88,11
640,10.666666666666666,402,402,0,1,1,578,222,10,10,536,440,88,11
641,10.683333333333334,402,402,0,1,1,577,226,10,10,536,440,88,11
642,10.7,402,402,0,1,1,576,230,10,10,536,440,88,11
643,10.716666666666667,402,402,0,1,1,575,234,10,10,536,440,88,11
644,10.733333333333333,402,402,0,1,1,574,238,10,10,536,440,88,11
645,10.75,402,402,0,1,1,573,242,10,10,536,440,88,11
646,10.766666666666667,402,402,0,1,1,572,246,10,10,536,440,88,11
647,10.783333333333333,402,402,0,1,1,571,250,10,10,530,440,88,11
648,10.8,402,402,0,1,1,570,254,10,10,536,440,88,11
649,10.816666666666666,402,402,0,1,1,569,258,10,10,530,440,88,11
650,10.833333333333334,402,402,0,1,1,569,258,10,10,530,440,88,11
651,10.85,402,402,0,1,1,568,262,10,10,530,440,88,11
652,10.866666666666667,402,402,0,1,1,567,266,10,10,530,440,88,11
653,10.883333333333333,402,402,0,1,1,566,270,10,10,530,440,88,11
654,10.9,402,402,0,1,1,565,274,10,10,524,440,88,11
655,10.916666666666666,402,402,0,1,1,564,278,10,10,530,440,88,11
656,10.933333333333334,402,402,0,1,1,563,282,10,10,524,440,88,11
657,10.95,402,402,0,1,1,562,286,10,10,524,440,88,11
658,10.966666666666667,402,402,0,1,1,561,290,10,10,524,440,88,11
659,10.983333333333333,402,402,0,1,1,560,294,10,10,524,440,88,11
660,11.0,402,402,0,1,1,559,298,10,10,518,440,88,11
661,11.016666666666667,402,402,0,1,1,558,302,10,10,524,440,88,11
662,11.033333333333333,402,402,0,1,1,557,306,10,10,518,440,88,11
663,11.05,402,402,0,1,1,556,310,10,10,518,440,88,11
664,11.066666666666666,402,402,0,1,1,555,314,10,10,518,440,88,11
665,11.083333333333334,402,402,0,1,1,554,318,10,10,518,440,88,11
666,11.1,402,402,0,1,1,553,322,10,10,512,440,88,11
667,11.116666666666667,402,402,0,1,1,552,326,10,10,518,440,88,11
668,11.133333333333333,402,402,0,1,1,551,330,10,10,512,440,88,11
669,11.15,402,402,0,1,1,550,334,10,10,512,440,88,11
670,11.166666666666666,402,402,0,1,1,549,338,10,10,512,440,88,11
671,11.183333333333334,402,402,0,1,1,548,342,10,10,512,440,88,11
672,11.2,402,402,0,1,1,547,346,10,10,506,440,88,11
673,11.216666666666667,402,402,0,1,1,546,350,10,10,512,440,88,11
674,11.233333333333333,402,402,0,1,1,545,354,10,10,506,440,88,11
675,11.25,402,402,0,1,1,544,358,10,10,506,440,88,11
676,11.266666666666667,402,402,0,1,1,543,362,10,10,506,440,88,11
677,11.283333333333333,402,402,0,1,1,542,366,10,10,506,440,88,11
678,11.3,402,402,0,1,1,541,370,10,10,500,440,88,11
679,11.316666666666666,402,402,0,1,1,540,374,10,10,506,440,88,11
680,11.333333333333334,402,402,0,1,1,539,378,10,10,500,440,88,11
681,11.35,402,402,0,1,1,538,382,10,10,500,440,88,11
682,11.366666666666667,402,402,0,1,1,537,386,10,10,500,440,88,11
683,11.383333333333333,402,402,0,1,1,536,390,10,10,500,440,88,11
684,11.4,402,402,0,1,1,535,394,10,10,494,440,88,11
685,11.416666666666666,402,402,0,1,1,534,398,10,10,500,440,88,11
686,11.433333333333334,402,402,0,1,1,533,402,10,10,494,440,88,11
687,11.45,402,402,0,1,1,532,406,10,10,494,440,88,11
688,11.466666666666667,402,402,0,1,1,531,410,10,10,494,440,88,11
689,11.483333333333333,402,402,0,1,1,530,414,10,10,494,440,88,11
690,11.5,402,402,0,1,1,529,418,10,10,488,440,88,11
691,11.516666666666667,402,402,0,1,1,528,422,10,10,494,440,88,11
692,11.533333333333333,402,402,0,1,1,527,426,10,10,488,440,88,11
693,11.55,402,402,0,1,1,526,428,10,10,488,440,88,11
694,11.566666666666666,402,402,0,1,1,525,424,10,10,488,440,88,11
695,11.583333333333334,402,402,0,1,1,524,420,10,10,488,440,88,11
696,11.6,402,402,0,1,1,523,416,10,10,482,440,88,11
697,11.616666666666667,402,402,0,1,1,522,412,10,10,488,440,88,11
698,11.633333333333333,402,402,0,1,1,521,408,10,10,482,440,88,11
699,11.65,402,402,0,1,1,520,404,10,10,482,440,88,11
700,11.666666666666666,402,402,0,1,1,519,400,10,10,482,440,88,11
701,11.683333333333334,402,402,0,1,1,518,396,10,10,482,440,88,11
702,11.7,402,402,0,1,1,517,392,10,10,476,440,88,11
703,11.716666666666667,402,402,0,1,1,516,388,10,10,482,440,88,11
704,11.733333333333333,402,402,0,1,1,515,384,10,10,476,440,88,11
705,11.75,402,402,0,1,1,514,380,10,10,476,440,88,11
706,11.766666666666667,402,402,0,1,1,513,376,10,10,476,440,88,11
707,11.783333333333333,402,402,0,1,1,512,372,10,10,476,440,88,11
708,11.8,402,402,0,1,1,511,368,10,10,470,440,88,11
709,11.816666666666666,402,402,0,1,1,510,364,10,10,476,440,88,11
710,11.833333333333334,402,402,0,1,1,509,360,10,10,470,440,88,11
711,11.85,402,402,0,1,1,508,356,10,10,470,440,88,11
712,11.866666666666667,402,402,0,1,1,507,352,10,10,470,440,88,11
713,11.883333333333333,402,402,0,1,1,506,348,10,10,470,440,88,11
714,11.9,402,402,0,1,1,505,344,10,10,464,440,88,11
715,11.916666666666666,402,402,0,1,1,504,340,10,10,470,440,88,11
716,11.933333333333334,402,402,0,1,1,503,336,10,10,464,440,88,11
717,11.95,402,402,0,1,1,502,332,10,10,464,440,88,11
718,11.966666666666667,402,402,0,1,1,501,328,10,10,464,440,88,11
719,11.983333333333333,402,402,0,1,1,500,324,10,10,464,440,88,11
720,12.0,402,402,0,1,1,499,320,10,10,458,440,88,11
721,12.016666666666667,402,402,0,1,1,498,316,10,10,464,440,88,11
722,12.033333333333333,402,402,0,1,1,497,312,10,10,458,440,88,11
723,12.05,402,402,0,1,1,496,308,10,10,458,440,88,11
724,12.066666666666666,402,402,0,1,1,495,304,10,10,458,440,88,11
725,12.083333333333334,402,402,0,1,1,494,300,10,10,458,440,88,11
726,12.1,402,402,0,1,1,493,296,10,10,452,440,88,11
727,12.116666666666667,402,402,0,1,1,492,292,10,10,458,440,88,11
728,12.133333333333333,402,402,0,1,1,491,288,10,10,452,440,88,11
729,12.15,402,402,0,1,1,490,284,10,10,452,440,88,11
730,12.166666666666666,402,402,0,1,1,489,280,10,10,452,440,88,11
731,12.183333333333334,402,402,0,1,1,488,276,10,10,452,440,88,11
732,12.2,402,402,0,1,1,487,272,10,10,446,440,88,11
733,12.216666666666667,402,402,0,1,1,487,272,10,10,446,440,88,11
734,12.233333333333333,402,402,0,1,1,486,268,10,10,452,440,88,11
735,12.25,402,402,0,1,1,484,260,10,10,446,440,88,11
736,12.266666666666667,402,402,0,1,1,483,256,10,10,446,440,88,11
737,12.283333333333333,402,402,0,1,1,482,252,10,10,446,440,88,11
738,12.3,402,402,0,1,1,481,248,10,10,440,440,88,11
739,12.316666666666666,402,402,0,1,1,480,244,10,10,446,440,88,11
740,12.333333333333334,402,402,0,1,1,479,240,10,10,440,440,88,11
741,12.35,402,402,0,1,1,478,236,10,10,440,440,88,11
742,12.366666666666667,402,402,0,1,1,477,232,10,10,440,440,88,11
743,12.383333333333333,402,402,0,1,1,476,228,10,10,440,440,88,11
744,12.4,402,402,0,1,1,475,224,10,10,434,440,88,11
745,12.416666666666666,402,402,0,1,1,474,220,10,10,440,440,88,11
746,12.433333333333334,402,402,0,1,1,473,216,10,10,434,440,88,11
747,12.45,402,402,0,1,1,472,212,10,10,434,440,88,11
748,12.466666666666667,402,402,0,1,1,471,208,10,10,434,440,88,11
749,12.483333333333333,402,402,0,1,1,470,204,10,10,434,440,88,11
750,12.5,402,402,0,1,1,469,200,10,10,428,440,88,11
751,12.516666666666667,402,402,0,1,1,468,196,10,10,434,440,88,11
752,12.533333333333333,402,402,0,1,1,467,192,10,10,428,440,88,11
753,12.55,402,402,0,1,1,466,188,10,10,428,440,88,11
754,12.566666666666666,402,402,0,1,1,465,184,10,10,428,440,88,11
755,12.583333333333334,402,402,0,1,1,464,180,10,10,428,440,88,11
756,12.6,402,402,0,1,1,463,176,10,10,422,440,88,11
757,12.616666666666667,402,402,0,1,1,463,176,10,10,422,440,88,11
758,12.633333333333333,402,402,0,1,1,462,173,10,10,428,440,88,11
759,12.65,402,402,0,1,1,462,173,10,10,428,440,88,11
760,12.666666666666666,402,402,0,1,1,460,181,10,10,422,440,88,11
761,12.683333333333334,402,402,0,1,1,458,189,10,10,422,440,88,11
762,12.7,402,402,0,1,1,457,193,10,10,416,440,88,11
763,12.716666666666667,402,402,0,1,1,456,197,10,10,422,440,88,11
764,12.733333333333333,402,402,0,1,1,455,201,10,10,416,440,88,11
765,12.75,402,402,0,1,1,454,205,10,10,416,440,88,11
766,12.766666666666667,402,402,0,1,1,453,209,10,10,416,440,88,11
767,12.783333333333333,402,402,0,1,1,452,213,10,10,416,440,88,11
768,12.8,402,402,0,1,1,451,217,10,10,410,440,88,11
769,12.816666666666666,402,402,0,1,1,450,221,10,10,416,440,88,11
770,12.833333333333334,402,402,0,1,1,449,225,10,10,410,440,88,11
771,12.85,402,402,0,1,1,448,229,10,10,410,440,88,11
772,12.866666666666667,402,402,0,1,1,447,233,10,10,410,440,88,11
773,12.883333333333333,402,402,0,1,1,446,237,10,10,410,440,88,11
774,12.9,402,402,0,1,1,445,241,10,10,404,440,88,11
775,12.916666666666666,402,402,0,1,1,444,245,10,10,410,440,88,11
776,12.933333333333334,402,402,0,1,1,443,249,10,10,404,440,88,11
777,12.95,402,402,0,1,1,442,253,10,10,404,440,88,11
778,12.966666666666667,402,402,0,1,1,441,257,10,10,404,440,88,11
779,12.983333333333333,402,402,0,1,1,440,261,10,10,404,440,88,11
780,13.0,402,402,0,1,1,439,265,10,10,398,440,88,11
781,13.016666666666667,402,402,0,1,1,438,269,10,10,404,440,88,11
782,13.033333333333333,402,402,0,1,1,437,273,10,10,398,440,88,11
783,13.05,402,402,0,1,1,436,277,10,10,398,440,88,11
784,13.066666666666666,402,402,0,1,1,435,281,10,10,398,440,88,11
785,13.083333333333334,402,402,0,1,1,434,285,10,10,398,440,88,11
786,13.1,402,402,0,1,1,433,289,10,10,392,440,88,11
787,13.116666666666667,402,402,0,1,1,432,293,10,10,398,440,88,11
788,13.133333333333333,402,402,0,1,1,431,297,10,10,392,440,88,11
789,13.15,402,402,0,1,1,430,301,10,10,392,440,88,11
790,13.166666666666666,402,402,0,1,1,429,305,10,10,392,440,88,11
791,13.183333333333334,402,402,0,1,1,428,309,10,10,392,440,88,11
792,13.2,402,402,0,1,1,427,313,10,10,386,440,88,11
793,13.216666666666667,402,402,0,1,1,426,317,10,10,392,440,88,11
794,13.233333333333333,402,402,0,1,1,426,317,10,10,392,440,88,11
795,13.25,402,402,0,1,1,425,321,10,10,386,440,88,11
796,13.266666666666667,402,402,0,1,1,423,329,10,10,386,440,88,11
797,13.283333333333333,402,402,0,1,1,422,333,10,10,386,440,88,11
798,13.3,402,402,0,1,1,421,337,10,10,380,440,88,11
799,13.316666666666666,402,402,0,1,1,420,341,10,10,386,440,88,11
800,13.333333333333334,402,402,0,1,1,419,345,10,10,392,440,88,11
801,13.35,402,402,0,1,1,418,349,10,10,398,440,88,11
802,13.366666666666667,402,402,0,1,1,417,353,10,10,404,440,88,11
803,13.383333333333333,402,402,0,1,1,416,357,10,10,404,440,88,11
804,13.4,402,402,0,1,1,415,361,10,10,398,440,88,11
805,13.416666666666666,402,402,0,1,1,414,365,10,10,404,440,88,11
806,13.433333333333334,402,402,0,1,1,413,369,10,10,398,440,88,11
807,13.45,402,402,0,1,1,412,373,10,10,398,440,88,11
808,13.466666666666667,402,402,0,1,1,411,377,10,10,398,440,88,11
809,13.483333333333333,402,402,0,1,1,410,381,10,10,398,440,88,11
810,13.5,402,402,0,1,1,409,385,10,10,392,440,88,11
811,13.516666666666667,402,402,0,1,1,408,389,10,10,398,440,88,11
812,13.533333333333333,402,402,0,1,1,407,393,10,10,392,440,88,11
813,13.55,402,402,0,1,1,406,397,10,10,392,440,88,11
814,13.566666666666666,402,402,0,1,1,405,401,10,10,392,440,88,11
815,13.583333333333334,402,402,0,1,1,404,405,10,10,392,440,88,11
816,13.6,402,402,0,1,1,403,409,10,10,386,440,88,11
817,13.616666666666667,402,402,0,1,1,402,413,10,10,392,440,88,11
818,13.633333333333333,402,402,0,1,1,401,417,10,10,386,440,88,11
819,13.65,402,402,0,1,1,400,421,10,10,386,440,88,11
820,13.666666666666666,402,402,0,1,1,399,425,10,10,386,440,88,11
821,13.683333333333334,402,402,0,0,0,,,,,,,,
822,13.7,402,402,0,1,1,396,425,10,10,380,440,88,11
823,13.716666666666667,402,402,0,1,1,394,421,10,10,380,440,88,11
824,13.733333333333333,402,402,0,1,1,392,417,10,10,380,440,88,11
825,13.75,402,402,0,1,1,390,413,10,10,374,440,88,11
826,13.766666666666667,402,402,0,1,1,388,409,10,10,374,440,88,11
827,13.783333333333333,402,402,0,1,1,386,405,10,10,374,440,88,11
828,13.8,402,402,0,1,1,384,401,10,10,368,440,88,11
829,13.816666666666666,402,402,0,1,1,382,397,10,10,368,440,88,11
830,13.833333333333334,402,402,0,1,1,380,393,10,10,368,440,88,11
831,13.85,402,402,0,1,1,378,389,10,10,362,440,88,11
832,13.866666666666667,402,402,0,1,1,376,385,10,10,362,440,88,11
833,13.883333333333333,402,402,0,1,1,374,381,10,10,362,440,88,11
834,13.9,402,402,0,1,1,372,377,10,10,356,440,88,11
835,13.916666666666666,402,402,0,1,1,370,373,10,10,356,440,88,11
836,13.933333333333334,402,402,0,1,1,368,369,10,10,356,440,88,11
837,13.95,402,402,0,1,1,366,365,10,10,350,440,88,11
838,13.966666666666667,402,402,0,1,1,364,361,10,10,350,440,88,11
839,13.983333333333333,402,402,0,1,1,362,357,10,10,350,440,88,11
840,14.0,402,402,0,1,1,360,353,10,10,344,440,88,11
841,14.016666666666667,402,402,0,1,1,358,349,10,10,344,440,88,11
842,14.033333333333333,402,402,0,1,1,356,345,10,10,344,440,88,11
843,14.05,402,402,0,1,1,354,341,10,10,338,440,88,11
844,14.066666666666666,402,402,0,1,1,352,337,10,10,338,440,88,11
845,14.083333333333334,402,402,0,1,1,350,333,10,10,338,440,88,11
846,14.1,402,402,0,1,1,348,329,10,10,332,440,88,11
847,14.116666666666667,402,402,0,1,1,346,325,10,10,332,440,88,11
848,14.133333333333333,402,402,0,1,1,344,321,10,10,332,440,88,11
849,14.15,402,402,0,1,1,342,317,10,10,326,440,88,11
850,14.166666666666666,402,402,0,1,1,340,313,10,10,326,440,88,11
851,14.183333333333334,402,402,0,1,1,338,309,10,10,326,440,88,11
852,14.2,402,402,0,1,1,336,305,10,10,320,440,88,11
853,14.216666666666667,402,402,0,1,1,334,301,10,10,320,440,88,11
854,14.233333333333333,402,402,0,1,1,332,297,10,10,320,440,88,11
855,14.25,402,402,0,1,1,332,297,10,10,320,440,88,11
856,14.266666666666667,402,402,0,1,1,330,293,10,10,314,440,88,11
857,14.283333333333333,402,402,0,1,1,326,285,10,10,314,440,88,11
858,14.3,402,402,0,1,1,324,281,10,10,308,440,88,11
859,14.316666666666666,402,402,0,1,1,322,277,10,10,308,440,88,11
860,14.333333333333334,402,402,0,1,1,320,273,10,10,308,440,88,11
861,14.35,402,402,0,1,1,318,269,10,10,302,440,88,11
862,14.366666666666667,402,402,0,1,1,316,265,10,10,302,440,88,11
863,14.383333333333333,402,402,0,1,1,314,261,10,10,302,440,88,11
864,14.4,402,402,0,1,1,312,257,10,10,296,440,88,11
865,14.416666666666666,402,402,0,1,1,310,253,10,10,296,440,88,11
866,14.433333333333334,402,402,0,1,1,308,249,10,10,296,440,88,11
867,14.45,402,402,0,1,1,306,245,10,10,290,440,88,11
868,14.466666666666667,402,402,0,1,1,304,241,10,10,290,440,88,11
869,14.483333333333333,402,402,0,1,1,302,237,10,10,290,440,88,11
870,14.5,402,402,0,1,1,300,233,10,10,284,440,88,11
871,14.516666666666667,402,402,0,1,1,298,229,10,10,284,440,88,11
872,14.533333333333333,402,402,0,1,1,296,225,10,10,284,440,88,11
873,14.55,402,402,0,1,1,294,221,10,10,278,440,88,11
874,14.566666666666666,402,402,0,1,1,292,217,10,10,278,440,88,11
875,14.583333333333334,402,402,0,1,1,290,213,10,10,278,440,88,11
876,14.6,402,402,0,1,1,288,209,10,10,272,440,88,11
877,14.616666666666667,402,402,0,1,1,286,205,10,10,272,440,88,11
878,14.633333333333333,402,402,0,1,1,284,201,10,10,272,440,88,11
879,14.65,402,402,0,1,1,284,201,10,10,272,440,88,11
880,14.666666666666666,402,402,0,1,1,282,200,10,10,266,440,88,11
881,14.683333333333334,402,402,0,1,1,282,200,10,10,266,440,88,11
882,14.7,402,402,0,1,1,278,208,10,10,266,440,88,11
883,14.716666666666667,402,402,0,1,1,274,216,10,10,260,440,88,11
884,14.733333333333333,402,402,0,1,1,272,220,10,10,260,440,88,11
885,14.75,402,402,0,1,1,270,224,10,10,254,440,88,11
886,14.766666666666667,402,402,0,1,1,268,228,10,10,254,440,88,11
887,14.783333333333333,402,402,0,1,1,266,232,10,10,254,440,88,11
888,14.8,402,402,0,1,1,264,236,10,10,248,440,88,11
889,14.816666666666666,402,402,0,1,1,262,240,10,10,248,440,88,11
890,14.833333333333334,402,402,0,1,1,260,244,10,10,248,440,88,11
891,14.85,402,402,0,1,1,258,248,10,10,242,440,88,11
892,14.866666666666667,402,402,0,1,1,256,252,10,10,242,440,88,11
893,14.883333333333333,402,402,0,1,1,254,256,10,10,242,440,88,11
894,14.9,402,402,0,1,1,252,260,10,10,236,440,88,11
895,14.916666666666666,402,402,0,1,1,250,264,10,10,236,440,88,11
896,14.933333333333334,402,402,0,1,1,248,268,10,10,236,440,88,11
897,14.95,402,402,0,1,1,246,272,10,10,230,440,88,11
898,14.966666666666667,402,402,0,1,1,244,276,10,10,230,440,88,11
899,14.983333333333333,402,402,0,1,1,242,280,10,10,230,440,88,11
900,15.0,402,402,0,1,1,240,284,10,10,224,440,88,11
901,15.016666666666667,402,402,0,1,1,238,288,10,10,224,440,88,11
902,15.033333333333333,402,402,0,1,1,236,292,10,10,224,440,88,11
903,15.05,402,402,0,1,1,234,296,10,10,218,440,88,11
904,15.066666666666666,402,402,0,1,1,232,300,10,10,218,440,88,11
905,15.083333333333334,402,402,0,1,1,230,304,10,10,218,440,88,11
906,15.1,402,402,0,1,1,228,308,10,10,212,440,88,11
907,15.116666666666667,402,402,0,1,1,226,312,10,10,212,440,88,11
908,15.133333333333333,402,402,0,1,1,224,316,10,10,212,440,88,11
909,15.15,402,402,0,1,1,222,320,10,10,206,440,88,11
910,15.166666666666666,402,402,0,1,1,220,324,10,10,206,440,88,11
911,15.183333333333334,402,402,0,1,1,218,328,10,10,206,440,88,11
912,15.2,402,402,0,1,1,216,332,10,10,200,440,88,11
913,15.216666666666667,402,402,0,1,1,214,336,10,10,200,440,88,11
914,15.233333333333333,402,402,0,1,1,212,340,10,10,200,440,88,11
915,15.25,402,402,0,1,1,210,344,10,10,194,440,88,11
916,15.266666666666667,402,402,0,1,1,208,348,10,10,194,440,88,11
917,15.283333333333333,402,402,0,1,1,206,352,10,10,194,440,88,11
918,15.3,402,402,0,1,1,204,356,10,10,188,440,88,11
919,15.316666666666666,402,402,0,1,1,202,360,10,10,188,440,88,11
920,15.333333333333334,402,402,0,1,1,200,364,10,10,188,440,88,11
921,15.35,402,402,0,1,1,198,368,10,10,182,440,88,11
922,15.366666666666667,402,402,0,1,1,196,372,10,10,182,440,88,11
923,15.383333333333333,402,402,0,1,1,194,376,10,10,182,440,88,11
924,15.4,402,402,0,1,1,192,380,10,10,176,440,88,11
925,15.416666666666666,402,402,0,1,1,190,384,10,10,176,440,88,11
926,15.433333333333334,402,402,0,1,1,188,388,10,10,176,440,88,11
927,15.45,402,402,0,1,1,188,388,10,10,176,440,88,11
928,15.466666666666667,402,402,0,1,1,186,392,10,10,170,440,88,11
929,15.483333333333333,402,402,0,1,1,184,396,10,10,170,440,88,11
930,15.5,402,402,0,1,1,182,400,10,10,170,440,88,11
931,15.516666666666667,402,402,0,1,1,180,404,10,10,164,440,88,11
932,15.533333333333333,402,402,0,1,1,178,408,10,10,164,440,88,11
933,15.55,402,402,0,1,1,176,412,10,10,164,440,88,11
934,15.566666666666666,402,402,0,1,1,174,416,10,10,158,440,88,11
935,15.583333333333334,402,402,0,1,1,172,420,10,10,158,440,88,11
936,15.6,402,402,0,1,1,170,424,10,10,158,440,88,11
937,15.616666666666667,402,402,0,1,1,168,428,10,10,152,440,88,11
938,15.633333333333333,402,402,0,1,1,166,426,10,10,152,440,88,11
939,15.65,402,402,0,1,1,164,422,10,10,152,440,88,11
940,15.666666666666666,402,402,0,1,1,162,418,10,10,146,440,88,11
941,15.683333333333334,402,402,0,1,1,160,414,10,10,146,440,88,11
942,15.7,402,402,0,1,1,158,410,10,10,146,440,88,11
943,15.716666666666667,402,402,0,1,1,156,406,10,10,140,440,88,11
944,15.733333333333333,402,402,0,1,1,154,402,10,10,140,440,88,11
945,15.75,402,402,0,1,1,152,398,10,10,140,440,88,11
946,15.766666666666667,402,402,0,1,1,150,394,10,10,134,440,88,11
947,15.783333333333333,402,402,0,1,1,148,390,10,10,134,440,88,11
948,15.8,402,402,0,1,1,146,386,10,10,134,440,88,11
949,15.816666666666666,402,402,0,1,1,144,382,10,10,128,440,88,11
950,15.833333333333334,402,402,0,1,1,142,378,10,10,128,440,88,11
951,15.85,402,402,0,1,1,140,374,10,10,128,440,88,11
952,15.866666666666667,402,402,0,1,1,138,370,10,10,122,440,88,11
953,15.883333333333333,402,402,0,1,1,136,366,10,10,122,440,88,11
954,15.9,402,402,0,1,1,132,358,10,10,116,440,88,11
955,15.916666666666666,402,402,0,1,1,130,354,10,10,116,440,88,11
956,15.933333333333334,402,402,0,1,1,128,350,10,10,116,440,88,11
957,15.95,402,402,0,1,1,126,346,10,10,110,440,88,11
958,15.966666666666667,402,402,0,1,1,124,342,10,10,110,440,88,11
959,15.983333333333333,402,402,0,1,1,122,338,10,10,110,440,88,11
960,16.0,402,402,0,1,1,120,334,10,10,104,440,88,11
961,16.016666666666666,402,402,0,1,1,118,330,10,10,104,440,88,11
962,16.033333333333335,402,402,0,1,1,116,326,10,10,104,440,88,11
963,16.05,402,402,0,1,1,114,322,10,10,98,440,88,11
964,16.066666666666666,402,402,0,1,1,112,318,10,10,98,440,88,11
965,16.083333333333332,402,402,0,1,1,110,314,10,10,98,440,88,11
966,16.1,402,402,0,1,1,108,310,10,10,92,440,88,11
967,16.116666666666667,402,402,0,1,1,106,306,10,10,92,440,88,11
968,16.133333333333333,402,402,0,1,1,104,302,10,10,92,440,88,11
969,16.15,402,402,0,1,1,102,298,10,10,86,440,88,11
970,16.166666666666668,402,402,0,1,1,100,294,10,10,86,440,88,11
971,16.183333333333334,402,402,0,1,1,98,290,10,10,86,440,88,11
972,16.2,402,402,0,1,1,96,286,10,10,80,440,88,11
973,16.216666666666665,402,402,0,1,1,94,282,10,10,80,440,88,11
974,16.233333333333334,402,402,0,1,1,92,278,10,10,80,440,88,11
975,16.25,402,402,0,1,1,90,274,10,10,74,440,88,11
976,16.266666666666666,402,402,0,1,1,88,270,10,10,74,440,88,11
977,16.283333333333335,402,402,0,1,1,86,266,10,10,74,440,88,11
978,16.3,402,402,0,1,1,84,262,10,10,68,440,88,11
979,16.316666666666666,402,402,0,1,1,84,262,10,10,68,440,88,11
980,16.333333333333332,402,402,0,1,1,82,258,10,10,68,440,88,11
981,16.35,402,402,0,1,1,78,250,10,10,62,440,88,11
982,16.366666666666667,402,402,0,1,1,76,246,10,10,62,440,88,11
983,16.383333333333333,402,402,0,1,1,74,242,10,10,62,440,88,11
984,16.4,402,402,0,1,1,72,238,10,10,56,440,88,11
985,16.416666666666668,402,402,0,1,1,70,234,10,10,56,440,88,11
986,16.433333333333334,402,402,0,1,1,68,230,10,10,56,440,88,11
987,16.45,402,402,0,1,1,66,226,10,10,50,440,88,11
988,16.466666666666665,402,402,0,1,1,64,222,10,10,50,440,88,11
989,16.483333333333334,402,402,0,1,1,62,218,10,10,50,440,88,11
990,16.5,402,402,0,1,1,60,214,10,10,44,440,88,11
991,16.516666666666666,402,402,0,1,1,58,210,10,10,44,440,88,11
992,16.533333333333335,402,402,0,1,1,56,206,10,10,44,440,88,11
993,16.55,402,402,0,1,1,54,202,10,10,38,440,88,11
994,16.566666666666666,402,402,0,1,1,54,202,10,10,38,440,88,11
995,16.583333333333332,402,402,0,1,1,52,200,10,9,38,440,88,11
996,16.6,402,402,0,1,1,52,200,10,9,38,440,88,11
997,16.616666666666667,402,402,0,1,1,48,208,10,9,32,440,88,11
998,16.633333333333333,402,402,0,1,1,44,216,10,9,32,440,88,11
999,16.65,402,402,0,1,1,42,220,10,9,26,440,88,11
1000,16.666666666666668,402,402,0,1,1,40,224,10,9,26,440,88,11
1001,16.683333333333334,402,402,0,1,1,38,228,10,9,26,440,88,11
1002,16.7,402,402,0,1,1,36,232,10,9,20,440,88,11
1003,16.716666666666665,402,402,0,1,1,34,236,10,9,20,440,88,11
1004,16.733333333333334,402,402,0,1,1,32,240,10,9,20,440,88,11
1005,16.75,402,402,0,1,1,30,244,10,9,16,440,88,11
1006,16.766666666666666,402,402,0,1,1,28,248,10,9,16,440,88,11
1007,16.783333333333335,402,402,0,1,1,26,252,10,9,16,440,88,11
1008,16.8,402,402,0,1,1,24,256,10,9,16,440,88,11
1009,16.816666666666666,402,402,0,1,1,22,260,10,9,16,440,88,11
1010,16.833333333333332,402,402,0,1,1,20,264,10,9,16,440,88,11
1011,16.85,402,402,0,1,1,18,268,10,9,16,440,88,11
1012,16.866666666666667,402,402,0,1,1,16,272,10,9,16,440,88,11
1013,16.883333333333333,402,402,0,1,1,17,276,10,9,16,440,88,11
1014,16.9,402,402,0,1,1,19,280,10,9,16,440,88,11
1015,16.916666666666668,402,402,0,1,1,21,284,10,9,16,440,88,11
1016,16.933333333333334,402,402,0,1,1,23,288,10,9,16,440,88,11
1017,16.95,402,402,0,1,1,25,292,10,9,16,440,88,11
1018,16.966666666666665,402,402,0,1,1,27,296,10,9,16,440,88,11
1019,16.983333333333334,402,402,0,1,1,29,300,10,9,16,440,88,11
1020,17.0,402,402,0,1,1,31,304,10,9,16,440,88,11
1021,17.016666666666666,402,402,0,1,1,33,308,10,9,16,440,88,11
1022,17.033333333333335,402,402,0,1,1,35,312,10,9,16,440,88,11
1023,17.05,402,402,0,1,1,37,316,10,9,22,440,88,11
1024,17.066666666666666,402,402,0,1,1,39,320,10,9,22,440,88,11
1025,17.083333333333332,402,402,0,1,1,41,324,10,9,22,440,88,11
1026,17.1,402,402,0,1,1,43,328,10,9,28,440,88,11
1027,17.116666666666667,402,402,0,1,1,45,332,10,9,28,440,88,11
1028,17.133333333333333,402,402,0,1,1,47,336,10,9,28,440,88,11
1029,17.15,402,402,0,1,1,49,340,10,9,34,440,88,11
1030,17.166666666666668,402,402,0,1,1,51,344,10,9,34,440,88,11
1031,17.183333333333334,402,402,0,1,1,53,348,10,9,34,440,88,11
1032,17.2,402,402,0,1,1,55,352,10,9,40,440,88,11
1033,17.216666666666665,402,402,0,1,1,57,356,10,9,40,440,88,11
1034,17.233333333333334,402,402,0,1,1,59,360,10,9,40,440,88,11
1035,17.25,402,402,0,1,1,61,364,10,9,46,440,88,11
1036,17.266666666666666,402,402,0,1,1,63,368,10,9,46,440,88,11
1037,17.283333333333335,402,402,0,1,1,65,372,10,9,46,440,88,11
1038,17.3,402,402,0,1,1,67,376,10,9,52,440,88,11
1039,17.316666666666666,402,402,0,1,1,69,380,10,9,46,440,88,11
1040,17.333333333333332,402,402,0,1,1,69,380,10,9,46,440,88,11
1041,17.35,402,402,0,1,1,71,384,10,9,40,440,88,11
1042,17.366666666666667,402,402,0,1,1,75,392,10,9,28,440,88,11
1043,17.383333333333333,402,402,0,1,1,77,396,10,9,22,440,88,11
1044,17.4,402,402,0,1,1,79,400,10,9,16,440,88,11
1045,17.416666666666668,402,402,0,1,1,81,404,10,9,16,440,88,11
1046,17.433333333333334,402,402,0,1,1,83,408,10,9,16,440,88,11
1047,17.45,402,402,0,1,1,85,412,10,9,22,440,88,11
1048,17.466666666666665,402,402,0,1,1,87,416,10,9,22,440,88,11
1049,17.483333333333334,402,402,0,1,1,89,420,10,9,22,440,88,11
1050,17.5,402,402,0,1,1,91,424,10,9,28,440,88,11
1051,17.516666666666666,402,402,0,1,1,93,428,10,9,28,440,88,11
1052,17.533333333333335,402,402,0,1,1,95,428,10,9,28,440,88,11
1053,17.55,402,402,0,1,1,97,424,10,9,34,440,88,11
1054,17.566666666666666,402,402,0,1,1,99,420,10,9,34,440,88,11
1055,17.583333333333332,402,402,0,1,1,101,416,10,9,34,440,88,11
1056,17.6,402,402,0,1,1,103,412,10,9,40,440,88,11
1057,17.616666666666667,402,402,0,1,1,105,408,10,9,40,440,88,11
1058,17.633333333333333,402,402,0,1,1,107,404,10,9,40,440,88,11
1059,17.65,402,402,0,1,1,109,400,10,9,46,440,88,11
1060,17.666666666666668,402,402,0,1,1,111,396,10,9,46,440,88,11
1061,17.683333333333334,402,402,0,1,1,113,392,10,9,46,440,88,11
1062,17.7,402,402,0,1,1,115,388,10,9,52,440,88,11
1063,17.716666666666665,402,402,0,1,1,117,384,10,9,52,440,88,11
1064,17.733333333333334,402,402,0,1,1,119,380,10,9,52,440,88,11
1065,17.75,402,402,0,1,1,121,376,10,9,58,440,88,11
1066,17.766666666666666,402,402,0,1,1,123,372,10,9,58,440,88,11
1067,17.783333333333335,402,402,0,1,1,125,368,10,9,58,440,88,11
1068,17.8,402,402,0,1,1,127,364,10,9,64,440,88,11
1069,17.816666666666666,402,402,0,1,1,129,360,10,9,64,440,88,11
1070,17.833333333333332,402,402,0,1,1,131,356,10,9,64,440,88,11
1071,17.85,402,402,0,1,1,133,352,10,9,70,440,88,11
1072,17.866666666666667,402,402,0,1,1,135,348,10,9,70,440,88,11
1073,17.883333333333333,402,402,0,1,1,137,344,10,9,70,440,88,11
1074,17.9,402,402,0,1,1,139,340,10,9,76,440,88,11
1075,17.916666666666668,402,402,0,1,1,141,336,10,9,76,440,88,11
1076,17.933333333333334,402,402,0,1,1,143,332,10,9,76,440,88,11
1077,17.95,402,402,0,1,1,145,328,10,9,82,440,88,11
1078,17.966666666666665,402,402,0,1,1,147,324,10,9,82,440,88,11
1079,17.983333333333334,402,402,0,1,1,149,320,10,9,82,440,88,11
1080,18.0,402,402,0,1,1,151,316,10,9,88,440,88,11
1081,18.016666666666666,402,402,0,1,1,153,312,10,9,88,440,88,11
1082,18.033333333333335,402,402,0,1,1,155,308,10,9,88,440,88,11
1083,18.05,402,402,0,1,1,157,304,10,9,94,440,88,11
1084,18.066666666666666,402,402,0,1,1,159,300,10,9,94,440,88,11
1085,18.083333333333332,402,402,0,1,1,161,296,10,9,94,440,88,11
1086,18.1,402,402,0,1,1,163,292,10,9,100,440,88,11
1087,18.116666666666667,402,402,0,1,1,165,288,10,9,100,440,88,11
1088,18.133333333333333,402,402,0,1,1,167,284,10,9,100,440,88,11
1089,18.15,402,402,0,1,1,169,280,10,9,106,440,88,11
1090,18.166666666666668,402,402,0,1,1,171,276,10,9,106,440,88,11
1091,18.183333333333334,402,402,0,1,1,173,272,10,9,106,440,88,11
1092,18.2,402,402,0,1,1,175,268,10,9,112,440,88,11
1093,18.216666666666665,402,402,0,1,1,177,264,10,9,112,440,88,11
1094,18.233333333333334,402,402,0,1,1,179,260,10,9,112,440,88,11
1095,18.25,402,402,0,1,1,181,256,10,9,118,440,88,11
1096,18.266666666666666,402,402,0,1,1,183,252,10,9,118,440,88,11
1097,18.283333333333335,402,402,0,1,1,185,248,10,9,118,440,88,11
1098,18.3,402,402,0,1,1,187,244,10,9,124,440,88,11
1099,18.316666666666666,402,402,0,1,1,189,240,10,9,124,440,88,11
1100,18.333333333333332,402,402,0,1,1,191,236,10,9,124,440,88,11
1101,18.35,402,402,0,1,1,191,236,10,9,124,440,88,11
1102,18.366666666666667,402,402,0,1,1,193,232,10,9,130,440,88,11
1103,18.383333333333333,402,402,0,1,1,197,224,10,9,130,440,88,11
1104,18.4,402,402,0,1,1,199,220,10,9,136,440,88,11
1105,18.416666666666668,402,402,0,1,1,201,216,10,9,136,440,88,11
1106,18.433333333333334,402,402,0,1,1,203,212,10,9,136,440,88,11
1107,18.45,402,402,0,1,1,205,208,10,9,142,440,88,11
1108,18.466666666666665,402,402,0,1,1,207,204,10,9,142,440,88,11
1109,18.483333333333334,402,402,0,1,1,209,200,10,9,142,440,88,11
1110,18.5,402,402,0,1,1,211,196,10,9,148,440,88,11
1111,18.516666666666666,402,402,0,1,1,213,192,10,9,148,440,88,11
1112,18.533333333333335,402,402,0,1,1,215,188,10,9,148,440,88,11
1113,18.55,402,402,0,1,1,217,184,10,9,154,440,88,11
1114,18.566666666666666,402,402,0,1,1,219,180,10,9,154,440,88,11
1115,18.583333333333332,402,402,0,1,1,221,176,10,9,154,440,88,11
1116,18.6,402,402,0,1,1,221,176,10,9,154,440,88,11
1117,18.616666666666667,402,402,0,1,1,223,174,10,10,160,440,88,11
1118,18.633333333333333,402,402,0,1,1,223,174,10,10,160,440,88,11
1119,18.65,402,402,0,1,1,227,182,10,10,160,440,88,11
1120,18.666666666666668,402,402,0,1,1,231,190,10,10,166,440,88,11
1121,18.683333333333334,402,402,0,1,1,233,194,10,10,166,440,88,11
1122,18.7,402,402,0,1,1,235,198,10,10,172,440,88,11
1123,18.716666666666665,402,402,0,1,1,237,202,10,10,172,440,88,11
1124,18.733333333333334,402,402,0,1,1,239,206,10,10,172,440,88,11
1125,18.75,402,402,0,1,1,241,210,10,10,178,440,88,11
1126,18.766666666666666,402,402,0,1,1,243,214,10,10,178,440,88,11
1127,18.783333333333335,402,402,0,1,1,245,218,10,10,178,440,88,11
1128,18.8,402,402,0,1,1,247,222,10,10,184,440,88,11
1129,18.816666666666666,402,402,0,1,1,249,226,10,10,184,440,88,11
1130,18.833333333333332,402,402,0,1,1,251,230,10,10,184,440,88,11
1131,18.85,402,402,0,1,1,253,234,10,10,190,440,88,11
1132,18.866666666666667,402,402,0,1,1,255,238,10,10,190,440,88,11
1133,18.883333333333333,402,402,0,1,1,257,242,10,10,190,440,88,11
1134,18.9,402,402,0,1,1,259,246,10,10,196,440,88,11
1135,18.916666666666668,402,402,0,1,1,261,250,10,10,196,440,88,11
1136,18.933333333333334,402,402,0,1,1,263,254,10,10,196,440,88,11
1137,18.95,402,402,0,1,1,265,258,10,10,202,440,88,11
1138,18.966666666666665,402,402,0,1,1,267,262,10,10,202,440,88,11
1139,18.983333333333334,402,402,0,1,1,269,266,10,10,202,440,88,11
1140,19.0,402,402,0,1,1,271,270,10,10,208,440,88,11
1141,19.016666666666666,402,402,0,1,1,273,274,10,10,208,440,88,11
1142,19.033333333333335,402,402,0,1,1,275,278,10,10,208,440,88,11
1143,19.05,402,402,0,1,1,277,282,10,10,214,440,88,11
1144,19.066666666666666,402,402,0,1,1,279,286,10,10,214,440,88,11
1145,19.083333333333332,402,402,0,1,1,281,290,10,10,214,440,88,11
1146,19.1,402,402,0,1,1,283,294,10,10,220,440,88,11
1147,19.116666666666667,402,402,0,1,1,285,298,10,10,220,440,88,11
1148,19.133333333333333,402,402,0,1,1,287,302,10,10,220,440,88,11
1149,19.15,402,402,0,1,1,289,306,10,10,226,440,88,11
1150,19.166666666666668,402,402,0,1,1,291,310,10,10,226,440,88,11
1151,19.183333333333334,402,402,0,1,1,293,314,10,10,226,440,88,11
1152,19.2,402,402,0,1,1,295,318,10,10,232,440,88,11
1153,19.216666666666665,402,402,0,1,1,297,322,10,10,232,440,88,11
1154,19.233333333333334,402,402,0,1,1,299,326,10,10,232,440,88,11
1155,19.25,402,402,0,1,1,301,330,10,10,238,440,88,11
1156,19.266666666666666,402,402,0,1,1,303,334,10,10,238,440,88,11
1157,19.283333333333335,402,402,0,1,1,305,338,10,10,238,440,88,11
1158,19.3,402,402,0,1,1,307,342,10,10,244,440,88,11
1159,19.316666666666666,402,402,0,1,1,309,346,10,10,244,440,88,11
1160,19.333333333333332,402,402,0,1,1,311,350,10,10,244,440,88,11
1161,19.35,402,402,0,1,1,313,354,10,10,250,440,88,11
1162,19.366666666666667,402,402,0,1,1,315,358,10,10,250,440,88,11
1163,19.383333333333333,402,402,0,1,1,317,362,10,10,250,440,88,11
1164,19.4,402,402,0,1,1,319,366,10,10,256,440,88,11
1165,19.416666666666668,402,402,0,1,1,321,370,10,10,256,440,88,11
1166,19.433333333333334,402,402,0,1,1,323,374,10,10,256,440,88,11
1167,19.45,402,402,0,1,1,325,378,10,10,262,440,88,11
1168,19.466666666666665,402,402,0,1,1,327,382,10,10,262,440,88,11
1169,19.483333333333334,402,402,0,1,1,329,386,10,10,262,440,88,11
1170,19.5,402,402,0,1,1,331,390,10,10,268,440,88,11
1171,19.516666666666666,402,402,0,1,1,333,394,10,10,268,440,88,11
1172,19.533333333333335,402,402,0,1,1,335,398,10,10,268,440,88,11
1173,19.55,402,402,0,1,1,337,402,10,10,274,440,88,11
1174,19.566666666666666,402,402,0,1,1,339,406,10,10,274,440,88,11
1175,19.583333333333332,402,402,0,1,1,341,410,10,10,274,440,88,11
1176,19.6,402,402,0,1,1,343,414,10,10,280,440,88,11
1177,19.616666666666667,402,402,0,1,1,345,418,10,10,280,440,88,11
1178,19.633333333333333,402,402,0,1,1,347,422,10,10,280,440,88,11
1179,19.65,402,402,0,1,1,349,426,10,10,286,440,88,11
1180,19.666666666666668,402,402,0,1,1,351,428,10,10,286,440,88,11
1181,19.683333333333334,402,402,0,1,1,353,424,10,10,286,440,88,11
1182,19.7,402,402,0,1,1,355,420,10,10,292,440,88,11
1183,19.716666666666665,402,402,0,1,1,357,416,10,10,292,440,88,11
1184,19.733333333333334,402,402,0,1,1,359,412,10,10,292,440,88,11
1185,19.75,402,402,0,1,1,361,408,10,10,298,440,88,11
1186,19.766666666666666,402,402,0,1,1,363,404,10,10,298,440,88,11
1187,19.783333333333335,402,402,0,1,1,365,400,10,10,298,440,88,11
1188,19.8,402,402,0,1,1,367,396,10,10,304,440,88,11
1189,19.816666666666666,402,402,0,1,1,369,392,10,10,304,440,88,11
1190,19.833333333333332,402,402,0,1,1,371,388,10,10,304,440,88,11
1191,19.85,402,402,0,1,1,373,384,10,10,310,440,88,11
1192,19.866666666666667,402,402,0,1,1,375,380,10,10,310,440,88,11
1193,19.883333333333333,402,402,0,1,1,377,376,10,10,310,440,88,11
1194,19.9,402,402,0,1,1,379,372,10,10,316,440,88,11
1195,19.916666666666668,402,402,0,1,1,381,368,10,10,316,440,88,11
1196,19.933333333333334,402,402,0,1,1,383,364,10,10,316,440,88,11
1197,19.95,402,402,0,1,1,385,360,10,10,322,440,88,11
1198,19.966666666666665,402,402,0,1,1,387,356,10,10,322,440,88,11
1199,19.983333333333334,402,402,0,1,1,389,352,10,10,322,440,88,11
1200,20.0,402,402,0,1,1,391,348,10,10,328,440,88,11
1201,20.016666666666666,402,402,0,1,1,393,344,10,10,328,440,88,11
1202,20.033333333333335,402,402,0,1,1,395,340,10,10,328,440,88,11
1203,20.05,402,402,0,1,1,397,336,10,10,334,440,88,11
1204,20.066666666666666,402,402,0,1,1,397,336,10,10,334,440,88,11
1205,20.083333333333332,402,402,0,1,1,399,332,10,10,334,440,88,11
1206,20.1,402,402,0,1,1,401,328,10,10,334,440,88,11
1207,20.116666666666667,402,402,0,1,1,403,324,10,10,340,440,88,11
1208,20.133333333333333,402,402,0,1,1,405,320,10,10,340,440,88,11
1209,20.15,402,402,0,1,1,407,316,10,10,340,440,88,11
1210,20.166666666666668,402,402,0,1,1,409,312,10,10,346,440,88,11
1211,20.183333333333334,402,402,0,1,1,411,308,10,10,346,440,88,11
1212,20.2,402,402,0,1,1,413,304,10,10,346,440,88,11
1213,20.216666666666665,402,402,0,1,1,415,300,10,10,352,440,88,11
1214,20.233333333333334,402,402,0,1,1,417,296,10,10,352,440,88,11
1215,20.25,402,402,0,1,1,419,292,10,10,352,440,88,11
1216,20.266666666666666,402,402,0,1,1,421,288,10,10,358,440,88,11
1217,20.283333333333335,402,402,0,1,1,423,284,10,10,358,440,88,11
1218,20.3,402,402,0,1,1,425,280,10,10,358,440,88,11
1219,20.316666666666666,402,402,0,1,1,427,276,10,10,364,440,88,11
1220,20.333333333333332,402,402,0,1,1,429,272,10,10,364,440,88,11
1221,20.35,402,402,0,1,1,431,268,10,10,364,440,88,11
1222,20.366666666666667,402,402,0,1,1,433,264,10,10,370,440,88,11
1223,20.383333333333333,402,402,0,1,1,435,260,10,10,370,440,88,11
1224,20.4,402,402,0,1,1,437,256,10,10,370,440,88,11
1225,20.416666666666668,402,402,0,1,1,437,256,10,10,370,440,88,11
1226,20.433333333333334,402,402,0,1,1,439,252,10,10,376,440,88,11
1227,20.45,402,402,0,1,1,443,244,10,10,376,440,88,11
1228,20.466666666666665,402,402,0,1,1,445,240,10,10,382,440,88,11
1229,20.483333333333334,402,402,0,1,1,447,236,10,10,382,440,88,11
1230,20.5,402,402,0,1,1,449,232,10,10,382,440,88,11
1231,20.516666666666666,402,402,0,1,1,451,228,10,10,388,440,88,11
1232,20.533333333333335,402,402,0,1,1,453,224,10,10,388,440,88,11
1233,20.55,402,402,0,1,1,455,220,10,10,388,440,88,11
1234,20.566666666666666,402,402,0,1,1,457,216,10,10,394,440,88,11
1235,20.583333333333332,402,402,0,1,1,459,212,10,10,394,440,88,11
1236,20.6,402,402,0,1,1,461,208,10,10,394,440,88,11
1237,20.616666666666667,402,402,0,1,1,463,204,10,10,400,440,88,11
1238,20.633333333333333,402,402,0,1,1,465,200,10,10,400,440,88,11
1239,20.65,402,402,0,1,1,467,196,10,10,400,440,88,11
1240,20.666666666666668,402,402,0,1,1,469,192,10,10,406,440,88,11
1241,20.683333333333334,402,402,0,1,1,471,188,10,10,406,440,88,11
1242,20.7,402,402,0,1,1,473,184,10,10,406,440,88,11
1243,20.716666666666665,402,402,0,1,1,475,180,10,10,412,440,88,11
1244,20.733333333333334,402,402,0,1,1,477,176,10,10,412,440,88,11
1245,20.75,402,402,0,1,1,479,172,10,10,412,440,88,11
1246,20.766666666666666,402,402,0,1,1,481,168,10,10,418,440,88,11
1247,20.783333333333335,402,402,0,1,1,483,164,10,10,418,440,88,11
1248,20.8,402,402,0,1,1,485,160,10,10,418,440,88,11
1249,20.816666666666666,402,402,0,1,1,487,156,10,10,424,440,88,11
1250,20.833333333333332,402,402,0,1,1,489,152,10,10,424,440,88,11
1251,20.85,402,402,0,1,1,491,148,10,10,424,440,88,11
1252,20.866666666666667,402,402,0,1,1,491,148,10,10,424,440,88,11
1253,20.883333333333333,402,402,0,1,1,493,149,10,10,430,440,88,11
1254,20.9,402,402,0,1,1,493,149,10,10,430,440,88,11
1255,20.916666666666668,402,402,0,1,1,497,157,10,10,430,440,88,11
1256,20.933333333333334,402,402,0,1,1,501,165,10,10,436,440,88,11
1257,20.95,402,402,0,1,1,503,169,10,10,436,440,88,11
1258,20.966666666666665,402,402,0,1,1,505,173,10,10,442,440,88,11
1259,20.983333333333334,402,402,0,1,1,507,177,10,10,442,440,88,11
1260,21.0,402,402,0,1,1,509,181,10,10,442,440,88,11
1261,21.016666666666666,402,402,0,1,1,511,185,10,10,448,440,88,11
1262,21.033333333333335,402,402,0,1,1,513,189,10,10,448,440,88,11
1263,21.05,402,402,0,1,1,515,193,10,10,448,440,88,11
1264,21.066666666666666,402,402,0,1,1,517,197,10,10,454,440,88,11
1265,21.083333333333332,402,402,0,1,1,519,201,10,10,454,440,88,11
1266,21.1,402,402,0,1,1,521,205,10,10,454,440,88,11
1267,21.116666666666667,402,402,0,1,1,523,209,10,10,460,440,88,11
1268,21.133333333333333,402,402,0,1,1,525,213,10,10,460,440,88,11
1269,21.15,402,402,0,1,1,527,217,10,10,460,440,88,11
1270,21.166666666666668,402,402,0,1,1,529,221,10,10,466,440,88,11
1271,21.183333333333334,402,402,0,1,1,533,229,10,10,466,440,88,11
1272,21.2,402,402,0,1,1,535,233,10,10,472,440,88,11
1273,21.216666666666665,402,402,0,1,1,537,237,10,10,472,440,88,11
1274,21.233333333333334,402,402,0,1,1,539,241,10,10,472,440,88,11
1275,21.25,402,402,0,1,1,541,245,10,10,478,440,88,11
1276,21.266666666666666,402,402,0,1,1,543,249,10,10,478,440,88,11
1277,21.283333333333335,402,402,0,1,1,545,253,10,10,478,440,88,11
1278,21.3,402,402,0,1,1,547,257,10,10,484,440,88,11
1279,21.316666666666666,402,402,0,1,1,549,261,10,10,490,440,88,11
1280,21.333333333333332,402,402,0,1,1,551,265,10,10,496,440,88,11
1281,21.35,402,402,0,1,1,553,269,10,10,502,440,88,11
1282,21.366666666666667,402,402,0,1,1,555,273,10,10,508,440,88,11
1283,21.383333333333333,402,402,0,1,1,557,277,10,10,514,440,88,11
1284,21.4,402,402,0,1,1,559,281,10,10,520,440,88,11
1285,21.416666666666668,402,402,0,1,1,561,285,10,10,520,440,88,11
1286,21.433333333333334,402,402,0,1,1,561,285,10,10,520,440,88,11
1287,21.45,402,402,0,1,1,563,289,10,10,520,440,88,11
1288,21.466666666666665,402,402,0,1,1,567,297,10,10,526,440,88,11
1289,21.483333333333334,402,402,0,1,1,569,301,10,10,526,440,88,11
1290,21.5,402,402,0,1,1,571,305,10,10,532,440,88,11
1291,21.516666666666666,402,402,0,1,1,573,309,10,10,532,440,88,11
1292,21.533333333333335,402,402,0,1,1,575,313,10,10,532,440,88,11
1293,21.55,402,402,0,1,1,577,317,10,10,536,440,88,11
1294,21.566666666666666,402,402,0,1,1,579,321,10,10,536,440,88,11
1295,21.583333333333332,402,402,0,1,1,581,325,10,10,536,440,88,11
1296,21.6,402,402,0,1,1,583,329,10,10,536,440,88,11
1297,21.616666666666667,402,402,0,1,1,585,333,10,10,536,440,88,11
1298,21.633333333333333,402,402,0,1,1,587,337,10,10,536,440,88,11
1299,21.65,402,402,0,1,1,589,341,10,10,536,440,88,11
1300,21.666666666666668,402,402,0,1,1,591,345,10,10,536,440,88,11
1301,21.683333333333334,402,402,0,1,1,593,349,10,10,536,440,88,11
1302,21.7,402,402,0,1,1,595,353,10,10,536,440,88,11
1303,21.716666666666665,402,402,0,1,1,597,357,10,10,536,440,88,11
1304,21.733333333333334,402,402,0,1,1,599,361,10,10,536,440,88,11
1305,21.75,402,402,0,1,1,601,365,10,10,536,440,88,11
1306,21.766666666666666,402,402,0,1,1,603,369,10,10,536,440,88,11
1307,21.783333333333335,402,402,0,1,1,605,373,10,10,536,440,88,11
1308,21.8,402,402,0,1,1,607,377,10,10,536,440,88,11
1309,21.816666666666666,402,402,0,1,1,607,377,10,10,536,440,88,11
1310,21.833333333333332,402,402,0,1,1,609,381,10,10,536,440,88,11
1311,21.85,402,402,0,1,1,613,389,10,10,536,440,88,11
1312,21.866666666666667,402,402,0,1,1,613,393,10,10,536,440,88,11
1313,21.883333333333333,402,402,0,1,1,611,397,10,10,536,440,88,11
1314,21.9,402,402,0,1,1,609,401,10,10,536,440,88,11
1315,21.916666666666668,402,402,0,1,1,607,405,10,10,536,440,88,11
1316,21.933333333333334,402,402,0,1,1,605,409,10,10,536,440,88,11
1317,21.95,402,402,0,1,1,603,413,10,10,536,440,88,11
1318,21.966666666666665,402,402,0,1,1,601,417,10,10,536,440,88,11
1319,21.983333333333334,402,402,0,1,1,599,421,10,10,536,440,88,11
1320,22.0,402,402,0,1,1,597,425,10,10,536,440,88,11
1321,22.016666666666666,402,402,0,0,0,,,,,,,,
1322,22.033333333333335,402,402,0,1,1,596,425,10,10,536,440,88,11
1323,22.05,402,402,0,1,1,597,421,10,10,536,440,88,11
1324,22.066666666666666,402,402,0,1,1,598,417,10,10,536,440,88,11
1325,22.083333333333332,402,402,0,1,1,599,413,10,10,536,440,88,11
1326,22.1,402,402,0,1,1,600,409,10,10,536,440,88,11
1327,22.116666666666667,402,402,0,1,1,601,405,10,10,536,440,88,11
1328,22.133333333333333,402,402,0,1,1,602,401,10,10,536,440,88,11
1329,22.15,402,402,0,1,1,603,397,10,10,536,440,88,11
1330,22.166666666666668,402,402,0,1,1,604,393,10,10,536,440,88,11
1331,22.183333333333334,402,402,0,1,1,605,389,10,10,536,440,88,11
1332,22.2,402,402,0,1,1,606,385,10,10,536,440,88,11
1333,22.216666666666665,402,402,0,1,1,607,381,10,10,536,440,88,11
1334,22.233333333333334,402,402,0,1,1,608,377,10,10,536,440,88,11
1335,22.25,402,402,0,1,1,609,373,10,10,536,440,88,11
1336,22.266666666666666,402,402,0,1,1,610,369,10,10,536,440,88,11
1337,22.283333333333335,402,402,0,1,1,611,365,10,10,536,440,88,11
1338,22.3,402,402,0,1,1,612,361,10,10,536,440,88,11
1339,22.316666666666666,402,402,0,1,1,613,357,10,10,536,440,88,11
1340,22.333333333333332,402,402,0,1,1,613,353,10,10,536,440,88,11
1341,22.35,402,402,0,1,1,612,349,10,10,536,440,88,11
1342,22.366666666666667,402,402,0,1,1,611,345,10,10,536,440,88,11
1343,22.383333333333333,402,402,0,1,1,610,341,10,10,536,440,88,11
1344,22.4,402,402,0,1,1,609,337,10,10,536,440,88,11
1345,22.416666666666668,402,402,0,1,1,608,333,10,10,536,440,88,11
1346,22.433333333333334,402,402,0,1,1,607,329,10,10,536,440,88,11
1347,22.45,402,402,0,1,1,606,325,10,10,536,440,88,11
1348,22.466666666666665,402,402,0,1,1,605,321,10,10,536,440,88,11
1349,22.483333333333334,402,402,0,1,1,604,317,10,10,536,440,88,11
1350,22.5,402,402,0,1,1,603,313,10,10,536,440,88,11
1351,22.516666666666666,402,402,0,1,1,602,309,10,10,536,440,88,11
1352,22.533333333333335,402,402,0,1,1,601,305,10,10,536,440,88,11
1353,22.55,402,402,0,1,1,600,301,10,10,536,440,88,11
1354,22.566666666666666,402,402,0,1,1,599,297,10,10,536,440,88,11
1355,22.583333333333332,402,402,0,1,1,598,293,10,10,536,440,88,11
1356,22.6,402,402,0,1,1,597,289,10,10,536,440,88,11
1357,22.616666666666667,402,402,0,1,1,596,285,10,10,536,440,88,11
1358,22.633333333333333,402,402,0,1,1,595,281,10,10,536,440,88,11
1359,22.65,402,402,0,1,1,594,277,10,10,536,440,88,11
1360,22.666666666666668,402,402,0,1,1,593,273,10,10,536,440,88,11
1361,22.683333333333334,402,402,0,1,1,592,269,10,10,536,440,88,11
1362,22.7,402,402,0,1,1,591,265,10,10,536,440,88,11
1363,22.716666666666665,402,402,0,1,1,590,261,10,10,536,440,88,11
1364,22.733333333333334,402,402,0,1,1,589,257,10,10,536,440,88,11
1365,22.75,402,402,0,1,1,588,253,10,10,536,440,88,11
1366,22.766666666666666,402,402,0,1,1,587,249,10,10,536,440,88,11
1367,22.783333333333335,402,402,0,1,1,586,245,10,10,536,440,88,11
1368,22.8,402,402,0,1,1,585,241,10,10,536,440,88,11
1369,22.816666666666666,402,402,0,1,1,584,237,10,10,536,440,88,11
1370,22.833333333333332,402,402,0,1,1,583,233,10,10,536,440,88,11
1371,22.85,402,402,0,1,1,582,229,10,10,536,440,88,11
1372,22.866666666666667,402,402,0,1,1,581,225,10,10,536,440,88,11
1373,22.883333333333333,402,402,0,1,1,580,221,10,10,536,440,88,11
1374,22.9,402,402,0,1,1,579,217,10,10,536,440,88,11
1375,22.916666666666668,402,402,0,1,1,578,213,10,10,536,440,88,11
1376,22.933333333333334,402,402,0,1,1,577,209,10,10,536,440,88,11
1377,22.95,402,402,0,1,1,576,205,10,10,536,440,88,11
1378,22.966666666666665,402,402,0,1,1,575,201,10,10,536,440,88,11
1379,22.983333333333334,402,402,0,1,1,574,197,10,10,536,440,88,11
1380,23.0,402,402,0,1,1,573,193,10,10,536,440,88,11
1381,23.016666666666666,402,402,0,1,1,572,189,10,10,536,440,88,11
1382,23.033333333333335,402,402,0,1,1,571,185,10,10,530,440,88,11
1383,23.05,402,402,0,1,1,570,181,10,10,536,440,88,11
1384,23.066666666666666,402,402,0,1,1,569,177,10,10,530,440,88,11
1385,23.083333333333332,402,402,0,1,1,568,173,10,10,530,440,88,11
1386,23.1,402,402,0,1,1,568,173,10,10,530,440,88,11
1387,23.116666666666667,402,402,0,1,1,567,176,10,10,530,440,88,11
1388,23.133333333333333,402,402,0,1,1,567,176,10,10,530,440,88,11
1389,23.15,402,402,0,1,1,565,184,10,10,524,440,88,11
1390,23.166666666666668,402,402,0,1,1,563,192,10,10,524,440,88,11
1391,23.183333333333334,402,402,0,1,1,562,196,10,10,524,440,88,11
1392,23.2,402,402,0,1,1,561,200,10,10,524,440,88,11
1393,23.216666666666665,402,402,0,1,1,560,204,10,10,524,440,88,11
1394,23.233333333333334,402,402,0,1,1,559,208,10,10,518,440,88,11
1395,23.25,402,402,0,1,1,558,212,10,10,524,440,88,11
1396,23.266666666666666,402,402,0,1,1,557,216,10,10,518,440,88,11
1397,23.283333333333335,402,402,0,1,1,556,220,10,10,518,440,88,11
1398,23.3,402,402,0,1,1,555,224,10,10,518,440,88,11
1399,23.316666666666666,402,402,0,1,1,554,228,10,10,518,440,88,11
1400,23.333333333333332,402,402,0,1,1,553,232,10,10,512,440,88,11
1401,23.35,402,402,0,1,1,552,236,10,10,518,440,88,11
1402,23.366666666666667,402,402,0,1,1,551,240,10,10,512,440,88,11
1403,23.383333333333333,402,402,0,1,1,550,244,10,10,512,440,88,11
1404,23.4,402,402,0,1,1,549,248,10,10,512,440,88,11
1405,23.416666666666668,402,402,0,1,1,548,252,10,10,512,440,88,11
1406,23.433333333333334,402,402,0,1,1,547,256,10,10,506,440,88,11
1407,23.45,402,402,0,1,1,546,260,10,10,512,440,88,11
1408,23.466666666666665,402,402,0,1,1,545,264,10,10,506,440,88,11
1409,23.483333333333334,402,402,0,1,1,545,264,10,10,506,440,88,11
1410,23.5,402,402,0,1,1,544,268,10,10,506,440,88,11
1411,23.516666666666666,402,402,0,1,1,542,276,10,10,506,440,88,11
1412,23.533333333333335,402,402,0,1,1,541,280,10,10,500,440,88,11
1413,23.55,402,402,0,1,1,540,284,10,10,506,440,88,11
1414,23.566666666666666,402,402,0,1,1,539,288,10,10,500,440,88,11
1415,23.583333333333332,402,402,0,1,1,538,292,10,10,500,440,88,11
1416,23.6,402,402,0,1,1,537,296,10,10,500,440,88,11
1417,23.616666666666667,402,402,0,1,1,536,300,10,10,500,440,88,11
1418,23.633333333333333,402,402,0,1,1,535,304,10,10,494,440,88,11
1419,23.65,402,402,0,1,1,534,308,10,10,500,440,88,11
1420,23.666666666666668,402,402,0,1,1,533,312,10,10,494,440,88,11
1421,23.683333333333334,402,402,0,1,1,532,316,10,10,494,440,88,11
1422,23.7,402,402,0,1,1,531,320,10,10,494,440,88,11
1423,23.716666666666665,402,402,0,1,1,530,324,10,10,494,440,88,11
1424,23.733333333333334,402,402,0,1,1,529,328,10,10,488,440,88,11
1425,23.75,402,402,0,1,1,528,332,10,10,494,440,88,11
1426,23.766666666666666,402,402,0,1,1,527,336,10,10,488,440,88,11
1427,23.783333333333335,402,402,0,1,1,526,340,10,10,488,440,88,11
1428,23.8,402,402,0,1,1,525,344,10,10,488,440,88,11
1429,23.816666666666666,402,402,0,1,1,524,348,10,10,488,440,88,11
1430,23.833333333333332,402,402,0,1,1,523,352,10,10,482,440,88,11
1431,23.85,402,402,0,1,1,522,356,10,10,488,440,88,11
1432,23.866666666666667,402,402,0,1,1,521,360,10,10,482,440,88,11
1433,23.883333333333333,402,402,0,1,1,520,364,10,10,482,440,88,11
1434,23.9,402,402,0,1,1,519,368,10,10,482,440,88,11
1435,23.916666666666668,402,402,0,1,1,518,372,10,10,482,440,88,11
1436,23.933333333333334,402,402,0,1,1,517,376,10,10,476,440,88,11
1437,23.95,402,402,0,1,1,516,380,10,10,482,440,88,11
1438,23.966666666666665,402,402,0,1,1,515,384,10,10,476,440,88,11
1439,23.983333333333334,402,402,0,1,1,514,388,10,10,476,440,88,11
1440,24.0,402,402,0,1,1,513,392,10,10,476,440,88,11
1441,24.016666666666666,402,402,0,1,1,512,396,10,10,476,440,88,11
1442,24.033333333333335,402,402,0,1,1,511,400,10,10,470,440,88,11
1443,24.05,402,402,0,1,1,510,404,10,10,476,440,88,11
1444,24.066666666666666,402,402,0,1,1,509,408,10,10,470,440,88,11
1445,24.083333333333332,402,402,0,1,1,508,412,10,10,470,440,88,11
1446,24.1,402,402,0,1,1,507,416,10,10,470,440,88,11
1447,24.116666666666667,402,402,0,1,1,506,420,10,10,470,440,88,11
1448,24.133333333333333,402,402,0,1,1,505,424,10,10,464,440,88,11
1449,24.15,402,402,0,1,1,504,428,10,10,470,440,88,11
1450,24.166666666666668,402,402,0,1,1,503,426,10,10,464,440,88,11
1451,24.183333333333334,402,402,0,1,1,502,422,10,10,464,440,88,11
1452,24.2,402,402,0,1,1,501,418,10,10,464,440,88,11
1453,24.216666666666665,402,402,0,1,1,500,414,10,10,464,440,88,11
1454,24.233333333333334,402,402,0,1,1,499,410,10,10,458,440,88,11
1455,24.25,402,402,0,1,1,498,406,10,10,464,440,88,11
1456,24.266666666666666,402,402,0,1,1,497,402,10,10,458,440,88,11
1457,24.283333333333335,402,402,0,1,1,496,398,10,10,458,440,88,11
1458,24.3,402,402,0,1,1,495,394,10,10,458,440,88,11
1459,24.316666666666666,402,402,0,1,1,494,390,10,10,458,440,88,11
1460,24.333333333333332,402,402,0,1,1,493,386,10,10,452,440,88,11
1461,24.35,402,402,0,1,1,492,382,10,10,458,440,88,11
1462,24.366666666666667,402,402,0,1,1,491,378,10,10,452,440,88,11
1463,24.383333333333333,402,402,0,1,1,490,374,10,10,452,440,88,11
1464,24.4,402,402,0,1,1,489,370,10,10,452,440,88,11
1465,24.416666666666668,402,402,0,1,1,488,366,10,10,452,440,88,11
1466,24.433333333333334,402,402,0,1,1,487,362,10,10,446,440,88,11
1467,24.45,402,402,0,1,1,486,358,10,10,452,440,88,11
1468,24.466666666666665,402,402,0,1,1,485,354,10,10,446,440,88,11
1469,24.483333333333334,402,402,0,1,1,484,350,10,10,446,440,88,11
1470,24.5,402,402,0,1,1,484,350,10,10,446,440,88,11
1471,24.516666666666666,402,402,0,1,1,483,346,10,10,446,440,88,11
1472,24.533333333333335,402,402,0,1,1,481,338,10,10,440,440,88,11
1473,24.55,402,402,0,1,1,480,334,10,10,446,440,88,11
1474,24.566666666666666,402,402,0,1,1,479,330,10,10,440,440,88,11
1475,24.583333333333332,402,402,0,1,1,478,326,10,10,440,440,88,11
1476,24.6,402,402,0,1,1,477,322,10,10,440,440,88,11
1477,24.616666666666667,402,402,0,1,1,476,318,10,10,440,440,88,11
1478,24.633333333333333,402,402,0,1,1,475,314,10,10,434,440,88,11
1479,24.65,402,402,0,1,1,474,310,10,10,440,440,88,11
1480,24.666666666666668,402,402,0,1,1,474,310,10,10,440,440,88,11
1481,24.683333333333334,402,402,0,1,1,473,306,10,10,434,440,88,11
1482,24.7,402,402,0,1,1,472,302,10,10,434,440,88,11
1483,24.716666666666665,402,402,0,1,1,471,298,10,10,434,440,88,11
1484,24.733333333333334,402,402,0,1,1,470,294,10,10,434,440,88,11
1485,24.75,402,402,0,1,1,469,290,10,10,428,440,88,11
1486,24.766666666666666,402,402,0,1,1,468,286,10,10,434,440,88,11
1487,24.783333333333335,402,402,0,1,1,467,282,10,10,428,440,88,11
1488,24.8,402,402,0,1,1,466,278,10,10,428,440,88,11
1489,24.816666666666666,402,402,0,1,1,465,274,10,10,428,440,88,11
1490,24.833333333333332,402,402,0,1,1,464,270,10,10,428,440,88,11
1491,24.85,402,402,0,1,1,463,266,10,10,422,440,88,11
1492,24.866666666666667,402,402,0,1,1,462,262,10,10,428,440,88,11
1493,24.883333333333333,402,402,0,1,1,461,258,10,10,422,440,88,11
1494,24.9,402,402,0,1,1,460,254,10,10,422,440,88,11
1495,24.916666666666668,402,402,0,1,1,459,250,10,10,422,440,88,11
1496,24.933333333333334,402,402,0,1,1,458,246,10,10,422,440,88,11
1497,24.95,402,402,0,1,1,457,242,10,10,416,440,88,11
1498,24.966666666666665,402,402,0,1,1,456,238,10,10,422,440,88,11
1499,24.983333333333334,402,402,0,1,1,455,234,10,10,416,440,88,11
1500,25.0,402,402,0,1,1,454,230,10,10,416,440,88,11
1501,25.016666666666666,402,402,0,1,1,453,226,10,10,416,440,88,11
1502,25.033333333333335,402,402,0,1,1,452,222,10,10,416,440,88,11
1503,25.05,402,402,0,1,1,451,218,10,10,410,440,88,11
1504,25.066666666666666,402,402,0,1,1,450,214,10,10,416,440,88,11
1505,25.083333333333332,402,402,0,1,1,449,210,10,10,410,440,88,11
1506,25.1,402,402,0,1,1,448,206,10,10,410,440,88,11
1507,25.116666666666667,402,402,0,1,1,447,202,10,10,410,440,88,11
1508,25.133333333333333,402,402,0,1,1,447,202,10,10,410,440,88,11
1509,25.15,402,402,0,1,1,446,200,10,9,410,440,88,11
1510,25.166666666666668,402,402,0,1,1,446,200,10,9,410,440,88,11
1511,25.183333333333334,402,402,0,1,1,444,208,10,9,410,440,88,11
1512,25.2,402,402,0,1,1,442,216,10,9,404,440,88,11
1513,25.216666666666665,402,402,0,1,1,441,220,10,9,404,440,88,11
1514,25.233333333333334,402,402,0,1,1,440,224,10,9,404,440,88,11
1515,25.25,402,402,0,1,1,439,228,10,9,398,440,88,11
1516,25.266666666666666,402,402,0,1,1,438,232,10,9,404,440,88,11
1517,25.283333333333335,402,402,0,1,1,437,236,10,9,398,440,88,11
1518,25.3,402,402,0,1,1,436,240,10,9,398,440,88,11
1519,25.316666666666666,402,402,0,1,1,435,244,10,9,398,440,88,11
1520,25.333333333333332,402,402,0,1,1,434,248,10,9,404,440,88,11
1521,25.35,402,402,0,1,1,433,252,10,9,410,440,88,11
1522,25.366666666666667,402,402,0,1,1,432,256,10,9,416,440,88,11
1523,25.383333333333333,402,402,0,1,1,431,260,10,9,416,440,88,11
1524,25.4,402,402,0,1,1,430,264,10,9,416,440,88,11
1525,25.416666666666668,402,402,0,1,1,429,268,10,9,416,440,88,11
1526,25.433333333333334,402,402,0,1,1,428,272,10,9,416,440,88,11
1527,25.45,402,402,0,1,1,427,276,10,9,410,440,88,11
1528,25.466666666666665,402,402,0,1,1,426,280,10,9,416,440,88,11
1529,25.483333333333334,402,402,0,1,1,425,284,10,9,410,440,88,11
1530,25.5,402,402,0,1,1,424,288,10,9,410,440,88,11
1531,25.516666666666666,402,402,0,1,1,423,292,10,9,410,440,88,11
1532,25.533333333333335,402,402,0,1,1,423,292,10,9,410,440,88,11
1533,25.55,402,402,0,1,1,422,296,10,9,410,440,88,11
1534,25.566666666666666,402,402,0,1,1,420,304,10,9,410,440,88,11
1535,25.583333333333332,402,402,0,1,1,419,308,10,9,404,440,88,11
1536,25.6,402,402,0,1,1,418,312,10,9,404,440,88,11
1537,25.616666666666667,402,402,0,1,1,417,316,10,9,404,440,88,11
1538,25.633333333333333,402,402,0,1,1,416,320,10,9,404,440,88,11
1539,25.65,402,402,0,1,1,415,324,10,9,398,440,88,11
1540,25.666666666666668,402,402,0,1,1,414,328,10,9,404,440,88,11
1541,25.683333333333334,402,402,0,1,1,413,332,10,9,398,440,88,11
1542,25.7,402,402,0,1,1,412,336,10,9,398,440,88,11
1543,25.716666666666665,402,402,0,1,1,411,340,10,9,398,440,88,11
1544,25.733333333333334,402,402,0,1,1,410,344,10,9,398,440,88,11
1545,25.75,402,402,0,1,1,409,348,10,9,392,440,88,11
1546,25.766666666666666,402,402,0,1,1,408,352,10,9,398,440,88,11
1547,25.783333333333335,402,402,0,1,1,407,356,10,9,392,440,88,11
1548,25.8,402,402,0,1,1,406,360,10,9,392,440,88,11
1549,25.816666666666666,402,402,0,1,1,405,364,10,9,392,440,88,11
1550,25.833333333333332,402,402,0,1,1,404,368,10,9,392,440,88,11
1551,25.85,402,402,0,1,1,403,372,10,9,386,440,88,11
1552,25.866666666666667,402,402,0,1,1,402,376,10,9,392,440,88,11
1553,25.883333333333333,402,402,0,1,1,401,380,10,9,386,440,88,11
1554,25.9,402,402,0,1,1,400,384,10,9,386,440,88,11
1555,25.916666666666668,402,402,0,1,1,399,388,10,9,386,440,88,11
1556,25.933333333333334,402,402,0,1,1,398,392,10,9,386,440,88,11
1557,25.95,402,402,0,1,1,397,396,10,9,380,440,88,11
1558,25.966666666666665,402,402,0,1,1,396,400,10,9,386,440,88,11
1559,25.983333333333334,402,402,0,1,1,395,404,10,9,380,440,88,11
1560,26.0,402,402,0,1,1,394,408,10,9,380,440,88,11
1561,26.016666666666666,402,402,0,1,1,393,412,10,9,380,440,88,11
1562,26.033333333333335,402,402,0,1,1,392,416,10,9,380,440,88,11
1563,26.05,402,402,0,1,1,391,420,10,9,374,440,88,11
1564,26.066666666666666,402,402,0,1,1,390,424,10,9,380,440,88,11
1565,26.083333333333332,402,402,0,1,1,389,428,10,9,374,440,88,11
1566,26.1,402,402,0,1,1,388,428,10,9,374,440,88,11
1567,26.116666666666667,402,402,0,1,1,386,424,10,9,374,440,88,11
1568,26.133333333333333,402,402,0,1,1,384,420,10,9,368,440,88,11
1569,26.15,402,402,0,1,1,382,416,10,9,368,440,88,11
1570,26.166666666666668,402,402,0,1,1,380,412,10,9,368,440,88,11
1571,26.183333333333334,402,402,0,1,1,378,408,10,9,362,440,88,11
1572,26.2,402,402,0,1,1,376,404,10,9,362,440,88,11
1573,26.216666666666665,402,402,0,1,1,374,400,10,9,362,440,88,11
1574,26.233333333333334,402,402,0,1,1,372,396,10,9,356,440,88,11
1575,26.25,402,402,0,1,1,370,392,10,9,356,440,88,11
1576,26.266666666666666,402,402,0,1,1,368,388,10,9,356,440,88,11
1577,26.283333333333335,402,402,0,1,1,366,384,10,9,350,440,88,11
1578,26.3,402,402,0,1,1,364,380,10,9,350,440,88,11
1579,26.316666666666666,402,402,0,1,1,362,376,10,9,350,440,88,11
1580,26.333333333333332,402,402,0,1,1,360,372,10,9,344,440,88,11
1581,26.35,402,402,0,1,1,358,368,10,9,344,440,88,11
1582,26.366666666666667,402,402,0,1,1,356,364,10,9,344,440,88,11
1583,26.383333333333333,402,402,0,1,1,354,360,10,9,338,440,88,11
1584,26.4,402,402,0,1,1,352,356,10,9,338,440,88,11
1585,26.416666666666668,402,402,0,1,1,350,352,10,9,338,440,88,11
1586,26.433333333333334,402,402,0,1,1,346,344,10,9,332,440,88,11
1587,26.45,402,402,0,1,1,346,344,10,9,332,440,88,11
1588,26.466666666666665,402,402,0,1,1,344,340,10,9,332,440,88,11
1589,26.483333333333334,402,402,0,1,1,340,332,10,9,326,440,88,11
1590,26.5,402,402,0,1,1,338,328,10,9,326,440,88,11
1591,26.516666666666666,402,402,0,1,1,336,324,10,9,320,440,88,11
1592,26.533333333333335,402,402,0,1,1,334,320,10,9,320,440,88,11
1593,26.55,402,402,0,1,1,332,316,10,9,320,440,88,11
1594,26.566666666666666,402,402,0,1,1,330,312,10,9,314,440,88,11
1595,26.583333333333332,402,402,0,1,1,328,308,10,9,314,440,88,11
1596,26.6,402,402,0,1,1,326,304,10,9,314,440,88,11
1597,26.616666666666667,402,402,0,1,1,324,300,10,9,308,440,88,11
1598,26.633333333333333,402,402,0,1,1,322,296,10,9,308,440,88,11
1599,26.65,402,402,0,1,1,320,292,10,9,308,440,88,11
1600,26.666666666666668,402,402,0,1,1,318,288,10,9,302,440,88,11
1601,26.683333333333334,402,402,0,1,1,316,284,10,9,302,440,88,11
1602,26.7,402,402,0,1,1,314,280,10,9,302,440,88,11
1603,26.716666666666665,402,402,0,1,1,312,276,10,9,296,440,88,11
1604,26.733333333333334,402,402,0,1,1,310,272,10,9,296,440,88,11
1605,26.75,402,402,0,1,1,308,268,10,9,296,440,88,11
1606,26.766666666666666,402,402,0,1,1,306,264,10,9,290,440,88,11
1607,26.783333333333335,402,402,0,1,1,304,260,10,9,290,440,88,11
1608,26.8,402,402,0,1,1,302,256,10,9,290,440,88,11
1609,26.816666666666666,402,402,0,1,1,300,252,10,9,284,440,88,11
1610,26.833333333333332,402,402,0,1,1,298,248,10,9,284,440,88,11
1611,26.85,402,402,0,1,1,296,244,10,9,284,440,88,11
1612,26.866666666666667,402,402,0,1,1,294,240,10,9,278,440,88,11
1613,26.883333333333333,402,402,0,1,1,292,236,10,9,278,440,88,11
1614,26.9,402,402,0,1,1,290,232,10,9,278,440,88,11
1615,26.916666666666668,402,402,0,1,1,288,228,10,9,272,440,88,11
1616,26.933333333333334,402,402,0,1,1,286,224,10,9,272,440,88,11
1617,26.95,402,402,0,1,1,284,220,10,9,272,440,88,11
1618,26.966666666666665,402,402,0,1,1,282,216,10,9,266,440,88,11
1619,26.983333333333334,402,402,0,1,1,280,212,10,9,266,440,88,11
1620,27.0,402,402,0,1,1,278,208,10,9,266,440,88,11
1621,27.016666666666666,402,402,0,1,1,276,204,10,9,260,440,88,11
1622,27.033333333333335,402,402,0,1,1,274,200,10,9,260,440,88,11
1623,27.05,402,402,0,1,1,272,196,10,9,260,440,88,11
1624,27.066666666666666,402,402,0,1,1,270,192,10,9,254,440,88,11
1625,27.083333333333332,402,402,0,1,1,268,188,10,9,254,440,88,11
1626,27.1,402,402,0,1,1,266,184,10,9,254,440,88,11
1627,27.116666666666667,402,402,0,1,1,264,180,10,9,248,440,88,11
1628,27.133333333333333,402,402,0,1,1,262,176,10,9,248,440,88,11
1629,27.15,402,402,0,1,1,262,176,10,9,248,440,88,11
1630,27.166666666666668,402,402,0,1,1,260,174,10,10,248,440,88,11
1631,27.183333333333334,402,402,0,1,1,260,174,10,10,248,440,88,11
1632,27.2,402,402,0,1,1,256,182,10,10,242,440,88,11
1633,27.216666666666665,402,402,0,1,1,252,190,10,10,236,440,88,11
1634,27.233333333333334,402,402,0,1,1,250,194,10,10,236,440,88,11
1635,27.25,402,402,0,1,1,248,198,10,10,236,440,88,11
1636,27.266666666666666,402,402,0,1,1,246,202,10,10,230,440,88,11
1637,27.283333333333335,402,402,0,1,1,244,206,10,10,230,440,88,11
1638,27.3,402,402,0,1,1,242,210,10,10,230,440,88,11
1639,27.316666666666666,402,402,0,1,1,240,214,10,10,224,440,88,11
1640,27.333333333333332,402,402,0,1,1,238,218,10,10,224,440,88,11
1641,27.35,402,402,0,1,1,236,222,10,10,224,440,88,11
1642,27.366666666666667,402,402,0,1,1,234,226,10,10,218,440,88,11
1643,27.383333333333333,402,402,0,1,1,232,230,10,10,218,440,88,11
1644,27.4,402,402,0,1,1,230,234,10,10,218,440,88,11
1645,27.416666666666668,402,402,0,1,1,228,238,10,10,212,440,88,11
1646,27.433333333333334,402,402,0,1,1,226,242,10,10,212,440,88,11
1647,27.45,402,402,0,1,1,224,246,10,10,212,440,88,11
1648,27.466666666666665,402,402,0,1,1,222,250,10,10,206,440,88,11
1649,27.483333333333334,402,402,0,1,1,220,254,10,10,206,440,88,11
1650,27.5,402,402,0,1,1,218,258,10,10,206,440,88,11
1651,27.516666666666666,402,402,0,1,1,216,262,10,10,200,440,88,11
1652,27.533333333333335,402,402,0,1,1,214,266,10,10,200,440,88,11
1653,27.55,402,402,0,1,1,212,270,10,10,200,440,88,11
1654,27.566666666666666,402,402,0,1,1,210,274,10,10,194,440,88,11
1655,27.583333333333332,402,402,0,1,1,208,278,10,10,194,440,88,11
1656,27.6,402,402,0,1,1,206,282,10,10,194,440,88,11
1657,27.616666666666667,402,402,0,1,1,204,286,10,10,188,440,88,11
1658,27.633333333333333,402,402,0,1,1,202,290,10,10,188,440,88,11
1659,27.65,402,402,0,1,1,200,294,10,10,188,440,88,11
1660,27.666666666666668,402,402,0,1,1,198,298,10,10,182,440,88,11
1661,27.683333333333334,402,402,0,1,1,196,302,10,10,182,440,88,11
1662,27.7,402,402,0,1,1,194,306,10,10,182,440,88,11
1663,27.716666666666665,402,402,0,1,1,192,310,10,10,176,440,88,11
1664,27.733333333333334,402,402,0,1,1,190,314,10,10,176,440,88,11
1665,27.75,402,402,0,1,1,188,318,10,10,176,440,88,11
1666,27.766666666666666,402,402,0,1,1,186,322,10,10,170,440,88,11
1667,27.783333333333335,402,402,0,1,1,184,326,10,10,170,440,88,11
1668,27.8,402,402,0,1,1,182,330,10,10,170,440,88,11
1669,27.816666666666666,402,402,0,1,1,180,334,10,10,164,440,88,11
1670,27.833333333333332,402,402,0,1,1,178,338,10,10,164,440,88,11
1671,27.85,402,402,0,1,1,176,342,10,10,164,440,88,11
1672,27.866666666666667,402,402,0,1,1,174,346,10,10,158,440,88,11
1673,27.883333333333333,402,402,0,1,1,172,350,10,10,158,440,88,11
1674,27.9,402,402,0,1,1,170,354,10,10,158,440,88,11
1675,27.916666666666668,402,402,0,1,1,168,358,10,10,152,440,88,11
1676,27.933333333333334,402,402,0,1,1,166,362,10,10,152,440,88,11
1677,27.95,402,402,0,1,1,164,366,10,10,152,440,88,11
1678,27.966666666666665,402,402,0,1,1,162,370,10,10,146,440,88,11
1679,27.983333333333334,402,402,0,1,1,160,374,10,10,146,440,88,11
1680,28.0,402,402,0,1,1,158,378,10,10,146,440,88,11
1681,28.016666666666666,402,402,0,1,1,156,382,10,10,140,440,88,11
1682,28.033333333333335,402,402,0,1,1,154,386,10,10,140,440,88,11
1683,28.05,402,402,0,1,1,152,390,10,10,140,440,88,11
1684,28.066666666666666,402,402,0,1,1,150,394,10,10,134,440,88,11
1685,28.083333333333332,402,402,0,1,1,148,398,10,10,134,440,88,11
1686,28.1,402,402,0,1,1,146,402,10,10,134,440,88,11
1687,28.116666666666667,402,402,0,1,1,144,406,10,10,128,440,88,11
1688,28.133333333333333,402,402,0,1,1,142,410,10,10,128,440,88,11
1689,28.15,402,402,0,1,1,140,414,10,10,128,440,88,11
1690,28.166666666666668,402,402,0,1,1,138,418,10,10,122,440,88,11
1691,28.183333333333334,402,402,0,1,1,136,422,10,10,122,440,88,11
1692,28.2,402,402,0,1,1,134,426,10,10,122,440,88,11
1693,28.216666666666665,402,402,0,1,1,132,428,10,10,116,440,88,11
1694,28.233333333333334,402,402,0,1,1,130,424,10,10,116,440,88,11
1695,28.25,402,402,0,1,1,128,420,10,10,116,440,88,11
1696,28.266666666666666,402,402,0,1,1,126,416,10,10,110,440,88,11
1697,28.283333333333335,402,402,0,1,1,124,412,10,10,110,440,88,11
1698,28.3,402,402,0,1,1,122,408,10,10,110,440,88,11
1699,28.316666666666666,402,402,0,1,1,120,404,10,10,104,440,88,11
1700,28.333333333333332,402,402,0,1,1,118,400,10,10,104,440,88,11
1701,28.35,402,402,0,1,1,116,396,10,10,104,440,88,11
1702,28.366666666666667,402,402,0,1,1,114,392,10,10,98,440,88,11
1703,28.383333333333333,402,402,0,1,1,112,388,10,10,98,440,88,11
1704,28.4,402,402,0,1,1,110,384,10,10,98,440,88,11
1705,28.416666666666668,402,402,0,1,1,108,380,10,10,92,440,88,11
1706,28.433333333333334,402,402,0,1,1,106,376,10,10,92,440,88,11
1707,28.45,402,402,0,1,1,104,372,10,10,92,440,88,11
1708,28.466666666666665,402,402,0,1,1,102,368,10,10,86,440,88,11
1709,28.483333333333334,402,402,0,1,1,100,364,10,10,86,440,88,11
1710,28.5,402,402,0,1,1,98,360,10,10,86,440,88,11
1711,28.516666666666666,402,402,0,1,1,96,356,10,10,80,440,88,11
1712,28.533333333333335,402,402,0,1,1,94,352,10,10,80,440,88,11
1713,28.55,402,402,0,1,1,92,348,10,10,80,440,88,11
1714,28.566666666666666,402,402,0,1,1,90,344,10,10,74,440,88,11
1715,28.583333333333332,402,402,0,1,1,88,340,10,10,74,440,88,11
1716,28.6,402,402,0,1,1,88,340,10,10,74,440,88,11
1717,28.616666666666667,402,402,0,1,1,86,336,10,10,74,440,88,11
1718,28.633333333333333,402,402,0,1,1,82,328,10,10,68,440,88,11
1719,28.65,402,402,0,1,1,80,324,10,10,68,440,88,11
1720,28.666666666666668,402,402,0,1,1,78,320,10,10,62,440,88,11
1721,28.683333333333334,402,402,0,1,1,76,316,10,10,62,440,88,11
1722,28.7,402,402,0,1,1,74,312,10,10,62,440,88,11
1723,28.716666666666665,402,402,0,1,1,72,308,10,10,56,440,88,11
1724,28.733333333333334,402,402,0,1,1,70,304,10,10,56,440,88,11
1725,28.75,402,402,0,1,1,68,300,10,10,56,440,88,11
1726,28.766666666666666,402,402,0,1,1,66,296,10,10,50,440,88,11
1727,28.783333333333335,402,402,0,1,1,64,292,10,10,50,440,88,11
1728,28.8,402,402,0,1,1,62,288,10,10,50,440,88,11
1729,28.816666666666666,402,402,0,1,1,60,284,10,10,44,440,88,11
1730,28.833333333333332,402,402,0,1,1,58,280,10,10,44,440,88,11
1731,28.85,402,402,0,1,1,56,276,10,10,44,440,88,11
1732,28.866666666666667,402,402,0,1,1,54,272,10,10,38,440,88,11
1733,28.883333333333333,402,402,0,1,1,52,268,10,10,38,440,88,11
1734,28.9,402,402,0,1,1,50,264,10,10,38,440,88,11
1735,28.916666666666668,402,402,0,1,1,48,260,10,10,32,440,88,11
1736,28.933333333333334,402,402,0,1,1,46,256,10,10,32,440,88,11
1737,28.95,402,402,0,1,1,44,252,10,10,32,440,88,11
1738,28.966666666666665,402,402,0,1,1,42,248,10,10,26,440,88,11
1739,28.983333333333334,402,402,0,1,1,40,244,10,10,26,440,88,11
1740,29.0,402,402,0,1,1,38,240,10,10,26,440,88,11
1741,29.016666666666666,402,402,0,1,1,36,236,10,10,20,440,88,11
1742,29.033333333333335,402,402,0,1,1,34,232,10,10,20,440,88,11
1743,29.05,402,402,0,1,1,32,228,10,10,20,440,88,11
1744,29.066666666666666,402,402,0,1,1,30,224,10,10,16,440,88,11
1745,29.083333333333332,402,402,0,1,1,28,220,10,10,16,440,88,11
1746,29.1,402,402,0,1,1,26,216,10,10,16,440,88,11
1747,29.116666666666667,402,402,0,1,1,24,212,10,10,16,440,88,11
1748,29.133333333333333,402,402,0,1,1,22,208,10,10,16,440,88,11
1749,29.15,402,402,0,1,1,20,204,10,10,16,440,88,11
1750,29.166666666666668,402,402,0,1,1,18,200,10,10,16,440,88,11
1751,29.183333333333334,402,402,0,1,1,16,196,10,10,16,440,88,11
1752,29.2,402,402,0,1,1,17,192,10,10,16,440,88,11
1753,29.216666666666665,402,402,0,1,1,19,188,10,10,16,440,88,11
1754,29.233333333333334,402,402,0,1,1,21,184,10,10,16,440,88,11
1755,29.25,402,402,0,1,1,23,180,10,10,16,440,88,11
1756,29.266666666666666,402,402,0,1,1,25,176,10,10,16,440,88,11
1757,29.283333333333335,402,402,0,1,1,25,176,10,10,16,440,88,11
1758,29.3,402,402,0,1,1,27,172,10,10,16,440,88,11
1759,29.316666666666666,402,402,0,1,1,29,168,10,10,16,440,88,11
1760,29.333333333333332,402,402,0,1,1,31,164,10,10,16,440,88,11
1761,29.35,402,402,0,1,1,33,160,10,10,16,440,88,11
1762,29.366666666666667,402,402,0,1,1,33,160,10,10,16,440,88,11
1763,29.383333333333333,402,402,0,1,1,33,156,10,10,16,440,88,11
1764,29.4,402,402,0,1,1,33,156,10,10,16,440,88,11
1765,29.416666666666668,402,402,0,1,1,29,148,10,10,16,440,88,11
1766,29.433333333333334,402,402,0,1,1,25,140,10,10,16,440,88,11
1767,29.45,402,402,0,1,1,23,136,10,10,16,440,88,11
1768,29.466666666666665,402,402,0,1,1,21,132,10,10,16,440,88,11
1769,29.483333333333334,402,402,0,1,1,19,128,10,10,16,440,88,11
1770,29.5,402,402,0,1,1,17,124,10,10,16,440,88,11
1771,29.516666666666666,402,402,0,1,1,16,120,10,10,16,440,88,11
1772,29.533333333333335,402,402,0,1,1,18,116,10,10,16,440,88,11
1773,29.55,402,402,0,1,1,20,112,10,10,16,440,88,11
1774,29.566666666666666,402,402,0,1,1,22,108,10,10,16,440,88,11
1775,29.583333333333332,402,402,0,1,1,24,104,10,10,16,440,88,11
1776,29.6,402,402,0,1,1,26,100,10,10,16,440,88,11
1777,29.616666666666667,402,402,0,1,1,28,96,10,10,16,440,88,11
1778,29.633333333333333,402,402,0,1,1,28,96,10,10,16,440,88,11
1779,29.65,402,402,0,1,1,30,92,10,10,16,440,88,11
1780,29.666666666666668,402,402,0,1,1,30,92,10,10,16,440,88,11
1781,29.683333333333334,402,402,0,1,1,34,84,10,10,16,440,88,11
1782,29.7,402,402,0,1,1,34,84,10,10,16,440,88,11
1783,29.716666666666665,402,402,0,1,1,30,76,10,10,16,440,88,11
1784,29.733333333333334,402,402,0,1,1,26,68,10,10,16,440,88,11
1785,29.75,402,402,0,1,1,24,64,10,10,16,440,88,11
1786,29.766666666666666,402,402,0,1,1,22,60,10,10,16,440,88,11
1787,29.783333333333335,402,402,0,1,1,20,56,10,10,16,440,88,11
1788,29.8,402,402,0,1,1,18,52,10,10,16,440,88,11
1789,29.816666666666666,402,402,0,1,1,16,49,10,10,16,440,88,11
1790,29.833333333333332,402,402,0,1,1,17,53,10,10,16,440,88,11
1791,29.85,402,402,0,1,1,19,57,10,10,16,440,88,11
1792,29.866666666666667,402,402,0,1,1,21,61,10,10,16,440,88,11
1793,29.883333333333333,402,402,0,1,1,23,65,10,10,16,440,88,11
1794,29.9,402,402,0,1,1,25,69,10,10,16,440,88,11
1795,29.916666666666668,402,402,0,1,1,27,73,10,10,16,440,88,11
1796,29.933333333333334,402,402,0,1,1,29,77,10,10,16,440,88,11
1797,29.95,402,402,0,1,1,31,81,10,10,16,440,88,11
1798,29.966666666666665,402,402,0,1,1,33,85,10,10,16,440,88,11
1799,29.983333333333334,402,402,0,1,1,35,89,10,10,16,440,88,11
1800,30.0,402,402,0,1,1,37,93,10,10,16,440,88,11
1801,30.016666666666666,402,402,0,1,1,37,93,10,10,16,440,88,11
1802,30.033333333333335,402,402,0,1,1,39,90,10,10,16,440,88,11
1803,30.05,402,402,0,1,1,39,90,10,10,16,440,88,11
1804,30.066666666666666,402,402,0,1,1,43,82,10,10,16,440,88,11
1805,30.083333333333332,402,402,0,1,1,47,74,10,10,16,440,88,11
1806,30.1,402,402,0,1,1,49,70,10,10,16,440,88,11
1807,30.116666666666667,402,402,0,1,1,51,66,10,10,16,440,88,11
1808,30.133333333333333,402,402,0,1,1,53,62,10,10,16,440,88,11
1809,30.15,402,402,0,1,1,55,58,10,10,16,440,88,11
1810,30.166666666666668,402,402,0,1,1,57,54,10,10,16,440,88,11
1811,30.183333333333334,402,402,0,1,1,59,50,10,10,16,440,88,11
1812,30.2,402,402,0,1,1,61,52,10,9,16,440,88,11
1813,30.216666666666665,402,402,0,1,1,63,56,10,9,16,440,88,11
1814,30.233333333333334,402,402,0,1,1,65,60,10,9,16,440,88,11
1815,30.25,402,402,0,1,1,67,64,10,9,16,440,88,11
1816,30.266666666666666,402,402,0,1,1,69,68,10,9,16,440,88,11
1817,30.283333333333335,402,402,0,1,1,71,72,10,9,16,440,88,11
1818,30.3,402,402,0,1,1,73,76,10,9,16,440,88,11
1819,30.316666666666666,402,402,0,1,1,75,80,10,9,16,440,88,11
1820,30.333333333333332,402,402,0,1,1,77,84,10,9,16,440,88,11
1821,30.35,402,402,0,1,1,79,88,10,9,16,440,88,11
1822,30.366666666666667,402,402,0,1,1,81,92,10,9,16,440,88,11
1823,30.383333333333333,402,402,0,1,1,83,96,10,9,22,440,88,11
1824,30.4,402,402,0,1,1,85,100,10,9,22,440,88,11
1825,30.416666666666668,402,402,0,1,1,87,104,10,9,22,440,88,11
1826,30.433333333333334,402,402,0,1,1,89,108,10,9,28,440,88,11
1827,30.45,402,402,0,1,1,91,112,10,9,28,440,88,11
1828,30.466666666666665,402,402,0,1,1,93,116,10,9,28,440,88,11
1829,30.483333333333334,402,402,0,1,1,95,120,10,9,34,440,88,11
1830,30.5,402,402,0,1,1,95,120,10,9,34,440,88,11
1831,30.516666666666666,402,402,0,1,1,97,116,10,10,34,440,88,11
1832,30.533333333333335,402,402,0,1,1,97,116,10,10,34,440,88,11
1833,30.55,402,402,0,1,1,101,108,10,10,40,440,88,11
1834,30.566666666666666,402,402,0,1,1,101,108,10,10,40,440,88,11
1835,30.583333333333332,402,402,0,1,1,103,100,10,10,40,440,88,11
1836,30.6,402,402,0,1,1,103,100,10,10,40,440,88,11
1837,30.616666666666667,402,402,0,1,1,99,92,10,10,40,440,88,11
1838,30.633333333333333,402,402,0,1,1,95,84,10,10,34,440,88,11
1839,30.65,402,402,0,1,1,95,84,10,10,34,440,88,11
1840,30.666666666666668,402,402,0,1,1,93,80,10,10,34,440,88,11
1841,30.683333333333334,402,402,0,1,1,89,72,10,10,28,440,88,11
1842,30.7,402,402,0,1,1,87,68,10,10,28,440,88,11
1843,30.716666666666665,402,402,0,1,1,85,64,10,10,22,440,88,11
1844,30.733333333333334,402,402,0,1,1,83,60,10,10,22,440,88,11
1845,30.75,402,402,0,1,1,81,56,10,10,22,440,88,11
1846,30.766666666666666,402,402,0,1,1,79,52,10,10,16,440,88,11
1847,30.783333333333335,402,402,0,1,1,77,49,10,10,16,440,88,11
1848,30.8,402,402,0,1,1,75,53,10,10,16,440,88,11
1849,30.816666666666666,402,402,0,1,1,73,57,10,10,16,440,88,11
1850,30.833333333333332,402,402,0,1,1,71,61,10,10,16,440,88,11
1851,30.85,402,402,0,1,1,69,65,10,10,16,440,88,11
1852,30.866666666666667,402,402,0,1,1,67,69,10,10,16,440,88,11
1853,30.883333333333333,402,402,0,1,1,65,73,10,10,16,440,88,11
1854,30.9,402,402,0,1,1,63,77,10,10,16,440,88,11
1855,30.916666666666668,402,402,0,1,1,61,81,10,10,16,440,88,11
1856,30.933333333333334,402,402,0,1,1,59,85,10,10,16,440,88,11
1857,30.95,402,402,0,1,1,57,89,10,10,16,440,88,11
1858,30.966666666666665,402,402,0,1,1,55,93,10,10,16,440,88,11
1859,30.983333333333334,402,402,0,1,1,53,97,10,10,16,440,88,11
1860,31.0,402,402,0,1,1,51,101,10,10,16,440,88,11
1861,31.016666666666666,402,402,0,1,1,49,105,10,10,16,440,88,11
1862,31.033333333333335,402,402,0,1,1,47,109,10,10,16,440,88,11
1863,31.05,402,402,0,1,1,45,113,10,10,16,440,88,11
1864,31.066666666666666,402,402,0,1,1,43,117,10,10,16,440,88,11
1865,31.083333333333332,402,402,0,1,1,41,121,10,10,16,440,88,11
1866,31.1,402,402,0,1,1,39,125,10,10,16,440,88,11
1867,31.116666666666667,402,402,0,1,1,37,129,10,10,16,440,88,11
1868,31.133333333333333,402,402,0,1,1,35,133,10,10,16,440,88,11
1869,31.15,402,402,0,1,1,33,137,10,10,16,440,88,11
1870,31.166666666666668,402,402,0,1,1,31,141,10,10,16,440,88,11
1871,31.183333333333334,402,402,0,1,1,29,145,10,10,16,440,88,11
1872,31.2,402,402,0,1,1,27,149,10,10,16,440,88,11
1873,31.216666666666665,402,402,0,1,1,25,153,10,10,16,440,88,11
1874,31.233333333333334,402,402,0,1,1,23,157,10,10,16,440,88,11
1875,31.25,402,402,0,1,1,21,161,10,10,16,440,88,11
1876,31.266666666666666,402,402,0,1,1,19,165,10,10,16,440,88,11
1877,31.283333333333335,402,402,0,1,1,17,169,10,10,16,440,88,11
1878,31.3,402,402,0,1,1,16,173,10,10,16,440,88,11
1879,31.316666666666666,402,402,0,1,1,18,177,10,10,16,440,88,11
1880,31.333333333333332,402,402,0,1,1,20,181,10,10,16,440,88,11
1881,31.35,402,402,0,1,1,22,185,10,10,16,440,88,11
1882,31.366666666666667,402,402,0,1,1,24,189,10,10,16,440,88,11
1883,31.383333333333333,402,402,0,1,1,26,193,10,10,16,440,88,11
1884,31.4,402,402,0,1,1,28,197,10,10,16,440,88,11
1885,31.416666666666668,402,402,0,1,1,30,201,10,10,16,440,88,11
1886,31.433333333333334,402,402,0,1,1,32,205,10,10,16,440,88,11
1887,31.45,402,402,0,1,1,34,209,10,10,16,440,88,11
1888,31.466666666666665,402,402,0,1,1,36,213,10,10,16,440,88,11
1889,31.483333333333334,402,402,0,1,1,38,217,10,10,16,440,88,11
1890,31.5,402,402,0,1,1,40,221,10,10,16,440,88,11
1891,31.516666666666666,402,402,0,1,1,42,225,10,10,16,440,88,11
1892,31.533333333333335,402,402,0,1,1,44,229,10,10,16,440,88,11
1893,31.55,402,402,0,1,1,46,233,10,10,16,440,88,11
1894,31.566666666666666,402,402,0,1,1,48,237,10,10,16,440,88,11
1895,31.583333333333332,402,402,0,1,1,50,241,10,10,16,440,88,11
1896,31.6,402,402,0,1,1,52,245,10,10,16,440,88,11
1897,31.616666666666667,402,402,0,1,1,54,249,10,10,16,440,88,11
1898,31.633333333333333,402,402,0,1,1,56,253,10,10,16,440,88,11
1899,31.65,402,402,0,1,1,58,257,10,10,16,440,88,11
1900,31.666666666666668,402,402,0,1,1,60,261,10,10,16,440,88,11
1901,31.683333333333334,402,402,0,1,1,62,265,10,10,16,440,88,11
1902,31.7,402,402,0,1,1,64,269,10,10,16,440,88,11
1903,31.716666666666665,402,402,0,1,1,66,273,10,10,16,440,88,11
1904,31.733333333333334,402,402,0,1,1,68,277,10,10,16,440,88,11
1905,31.75,402,402,0,1,1,70,281,10,10,16,440,88,11
1906,31.766666666666666,402,402,0,1,1,72,285,10,10,16,440,88,11
1907,31.783333333333335,402,402,0,1,1,76,293,10,10,16,440,88,11
1908,31.8,402,402,0,1,1,78,297,10,10,16,440,88,11
1909,31.816666666666666,402,402,0,1,1,80,301,10,10,16,440,88,11
1910,31.833333333333332,402,402,0,1,1,82,305,10,10,16,440,88,11
1911,31.85,402,402,0,1,1,84,309,10,10,22,440,88,11
1912,31.866666666666667,402,402,0,1,1,86,313,10,10,22,440,88,11
1913,31.883333333333333,402,402,0,1,1,88,317,10,10,22,440,88,11
1914,31.9,402,402,0,1,1,90,321,10,10,28,440,88,11
1915,31.916666666666668,402,402,0,1,1,92,325,10,10,28,440,88,11
1916,31.933333333333334,402,402,0,1,1,94,329,10,10,28,440,88,11
1917,31.95,402,402,0,1,1,96,333,10,10,34,440,88,11
1918,31.966666666666665,402,402,0,1,1,98,337,10,10,34,440,88,11
1919,31.983333333333334,402,402,0,1,1,100,341,10,10,34,440,88,11
1920,32.0,402,402,0,1,1,102,345,10,10,40,440,88,11
1921,32.016666666666666,402,402,0,1,1,104,349,10,10,40,440,88,11
1922,32.03333333333333,402,402,0,1,1,106,353,10,10,40,440,88,11
1923,32.05,402,402,0,1,1,108,357,10,10,46,440,88,11
1924,32.06666666666667,402,402,0,1,1,110,361,10,10,46,440,88,11
1925,32.083333333333336,402,402,0,1,1,112,365,10,10,46,440,88,11
1926,32.1,402,402,0,1,1,114,369,10,10,52,440,88,11
1927,32.11666666666667,402,402,0,1,1,116,373,10,10,52,440,88,11
1928,32.13333333333333,402,402,0,1,1,118,377,10,10,52,440,88,11
1929,32.15,402,402,0,1,1,120,381,10,10,58,440,88,11
1930,32.166666666666664,402,402,0,1,1,122,385,10,10,58,440,88,11
1931,32.18333333333333,402,402,0,1,1,124,389,10,10,58,440,88,11
1932,32.2,402,402,0,1,1,126,393,10,10,64,440,88,11
1933,32.21666666666667,402,402,0,1,1,128,397,10,10,64,440,88,11
1934,32.233333333333334,402,402,0,1,1,130,401,10,10,64,440,88,11
1935,32.25,402,402,0,1,1,132,405,10,10,70,440,88,11
1936,32.266666666666666,402,402,0,1,1,134,409,10,10,70,440,88,11
1937,32.28333333333333,402,402,0,1,1,136,413,10,10,70,440,88,11
1938,32.3,402,402,0,1,1,138,417,10,10,76,440,88,11
1939,32.31666666666667,402,402,0,1,1,140,421,10,10,76,440,88,11
1940,32.333333333333336,402,402,0,1,1,142,425,10,10,76,440,88,11
1941,32.35,402,402,0,0,0,,,,,,,,
1942,32.36666666666667,402,402,0,1,1,146,425,10,10,82,440,88,11
1943,32.38333333333333,402,402,0,1,1,148,421,10,10,82,440,88,11
1944,32.4,402,402,0,1,1,150,417,10,10,88,440,88,11
1945,32.416666666666664,402,402,0,1,1,152,413,10,10,88,440,88,11
1946,32.43333333333333,402,402,0,1,1,154,409,10,10,88,440,88,11
1947,32.45,402,402,0,1,1,156,405,10,10,94,440,88,11
1948,32.46666666666667,402,402,0,1,1,158,401,10,10,94,440,88,11
1949,32.483333333333334,402,402,0,1,1,160,397,10,10,94,440,88,11
1950,32.5,402,402,0,1,1,162,393,10,10,100,440,88,11
1951,32.516666666666666,402,402,0,1,1,164,389,10,10,100,440,88,11
1952,32.53333333333333,402,402,0,1,1,166,385,10,10,100,440,88,11
1953,32.55,402,402,0,1,1,168,381,10,10,106,440,88,11
1954,32.56666666666667,402,402,0,1,1,170,377,10,10,106,440,88,11
1955,32.583333333333336,402,402,0,1,1,172,373,10,10,106,440,88,11
1956,32.6,402,402,0,1,1,174,369,10,10,112,440,88,11
1957,32.61666666666667,402,402,0,1,1,176,365,10,10,112,440,88,11
1958,32.63333333333333,402,402,0,1,1,178,361,10,10,112,440,88,11
1959,32.65,402,402,0,1,1,180,357,10,10,118,440,88,11
1960,32.666666666666664,402,402,0,1,1,182,353,10,10,118,440,88,11
1961,32.68333333333333,402,402,0,1,1,184,349,10,10,118,440,88,11
1962,32.7,402,402,0,1,1,184,349,10,10,118,440,88,11
1963,32.71666666666667,402,402,0,1,1,186,345,10,10,124,440,88,11
1964,32.733333333333334,402,402,0,1,1,190,337,10,10,124,440,88,11
1965,32.75,402,402,0,1,1,192,333,10,10,130,440,88,11
1966,32.766666666666666,402,402,0,1,1,194,329,10,10,130,440,88,11
1967,32.78333333333333,402,402,0,1,1,196,325,10,10,130,440,88,11
1968,32.8,402,402,0,1,1,198,321,10,10,136,440,88,11
1969,32.81666666666667,402,402,0,1,1,200,317,10,10,136,440,88,11
1970,32.833333333333336,402,402,0,1,1,202,313,10,10,136,440,88,11
1971,32.85,402,402,0,1,1,204,309,10,10,142,440,88,11
1972,32.86666666666667,402,402,0,1,1,206,305,10,10,142,440,88,11
1973,32.88333333333333,402,402,0,1,1,208,301,10,10,142,440,88,11
1974,32.9,402,402,0,1,1,210,297,10,10,148,440,88,11
1975,32.916666666666664,402,402,0,1,1,212,293,10,10,148,440,88,11
1976,32.93333333333333,402,402,0,1,1,214,289,10,10,148,440,88,11
1977,32.95,402,402,0,1,1,216,285,10,10,154,440,88,11
1978,32.96666666666667,402,402,0,1,1,218,281,10,10,154,440,88,11
1979,32.983333333333334,402,402,0,1,1,220,277,10,10,154,440,88,11
1980,33.0,402,402,0,1,1,222,273,10,10,160,440,88,11
1981,33.016666666666666,402,402,0,1,1,224,269,10,10,160,440,88,11
1982,33.03333333333333,402,402,0,1,1,226,265,10,10,160,440,88,11
1983,33.05,402,402,0,1,1,228,261,10,10,166,440,88,11
1984,33.06666666666667,402,402,0,1,1,230,257,10,10,166,440,88,11
1985,33.083333333333336,402,402,0,1,1,232,253,10,10,166,440,88,11
1986,33.1,402,402,0,1,1,234,249,10,10,172,440,88,11
1987,33.11666666666667,402,402,0,1,1,236,245,10,10,172,440,88,11
1988,33.13333333333333,402,402,0,1,1,238,241,10,10,172,440,88,11
1989,33.15,402,402,0,1,1,240,237,10,10,178,440,88,11
1990,33.166666666666664,402,402,0,1,1,242,233,10,10,178,440,88,11
1991,33.18333333333333,402,402,0,1,1,244,229,10,10,178,440,88,11
1992,33.2,402,402,0,1,1,246,225,10,10,184,440,88,11
1993,33.21666666666667,402,402,0,1,1,248,221,10,10,184,440,88,11
1994,33.233333333333334,402,402,0,1,1,250,217,10,10,184,440,88,11
1995,33.25,402,402,0,1,1,252,213,10,10,190,440,88,11
1996,33.266666666666666,402,402,0,1,1,254,209,10,10,190,440,88,11
1997,33.28333333333333,402,402,0,1,1,256,205,10,10,190,440,88,11
1998,33.3,402,402,0,1,1,258,201,10,10,196,440,88,11
1999,33.31666666666667,402,402,0,1,1,260,197,10,10,202,440,88,11
2000,33.333333333333336,402,402,0,1,1,262,193,10,10,208,440,88,11
2001,33.35,402,402,0,1,1,264,189,10,10,214,440,88,11
2002,33.36666666666667,402,402,0,1,1,266,185,10,10,220,440,88,11
2003,33.38333333333333,402,402,0,1,1,268,181,10,10,226,440,88,11
2004,33.4,402,402,0,1,1,270,177,10,10,232,440,88,11
2005,33.416666666666664,402,402,0,1,1,272,173,10,10,232,440,88,11
2006,33.43333333333333,402,402,0,1,1,274,169,10,10,232,440,88,11
2007,33.45,402,402,0,1,1,276,165,10,10,238,440,88,11
2008,33.46666666666667,402,402,0,1,1,278,161,10,10,238,440,88,11
2009,33.483333333333334,402,402,0,1,1,280,157,10,10,238,440,88,11
2010,33.5,402,402,0,1,1,282,153,10,10,244,440,88,11
2011,33.516666666666666,402,402,0,1,1,284,149,10,10,244,440,88,11
2012,33.53333333333333,402,402,0,1,1,284,149,10,10,244,440,88,11
2013,33.55,402,402,0,1,1,286,148,10,10,244,440,88,11
2014,33.56666666666667,402,402,0,1,1,286,148,10,10,244,440,88,11
2015,33.583333333333336,402,402,0,1,1,290,156,10,10,250,440,88,11
2016,33.6,402,402,0,1,1,294,164,10,10,256,440,88,11
2017,33.61666666666667,402,402,0,1,1,296,168,10,10,256,440,88,11
2018,33.63333333333333,402,402,0,1,1,298,172,10,10,256,440,88,11
2019,33.65,402,402,0,1,1,300,176,10,10,262,440,88,11
2020,33.666666666666664,402,402,0,1,1,302,180,10,10,262,440,88,11
2021,33.68333333333333,402,402,0,1,1,304,184,10,10,262,440,88,11
2022,33.7,402,402,0,1,1,306,188,10,10,268,440,88,11
2023,33.71666666666667,402,402,0,1,1,306,188,10,10,268,440,88,11
2024,33.733333333333334,402,402,0,1,1,308,192,10,10,268,440,88,11
2025,33.75,402,402,0,1,1,312,200,10,10,274,440,88,11
2026,33.766666666666666,402,402,0,1,1,314,204,10,10,274,440,88,11
2027,33.78333333333333,402,402,0,1,1,316,208,10,10,274,440,88,11
2028,33.8,402,402,0,1,1,318,212,10,10,280,440,88,11
2029,33.81666666666667,402,402,0,1,1,320,216,10,10,280,440,88,11
2030,33.833333333333336,402,402,0,1,1,322,220,10,10,280,440,88,11
2031,33.85,402,402,0,1,1,324,224,10,10,286,440,88,11
2032,33.86666666666667,402,402,0,1,1,326,228,10,10,286,440,88,11
2033,33.88333333333333,402,402,0,1,1,328,232,10,10,286,440,88,11
2034,33.9,402,402,0,1,1,328,232,10,10,286,440,88,11
2035,33.916666666666664,402,402,0,1,1,330,236,10,10,292,440,88,11
2036,33.93333333333333,402,402,0,1,1,332,240,10,10,292,440,88,11
2037,33.95,402,402,0,1,1,334,244,10,10,292,440,88,11
2038,33.96666666666667,402,402,0,1,1,336,248,10,10,298,440,88,11
2039,33.983333333333334,402,402,0,1,1,338,252,10,10,298,440,88,11
2040,34.0,402,402,0,1,1,340,256,10,10,298,440,88,11
2041,34.016666666666666,402,402,0,1,1,342,260,10,10,304,440,88,11
2042,34.03333333333333,402,402,0,1,1,344,264,10,10,304,440,88,11
2043,34.05,402,402,0,1,1,346,268,10,10,304,440,88,11
2044,34.06666666666667,402,402,0,1,1,348,272,10,10,310,440,88,11
2045,34.083333333333336,402,402,0,1,1,350,276,10,10,310,440,88,11
2046,34.1,402,402,0,1,1,352,280,10,10,310,440,88,11
2047,34.11666666666667,402,402,0,1,1,352,280,10,10,310,440,88,11
2048,34.13333333333333,402,402,0,1,1,354,284,10,10,316,440,88,11
2049,34.15,402,402,0,1,1,358,292,10,10,316,440,88,11
2050,34.166666666666664,402,402,0,1,1,360,296,10,10,322,440,88,11
2051,34.18333333333333,402,402,0,1,1,362,300,10,10,322,440,88,11
2052,34.2,402,402,0,1,1,364,304,10,10,322,440,88,11
2053,34.21666666666667,402,402,0,1,1,366,308,10,10,328,440,88,11
2054,34.233333333333334,402,402,0,1,1,368,312,10,10,328,440,88,11
2055,34.25,402,402,0,1,1,370,316,10,10,328,440,88,11
2056,34.266666666666666,402,402,0,1,1,372,320,10,10,334,440,88,11
2057,34.28333333333333,402,402,0,1,1,374,324,10,10,334,440,88,11
2058,34.3,402,402,0,1,1,376,328,10,10,334,440,88,11
2059,34.31666666666667,402,402,0,1,1,378,332,10,10,340,440,88,11
2060,34.333333333333336,402,402,0,1,1,380,336,10,10,340,440,88,11
2061,34.35,402,402,0,1,1,382,340,10,10,340,440,88,11
2062,34.36666666666667,402,402,0,1,1,384,344,10,10,346,440,88,11
2063,34.38333333333333,402,402,0,1,1,386,348,10,10,346,440,88,11
2064,34.4,402,402,0,1,1,388,352,10,10,346,440,88,11
2065,34.416666666666664,402,402,0,1,1,390,356,10,10,352,440,88,11
2066,34.43333333333333,402,402,0,1,1,392,360,10,10,352,440,88,11
2067,34.45,402,402,0,1,1,394,364,10,10,352,440,88,11
2068,34.46666666666667,402,402,0,1,1,396,368,10,10,358,440,88,11
2069,34.483333333333334,402,402,0,1,1,398,372,10,10,358,440,88,11
2070,34.5,402,402,0,1,1,400,376,10,10,358,440,88,11
2071,34.516666666666666,402,402,0,1,1,402,380,10,10,364,440,88,11
2072,34.53333333333333,402,402,0,1,1,404,384,10,10,364,440,88,11
2073,34.55,402,402,0,1,1,406,388,10,10,364,440,88,11
2074,34.56666666666667,402,402,0,1,1,408,392,10,10,370,440,88,11
2075,34.583333333333336,402,402,0,1,1,410,396,10,10,370,440,88,11
2076,34.6,402,402,0,1,1,412,400,10,10,370,440,88,11
2077,34.61666666666667,402,402,0,1,1,414,404,10,10,376,440,88,11
2078,34.63333333333333,402,402,0,1,1,416,408,10,10,376,440,88,11
2079,34.65,402,402,0,1,1,418,412,10,10,376,440,88,11
2080,34.666666666666664,402,402,0,1,1,420,416,10,10,382,440,88,11
2081,34.68333333333333,402,402,0,1,1,422,420,10,10,382,440,88,11
2082,34.7,402,402,0,1,1,424,424,10,10,382,440,88,11
2083,34.71666666666667,402,402,0,1,1,426,428,10,10,388,440,88,11
2084,34.733333333333334,402,402,0,1,1,427,426,10,10,388,440,88,11
2085,34.75,402,402,0,1,1,428,422,10,10,388,440,88,11
2086,34.766666666666666,402,402,0,1,1,429,418,10,10,388,440,88,11
2087,34.78333333333333,402,402,0,1,1,430,414,10,10,394,440,88,11
2088,34.8,402,402,0,1,1,431,410,10,10,388,440,88,11
2089,34.81666666666667,402,402,0,1,1,432,406,10,10,394,440,88,11
2090,34.833333333333336,402,402,0,1,1,433,402,10,10,394,440,88,11
2091,34.85,402,402,0,1,1,434,398,10,10,394,440,88,11
2092,34.86666666666667,402,402,0,1,1,435,394,10,10,394,440,88,11
2093,34.88333333333333,402,402,0,1,1,436,390,10,10,400,440,88,11
2094,34.9,402,402,0,1,1,437,386,10,10,394,440,88,11
2095,34.916666666666664,402,402,0,1,1,438,382,10,10,400,440,88,11
2096,34.93333333333333,402,402,0,1,1,439,378,10,10,400,440,88,11
2097,34.95,402,402,0,1,1,440,374,10,10,400,440,88,11
2098,34.96666666666667,402,402,0,1,1,441,370,10,10,400,440,88,11
2099,34.983333333333334,402,402,0,1,1,442,366,10,10,406,440,88,11
2100,35.0,402,402,0,1,1,443,362,10,10,400,440,88,11
2101,35.016666666666666,402,402,0,1,1,444,358,10,10,406,440,88,11
2102,35.03333333333333,402,402,0,1,1,445,354,10,10,406,440,88,11
2103,35.05,402,402,0,1,1,446,350,10,10,406,440,88,11
2104,35.06666666666667,402,402,0,1,1,447,346,10,10,406,440,88,11
2105,35.083333333333336,402,402,0,1,1,448,342,10,10,412,440,88,11
2106,35.1,402,402,0,1,1,449,338,10,10,406,440,88,11
2107,35.11666666666667,402,402,0,1,1,450,334,10,10,412,440,88,11
2108,35.13333333333333,402,402,0,1,1,451,330,10,10,412,440,88,11
2109,35.15,402,402,0,1,1,452,326,10,10,412,440,88,11
2110,35.166666666666664,402,402,0,1,1,453,322,10,10,412,440,88,11
2111,35.18333333333333,402,402,0,1,1,454,318,10,10,418,440,88,11
2112,35.2,402,402,0,1,1,455,314,10,10,412,440,88,11
2113,35.21666666666667,402,402,0,1,1,456,310,10,10,418,440,88,11
2114,35.233333333333334,402,402,0,1,1,457,306,10,10,418,440,88,11
2115,35.25,402,402,0,1,1,458,302,10,10,418,440,88,11
2116,35.266666666666666,402,402,0,1,1,459,298,10,10,418,440,88,11
2117,35.28333333333333,402,402,0,1,1,460,294,10,10,424,440,88,11
2118,35.3,402,402,0,1,1,461,290,10,10,418,440,88,11
2119,35.31666666666667,402,402,0,1,1,462,286,10,10,424,440,88,11
2120,35.333333333333336,402,402,0,1,1,463,282,10,10,424,440,88,11
2121,35.35,402,402,0,1,1,464,278,10,10,424,440,88,11
2122,35.36666666666667,402,402,0,1,1,465,274,10,10,424,440,88,11
2123,35.38333333333333,402,402,0,1,1,466,270,10,10,430,440,88,11
2124,35.4,402,402,0,1,1,467,266,10,10,424,440,88,11
2125,35.416666666666664,402,402,0,1,1,468,262,10,10,430,440,88,11
2126,35.43333333333333,402,402,0,1,1,469,258,10,10,430,440,88,11
2127,35.45,402,402,0,1,1,470,254,10,10,430,440,88,11
2128,35.46666666666667,402,402,0,1,1,471,250,10,10,430,440,88,11
2129,35.483333333333334,402,402,0,1,1,472,246,10,10,436,440,88,11
2130,35.5,402,402,0,1,1,473,242,10,10,430,440,88,11
2131,35.516666666666666,402,402,0,1,1,474,238,10,10,436,440,88,11
2132,35.53333333333333,402,402,0,1,1,475,234,10,10,436,440,88,11
2133,35.55,402,402,0,1,1,476,230,10,10,436,440,88,11
2134,35.56666666666667,402,402,0,1,1,477,226,10,10,436,440,88,11
2135,35.583333333333336,402,402,0,1,1,478,222,10,10,442,440,88,11
2136,35.6,402,402,0,1,1,479,218,10,10,436,440,88,11
2137,35.61666666666667,402,402,0,1,1,480,214,10,10,442,440,88,11
2138,35.63333333333333,402,402,0,1,1,481,210,10,10,442,440,88,11
2139,35.65,402,402,0,1,1,482,206,10,10,442,440,88,11
2140,35.666666666666664,402,402,0,1,1,483,202,10,10,442,440,88,11
2141,35.68333333333333,402,402,0,1,1,484,198,10,10,448,440,88,11
2142,35.7,402,402,0,1,1,485,194,10,10,442,440,88,11
2143,35.71666666666667,402,402,0,1,1,486,190,10,10,448,440,88,11
2144,35.733333333333334,402,402,0,1,1,487,186,10,10,448,440,88,11
2145,35.75,402,402,0,1,1,488,182,10,10,448,440,88,11
2146,35.766666666666666,402,402,0,1,1,489,178,10,10,448,440,88,11
2147,35.78333333333333,402,402,0,1,1,489,178,10,10,448,440,88,11
2148,35.8,402,402,0,1,1,490,174,10,10,454,440,88,11
2149,35.81666666666667,402,402,0,1,1,492,166,10,10,454,440,88,11
2150,35.833333333333336,402,402,0,1,1,493,162,10,10,454,440,88,11
2151,35.85,402,402,0,1,1,494,158,10,10,454,440,88,11
2152,35.86666666666667,402,402,0,1,1,495,154,10,10,454,440,88,11
2153,35.88333333333333,402,402,0,1,1,496,150,10,10,460,440,88,11
2154,35.9,402,402,0,1,1,497,146,10,10,454,440,88,11
2155,35.916666666666664,402,402,0,1,1,498,142,10,10,460,440,88,11
2156,35.93333333333333,402,402,0,1,1,499,138,10,10,460,440,88,11
2157,35.95,402,402,0,1,1,500,134,10,10,460,440,88,11
2158,35.96666666666667,402,402,0,1,1,501,130,10,10,460,440,88,11
2159,35.983333333333334,402,402,0,1,1,502,126,10,10,466,440,88,11
2160,36.0,402,402,0,1,1,503,122,10,10,460,440,88,11
2161,36.016666666666666,402,402,0,1,1,503,122,10,10,460,440,88,11
2162,36.03333333333333,402,402,0,1,1,504,124,10,9,466,440,88,11
2163,36.05,402,402,0,1,1,504,124,10,9,466,440,88,11
2164,36.06666666666667,402,402,0,1,1,506,132,10,9,466,440,88,11
2165,36.083333333333336,402,402,0,1,1,508,140,10,9,472,440,88,11
2166,36.1,402,402,0,1,1,509,144,10,9,466,440,88,11
2167,36.11666666666667,402,402,0,1,1,510,148,10,9,472,440,88,11
2168,36.13333333333333,402,402,0,1,1,511,152,10,9,472,440,88,11
2169,36.15,402,402,0,1,1,512,156,10,9,472,440,88,11
2170,36.166666666666664,402,402,0,1,1,513,160,10,9,472,440,88,11
2171,36.18333333333333,402,402,0,1,1,514,164,10,9,478,440,88,11
2172,36.2,402,402,0,1,1,515,168,10,9,472,440,88,11
2173,36.21666666666667,402,402,0,1,1,516,172,10,9,478,440,88,11
2174,36.233333333333334,402,402,0,1,1,517,176,10,9,478,440,88,11
2175,36.25,402,402,0,1,1,518,180,10,9,478,440,88,11
2176,36.266666666666666,402,402,0,1,1,519,184,10,9,478,440,88,11
2177,36.28333333333333,402,402,0,1,1,520,188,10,9,484,440,88,11
2178,36.3,402,402,0,1,1,521,192,10,9,478,440,88,11
2179,36.31666666666667,402,402,0,1,1,522,196,10,9,484,440,88,11
2180,36.333333333333336,402,402,0,1,1,523,200,10,9,484,440,88,11
2181,36.35,402,402,0,1,1,524,204,10,9,484,440,88,11
2182,36.36666666666667,402,402,0,1,1,525,208,10,9,484,440,88,11
2183,36.38333333333333,402,402,0,1,1,526,212,10,9,490,440,88,11
2184,36.4,402,402,0,1,1,527,216,10,9,484,440,88,11
2185,36.416666666666664,402,402,0,1,1,528,220,10,9,490,440,88,11
2186,36.43333333333333,402,402,0,1,1,529,224,10,9,490,440,88,11
2187,36.45,402,402,0,1,1,530,228,10,9,490,440,88,11
2188,36.46666666666667,402,402,0,1,1,531,232,10,9,490,440,88,11
2189,36.483333333333334,402,402,0,1,1,532,236,10,9,496,440,88,11
2190,36.5,402,402,0,1,1,533,240,10,9,490,440,88,11
2191,36.516666666666666,402,402,0,1,1,534,244,10,9,496,440,88,11
2192,36.53333333333333,402,402,0,1,1,535,248,10,9,496,440,88,11
2193,36.55,402,402,0,1,1,536,252,10,9,496,440,88,11
2194,36.56666666666667,402,402,0,1,1,537,256,10,9,496,440,88,11
2195,36.583333333333336,402,402,0,1,1,538,260,10,9,502,440,88,11
2196,36.6,402,402,0,1,1,539,264,10,9,496,440,88,11
2197,36.61666666666667,402,402,0,1,1,540,268,10,9,502,440,88,11
2198,36.63333333333333,402,402,0,1,1,541,272,10,9,502,440,88,11
2199,36.65,402,402,0,1,1,542,276,10,9,502,440,88,11
2200,36.666666666666664,402,402,0,1,1,543,280,10,9,502,440,88,11
2201,36.68333333333333,402,402,0,1,1,544,284,10,9,508,440,88,11
2202,36.7,402,402,0,1,1,545,288,10,9,502,440,88,11
2203,36.71666666666667,402,402,0,1,1,546,292,10,9,508,440,88,11
2204,36.733333333333334,402,402,0,1,1,547,296,10,9,508,440,88,11
2205,36.75,402,402,0,1,1,548,300,10,9,508,440,88,11
2206,36.766666666666666,402,402,0,1,1,549,304,10,9,508,440,88,11
2207,36.78333333333333,402,402,0,1,1,550,308,10,9,514,440,88,11
2208,36.8,402,402,0,1,1,550,308,10,9,514,440,88,11
2209,36.81666666666667,402,402,0,1,1,551,312,10,9,508,440,88,11
2210,36.833333333333336,402,402,0,1,1,553,320,10,9,514,440,88,11
2211,36.85,402,402,0,1,1,554,324,10,9,514,440,88,11
2212,36.86666666666667,402,402,0,1,1,555,328,10,9,514,440,88,11
2213,36.88333333333333,402,402,0,1,1,556,332,10,9,520,440,88,11
2214,36.9,402,402,0,1,1,557,336,10,9,514,440,88,11
2215,36.916666666666664,402,402,0,1,1,558,340,10,9,520,440,88,11
2216,36.93333333333333,402,402,0,1,1,559,344,10,9,520,440,88,11
2217,36.95,402,402,0,1,1,560,348,10,9,520,440,88,11
2218,36.96666666666667,402,402,0,1,1,561,352,10,9,520,440,88,11
2219,36.983333333333334,402,402,0,1,1,562,356,10,9,526,440,88,11
2220,37.0,402,402,0,1,1,563,360,10,9,520,440,88,11
2221,37.016666666666666,402,402,0,1,1,565,368,10,9,526,440,88,11
2222,37.03333333333333,402,402,0,1,1,565,368,10,9,526,440,88,11
2223,37.05,402,402,0,1,1,566,372,10,9,526,440,88,11
2224,37.06666666666667,402,402,0,1,1,567,376,10,9,526,440,88,11
2225,37.083333333333336,402,402,0,1,1,569,384,10,9,526,440,88,11
2226,37.1,402,402,0,1,1,570,388,10,9,532,440,88,11
2227,37.11666666666667,402,402,0,1,1,571,392,10,9,532,440,88,11
2228,37.13333333333333,402,402,0,1,1,572,396,10,9,532,440,88,11
2229,37.15,402,402,0,1,1,573,400,10,9,532,440,88,11
2230,37.166666666666664,402,402,0,1,1,574,404,10,9,536,440,88,11
2231,37.18333333333333,402,402,0,1,1,575,408,10,9,536,440,88,11
2232,37.2,402,402,0,1,1,576,412,10,9,536,440,88,11
2233,37.21666666666667,402,402,0,1,1,577,416,10,9,536,440,88,11
2234,37.233333333333334,402,402,0,1,1,578,420,10,9,536,440,88,11
2235,37.25,402,402,0,1,1,579,424,10,9,536,440,88,11
2236,37.266666666666666,402,402,0,1,1,580,428,10,9,536,440,88,11
2237,37.28333333333333,402,402,0,1,1,581,428,10,9,536,440,88,11
2238,37.3,402,402,0,1,1,582,424,10,9,536,440,88,11
2239,37.31666666666667,402,402,0,1,1,583,420,10,9,536,440,88,11
2240,37.333333333333336,402,402,0,1,1,584,416,10,9,536,440,88,11
2241,37.35,402,402,0,1,1,585,412,10,9,536,440,88,11
2242,37.36666666666667,402,402,0,1,1,586,408,10,9,536,440,88,11
2243,37.38333333333333,402,402,0,1,1,587,404,10,9,536,440,88,11
2244,37.4,402,402,0,1,1,588,400,10,9,536,440,88,11
2245,37.416666666666664,402,402,0,1,1,589,396,10,9,536,440,88,11
2246,37.43333333333333,402,402,0,1,1,590,392,10,9,536,440,88,11
2247,37.45,402,402,0,1,1,591,388,10,9,536,440,88,11
2248,37.46666666666667,402,402,0,1,1,592,384,10,9,536,440,88,11
2249,37.483333333333334,402,402,0,1,1,593,380,10,9,536,440,88,11
2250,37.5,402,402,0,1,1,594,376,10,9,536,440,88,11
2251,37.516666666666666,402,402,0,1,1,595,372,10,9,536,440,88,11
2252,37.53333333333333,402,402,0,1,1,596,368,10,9,536,440,88,11
2253,37.55,402,402,0,1,1,597,364,10,9,536,440,88,11
2254,37.56666666666667,402,402,0,1,1,598,360,10,9,536,440,88,11
2255,37.583333333333336,402,402,0,1,1,599,356,10,9,536,440,88,11
2256,37.6,402,402,0,1,1,600,352,10,9,536,440,88,11
2257,37.61666666666667,402,402,0,1,1,601,348,10,9,536,440,88,11
2258,37.63333333333333,402,402,0,1,1,602,344,10,9,536,440,88,11
2259,37.65,402,402,0,1,1,603,340,10,9,536,440,88,11
2260,37.666666666666664,402,402,0,1,1,604,336,10,9,536,440,88,11
2261,37.68333333333333,402,402,0,1,1,605,332,10,9,536,440,88,11
2262,37.7,402,402,0,1,1,606,328,10,9,536,440,88,11
2263,37.71666666666667,402,402,0,1,1,607,324,10,9,536,440,88,11
2264,37.733333333333334,402,402,0,1,1,608,320,10,9,536,440,88,11
2265,37.75,402,402,0,1,1,609,316,10,9,536,440,88,11
2266,37.766666666666666,402,402,0,1,1,610,312,10,9,536,440,88,11
2267,37.78333333333333,402,402,0,1,1,611,308,10,9,536,440,88,11
2268,37.8,402,402,0,1,1,612,304,10,9,536,440,88,11
2269,37.81666666666667,402,402,0,1,1,612,304,10,9,536,440,88,11
2270,37.833333333333336,402,402,0,1,1,613,300,10,9,536,440,88,11
2271,37.85,402,402,0,1,1,612,292,10,9,536,440,88,11
2272,37.86666666666667,402,402,0,1,1,611,288,10,9,536,440,88,11
2273,37.88333333333333,402,402,0,1,1,610,284,10,9,536,440,88,11
2274,37.9,402,402,0,1,1,609,280,10,9,536,440,88,11
2275,37.916666666666664,402,402,0,1,1,608,276,10,9,536,440,88,11
2276,37.93333333333333,402,402,0,1,1,607,272,10,9,536,440,88,11
2277,37.95,402,402,0,1,1,606,268,10,9,536,440,88,11
2278,37.96666666666667,402,402,0,1,1,605,264,10,9,536,440,88,11
2279,37.983333333333334,402,402,0,1,1,604,260,10,9,536,440,88,11
2280,38.0,402,402,0,1,1,603,256,10,9,536,440,88,11
2281,38.016666666666666,402,402,0,1,1,602,252,10,9,536,440,88,11
2282,38.03333333333333,402,402,0,1,1,601,248,10,9,536,440,88,11
2283,38.05,402,402,0,1,1,600,244,10,9,536,440,88,11
2284,38.06666666666667,402,402,0,1,1,599,240,10,9,536,440,88,11
2285,38.083333333333336,402,402,0,1,1,598,236,10,9,536,440,88,11
2286,38.1,402,402,0,1,1,597,232,10,9,536,440,88,11
2287,38.11666666666667,402,402,0,1,1,596,228,10,9,536,440,88,11
2288,38.13333333333333,402,402,0,1,1,595,224,10,9,536,440,88,11
2289,38.15,402,402,0,1,1,594,220,10,9,536,440,88,11
2290,38.166666666666664,402,402,0,1,1,593,216,10,9,536,440,88,11
2291,38.18333333333333,402,402,0,1,1,592,212,10,9,536,440,88,11
2292,38.2,402,402,0,1,1,591,208,10,9,536,440,88,11
2293,38.21666666666667,402,402,0,1,1,590,204,10,9,536,440,88,11
2294,38.233333333333334,402,402,0,1,1,589,200,10,9,536,440,88,11
2295,38.25,402,402,0,1,1,588,196,10,9,536,440,88,11
2296,38.266666666666666,402,402,0,1,1,587,192,10,9,536,440,88,11
2297,38.28333333333333,402,402,0,1,1,586,188,10,9,536,440,88,11
2298,38.3,402,402,0,1,1,585,184,10,9,536,440,88,11
2299,38.31666666666667,402,402,0,1,1,584,180,10,9,536,440,88,11
2300,38.333333333333336,402,402,0,1,1,583,176,10,9,536,440,88,11
2301,38.35,402,402,0,1,1,582,172,10,9,536,440,88,11
2302,38.36666666666667,402,402,0,1,1,581,168,10,9,536,440,88,11
2303,38.38333333333333,402,402,0,1,1,580,164,10,9,536,440,88,11
2304,38.4,402,402,0,1,1,579,160,10,9,536,440,88,11
2305,38.416666666666664,402,402,0,1,1,578,156,10,9,536,440,88,11
2306,38.43333333333333,402,402,0,1,1,577,152,10,9,536,440,88,11
2307,38.45,402,402,0,1,1,576,148,10,9,536,440,88,11
2308,38.46666666666667,402,402,0,1,1,576,148,10,9,536,440,88,11
2309,38.483333333333334,402,402,0,1,1,575,150,10,10,536,440,88,11
2310,38.5,402,402,0,1,1,575,150,10,10,536,440,88,11
2311,38.516666666666666,402,402,0,1,1,575,150,10,10,536,440,88,11
2312,38.53333333333333,402,402,0,1,1,573,158,10,10,536,440,88,11
2313,38.55,402,402,0,1,1,571,166,10,10,536,440,88,11
2314,38.56666666666667,402,402,0,1,1,570,170,10,10,536,440,88,11
2315,38.583333333333336,402,402,0,1,1,569,174,10,10,536,440,88,11
2316,38.6,402,402,0,1,1,568,178,10,10,536,440,88,11
2317,38.61666666666667,402,402,0,1,1,567,182,10,10,536,440,88,11
2318,38.63333333333333,402,402,0,1,1,566,186,10,10,536,440,88,11
2319,38.65,402,402,0,1,1,565,190,10,10,536,440,88,11
2320,38.666666666666664,402,402,0,1,1,564,194,10,10,536,440,88,11
2321,38.68333333333333,402,402,0,1,1,563,198,10,10,536,440,88,11
2322,38.7,402,402,0,1,1,562,202,10,10,536,440,88,11
2323,38.71666666666667,402,402,0,1,1,561,206,10,10,536,440,88,11
2324,38.733333333333334,402,402,0,1,1,560,210,10,10,536,440,88,11
2325,38.75,402,402,0,1,1,559,214,10,10,536,440,88,11
2326,38.766666666666666,402,402,0,1,1,558,218,10,10,536,440,88,11
2327,38.78333333333333,402,402,0,1,1,557,222,10,10,536,440,88,11
2328,38.8,402,402,0,1,1,556,226,10,10,536,440,88,11
2329,38.81666666666667,402,402,0,1,1,555,230,10,10,536,440,88,11
2330,38.833333333333336,402,402,0,1,1,554,234,10,10,536,440,88,11
2331,38.85,402,402,0,1,1,553,238,10,10,536,440,88,11
2332,38.86666666666667,402,402,0,1,1,552,242,10,10,536,440,88,11
2333,38.88333333333333,402,402,0,1,1,551,246,10,10,536,440,88,11
2334,38.9,402,402,0,1,1,550,250,10,10,536,440,88,11
2335,38.916666666666664,402,402,0,1,1,549,254,10,10,536,440,88,11
2336,38.93333333333333,402,402,0,1,1,548,258,10,10,536,440,88,11
2337,38.95,402,402,0,1,1,547,262,10,10,530,440,88,11
2338,38.96666666666667,402,402,0,1,1,546,266,10,10,536,440,88,11
2339,38.983333333333334,402,402,0,1,1,545,270,10,10,530,440,88,11
2340,39.0,402,402,0,1,1,544,274,10,10,530,440,88,11
2341,39.016666666666666,402,402,0,1,1,543,278,10,10,530,440,88,11
2342,39.03333333333333,402,402,0,1,1,542,282,10,10,530,440,88,11
2343,39.05,402,402,0,1,1,541,286,10,10,524,440,88,11
2344,39.06666666666667,402,402,0,1,1,540,290,10,10,530,440,88,11
2345,39.083333333333336,402,402,0,1,1,539,294,10,10,524,440,88,11
2346,39.1,402,402,0,1,1,538,298,10,10,524,440,88,11
2347,39.11666666666667,402,402,0,1,1,537,302,10,10,524,440,88,11
2348,39.13333333333333,402,402,0,1,1,536,306,10,10,524,440,88,11
2349,39.15,402,402,0,1,1,535,310,10,10,518,440,88,11
2350,39.166666666666664,402,402,0,1,1,534,314,10,10,524,440,88,11
2351,39.18333333333333,402,402,0,1,1,533,318,10,10,518,440,88,11
2352,39.2,402,402,0,1,1,532,322,10,10,518,440,88,11
2353,39.21666666666667,402,402,0,1,1,531,326,10,10,518,440,88,11
2354,39.233333333333334,402,402,0,1,1,530,330,10,10,518,440,88,11
2355,39.25,402,402,0,1,1,529,334,10,10,512,440,88,11
2356,39.266666666666666,402,402,0,1,1,528,338,10,10,518,440,88,11
2357,39.28333333333333,402,402,0,1,1,527,342,10,10,512,440,88,11
2358,39.3,402,402,0,1,1,526,346,10,10,512,440,88,11
2359,39.31666666666667,402,402,0,1,1,525,350,10,10,512,440,88,11
2360,39.333333333333336,402,402,0,1,1,524,354,10,10,512,440,88,11
2361,39.35,402,402,0,1,1,523,358,10,10,506,440,88,11
2362,39.36666666666667,402,402,0,1,1,522,362,10,10,512,440,88,11
2363,39.38333333333333,402,402,0,1,1,521,366,10,10,506,440,88,11
2364,39.4,402,402,0,1,1,520,370,10,10,506,440,88,11
2365,39.416666666666664,402,402,0,1,1,519,374,10,10,506,440,88,11
2366,39.43333333333333,402,402,0,1,1,518,378,10,10,506,440,88,11
2367,39.45,402,402,0,1,1,517,382,10,10,500,440,88,11
2368,39.46666666666667,402,402,0,1,1,516,386,10,10,506,440,88,11
2369,39.483333333333334,402,402,0,1,1,515,390,10,10,500,440,88,11
2370,39.5,402,402,0,1,1,514,394,10,10,500,440,88,11
2371,39.516666666666666,402,402,0,1,1,513,398,10,10,500,440,88,11
2372,39.53333333333333,402,402,0,1,1,512,402,10,10,500,440,88,11
2373,39.55,402,402,0,1,1,511,406,10,10,494,440,88,11
2374,39.56666666666667,402,402,0,1,1,510,410,10,10,500,440,88,11
2375,39.583333333333336,402,402,0,1,1,509,414,10,10,494,440,88,11
2376,39.6,402,402,0,1,1,508,418,10,10,494,440,88,11
2377,39.61666666666667,402,402,0,1,1,507,422,10,10,494,440,88,11
2378,39.63333333333333,402,402,0,1,1,506,426,10,10,494,440,88,11
2379,39.65,402,402,0,1,1,505,428,10,10,488,440,88,11
2380,39.666666666666664,402,402,0,1,1,504,424,10,10,494,440,88,11
2381,39.68333333333333,402,402,0,1,1,503,420,10,10,488,440,88,11
2382,39.7,402,402,0,1,1,502,416,10,10,488,440,88,11
2383,39.71666666666667,402,402,0,1,1,501,412,10,10,488,440,88,11
2384,39.733333333333334,402,402,0,1,1,500,408,10,10,488,440,88,11
2385,39.75,402,402,0,1,1,499,404,10,10,482,440,88,11
2386,39.766666666666666,402,402,0,1,1,498,400,10,10,488,440,88,11
2387,39.78333333333333,402,402,0,1,1,497,396,10,10,482,440,88,11
2388,39.8,402,402,0,1,1,496,392,10,10,482,440,88,11
2389,39.81666666666667,402,402,0,1,1,495,388,10,10,482,440,88,11
2390,39.833333333333336,402,402,0,1,1,494,384,10,10,482,440,88,11
2391,39.85,402,402,0,1,1,493,380,10,10,476,440,88,11
2392,39.86666666666667,402,402,0,1,1,492,376,10,10,482,440,88,11
2393,39.88333333333333,402,402,0,1,1,491,372,10,10,476,440,88,11
2394,39.9,402,402,0,1,1,490,368,10,10,476,440,88,11
2395,39.916666666666664,402,402,0,1,1,489,364,10,10,476,440,88,11
2396,39.93333333333333,402,402,0,1,1,488,360,10,10,476,440,88,11
2397,39.95,402,402,0,1,1,487,356,10,10,470,440,88,11
2398,39.96666666666667,402,402,0,1,1,486,352,10,10,476,440,88,11
2399,39.983333333333334,402,402,0,1,1,485,348,10,10,470,440,88,11
2400,40.0,402,402,0,1,1,484,344,10,10,470,440,88,11
2401,40.016666666666666,402,402,0,1,1,483,340,10,10,470,440,88,11
2402,40.03333333333333,402,402,0,1,1,482,336,10,10,470,440,88,11
2403,40.05,402,402,0,1,1,481,332,10,10,464,440,88,11
2404,40.06666666666667,402,402,0,1,1,480,328,10,10,470,440,88,11
2405,40.083333333333336,402,402,0,1,1,479,324,10,10,464,440,88,11
2406,40.1,402,402,0,1,1,478,320,10,10,464,440,88,11
2407,40.11666666666667,402,402,0,1,1,477,316,10,10,464,440,88,11
2408,40.13333333333333,402,402,0,1,1,476,312,10,10,464,440,88,11
2409,40.15,402,402,0,1,1,475,308,10,10,458,440,88,11
2410,40.166666666666664,402,402,0,1,1,474,304,10,10,464,440,88,11
2411,40.18333333333333,402,402,0,1,1,473,300,10,10,458,440,88,11
2412,40.2,402,402,0,1,1,472,296,10,10,458,440,88,11
2413,40.21666666666667,402,402,0,1,1,471,292,10,10,458,440,88,11
2414,40.233333333333334,402,402,0,1,1,470,288,10,10,458,440,88,11
2415,40.25,402,402,0,1,1,469,284,10,10,452,440,88,11
2416,40.266666666666666,402,402,0,1,1,468,280,10,10,458,440,88,11
2417,40.28333333333333,402,402,0,1,1,467,276,10,10,452,440,88,11
2418,40.3,402,402,0,1,1,466,272,10,10,452,440,88,11
2419,40.31666666666667,402,402,0,1,1,465,268,10,10,452,440,88,11
2420,40.333333333333336,402,402,0,1,1,464,264,10,10,452,440,88,11
2421,40.35,402,402,0,1,1,464,264,10,10,452,440,88,11
2422,40.36666666666667,402,402,0,1,1,463,260,10,10,446,440,88,11
2423,40.38333333333333,402,402,0,1,1,461,252,10,10,446,440,88,11
2424,40.4,402,402,0,1,1,460,248,10,10,446,440,88,11
2425,40.416666666666664,402,402,0,1,1,459,244,10,10,446,440,88,11
2426,40.43333333333333,402,402,0,1,1,458,240,10,10,446,440,88,11
2427,40.45,402,402,0,1,1,457,236,10,10,440,440,88,11
2428,40.46666666666667,402,402,0,1,1,456,232,10,10,446,440,88,11
2429,40.483333333333334,402,402,0,1,1,455,228,10,10,440,440,88,11
2430,40.5,402,402,0,1,1,454,224,10,10,440,440,88,11
2431,40.516666666666666,402,402,0,1,1,453,220,10,10,440,440,88,11
2432,40.53333333333333,402,402,0,1,1,452,216,10,10,440,440,88,11
2433,40.55,402,402,0,1,1,451,212,10,10,434,440,88,11
2434,40.56666666666667,402,402,0,1,1,450,208,10,10,440,440,88,11
2435,40.583333333333336,402,402,0,1,1,449,204,10,10,434,440,88,11
2436,40.6,402,402,0,1,1,448,200,10,10,434,440,88,11
2437,40.61666666666667,402,402,0,1,1,447,196,10,10,434,440,88,11
2438,40.63333333333333,402,402,0,1,1,446,192,10,10,434,440,88,11
2439,40.65,402,402,0,1,1,445,188,10,10,428,440,88,11
2440,40.666666666666664,402,402,0,1,1,444,184,10,10,434,440,88,11
2441,40.68333333333333,402,402,0,1,1,443,180,10,10,428,440,88,11
2442,40.7,402,402,0,1,1,442,176,10,10,428,440,88,11
2443,40.71666666666667,402,402,0,1,1,442,176,10,10,428,440,88,11
2444,40.733333333333334,402,402,0,1,1,441,173,10,10,428,440,88,11
2445,40.75,402,402,0,1,1,441,173,10,10,428,440,88,11
2446,40.766666666666666,402,402,0,1,1,439,181,10,10,422,440,88,11
2447,40.78333333333333,402,402,0,1,1,437,189,10,10,422,440,88,11
2448,40.8,402,402,0,1,1,436,193,10,10,422,440,88,11
2449,40.81666666666667,402,402,0,1,1,435,197,10,10,422,440,88,11
2450,40.833333333333336,402,402,0,1,1,434,201,10,10,422,440,88,11
2451,40.85,402,402,0,1,1,433,205,10,10,416,440,88,11
2452,40.86666666666667,402,402,0,1,1,432,209,10,10,422,440,88,11
2453,40.88333333333333,402,402,0,1,1,431,213,10,10,416,440,88,11
2454,40.9,402,402,0,1,1,431,213,10,10,416,440,88,11
2455,40.916666666666664,402,402,0,1,1,430,217,10,10,416,440,88,11
2456,40.93333333333333,402,402,0,1,1,428,225,10,10,416,440,88,11
2457,40.95,402,402,0,1,1,427,229,10,10,410,440,88,11
2458,40.96666666666667,402,402,0,1,1,426,233,10,10,416,440,88,11
2459,40.983333333333334,402,402,0,1,1,425,237,10,10,410,440,88,11
2460,41.0,402,402,0,1,1,424,241,10,10,410,440,88,11
2461,41.016666666666666,402,402,0,1,1,423,245,10,10,410,440,88,11
2462,41.03333333333333,402,402,0,1,1,422,249,10,10,410,440,88,11
2463,41.05,402,402,0,1,1,421,253,10,10,404,440,88,11
2464,41.06666666666667,402,402,0,1,1,420,257,10,10,410,440,88,11
2465,41.083333333333336,402,402,0,1,1,419,261,10,10,404,440,88,11
2466,41.1,402,402,0,1,1,418,265,10,10,404,440,88,11
2467,41.11666666666667,402,402,0,1,1,417,269,10,10,404,440,88,11
2468,41.13333333333333,402,402,0,1,1,416,273,10,10,404,440,88,11
2469,41.15,402,402,0,1,1,415,277,10,10,398,440,88,11
2470,41.166666666666664,402,402,0,1,1,414,281,10,10,404,440,88,11
2471,41.18333333333333,402,402,0,1,1,413,285,10,10,398,440,88,11
2472,41.2,402,402,0,1,1,412,289,10,10,398,440,88,11
2473,41.21666666666667,402,402,0,1,1,411,293,10,10,398,440,88,11
2474,41.233333333333334,402,402,0,1,1,410,297,10,10,398,440,88,11
2475,41.25,402,402,0,1,1,409,301,10,10,392,440,88,11
2476,41.266666666666666,402,402,0,1,1,408,305,10,10,398,440,88,11
2477,41.28333333333333,402,402,0,1,1,407,309,10,10,392,440,88,11
2478,41.3,402,402,0,1,1,406,313,10,10,392,440,88,11
2479,41.31666666666667,402,402,0,1,1,405,317,10,10,392,440,88,11
2480,41.333333333333336,402,402,0,1,1,404,321,10,10,386,440,88,11
2481,41.35,402,402,0,1,1,403,325,10,10,380,440,88,11
2482,41.36666666666667,402,402,0,1,1,402,329,10,10,374,440,88,11
2483,41.38333333333333,402,402,0,1,1,401,333,10,10,368,440,88,11
2484,41.4,402,402,0,1,1,400,337,10,10,362,440,88,11
2485,41.416666666666664,402,402,0,1,1,399,341,10,10,356,440,88,11
2486,41.43333333333333,402,402,0,1,1,398,345,10,10,350,440,88,11
2487,41.45,402,402,0,1,1,397,349,10,10,344,440,88,11
2488,41.46666666666667,402,402,0,1,1,396,353,10,10,338,440,88,11
2489,41.483333333333334,402,402,0,1,1,395,357,10,10,332,440,88,11
2490,41.5,402,402,0,1,1,394,361,10,10,332,440,88,11
2491,41.516666666666666,402,402,0,1,1,393,365,10,10,332,440,88,11
2492,41.53333333333333,402,402,0,1,1,392,369,10,10,332,440,88,11
2493,41.55,402,402,0,1,1,391,373,10,10,326,440,88,11
2494,41.56666666666667,402,402,0,1,1,390,377,10,10,332,440,88,11
2495,41.583333333333336,402,402,0,1,1,389,381,10,10,326,440,88,11
2496,41.6,402,402,0,1,1,388,385,10,10,326,440,88,11
2497,41.61666666666667,402,402,0,1,1,387,389,10,10,326,440,88,11
2498,41.63333333333333,402,402,0,1,1,386,393,10,10,326,440,88,11
2499,41.65,402,402,0,1,1,385,397,10,10,320,440,88,11
2500,41.666666666666664,402,402,0,1,1,384,401,10,10,326,440,88,11
2501,41.68333333333333,402,402,0,1,1,383,405,10,10,320,440,88,11
2502,41.7,402,402,0,1,1,382,409,10,10,320,440,88,11
2503,41.71666666666667,402,402,0,1,1,381,413,10,10,320,440,88,11
2504,41.733333333333334,402,402,0,1,1,380,417,10,10,320,440,88,11
2505,41.75,402,402,0,1,1,379,421,10,10,314,440,88,11
2506,41.766666666666666,402,402,0,1,1,378,425,10,10,320,440,88,11
2507,41.78333333333333,402,402,0,0,0,,,,,,,,
2508,41.8,402,402,0,1,1,379,425,10,10,314,440,88,11
2509,41.81666666666667,402,402,0,1,1,381,421,10,10,320,440,88,11
2510,41.833333333333336,402,402,0,1,1,383,417,10,10,320,440,88,11
2511,41.85,402,402,0,1,1,385,413,10,10,320,440,88,11
2512,41.86666666666667,402,402,0,1,1,387,409,10,10,326,440,88,11
2513,41.88333333333333,402,402,0,1,1,389,405,10,10,326,440,88,11
2514,41.9,402,402,0,1,1,391,401,10,10,326,440,88,11
2515,41.916666666666664,402,402,0,1,1,391,401,10,10,326,440,88,11
2516,41.93333333333333,402,402,0,1,1,393,397,10,10,332,440,88,11
2517,41.95,402,402,0,1,1,397,389,10,10,332,440,88,11
2518,41.96666666666667,402,402,0,1,1,399,385,10,10,338,440,88,11
2519,41.983333333333334,402,402,0,1,1,401,381,10,10,338,440,88,11
2520,42.0,402,402,0,1,1,403,377,10,10,338,440,88,11
2521,42.016666666666666,402,402,0,1,1,405,373,10,10,344,440,88,11
2522,42.03333333333333,402,402,0,1,1,407,369,10,10,344,440,88,11
2523,42.05,402,402,0,1,1,409,365,10,10,344,440,88,11
2524,42.06666666666667,402,402,0,1,1,411,361,10,10,350,440,88,11
2525,42.083333333333336,402,402,0,1,1,413,357,10,10,350,440,88,11
2526,42.1,402,402,0,1,1,415,353,10,10,350,440,88,11
2527,42.11666666666667,402,402,0,1,1,417,349,10,10,356,440,88,11
2528,42.13333333333333,402,402,0,1,1,419,345,10,10,356,440,88,11
2529,42.15,402,402,0,1,1,421,341,10,10,356,440,88,11
2530,42.166666666666664,402,402,0,1,1,423,337,10,10,362,440,88,11
2531,42.18333333333333,402,402,0,1,1,425,333,10,10,362,440,88,11
2532,42.2,402,402,0,1,1,427,329,10,10,362,440,88,11
2533,42.21666666666667,402,402,0,1,1,431,321,10,10,368,440,88,11
2534,42.233333333333334,402,402,0,1,1,431,321,10,10,368,440,88,11
2535,42.25,402,402,0,1,1,433,317,10,10,368,440,88,11
2536,42.266666666666666,402,402,0,1,1,435,313,10,10,374,440,88,11
2537,42.28333333333333,402,402,0,1,1,437,309,10,10,374,440,88,11
2538,42.3,402,402,0,1,1,439,305,10,10,374,440,88,11
2539,42.31666666666667,402,402,0,1,1,441,301,10,10,380,440,88,11
2540,42.333333333333336,402,402,0,1,1,443,297,10,10,380,440,88,11
2541,42.35,402,402,0,1,1,445,293,10,10,380,440,88,11
2542,42.36666666666667,402,402,0,1,1,447,289,10,10,386,440,88,11
2543,42.38333333333333,402,402,0,1,1,451,281,10,10,386,440,88,11
2544,42.4,402,402,0,1,1,453,277,10,10,392,440,88,11
2545,42.416666666666664,402,402,0,1,1,455,273,10,10,392,440,88,11
2546,42.43333333333333,402,402,0,1,1,457,269,10,10,392,440,88,11
2547,42.45,402,402,0,1,1,459,265,10,10,398,440,88,11
2548,42.46666666666667,402,402,0,1,1,461,261,10,10,398,440,88,11
2549,42.483333333333334,402,402,0,1,1,463,257,10,10,398,440,88,11
2550,42.5,402,402,0,1,1,465,253,10,10,404,440,88,11
2551,42.516666666666666,402,402,0,1,1,467,249,10,10,404,440,88,11
2552,42.53333333333333,402,402,0,1,1,469,245,10,10,404,440,88,11
2553,42.55,402,402,0,1,1,471,241,10,10,410,440,88,11
2554,42.56666666666667,402,402,0,1,1,473,237,10,10,410,440,88,11
2555,42.583333333333336,402,402,0,1,1,475,233,10,10,410,440,88,11
2556,42.6,402,402,0,1,1,477,229,10,10,416,440,88,11
2557,42.61666666666667,402,402,0,1,1,479,225,10,10,416,440,88,11
2558,42.63333333333333,402,402,0,1,1,481,221,10,10,416,440,88,11
2559,42.65,402,402,0,1,1,483,217,10,10,422,440,88,11
2560,42.666666666666664,402,402,0,1,1,485,213,10,10,422,440,88,11
2561,42.68333333333333,402,402,0,1,1,487,209,10,10,422,440,88,11
2562,42.7,402,402,0,1,1,489,205,10,10,428,440,88,11
2563,42.71666666666667,402,402,0,1,1,491,201,10,10,428,440,88,11
2564,42.733333333333334,402,402,0,1,1,493,197,10,10,428,440,88,11
2565,42.75,402,402,0,1,1,495,193,10,10,434,440,88,11
2566,42.766666666666666,402,402,0,1,1,497,189,10,10,434,440,88,11
2567,42.78333333333333,402,402,0,1,1,499,185,10,10,434,440,88,11
2568,42.8,402,402,0,1,1,501,181,10,10,440,440,88,11
2569,42.81666666666667,402,402,0,1,1,503,177,10,10,440,440,88,11
2570,42.833333333333336,402,402,0,1,1,505,173,10,10,440,440,88,11
2571,42.85,402,402,0,1,1,507,169,10,10,446,440,88,11
2572,42.86666666666667,402,402,0,1,1,509,165,10,10,446,440,88,11
2573,42.88333333333333,402,402,0,1,1,511,161,10,10,446,440,88,11
2574,42.9,402,402,0,1,1,513,157,10,10,452,440,88,11
2575,42.916666666666664,402,402,0,1,1,515,153,10,10,452,440,88,11
2576,42.93333333333333,402,402,0,1,1,515,153,10,10,452,440,88,11
2577,42.95,402,402,0,1,1,517,149,10,10,452,440,88,11
2578,42.96666666666667,402,402,0,1,1,521,141,10,10,458,440,88,11
2579,42.983333333333334,402,402,0,1,1,523,137,10,10,458,440,88,11
2580,43.0,402,402,0,1,1,525,133,10,10,464,440,88,11
2581,43.016666666666666,402,402,0,1,1,527,129,10,10,464,440,88,11
2582,43.03333333333333,402,402,0,1,1,529,125,10,10,464,440,88,11
2583,43.05,402,402,0,1,1,531,121,10,10,470,440,88,11
2584,43.06666666666667,402,402,0,1,1,531,121,10,10,470,440,88,11
2585,43.083333333333336,402,402,0,1,1,533,124,10,10,470,440,88,11
2586,43.1,402,402,0,1,1,533,124,10,10,470,440,88,11
2587,43.11666666666667,402,402,0,1,1,533,124,10,10,470,440,88,11
2588,43.13333333333333,402,402,0,1,1,537,132,10,10,476,440,88,11
2589,43.15,402,402,0,1,1,541,140,10,10,476,440,88,11
2590,43.166666666666664,402,402,0,1,1,543,144,10,10,482,440,88,11
2591,43.18333333333333,402,402,0,1,1,545,148,10,10,482,440,88,11
2592,43.2,402,402,0,1,1,547,152,10,10,482,440,88,11
2593,43.21666666666667,402,402,0,1,1,549,156,10,10,488,440,88,11
2594,43.233333333333334,402,402,0,1,1,551,160,10,10,488,440,88,11
2595,43.25,402,402,0,1,1,553,164,10,10,488,440,88,11
2596,43.266666666666666,402,402,0,1,1,555,168,10,10,494,440,88,11
2597,43.28333333333333,402,402,0,1,1,557,172,10,10,494,440,88,11
2598,43.3,402,402,0,1,1,559,176,10,10,494,440,88,11
2599,43.31666666666667,402,402,0,1,1,561,180,10,10,500,440,88,11
2600,43.333333333333336,402,402,0,1,1,563,184,10,10,500,440,88,11
2601,43.35,402,402,0,1,1,565,188,10,10,500,440,88,11
2602,43.36666666666667,402,402,0,1,1,567,192,10,10,506,440,88,11
2603,43.38333333333333,402,402,0,1,1,569,196,10,10,506,440,88,11
2604,43.4,402,402,0,1,1,571,200,10,10,506,440,88,11
2605,43.416666666666664,402,402,0,1,1,573,204,10,10,512,440,88,11
2606,43.43333333333333,402,402,0,1,1,575,208,10,10,512,440,88,11
2607,43.45,402,402,0,1,1,577,212,10,10,512,440,88,11
2608,43.46666666666667,402,402,0,1,1,579,216,10,10,518,440,88,11
2609,43.483333333333334,402,402,0,1,1,581,220,10,10,518,440,88,11
2610,43.5,402,402,0,1,1,583,224,10,10,518,440,88,11
2611,43.516666666666666,402,402,0,1,1,585,228,10,10,524,440,88,11
2612,43.53333333333333,402,402,0,1,1,587,232,10,10,524,440,88,11
2613,43.55,402,402,0,1,1,589,236,10,10,524,440,88,11
2614,43.56666666666667,402,402,0,1,1,591,240,10,10,530,440,88,11
2615,43.583333333333336,402,402,0,1,1,593,244,10,10,530,440,88,11
2616,43.6,402,402,0,1,1,595,248,10,10,530,440,88,11
2617,43.61666666666667,402,402,0,1,1,597,252,10,10,536,440,88,11
2618,43.63333333333333,402,402,0,1,1,599,256,10,10,536,440,88,11
2619,43.65,402,402,0,1,1,601,260,10,10,536,440,88,11
2620,43.666666666666664,402,402,0,1,1,603,264,10,10,536,440,88,11
2621,43.68333333333333,402,402,0,1,1,605,268,10,10,536,440,88,11
2622,43.7,402,402,0,1,1,607,272,10,10,536,440,88,11
2623,43.71666666666667,402,402,0,1,1,609,276,10,10,536,440,88,11
2624,43.733333333333334,402,402,0,1,1,611,280,10,10,536,440,88,11
2625,43.75,402,402,0,1,1,613,284,10,10,536,440,88,11
2626,43.766666666666666,402,402,0,1,1,613,288,10,10,536,440,88,11
2627,43.78333333333333,402,402,0,1,1,611,292,10,10,536,440,88,11
2628,43.8,402,402,0,1,1,609,296,10,10,536,440,88,11
2629,43.81666666666667,402,402,0,1,1,607,300,10,10,536,440,88,11
2630,43.833333333333336,402,402,0,1,1,605,304,10,10,536,440,88,11
2631,43.85,402,402,0,1,1,603,308,10,10,536,440,88,11
2632,43.86666666666667,402,402,0,1,1,601,312,10,10,536,440,88,11
2633,43.88333333333333,402,402,0,1,1,599,316,10,10,536,440,88,11
2634,43.9,402,402,0,1,1,597,320,10,10,536,440,88,11
2635,43.916666666666664,402,402,0,1,1,595,324,10,10,536,440,88,11
2636,43.93333333333333,402,402,0,1,1,593,328,10,10,530,440,88,11
2637,43.95,402,402,0,1,1,591,332,10,10,530,440,88,11
2638,43.96666666666667,402,402,0,1,1,589,336,10,10,530,440,88,11
2639,43.983333333333334,402,402,0,1,1,587,340,10,10,524,440,88,11
2640,44.0,402,402,0,1,1,585,344,10,10,524,440,88,11
2641,44.016666666666666,402,402,0,1,1,583,348,10,10,524,440,88,11
2642,44.03333333333333,402,402,0,1,1,581,352,10,10,518,440,88,11
2643,44.05,402,402,0,1,1,579,356,10,10,518,440,88,11
2644,44.06666666666667,402,402,0,1,1,577,360,10,10,518,440,88,11
2645,44.083333333333336,402,402,0,1,1,575,364,10,10,512,440,88,11
2646,44.1,402,402,0,1,1,573,368,10,10,512,440,88,11
2647,44.11666666666667,402,402,0,1,1,571,372,10,10,512,440,88,11
2648,44.13333333333333,402,402,0,1,1,569,376,10,10,506,440,88,11
2649,44.15,402,402,0,1,1,567,380,10,10,506,440,88,11
2650,44.166666666666664,402,402,0,1,1,565,384,10,10,506,440,88,11
2651,44.18333333333333,402,402,0,1,1,563,388,10,10,500,440,88,11
2652,44.2,402,402,0,1,1,561,392,10,10,500,440,88,11
2653,44.21666666666667,402,402,0,1,1,559,396,10,10,500,440,88,11
2654,44.233333333333334,402,402,0,1,1,557,400,10,10,494,440,88,11
2655,44.25,402,402,0,1,1,555,404,10,10,494,440,88,11
2656,44.266666666666666,402,402,0,1,1,553,408,10,10,494,440,88,11
2657,44.28333333333333,402,402,0,1,1,551,412,10,10,488,440,88,11
2658,44.3,402,402,0,1,1,549,416,10,10,488,440,88,11
2659,44.31666666666667,402,402,0,1,1,547,420,10,10,488,440,88,11
2660,44.333333333333336,402,402,0,1,1,543,428,10,10,482,440,88,11
2661,44.35,402,402,0,1,1,543,426,10,10,482,440,88,11
2662,44.36666666666667,402,402,0,1,1,544,422,10,10,482,440,88,11
2663,44.38333333333333,402,402,0,1,1,544,422,10,10,482,440,88,11
2664,44.4,402,402,0,1,1,546,414,10,10,482,440,88,11
2665,44.416666666666664,402,402,0,1,1,547,410,10,10,482,440,88,11
2666,44.43333333333333,402,402,0,1,1,548,406,10,10,488,440,88,11
2667,44.45,402,402,0,1,1,549,402,10,10,482,440,88,11
2668,44.46666666666667,402,402,0,1,1,550,398,10,10,488,440,88,11
2669,44.483333333333334,402,402,0,1,1,550,398,10,10,488,440,88,11
2670,44.5,402,402,0,1,1,551,394,10,10,488,440,88,11
2671,44.516666666666666,402,402,0,1,1,553,386,10,10,488,440,88,11
2672,44.53333333333333,402,402,0,1,1,554,382,10,10,494,440,88,11
2673,44.55,402,402,0,1,1,555,378,10,10,488,440,88,11
2674,44.56666666666667,402,402,0,1,1,556,374,10,10,494,440,88,11
2675,44.583333333333336,402,402,0,1,1,557,370,10,10,494,440,88,11
2676,44.6,402,402,0,1,1,558,366,10,10,494,440,88,11
2677,44.61666666666667,402,402,0,1,1,559,362,10,10,494,440,88,11
2678,44.63333333333333,402,402,0,1,1,560,358,10,10,500,440,88,11
2679,44.65,402,402,0,1,1,561,354,10,10,494,440,88,11
2680,44.666666666666664,402,402,0,1,1,562,350,10,10,500,440,88,11
2681,44.68333333333333,402,402,0,1,1,563,346,10,10,500,440,88,11
2682,44.7,402,402,0,1,1,564,342,10,10,500,440,88,11
2683,44.71666666666667,402,402,0,1,1,565,338,10,10,500,440,88,11
2684,44.733333333333334,402,402,0,1,1,566,334,10,10,506,440,88,11
2685,44.75,402,402,0,1,1,567,330,10,10,500,440,88,11
2686,44.766666666666666,402,402,0,1,1,568,326,10,10,506,440,88,11
2687,44.78333333333333,402,402,0,1,1,569,322,10,10,506,440,88,11
2688,44.8,402,402,0,1,1,570,318,10,10,506,440,88,11
2689,44.81666666666667,402,402,0,1,1,571,314,10,10,506,440,88,11
2690,44.833333333333336,402,402,0,1,1,572,310,10,10,512,440,88,11
2691,44.85,402,402,0,1,1,573,306,10,10,506,440,88,11
2692,44.86666666666667,402,402,0,1,1,574,302,10,10,512,440,88,11
2693,44.88333333333333,402,402,0,1,1,575,298,10,10,512,440,88,11
2694,44.9,402,402,0,1,1,576,294,10,10,512,440,88,11
2695,44.916666666666664,402,402,0,1,1,577,290,10,10,512,440,88,11
2696,44.93333333333333,402,402,0,1,1,578,286,10,10,518,440,88,11
2697,44.95,402,402,0,1,1,579,282,10,10,512,440,88,11
2698,44.96666666666667,402,402,0,1,1,580,278,10,10,518,440,88,11
2699,44.983333333333334,402,402,0,1,1,580,278,10,10,518,440,88,11
2700,45.0,402,402,0,1,1,581,274,10,10,518,440,88,11
2701,45.016666666666666,402,402,0,1,1,583,266,10,10,518,440,88,11
2702,45.03333333333333,402,402,0,1,1,584,262,10,10,524,440,88,11
2703,45.05,402,402,0,1,1,585,258,10,10,518,440,88,11
2704,45.06666666666667,402,402,0,1,1,586,254,10,10,524,440,88,11
2705,45.083333333333336,402,402,0,1,1,587,250,10,10,524,440,88,11
2706,45.1,402,402,0,1,1,588,246,10,10,524,440,88,11
2707,45.11666666666667,402,402,0,1,1,589,242,10,10,524,440,88,11
2708,45.13333333333333,402,402,0,1,1,590,238,10,10,530,440,88,11
2709,45.15,402,402,0,1,1,591,234,10,10,524,440,88,11
2710,45.166666666666664,402,402,0,1,1,592,230,10,10,530,440,88,11
2711,45.18333333333333,402,402,0,1,1,593,226,10,10,530,440,88,11
2712,45.2,402,402,0,1,1,594,222,10,10,530,440,88,11
2713,45.21666666666667,402,402,0,1,1,595,218,10,10,530,440,88,11
2714,45.233333333333334,402,402,0,1,1,596,214,10,10,536,440,88,11
2715,45.25,402,402,0,1,1,597,210,10,10,530,440,88,11
2716,45.266666666666666,402,402,0,1,1,598,206,10,10,536,440,88,11
2717,45.28333333333333,402,402,0,1,1,599,202,10,10,536,440,88,11
2718,45.3,402,402,0,1,1,600,198,10,10,536,440,88,11
2719,45.31666666666667,402,402,0,1,1,601,194,10,10,536,440,88,11
2720,45.333333333333336,402,402,0,1,1,602,190,10,10,536,440,88,11
2721,45.35,402,402,0,1,1,603,186,10,10,536,440,88,11
2722,45.36666666666667,402,402,0,1,1,604,182,10,10,536,440,88,11
2723,45.38333333333333,402,402,0,1,1,605,178,10,10,536,440,88,11
2724,45.4,402,402,0,1,1,606,174,10,10,536,440,88,11
2725,45.416666666666664,402,402,0,1,1,607,170,10,10,536,440,88,11
2726,45.43333333333333,402,402,0,1,1,608,166,10,10,536,440,88,11
2727,45.45,402,402,0,1,1,609,162,10,10,536,440,88,11
2728,45.46666666666667,402,402,0,1,1,610,158,10,10,536,440,88,11
2729,45.483333333333334,402,402,0,1,1,611,154,10,10,536,440,88,11
2730,45.5,402,402,0,1,1,612,150,10,10,536,440,88,11
2731,45.516666666666666,402,402,0,1,1,613,146,10,10,536,440,88,11
2732,45.53333333333333,402,402,0,1,1,614,142,10,10,536,440,88,11
2733,45.55,402,402,0,1,1,613,138,10,10,536,440,88,11
2734,45.56666666666667,402,402,0,1,1,612,134,10,10,536,440,88,11
2735,45.583333333333336,402,402,0,1,1,611,130,10,10,536,440,88,11
2736,45.6,402,402,0,1,1,610,126,10,10,536,440,88,11
2737,45.61666666666667,402,402,0,1,1,609,122,10,10,536,440,88,11
2738,45.63333333333333,402,402,0,1,1,608,118,10,10,536,440,88,11
2739,45.65,402,402,0,1,1,607,114,10,10,536,440,88,11
2740,45.666666666666664,402,402,0,1,1,606,110,10,10,536,440,88,11
2741,45.68333333333333,402,402,0,1,1,605,106,10,10,536,440,88,11
2742,45.7,402,402,0,1,1,604,102,10,10,536,440,88,11
2743,45.71666666666667,402,402,0,1,1,603,98,10,10,536,440,88,11
2744,45.733333333333334,402,402,0,1,1,602,94,10,10,536,440,88,11
2745,45.75,402,402,0,1,1,601,90,10,10,536,440,88,11
2746,45.766666666666666,402,402,0,1,1,600,86,10,10,536,440,88,11
2747,45.78333333333333,402,402,0,1,1,599,82,10,10,536,440,88,11
2748,45.8,402,402,0,1,1,598,78,10,10,536,440,88,11
2749,45.81666666666667,402,402,0,1,1,597,74,10,10,536,440,88,11
2750,45.833333333333336,402,402,0,1,1,596,70,10,10,536,440,88,11
2751,45.85,402,402,0,1,1,596,70,10,10,536,440,88,11
2752,45.86666666666667,402,402,0,1,1,596,66,10,10,536,440,88,11
2753,45.88333333333333,402,402,0,1,1,596,66,10,10,536,440,88,11
2754,45.9,402,402,0,1,1,598,58,10,10,536,440,88,11
2755,45.916666666666664,402,402,0,1,1,600,50,10,10,536,440,88,11
2756,45.93333333333333,402,402,0,1,1,601,52,10,9,536,440,88,11
2757,45.95,402,402,0,1,1,602,56,10,9,536,440,88,11
2758,45.96666666666667,402,402,0,1,1,603,60,10,9,536,440,88,11
2759,45.983333333333334,402,402,0,1,1,604,64,10,9,536,440,88,11
2760,46.0,402,402,0,1,1,604,64,10,9,536,440,88,11
2761,46.016666666666666,402,402,0,1,1,605,68,10,9,536,440,88,11
2762,46.03333333333333,402,402,0,1,1,607,76,10,9,536,440,88,11
2763,46.05,402,402,0,1,1,608,80,10,9,536,440,88,11
2764,46.06666666666667,402,402,0,1,1,609,84,10,9,536,440,88,11
2765,46.083333333333336,402,402,0,1,1,610,88,10,9,536,440,88,11
2766,46.1,402,402,0,1,1,611,92,10,9,536,440,88,11
2767,46.11666666666667,402,402,0,1,1,612,96,10,9,536,440,88,11
2768,46.13333333333333,402,402,0,1,1,613,100,10,9,536,440,88,11
2769,46.15,402,402,0,1,1,613,104,10,9,536,440,88,11
2770,46.166666666666664,402,402,0,1,1,612,108,10,9,536,440,88,11
2771,46.18333333333333,402,402,0,1,1,611,112,10,9,536,440,88,11
2772,46.2,402,402,0,1,1,610,116,10,9,536,440,88,11
2773,46.21666666666667,402,402,0,1,1,609,120,10,9,536,440,88,11
2774,46.233333333333334,402,402,0,1,1,608,124,10,9,536,440,88,11
2775,46.25,402,402,0,1,1,607,128,10,9,536,440,88,11
2776,46.266666666666666,402,402,0,1,1,606,132,10,9,536,440,88,11
2777,46.28333333333333,402,402,0,1,1,605,136,10,9,536,440,88,11
2778,46.3,402,402,0,1,1,604,140,10,9,536,440,88,11
2779,46.31666666666667,402,402,0,1,1,603,144,10,9,536,440,88,11
2780,46.333333333333336,402,402,0,1,1,602,148,10,9,536,440,88,11
2781,46.35,402,402,0,1,1,601,152,10,9,536,440,88,11
2782,46.36666666666667,402,402,0,1,1,600,156,10,9,536,440,88,11
2783,46.38333333333333,402,402,0,1,1,599,160,10,9,536,440,88,11
2784,46.4,402,402,0,1,1,598,164,10,9,536,440,88,11
2785,46.416666666666664,402,402,0,1,1,597,168,10,9,536,440,88,11
2786,46.43333333333333,402,402,0,1,1,596,172,10,9,536,440,88,11
2787,46.45,402,402,0,1,1,595,176,10,9,536,440,88,11
2788,46.46666666666667,402,402,0,1,1,594,180,10,9,536,440,88,11
2789,46.483333333333334,402,402,0,1,1,593,184,10,9,536,440,88,11
2790,46.5,402,402,0,1,1,592,188,10,9,536,440,88,11
2791,46.516666666666666,402,402,0,1,1,591,192,10,9,536,440,88,11
2792,46.53333333333333,402,402,0,1,1,590,196,10,9,536,440,88,11
2793,46.55,402,402,0,1,1,589,200,10,9,536,440,88,11
2794,46.56666666666667,402,402,0,1,1,588,204,10,9,536,440,88,11
2795,46.583333333333336,402,402,0,1,1,587,208,10,9,536,440,88,11
2796,46.6,402,402,0,1,1,586,212,10,9,536,440,88,11
2797,46.61666666666667,402,402,0,1,1,585,216,10,9,536,440,88,11
2798,46.63333333333333,402,402,0,1,1,584,220,10,9,536,440,88,11
2799,46.65,402,402,0,1,1,583,224,10,9,536,440,88,11
2800,46.666666666666664,402,402,0,1,1,582,228,10,9,536,440,88,11
2801,46.68333333333333,402,402,0,1,1,581,232,10,9,536,440,88,11
2802,46.7,402,402,0,1,1,580,236,10,9,536,440,88,11
2803,46.71666666666667,402,402,0,1,1,579,240,10,9,536,440,88,11
2804,46.733333333333334,402,402,0,1,1,578,244,10,9,536,440,88,11
2805,46.75,402,402,0,1,1,577,248,10,9,536,440,88,11
2806,46.766666666666666,402,402,0,1,1,576,252,10,9,536,440,88,11
2807,46.78333333333333,402,402,0,1,1,575,256,10,9,536,440,88,11
2808,46.8,402,402,0,1,1,574,260,10,9,536,440,88,11
2809,46.81666666666667,402,402,0,1,1,573,264,10,9,536,440,88,11
2810,46.833333333333336,402,402,0,1,1,572,268,10,9,536,440,88,11
2811,46.85,402,402,0,1,1,571,272,10,9,530,440,88,11
2812,46.86666666666667,402,402,0,1,1,570,276,10,9,536,440,88,11
2813,46.88333333333333,402,402,0,1,1,569,280,10,9,530,440,88,11
2814,46.9,402,402,0,1,1,568,284,10,9,530,440,88,11
2815,46.916666666666664,402,402,0,1,1,567,288,10,9,530,440,88,11
2816,46.93333333333333,402,402,0,1,1,566,292,10,9,530,440,88,11
2817,46.95,402,402,0,1,1,565,296,10,9,524,440,88,11
2818,46.96666666666667,402,402,0,1,1,564,300,10,9,530,440,88,11
2819,46.983333333333334,402,402,0,1,1,563,304,10,9,524,440,88,11
2820,47.0,402,402,0,1,1,562,308,10,9,524,440,88,11
2821,47.016666666666666,402,402,0,1,1,562,308,10,9,524,440,88,11
2822,47.03333333333333,402,402,0,1,1,561,312,10,9,524,440,88,11
2823,47.05,402,402,0,1,1,559,320,10,9,518,440,88,11
2824,47.06666666666667,402,402,0,1,1,558,324,10,9,524,440,88,11
2825,47.083333333333336,402,402,0,1,1,557,328,10,9,518,440,88,11
2826,47.1,402,402,0,1,1,556,332,10,9,518,440,88,11
2827,47.11666666666667,402,402,0,1,1,555,336,10,9,518,440,88,11
2828,47.13333333333333,402,402,0,1,1,554,340,10,9,518,440,88,11
2829,47.15,402,402,0,1,1,553,344,10,9,512,440,88,11
2830,47.166666666666664,402,402,0,1,1,552,348,10,9,518,440,88,11
2831,47.18333333333333,402,402,0,1,1,551,352,10,9,512,440,88,11
2832,47.2,402,402,0,1,1,550,356,10,9,512,440,88,11
2833,47.21666666666667,402,402,0,1,1,549,360,10,9,512,440,88,11
2834,47.233333333333334,402,402,0,1,1,548,364,10,9,512,440,88,11
2835,47.25,402,402,0,1,1,547,368,10,9,506,440,88,11
2836,47.266666666666666,402,402,0,1,1,546,372,10,9,512,440,88,11
2837,47.28333333333333,402,402,0,1,1,545,376,10,9,506,440,88,11
2838,47.3,402,402,0,1,1,544,380,10,9,506,440,88,11
2839,47.31666666666667,402,402,0,1,1,543,384,10,9,506,440,88,11
2840,47.333333333333336,402,402,0,1,1,542,388,10,9,506,440,88,11
2841,47.35,402,402,0,1,1,541,392,10,9,500,440,88,11
2842,47.36666666666667,402,402,0,1,1,540,396,10,9,506,440,88,11
2843,47.38333333333333,402,402,0,1,1,539,400,10,9,500,440,88,11
2844,47.4,402,402,0,1,1,538,404,10,9,500,440,88,11
2845,47.416666666666664,402,402,0,1,1,537,408,10,9,500,440,88,11
2846,47.43333333333333,402,402,0,1,1,536,412,10,9,500,440,88,11
2847,47.45,402,402,0,1,1,535,416,10,9,494,440,88,11
2848,47.46666666666667,402,402,0,1,1,534,420,10,9,500,440,88,11
2849,47.483333333333334,402,402,0,1,1,533,424,10,9,494,440,88,11
2850,47.5,402,402,0,1,1,532,428,10,9,494,440,88,11
2851,47.516666666666666,402,402,0,1,1,531,428,10,9,494,440,88,11
2852,47.53333333333333,402,402,0,1,1,530,424,10,9,494,440,88,11
2853,47.55,402,402,0,1,1,529,420,10,9,488,440,88,11
2854,47.56666666666667,402,402,0,1,1,528,416,10,9,494,440,88,11
2855,47.583333333333336,402,402,0,1,1,527,412,10,9,488,440,88,11
2856,47.6,402,402,0,1,1,526,408,10,9,488,440,88,11
2857,47.61666666666667,402,402,0,1,1,525,404,10,9,488,440,88,11
2858,47.63333333333333,402,402,0,1,1,524,400,10,9,488,440,88,11
2859,47.65,402,402,0,1,1,522,392,10,9,488,440,88,11
2860,47.666666666666664,402,402,0,1,1,521,388,10,9,482,440,88,11
2861,47.68333333333333,402,402,0,1,1,520,384,10,9,482,440,88,11
2862,47.7,402,402,0,1,1,519,380,10,9,482,440,88,11
2863,47.71666666666667,402,402,0,1,1,519,380,10,9,482,440,88,11
2864,47.733333333333334,402,402,0,1,1,518,376,10,9,482,440,88,11
2865,47.75,402,402,0,1,1,517,372,10,9,476,440,88,11
2866,47.766666666666666,402,402,0,1,1,516,368,10,9,482,440,88,11
2867,47.78333333333333,402,402,0,1,1,515,364,10,9,476,440,88,11
2868,47.8,402,402,0,1,1,514,360,10,9,476,440,88,11
2869,47.81666666666667,402,402,0,1,1,513,356,10,9,476,440,88,11
2870,47.833333333333336,402,402,0,1,1,512,352,10,9,476,440,88,11
2871,47.85,402,402,0,1,1,511,348,10,9,470,440,88,11
2872,47.86666666666667,402,402,0,1,1,510,344,10,9,476,440,88,11
2873,47.88333333333333,402,402,0,1,1,509,340,10,9,470,440,88,11
2874,47.9,402,402,0,1,1,508,336,10,9,470,440,88,11
2875,47.916666666666664,402,402,0,1,1,507,332,10,9,470,440,88,11
2876,47.93333333333333,402,402,0,1,1,506,328,10,9,470,440,88,11
2877,47.95,402,402,0,1,1,505,324,10,9,464,440,88,11
2878,47.96666666666667,402,402,0,1,1,504,320,10,9,470,440,88,11
2879,47.983333333333334,402,402,0,1,1,503,316,10,9,464,440,88,11
2880,48.0,402,402,0,1,1,502,312,10,9,464,440,88,11
2881,48.016666666666666,402,402,0,1,1,501,308,10,9,464,440,88,11
2882,48.03333333333333,402,402,0,1,1,500,304,10,9,464,440,88,11
2883,48.05,402,402,0,1,1,499,300,10,9,458,440,88,11
2884,48.06666666666667,402,402,0,1,1,498,296,10,9,464,440,88,11
2885,48.083333333333336,402,402,0,1,1,497,292,10,9,458,440,88,11
2886,48.1,402,402,0,1,1,496,288,10,9,458,440,88,11
2887,48.11666666666667,402,402,0,1,1,495,284,10,9,458,440,88,11
2888,48.13333333333333,402,402,0,1,1,494,280,10,9,458,440,88,11
2889,48.15,402,402,0,1,1,493,276,10,9,452,440,88,11
2890,48.166666666666664,402,402,0,1,1,492,272,10,9,458,440,88,11
2891,48.18333333333333,402,402,0,1,1,491,268,10,9,452,440,88,11
2892,48.2,402,402,0,1,1,490,264,10,9,452,440,88,11
2893,48.21666666666667,402,402,0,1,1,489,260,10,9,452,440,88,11
2894,48.233333333333334,402,402,0,1,1,488,256,10,9,452,440,88,11
2895,48.25,402,402,0,1,1,487,252,10,9,446,440,88,11
2896,48.266666666666666,402,402,0,1,1,486,248,10,9,452,440,88,11
2897,48.28333333333333,402,402,0,1,1,485,244,10,9,446,440,88,11
2898,48.3,402,402,0,1,1,484,240,10,9,446,440,88,11
2899,48.31666666666667,402,402,0,1,1,483,236,10,9,446,440,88,11
2900,48.333333333333336,402,402,0,1,1,482,232,10,9,446,440,88,11
2901,48.35,402,402,0,1,1,481,228,10,9,440,440,88,11
2902,48.36666666666667,402,402,0,1,1,480,224,10,9,446,440,88,11
2903,48.38333333333333,402,402,0,1,1,479,220,10,9,440,440,88,11
2904,48.4,402,402,0,1,1,478,216,10,9,440,440,88,11
2905,48.416666666666664,402,402,0,1,1,477,212,10,9,440,440,88,11
2906,48.43333333333333,402,402,0,1,1,476,208,10,9,440,440,88,11
2907,48.45,402,402,0,1,1,475,204,10,9,434,440,88,11
2908,48.46666666666667,402,402,0,1,1,474,200,10,9,440,440,88,11
2909,48.483333333333334,402,402,0,1,1,473,196,10,9,434,440,88,11
2910,48.5,402,402,0,1,1,472,192,10,9,434,440,88,11
2911,48.516666666666666,402,402,0,1,1,471,188,10,9,434,440,88,11
2912,48.53333333333333,402,402,0,1,1,470,184,10,9,434,440,88,11
2913,48.55,402,402,0,1,1,469,180,10,9,428,440,88,11
2914,48.56666666666667,402,402,0,1,1,468,176,10,9,434,440,88,11
2915,48.583333333333336,402,402,0,1,1,467,172,10,9,428,440,88,11
2916,48.6,402,402,0,1,1,466,168,10,9,428,440,88,11
2917,48.61666666666667,402,402,0,1,1,465,164,10,9,428,440,88,11
2918,48.63333333333333,402,402,0,1,1,464,160,10,9,428,440,88,11
2919,48.65,402,402,0,1,1,463,156,10,9,422,440,88,11
2920,48.666666666666664,402,402,0,1,1,462,152,10,9,428,440,88,11
2921,48.68333333333333,402,402,0,1,1,461,148,10,9,422,440,88,11
2922,48.7,402,402,0,1,1,460,144,10,9,422,440,88,11
2923,48.71666666666667,402,402,0,1,1,459,140,10,9,422,440,88,11
2924,48.733333333333334,402,402,0,1,1,458,136,10,9,422,440,88,11
2925,48.75,402,402,0,1,1,457,132,10,9,416,440,88,11
2926,48.766666666666666,402,402,0,1,1,456,128,10,9,422,440,88,11
2927,48.78333333333333,402,402,0,1,1,456,128,10,9,422,440,88,11
2928,48.8,402,402,0,1,1,456,124,10,9,416,440,88,11
2929,48.81666666666667,402,402,0,1,1,456,124,10,9,416,440,88,11
2930,48.833333333333336,402,402,0,1,1,458,116,10,9,422,440,88,11
2931,48.85,402,402,0,1,1,460,108,10,9,422,440,88,11
2932,48.86666666666667,402,402,0,1,1,461,104,10,9,422,440,88,11
2933,48.88333333333333,402,402,0,1,1,462,100,10,9,422,440,88,11
2934,48.9,402,402,0,1,1,463,96,10,9,422,440,88,11
2935,48.916666666666664,402,402,0,1,1,463,96,10,9,422,440,88,11
2936,48.93333333333333,402,402,0,1,1,464,98,10,10,428,440,88,11
2937,48.95,402,402,0,1,1,464,98,10,10,428,440,88,11
2938,48.96666666666667,402,402,0,1,1,466,106,10,10,428,440,88,11
2939,48.983333333333334,402,402,0,1,1,468,114,10,10,428,440,88,11
2940,49.0,402,402,0,1,1,469,118,10,10,428,440,88,11
2941,49.016666666666666,402,402,0,1,1,470,122,10,10,434,440,88,11
2942,49.03333333333333,402,402,0,1,1,471,126,10,10,428,440,88,11
2943,49.05,402,402,0,1,1,472,130,10,10,434,440,88,11
2944,49.06666666666667,402,402,0,1,1,473,134,10,10,434,440,88,11
2945,49.083333333333336,402,402,0,1,1,473,134,10,10,434,440,88,11
2946,49.1,402,402,0,1,1,474,138,10,10,434,440,88,11
2947,49.11666666666667,402,402,0,1,1,476,146,10,10,440,440,88,11
2948,49.13333333333333,402,402,0,1,1,477,150,10,10,434,440,88,11
2949,49.15,402,402,0,1,1,478,154,10,10,440,440,88,11
2950,49.166666666666664,402,402,0,1,1,479,158,10,10,440,440,88,11
2951,49.18333333333333,402,402,0,1,1,480,162,10,10,440,440,88,11
2952,49.2,402,402,0,1,1,481,166,10,10,440,440,88,11
2953,49.21666666666667,402,402,0,1,1,482,170,10,10,446,440,88,11
2954,49.233333333333334,402,402,0,1,1,483,174,10,10,440,440,88,11
2955,49.25,402,402,0,1,1,484,178,10,10,446,440,88,11
2956,49.266666666666666,402,402,0,1,1,485,182,10,10,446,440,88,11
2957,49.28333333333333,402,402,0,1,1,486,186,10,10,446,440,88,11
2958,49.3,402,402,0,1,1,487,190,10,10,446,440,88,11
2959,49.31666666666667,402,402,0,1,1,488,194,10,10,452,440,88,11
2960,49.333333333333336,402,402,0,1,1,489,198,10,10,458,440,88,11
2961,49.35,402,402,0,1,1,490,202,10,10,464,440,88,11
2962,49.36666666666667,402,402,0,1,1,491,206,10,10,470,440,88,11
2963,49.38333333333333,402,402,0,1,1,492,210,10,10,476,440,88,11
2964,49.4,402,402,0,1,1,493,214,10,10,476,440,88,11
2965,49.416666666666664,402,402,0,1,1,494,218,10,10,482,440,88,11
2966,49.43333333333333,402,402,0,1,1,495,222,10,10,476,440,88,11
2967,49.45,402,402,0,1,1,496,226,10,10,482,440,88,11
2968,49.46666666666667,402,402,0,1,1,497,230,10,10,482,440,88,11
2969,49.483333333333334,402,402,0,1,1,498,234,10,10,482,440,88,11
2970,49.5,402,402,0,1,1,499,238,10,10,482,440,88,11
2971,49.516666666666666,402,402,0,1,1,500,242,10,10,488,440,88,11
2972,49.53333333333333,402,402,0,1,1,501,246,10,10,482,440,88,11
2973,49.55,402,402,0,1,1,502,250,10,10,488,440,88,11
2974,49.56666666666667,402,402,0,1,1,503,254,10,10,488,440,88,11
2975,49.583333333333336,402,402,0,1,1,504,258,10,10,488,440,88,11
2976,49.6,402,402,0,1,1,505,262,10,10,488,440,88,11
2977,49.61666666666667,402,402,0,1,1,506,266,10,10,494,440,88,11
2978,49.63333333333333,402,402,0,1,1,507,270,10,10,488,440,88,11
2979,49.65,402,402,0,1,1,508,274,10,10,494,440,88,11
2980,49.666666666666664,402,402,0,1,1,509,278,10,10,494,440,88,11
2981,49.68333333333333,402,402,0,1,1,510,282,10,10,494,440,88,11
2982,49.7,402,402,0,1,1,511,286,10,10,494,440,88,11
2983,49.71666666666667,402,402,0,1,1,512,290,10,10,500,440,88,11
2984,49.733333333333334,402,402,0,1,1,513,294,10,10,494,440,88,11
2985,49.75,402,402,0,1,1,514,298,10,10,500,440,88,11
2986,49.766666666666666,402,402,0,1,1,515,302,10,10,500,440,88,11
2987,49.78333333333333,402,402,0,1,1,516,306,10,10,500,440,88,11
2988,49.8,402,402,0,1,1,517,310,10,10,500,440,88,11
2989,49.81666666666667,402,402,0,1,1,518,314,10,10,506,440,88,11
2990,49.833333333333336,402,402,0,1,1,519,318,10,10,500,440,88,11
2991,49.85,402,402,0,1,1,520,322,10,10,506,440,88,11
2992,49.86666666666667,402,402,0,1,1,521,326,10,10,506,440,88,11
2993,49.88333333333333,402,402,0,1,1,522,330,10,10,506,440,88,11
2994,49.9,402,402,0,1,1,523,334,10,10,506,440,88,11
2995,49.916666666666664,402,402,0,1,1,524,338,10,10,512,440,88,11
2996,49.93333333333333,402,402,0,1,1,525,342,10,10,506,440,88,11
2997,49.95,402,402,0,1,1,526,346,10,10,512,440,88,11
2998,49.96666666666667,402,402,0,1,1,527,350,10,10,512,440,88,11
2999,49.983333333333334,402,402,0,1,1,528,354,10,10,512,440,88,11
3000,50.0,402,402,0,1,1,529,358,10,10,512,440,88,11
3001,50.016666666666666,402,402,0,1,1,530,362,10,10,518,440,88,11
3002,50.03333333333333,402,402,0,1,1,531,366,10,10,512,440,88,11
3003,50.05,402,402,0,1,1,532,370,10,10,518,440,88,11
3004,50.06666666666667,402,402,0,1,1,533,374,10,10,518,440,88,11
3005,50.083333333333336,402,402,0,1,1,534,378,10,10,518,440,88,11
3006,50.1,402,402,0,1,1,534,378,10,10,518,440,88,11
3007,50.11666666666667,402,402,0,1,1,535,382,10,10,518,440,88,11
3008,50.13333333333333,402,402,0,1,1,537,390,10,10,518,440,88,11
3009,50.15,402,402,0,1,1,538,394,10,10,524,440,88,11
3010,50.166666666666664,402,402,0,1,1,539,398,10,10,524,440,88,11
3011,50.18333333333333,402,402,0,1,1,540,402,10,10,524,440,88,11
3012,50.2,402,402,0,1,1,541,406,10,10,524,440,88,11
3013,50.21666666666667,402,402,0,1,1,542,410,10,10,530,440,88,11
3014,50.233333333333334,402,402,0,1,1,543,414,10,10,524,440,88,11
3015,50.25,402,402,0,1,1,544,418,10,10,530,440,88,11
3016,50.266666666666666,402,402,0,1,1,545,422,10,10,530,440,88,11
3017,50.28333333333333,402,402,0,1,1,546,426,10,10,530,440,88,11
3018,50.3,402,402,0,1,1,546,428,10,10,530,440,88,11
3019,50.31666666666667,402,402,0,1,1,544,424,10,10,530,440,88,11
3020,50.333333333333336,402,402,0,1,1,542,420,10,10,530,440,88,11
3021,50.35,402,402,0,1,1,540,416,10,10,524,440,88,11
3022,50.36666666666667,402,402,0,1,1,538,412,10,10,524,440,88,11
3023,50.38333333333333,402,402,0,1,1,536,408,10,10,524,440,88,11
3024,50.4,402,402,0,1,1,534,404,10,10,518,440,88,11
3025,50.416666666666664,402,402,0,1,1,532,400,10,10,518,440,88,11
3026,50.43333333333333,402,402,0,1,1,530,396,10,10,518,440,88,11
3027,50.45,402,402,0,1,1,528,392,10,10,512,440,88,11
3028,50.46666666666667,402,402,0,1,1,526,388,10,10,512,440,88,11
3029,50.483333333333334,402,402,0,1,1,524,384,10,10,512,440,88,11
3030,50.5,402,402,0,1,1,522,380,10,10,506,440,88,11
3031,50.516666666666666,402,402,0,1,1,520,376,10,10,506,440,88,11
3032,50.53333333333333,402,402,0,1,1,518,372,10,10,506,440,88,11
3033,50.55,402,402,0,1,1,516,368,10,10,500,440,88,11
3034,50.56666666666667,402,402,0,1,1,514,364,10,10,500,440,88,11
3035,50.583333333333336,402,402,0,1,1,512,360,10,10,500,440,88,11
3036,50.6,402,402,0,1,1,510,356,10,10,494,440,88,11
3037,50.61666666666667,402,402,0,1,1,508,352,10,10,494,440,88,11
3038,50.63333333333333,402,402,0,1,1,506,348,10,10,494,440,88,11
3039,50.65,402,402,0,1,1,504,344,10,10,488,440,88,11
3040,50.666666666666664,402,402,0,1,1,502,340,10,10,488,440,88,11
3041,50.68333333333333,402,402,0,1,1,500,336,10,10,488,440,88,11
3042,50.7,402,402,0,1,1,498,332,10,10,482,440,88,11
3043,50.71666666666667,402,402,0,1,1,496,328,10,10,482,440,88,11
3044,50.733333333333334,402,402,0,1,1,494,324,10,10,482,440,88,11
3045,50.75,402,402,0,1,1,492,320,10,10,476,440,88,11
3046,50.766666666666666,402,402,0,1,1,490,316,10,10,476,440,88,11
3047,50.78333333333333,402,402,0,1,1,488,312,10,10,476,440,88,11
3048,50.8,402,402,0,1,1,486,308,10,10,470,440,88,11
3049,50.81666666666667,402,402,0,1,1,484,304,10,10,470,440,88,11
3050,50.833333333333336,402,402,0,1,1,482,300,10,10,470,440,88,11
3051,50.85,402,402,0,1,1,480,296,10,10,464,440,88,11
3052,50.86666666666667,402,402,0,1,1,478,292,10,10,464,440,88,11
3053,50.88333333333333,402,402,0,1,1,476,288,10,10,464,440,88,11
3054,50.9,402,402,0,1,1,474,284,10,10,458,440,88,11
3055,50.916666666666664,402,402,0,1,1,472,280,10,10,458,440,88,11
3056,50.93333333333333,402,402,0,1,1,470,276,10,10,458,440,88,11
3057,50.95,402,402,0,1,1,468,272,10,10,452,440,88,11
3058,50.96666666666667,402,402,0,1,1,466,268,10,10,452,440,88,11
3059,50.983333333333334,402,402,0,1,1,464,264,10,10,452,440,88,11
3060,51.0,402,402,0,1,1,462,260,10,10,446,440,88,11
3061,51.016666666666666,402,402,0,1,1,460,256,10,10,446,440,88,11
3062,51.03333333333333,402,402,0,1,1,458,252,10,10,446,440,88,11
3063,51.05,402,402,0,1,1,456,248,10,10,440,440,88,11
3064,51.06666666666667,402,402,0,1,1,454,244,10,10,440,440,88,11
3065,51.083333333333336,402,402,0,1,1,452,240,10,10,440,440,88,11
3066,51.1,402,402,0,1,1,450,236,10,10,434,440,88,11
3067,51.11666666666667,402,402,0,1,1,448,232,10,10,434,440,88,11
3068,51.13333333333333,402,402,0,1,1,446,228,10,10,434,440,88,11
3069,51.15,402,402,0,1,1,444,224,10,10,428,440,88,11
3070,51.166666666666664,402,402,0,1,1,442,220,10,10,428,440,88,11
3071,51.18333333333333,402,402,0,1,1,440,216,10,10,428,440,88,11
3072,51.2,402,402,0,1,1,438,212,10,10,422,440,88,11
3073,51.21666666666667,402,402,0,1,1,436,208,10,10,422,440,88,11
3074,51.233333333333334,402,402,0,1,1,434,204,10,10,422,440,88,11
3075,51.25,402,402,0,1,1,432,200,10,10,416,440,88,11
3076,51.266666666666666,402,402,0,1,1,430,196,10,10,416,440,88,11
3077,51.28333333333333,402,402,0,1,1,428,192,10,10,416,440,88,11
3078,51.3,402,402,0,1,1,426,188,10,10,410,440,88,11
3079,51.31666666666667,402,402,0,1,1,424,184,10,10,410,440,88,11
3080,51.333333333333336,402,402,0,1,1,422,180,10,10,410,440,88,11
3081,51.35,402,402,0,1,1,420,176,10,10,404,440,88,11
3082,51.36666666666667,402,402,0,1,1,418,172,10,10,404,440,88,11
3083,51.38333333333333,402,402,0,1,1,416,168,10,10,404,440,88,11
3084,51.4,402,402,0,1,1,414,164,10,10,398,440,88,11
3085,51.416666666666664,402,402,0,1,1,412,160,10,10,398,440,88,11
3086,51.43333333333333,402,402,0,1,1,410,156,10,10,398,440,88,11
3087,51.45,402,402,0,1,1,408,152,10,10,392,440,88,11
3088,51.46666666666667,402,402,0,1,1,406,148,10,10,392,440,88,11
3089,51.483333333333334,402,402,0,1,1,404,144,10,10,392,440,88,11
3090,51.5,402,402,0,1,1,402,140,10,10,386,440,88,11
3091,51.516666666666666,402,402,0,1,1,400,136,10,10,386,440,88,11
3092,51.53333333333333,402,402,0,1,1,398,132,10,10,386,440,88,11
3093,51.55,402,402,0,1,1,396,128,10,10,380,440,88,11
3094,51.56666666666667,402,402,0,1,1,394,124,10,10,380,440,88,11
3095,51.583333333333336,402,402,0,1,1,394,124,10,10,380,440,88,11
3096,51.6,402,402,0,1,1,392,121,10,10,380,440,88,11
3097,51.61666666666667,402,402,0,1,1,392,121,10,10,380,440,88,11
3098,51.63333333333333,402,402,0,1,1,388,129,10,10,374,440,88,11
3099,51.65,402,402,0,1,1,388,129,10,10,374,440,88,11
3100,51.666666666666664,402,402,0,1,1,387,137,10,10,368,440,88,11
3101,51.68333333333333,402,402,0,1,1,387,137,10,10,368,440,88,11
3102,51.7,402,402,0,1,1,391,145,10,10,374,440,88,11
3103,51.71666666666667,402,402,0,1,1,395,153,10,10,380,440,88,11
3104,51.733333333333334,402,402,0,1,1,397,157,10,10,380,440,88,11
3105,51.75,402,402,0,1,1,399,161,10,10,380,440,88,11
3106,51.766666666666666,402,402,0,1,1,401,165,10,10,386,440,88,11
3107,51.78333333333333,402,402,0,1,1,403,169,10,10,386,440,88,11
3108,51.8,402,402,0,1,1,405,173,10,10,386,440,88,11
3109,51.81666666666667,402,402,0,1,1,407,177,10,10,392,440,88,11
3110,51.833333333333336,402,402,0,1,1,409,181,10,10,392,440,88,11
3111,51.85,402,402,0,1,1,411,185,10,10,392,440,88,11
3112,51.86666666666667,402,402,0,1,1,413,189,10,10,398,440,88,11
3113,51.88333333333333,402,402,0,1,1,415,193,10,10,398,440,88,11
3114,51.9,402,402,0,1,1,417,197,10,10,398,440,88,11
3115,51.916666666666664,402,402,0,1,1,419,201,10,10,404,440,88,11
3116,51.93333333333333,402,402,0,1,1,421,205,10,10,404,440,88,11
3117,51.95,402,402,0,1,1,423,209,10,10,404,440,88,11
3118,51.96666666666667,402,402,0,1,1,425,213,10,10,410,440,88,11
3119,51.983333333333334,402,402,0,1,1,427,217,10,10,410,440,88,11
3120,52.0,402,402,0,1,1,429,221,10,10,410,440,88,11
3121,52.016666666666666,402,402,0,1,1,431,225,10,10,416,440,88,11
3122,52.03333333333333,402,402,0,1,1,433,229,10,10,416,440,88,11
3123,52.05,402,402,0,1,1,435,233,10,10,416,440,88,11
3124,52.06666666666667,402,402,0,1,1,437,237,10,10,422,440,88,11
3125,52.083333333333336,402,402,0,1,1,439,241,10,10,422,440,88,11
3126,52.1,402,402,0,1,1,441,245,10,10,422,440,88,11
3127,52.11666666666667,402,402,0,1,1,443,249,10,10,428,440,88,11
3128,52.13333333333333,402,402,0,1,1,445,253,10,10,428,440,88,11
3129,52.15,402,402,0,1,1,447,257,10,10,428,440,88,11
3130,52.166666666666664,402,402,0,1,1,449,261,10,10,434,440,88,11
3131,52.18333333333333,402,402,0,1,1,451,265,10,10,434,440,88,11
3132,52.2,402,402,0,1,1,453,269,10,10,434,440,88,11
3133,52.21666666666667,402,402,0,1,1,455,273,10,10,440,440,88,11
3134,52.233333333333334,402,402,0,1,1,457,277,10,10,440,440,88,11
3135,52.25,402,402,0,1,1,459,281,10,10,440,440,88,11
3136,52.266666666666666,402,402,0,1,1,461,285,10,10,446,440,88,11
3137,52.28333333333333,402,402,0,1,1,463,289,10,10,446,440,88,11
3138,52.3,402,402,0,1,1,465,293,10,10,446,440,88,11
3139,52.31666666666667,402,402,0,1,1,467,297,10,10,452,440,88,11
3140,52.333333333333336,402,402,0,1,1,467,297,10,10,452,440,88,11
3141,52.35,402,402,0,1,1,469,301,10,10,452,440,88,11
3142,52.36666666666667,402,402,0,1,1,471,305,10,10,452,440,88,11
3143,52.38333333333333,402,402,0,1,1,473,309,10,10,458,440,88,11
3144,52.4,402,402,0,1,1,475,313,10,10,458,440,88,11
3145,52.416666666666664,402,402,0,1,1,477,317,10,10,458,440,88,11
3146,52.43333333333333,402,402,0,1,1,479,321,10,10,464,440,88,11
3147,52.45,402,402,0,1,1,481,325,10,10,464,440,88,11
3148,52.46666666666667,402,402,0,1,1,483,329,10,10,464,440,88,11
3149,52.483333333333334,402,402,0,1,1,485,333,10,10,470,440,88,11
3150,52.5,402,402,0,1,1,487,337,10,10,470,440,88,11
3151,52.516666666666666,402,402,0,1,1,489,341,10,10,470,440,88,11
3152,52.53333333333333,402,402,0,1,1,491,345,10,10,476,440,88,11
3153,52.55,402,402,0,1,1,493,349,10,10,476,440,88,11
3154,52.56666666666667,402,402,0,1,1,495,353,10,10,476,440,88,11
3155,52.583333333333336,402,402,0,1,1,497,357,10,10,482,440,88,11
3156,52.6,402,402,0,1,1,499,361,10,10,482,440,88,11
3157,52.61666666666667,402,402,0,1,1,501,365,10,10,482,440,88,11
3158,52.63333333333333,402,402,0,1,1,503,369,10,10,488,440,88,11
3159,52.65,402,402,0,1,1,505,373,10,10,488,440,88,11
3160,52.666666666666664,402,402,0,1,1,507,377,10,10,488,440,88,11
3161,52.68333333333333,402,402,0,1,1,509,381,10,10,494,440,88,11
3162,52.7,402,402,0,1,1,511,385,10,10,494,440,88,11
3163,52.71666666666667,402,402,0,1,1,513,389,10,10,494,440,88,11
3164,52.733333333333334,402,402,0,1,1,515,393,10,10,500,440,88,11
3165,52.75,402,402,0,1,1,517,397,10,10,500,440,88,11
3166,52.766666666666666,402,402,0,1,1,519,401,10,10,500,440,88,11
3167,52.78333333333333,402,402,0,1,1,521,405,10,10,506,440,88,11
3168,52.8,402,402,0,1,1,523,409,10,10,506,440,88,11
3169,52.81666666666667,402,402,0,1,1,525,413,10,10,506,440,88,11
3170,52.833333333333336,402,402,0,1,1,527,417,10,10,512,440,88,11
3171,52.85,402,402,0,1,1,529,421,10,10,512,440,88,11
3172,52.86666666666667,402,402,0,1,1,531,425,10,10,512,440,88,11
3173,52.88333333333333,402,402,0,0,0,,,,,,,,
3174,52.9,402,402,0,1,1,531,425,10,10,518,440,88,11
3175,52.916666666666664,402,402,0,1,1,527,417,10,10,512,440,88,11
3176,52.93333333333333,402,402,0,1,1,527,417,10,10,512,440,88,11
3177,52.95,402,402,0,1,1,525,413,10,10,512,440,88,11
3178,52.96666666666667,402,402,0,1,1,521,405,10,10,506,440,88,11
3179,52.983333333333334,402,402,0,1,1,519,401,10,10,506,440,88,11
3180,53.0,402,402,0,1,1,517,397,10,10,506,440,88,11
3181,53.016666666666666,402,402,0,1,1,515,393,10,10,500,440,88,11
3182,53.03333333333333,402,402,0,1,1,513,389,10,10,500,440,88,11
3183,53.05,402,402,0,1,1,511,385,10,10,500,440,88,11
3184,53.06666666666667,402,402,0,1,1,509,381,10,10,494,440,88,11
3185,53.083333333333336,402,402,0,1,1,507,377,10,10,494,440,88,11
3186,53.1,402,402,0,1,1,505,373,10,10,494,440,88,11
3187,53.11666666666667,402,402,0,1,1,503,369,10,10,488,440,88,11
3188,53.13333333333333,402,402,0,1,1,501,365,10,10,488,440,88,11
3189,53.15,402,402,0,1,1,499,361,10,10,488,440,88,11
3190,53.166666666666664,402,402,0,1,1,497,357,10,10,482,440,88,11
3191,53.18333333333333,402,402,0,1,1,497,357,10,10,482,440,88,11
3192,53.2,402,402,0,1,1,495,353,10,10,482,440,88,11
3193,53.21666666666667,402,402,0,1,1,491,345,10,10,476,440,88,11
3194,53.233333333333334,402,402,0,1,1,489,341,10,10,476,440,88,11
3195,53.25,402,402,0,1,1,487,337,10,10,476,440,88,11
3196,53.266666666666666,402,402,0,1,1,485,333,10,10,470,440,88,11
3197,53.28333333333333,402,402,0,1,1,483,329,10,10,470,440,88,11
3198,53.3,402,402,0,1,1,481,325,10,10,470,440,88,11
3199,53.31666666666667,402,402,0,1,1,479,321,10,10,464,440,88,11
3200,53.333333333333336,402,402,0,1,1,477,317,10,10,458,440,88,11
3201,53.35,402,402,0,1,1,475,313,10,10,452,440,88,11
3202,53.36666666666667,402,402,0,1,1,473,309,10,10,446,440,88,11
3203,53.38333333333333,402,402,0,1,1,471,305,10,10,440,440,88,11
3204,53.4,402,402,0,1,1,469,301,10,10,434,440,88,11
3205,53.416666666666664,402,402,0,1,1,467,297,10,10,428,440,88,11
3206,53.43333333333333,402,402,0,1,1,465,293,10,10,422,440,88,11
3207,53.45,402,402,0,1,1,463,289,10,10,416,440,88,11
3208,53.46666666666667,402,402,0,1,1,461,285,10,10,410,440,88,11
3209,53.483333333333334,402,402,0,1,1,459,281,10,10,404,440,88,11
3210,53.5,402,402,0,1,1,457,277,10,10,398,440,88,11
3211,53.516666666666666,402,402,0,1,1,455,273,10,10,392,440,88,11
3212,53.53333333333333,402,402,0,1,1,453,269,10,10,392,440,88,11
3213,53.55,402,402,0,1,1,451,265,10,10,392,440,88,11
3214,53.56666666666667,402,402,0,1,1,449,261,10,10,386,440,88,11
3215,53.583333333333336,402,402,0,1,1,447,257,10,10,386,440,88,11
3216,53.6,402,402,0,1,1,445,253,10,10,386,440,88,11
3217,53.61666666666667,402,402,0,1,1,443,249,10,10,380,440,88,11
3218,53.63333333333333,402,402,0,1,1,441,245,10,10,380,440,88,11
3219,53.65,402,402,0,1,1,439,241,10,10,380,440,88,11
3220,53.666666666666664,402,402,0,1,1,437,237,10,10,374,440,88,11
3221,53.68333333333333,402,402,0,1,1,435,233,10,10,374,440,88,11
3222,53.7,402,402,0,1,1,433,229,10,10,374,440,88,11
3223,53.71666666666667,402,402,0,1,1,431,225,10,10,368,440,88,11
3224,53.733333333333334,402,402,0,1,1,429,221,10,10,368,440,88,11
3225,53.75,402,402,0,1,1,427,217,10,10,368,440,88,11
3226,53.766666666666666,402,402,0,1,1,425,213,10,10,362,440,88,11
3227,53.78333333333333,402,402,0,1,1,423,209,10,10,362,440,88,11
3228,53.8,402,402,0,1,1,421,205,10,10,362,440,88,11
3229,53.81666666666667,402,402,0,1,1,419,201,10,10,356,440,88,11
3230,53.833333333333336,402,402,0,1,1,417,197,10,10,356,440,88,11
3231,53.85,402,402,0,1,1,415,193,10,10,356,440,88,11
3232,53.86666666666667,402,402,0,1,1,413,189,10,10,350,440,88,11
3233,53.88333333333333,402,402,0,1,1,411,185,10,10,350,440,88,11
3234,53.9,402,402,0,1,1,409,181,10,10,350,440,88,11
3235,53.916666666666664,402,402,0,1,1,407,177,10,10,344,440,88,11
3236,53.93333333333333,402,402,0,1,1,405,173,10,10,344,440,88,11
3237,53.95,402,402,0,1,1,403,169,10,10,344,440,88,11
3238,53.96666666666667,402,402,0,1,1,401,165,10,10,338,440,88,11
3239,53.983333333333334,402,402,0,1,1,399,161,10,10,338,440,88,11
3240,54.0,402,402,0,1,1,397,157,10,10,338,440,88,11
3241,54.016666666666666,402,402,0,1,1,395,153,10,10,332,440,88,11
3242,54.03333333333333,402,402,0,1,1,393,149,10,10,332,440,88,11
3243,54.05,402,402,0,1,1,391,145,10,10,332,440,88,11
3244,54.06666666666667,402,402,0,1,1,389,141,10,10,326,440,88,11
3245,54.083333333333336,402,402,0,1,1,387,137,10,10,326,440,88,11
3246,54.1,402,402,0,1,1,385,133,10,10,326,440,88,11
3247,54.11666666666667,402,402,0,1,1,383,129,10,10,320,440,88,11
3248,54.13333333333333,402,402,0,1,1,381,125,10,10,320,440,88,11
3249,54.15,402,402,0,1,1,379,121,10,10,320,440,88,11
3250,54.166666666666664,402,402,0,1,1,379,121,10,10,320,440,88,11
3251,54.18333333333333,402,402,0,1,1,377,124,10,10,314,440,88,11
3252,54.2,402,402,0,1,1,377,124,10,10,314,440,88,11
3253,54.21666666666667,402,402,0,1,1,373,132,10,10,314,440,88,11
3254,54.233333333333334,402,402,0,1,1,369,140,10,10,308,440,88,11
3255,54.25,402,402,0,1,1,367,144,10,10,308,440,88,11
3256,54.266666666666666,402,402,0,1,1,367,144,10,10,308,440,88,11
3257,54.28333333333333,402,402,0,1,1,365,144,10,9,302,440,88,11
3258,54.3,402,402,0,1,1,365,144,10,9,302,440,88,11
3259,54.31666666666667,402,402,0,1,1,361,136,10,9,302,440,88,11
3260,54.333333333333336,402,402,0,1,1,357,128,10,9,296,440,88,11
3261,54.35,402,402,0,1,1,355,124,10,9,296,440,88,11
3262,54.36666666666667,402,402,0,1,1,353,120,10,9,290,440,88,11
3263,54.38333333333333,402,402,0,1,1,351,116,10,9,290,440,88,11
3264,54.4,402,402,0,1,1,349,112,10,9,290,440,88,11
3265,54.416666666666664,402,402,0,1,1,347,108,10,9,284,440,88,11
3266,54.43333333333333,402,402,0,1,1,345,104,10,9,284,440,88,11
3267,54.45,402,402,0,1,1,343,100,10,9,284,440,88,11
3268,54.46666666666667,402,402,0,1,1,341,96,10,9,278,440,88,11
3269,54.483333333333334,402,402,0,1,1,341,96,10,9,278,440,88,11
3270,54.5,402,402,0,1,1,339,98,10,10,278,440,88,11
3271,54.516666666666666,402,402,0,1,1,339,98,10,10,278,440,88,11
3272,54.53333333333333,402,402,0,1,1,335,106,10,10,272,440,88,11
3273,54.55,402,402,0,1,1,331,114,10,10,272,440,88,11
3274,54.56666666666667,402,402,0,1,1,329,118,10,10,266,440,88,11
3275,54.583333333333336,402,402,0,1,1,327,122,10,10,266,440,88,11
3276,54.6,402,402,0,1,1,325,126,10,10,266,440,88,11
3277,54.61666666666667,402,402,0,1,1,323,130,10,10,260,440,88,11
3278,54.63333333333333,402,402,0,1,1,321,134,10,10,260,440,88,11
3279,54.65,402,402,0,1,1,319,138,10,10,260,440,88,11
3280,54.666666666666664,402,402,0,1,1,317,142,10,10,254,440,88,11
3281,54.68333333333333,402,402,0,1,1,315,146,10,10,254,440,88,11
3282,54.7,402,402,0,1,1,313,150,10,10,254,440,88,11
3283,54.71666666666667,402,402,0,1,1,311,154,10,10,248,440,88,11
3284,54.733333333333334,402,402,0,1,1,309,158,10,10,248,440,88,11
3285,54.75,402,402,0,1,1,307,162,10,10,248,440,88,11
3286,54.766666666666666,402,402,0,1,1,305,166,10,10,242,440,88,11
3287,54.78333333333333,402,402,0,1,1,303,170,10,10,242,440,88,11
3288,54.8,402,402,0,1,1,301,174,10,10,242,440,88,11
3289,54.81666666666667,402,402,0,1,1,299,178,10,10,236,440,88,11
3290,54.833333333333336,402,402,0,1,1,297,182,10,10,236,440,88,11
3291,54.85,402,402,0,1,1,295,186,10,10,236,440,88,11
3292,54.86666666666667,402,402,0,1,1,293,190,10,10,230,440,88,11
3293,54.88333333333333,402,402,0,1,1,291,194,10,10,230,440,88,11
3294,54.9,402,402,0,1,1,289,198,10,10,230,440,88,11
3295,54.916666666666664,402,402,0,1,1,287,202,10,10,224,440,88,11
3296,54.93333333333333,402,402,0,1,1,285,206,10,10,224,440,88,11
3297,54.95,402,402,0,1,1,283,210,10,10,224,440,88,11
3298,54.96666666666667,402,402,0,1,1,281,214,10,10,218,440,88,11
3299,54.983333333333334,402,402,0,1,1,279,218,10,10,218,440,88,11
3300,55.0,402,402,0,1,1,277,222,10,10,218,440,88,11
3301,55.016666666666666,402,402,0,1,1,275,226,10,10,212,440,88,11
3302,55.03333333333333,402,402,0,1,1,273,230,10,10,212,440,88,11
3303,55.05,402,402,0,1,1,271,234,10,10,212,440,88,11
3304,55.06666666666667,402,402,0,1,1,269,238,10,10,206,440,88,11
3305,55.083333333333336,402,402,0,1,1,267,242,10,10,206,440,88,11
3306,55.1,402,402,0,1,1,265,246,10,10,206,440,88,11
3307,55.11666666666667,402,402,0,1,1,263,250,10,10,200,440,88,11
3308,55.13333333333333,402,402,0,1,1,261,254,10,10,200,440,88,11
3309,55.15,402,402,0,1,1,259,258,10,10,200,440,88,11
3310,55.166666666666664,402,402,0,1,1,257,262,10,10,194,440,88,11
3311,55.18333333333333,402,402,0,1,1,255,266,10,10,194,440,88,11
3312,55.2,402,402,0,1,1,253,270,10,10,194,440,88,11
3313,55.21666666666667,402,402,0,1,1,253,270,10,10,194,440,88,11
3314,55.233333333333334,402,402,0,1,1,251,274,10,10,188,440,88,11
3315,55.25,402,402,0,1,1,247,282,10,10,188,440,88,11
3316,55.266666666666666,402,402,0,1,1,245,286,10,10,182,440,88,11
3317,55.28333333333333,402,402,0,1,1,243,290,10,10,182,440,88,11
3318,55.3,402,402,0,1,1,241,294,10,10,182,440,88,11
3319,55.31666666666667,402,402,0,1,1,239,298,10,10,176,440,88,11
3320,55.333333333333336,402,402,0,1,1,237,302,10,10,176,440,88,11
3321,55.35,402,402,0,1,1,235,306,10,10,176,440,88,11
3322,55.36666666666667,402,402,0,1,1,233,310,10,10,170,440,88,11
3323,55.38333333333333,402,402,0,1,1,231,314,10,10,170,440,88,11
3324,55.4,402,402,0,1,1,229,318,10,10,170,440,88,11
3325,55.416666666666664,402,402,0,1,1,227,322,10,10,164,440,88,11
3326,55.43333333333333,402,402,0,1,1,225,326,10,10,164,440,88,11
3327,55.45,402,402,0,1,1,223,330,10,10,164,440,88,11
3328,55.46666666666667,402,402,0,1,1,221,334,10,10,158,440,88,11
3329,55.483333333333334,402,402,0,1,1,219,338,10,10,158,440,88,11
3330,55.5,402,402,0,1,1,217,342,10,10,158,440,88,11
3331,55.516666666666666,402,402,0,1,1,215,346,10,10,152,440,88,11
3332,55.53333333333333,402,402,0,1,1,213,350,10,10,152,440,88,11
3333,55.55,402,402,0,1,1,211,354,10,10,152,440,88,11
3334,55.56666666666667,402,402,0,1,1,209,358,10,10,146,440,88,11
3335,55.583333333333336,402,402,0,1,1,207,362,10,10,146,440,88,11
3336,55.6,402,402,0,1,1,205,366,10,10,146,440,88,11
3337,55.61666666666667,402,402,0,1,1,203,370,10,10,140,440,88,11
3338,55.63333333333333,402,402,0,1,1,201,374,10,10,140,440,88,11
3339,55.65,402,402,0,1,1,199,378,10,10,140,440,88,11
3340,55.666666666666664,402,402,0,1,1,197,382,10,10,134,440,88,11
3341,55.68333333333333,402,402,0,1,1,195,386,10,10,134,440,88,11
3342,55.7,402,402,0,1,1,193,390,10,10,134,440,88,11
3343,55.71666666666667,402,402,0,1,1,191,394,10,10,128,440,88,11
3344,55.733333333333334,402,402,0,1,1,189,398,10,10,128,440,88,11
3345,55.75,402,402,0,1,1,187,402,10,10,128,440,88,11
3346,55.766666666666666,402,402,0,1,1,185,406,10,10,122,440,88,11
3347,55.78333333333333,402,402,0,1,1,183,410,10,10,122,440,88,11
3348,55.8,402,402,0,1,1,181,414,10,10,122,440,88,11
3349,55.81666666666667,402,402,0,1,1,179,418,10,10,116,440,88,11
3350,55.833333333333336,402,402,0,1,1,177,422,10,10,116,440,88,11
3351,55.85,402,402,0,1,1,175,426,10,10,116,440,88,11
3352,55.86666666666667,402,402,0,1,1,174,428,10,10,110,440,88,11
3353,55.88333333333333,402,402,0,1,1,176,424,10,10,110,440,88,11
3354,55.9,402,402,0,1,1,178,420,10,10,116,440,88,11
3355,55.916666666666664,402,402,0,1,1,180,416,10,10,116,440,88,11
3356,55.93333333333333,402,402,0,1,1,182,412,10,10,116,440,88,11
3357,55.95,402,402,0,1,1,184,408,10,10,122,440,88,11
3358,55.96666666666667,402,402,0,1,1,186,404,10,10,122,440,88,11
3359,55.983333333333334,402,402,0,1,1,188,400,10,10,122,440,88,11
3360,56.0,402,402,0,1,1,190,396,10,10,128,440,88,11
3361,56.016666666666666,402,402,0,1,1,192,392,10,10,128,440,88,11
3362,56.03333333333333,402,402,0,1,1,194,388,10,10,128,440,88,11
3363,56.05,402,402,0,1,1,196,384,10,10,134,440,88,11
3364,56.06666666666667,402,402,0,1,1,198,380,10,10,134,440,88,11
3365,56.083333333333336,402,402,0,1,1,200,376,10,10,134,440,88,11
3366,56.1,402,402,0,1,1,202,372,10,10,140,440,88,11
3367,56.11666666666667,402,402,0,1,1,204,368,10,10,140,440,88,11
3368,56.13333333333333,402,402,0,1,1,206,364,10,10,140,440,88,11
3369,56.15,402,402,0,1,1,208,360,10,10,146,440,88,11
3370,56.166666666666664,402,402,0,1,1,210,356,10,10,146,440,88,11
3371,56.18333333333333,402,402,0,1,1,212,352,10,10,146,440,88,11
3372,56.2,402,402,0,1,1,214,348,10,10,152,440,88,11
3373,56.21666666666667,402,402,0,1,1,216,344,10,10,152,440,88,11
3374,56.233333333333334,402,402,0,1,1,218,340,10,10,152,440,88,11
3375,56.25,402,402,0,1,1,220,336,10,10,158,440,88,11
3376,56.266666666666666,402,402,0,1,1,222,332,10,10,158,440,88,11
3377,56.28333333333333,402,402,0,1,1,224,328,10,10,158,440,88,11
3378,56.3,402,402,0,1,1,226,324,10,10,164,440,88,11
3379,56.31666666666667,402,402,0,1,1,228,320,10,10,164,440,88,11
3380,56.333333333333336,402,402,0,1,1,230,316,10,10,164,440,88,11
3381,56.35,402,402,0,1,1,232,312,10,10,170,440,88,11
3382,56.36666666666667,402,402,0,1,1,234,308,10,10,170,440,88,11
3383,56.38333333333333,402,402,0,1,1,236,304,10,10,170,440,88,11
3384,56.4,402,402,0,1,1,238,300,10,10,176,440,88,11
3385,56.416666666666664,402,402,0,1,1,240,296,10,10,176,440,88,11
3386,56.43333333333333,402,402,0,1,1,242,292,10,10,176,440,88,11
3387,56.45,402,402,0,1,1,244,288,10,10,182,440,88,11
3388,56.46666666666667,402,402,0,1,1,246,284,10,10,182,440,88,11
3389,56.483333333333334,402,402,0,1,1,248,280,10,10,182,440,88,11
3390,56.5,402,402,0,1,1,250,276,10,10,188,440,88,11
3391,56.516666666666666,402,402,0,1,1,252,272,10,10,188,440,88,11
3392,56.53333333333333,402,402,0,1,1,254,268,10,10,188,440,88,11
3393,56.55,402,402,0,1,1,256,264,10,10,194,440,88,11
3394,56.56666666666667,402,402,0,1,1,258,260,10,10,194,440,88,11
3395,56.583333333333336,402,402,0,1,1,260,256,10,10,194,440,88,11
3396,56.6,402,402,0,1,1,262,252,10,10,200,440,88,11
3397,56.61666666666667,402,402,0,1,1,264,248,10,10,200,440,88,11
3398,56.63333333333333,402,402,0,1,1,266,244,10,10,200,440,88,11
3399,56.65,402,402,0,1,1,268,240,10,10,206,440,88,11
3400,56.666666666666664,402,402,0,1,1,270,236,10,10,206,440,88,11
3401,56.68333333333333,402,402,0,1,1,272,232,10,10,206,440,88,11
3402,56.7,402,402,0,1,1,274,228,10,10,212,440,88,11
3403,56.71666666666667,402,402,0,1,1,276,224,10,10,212,440,88,11
3404,56.733333333333334,402,402,0,1,1,278,220,10,10,212,440,88,11
3405,56.75,402,402,0,1,1,280,216,10,10,218,440,88,11
3406,56.766666666666666,402,402,0,1,1,282,212,10,10,218,440,88,11
3407,56.78333333333333,402,402,0,1,1,284,208,10,10,218,440,88,11
3408,56.8,402,402,0,1,1,286,204,10,10,224,440,88,11
3409,56.81666666666667,402,402,0,1,1,288,200,10,10,224,440,88,11
3410,56.833333333333336,402,402,0,1,1,290,196,10,10,224,440,88,11
3411,56.85,402,402,0,1,1,292,192,10,10,230,440,88,11
3412,56.86666666666667,402,402,0,1,1,294,188,10,10,230,440,88,11
3413,56.88333333333333,402,402,0,1,1,296,184,10,10,230,440,88,11
3414,56.9,402,402,0,1,1,298,180,10,10,236,440,88,11
3415,56.916666666666664,402,402,0,1,1,300,176,10,10,236,440,88,11
3416,56.93333333333333,402,402,0,1,1,300,176,10,10,236,440,88,11
3417,56.95,402,402,0,1,1,302,172,10,10,236,440,88,11
3418,56.96666666666667,402,402,0,1,1,304,168,10,10,242,440,88,11
3419,56.983333333333334,402,402,0,1,1,306,164,10,10,242,440,88,11
3420,57.0,402,402,0,1,1,308,160,10,10,242,440,88,11
3421,57.016666666666666,402,402,0,1,1,310,156,10,10,248,440,88,11
3422,57.03333333333333,402,402,0,1,1,312,152,10,10,248,440,88,11
3423,57.05,402,402,0,1,1,314,148,10,10,248,440,88,11
3424,57.06666666666667,402,402,0,1,1,316,144,10,10,254,440,88,11
3425,57.083333333333336,402,402,0,1,1,318,140,10,10,254,440,88,11
3426,57.1,402,402,0,1,1,320,136,10,10,254,440,88,11
3427,57.11666666666667,402,402,0,1,1,322,132,10,10,260,440,88,11
3428,57.13333333333333,402,402,0,1,1,324,128,10,10,260,440,88,11
3429,57.15,402,402,0,1,1,326,124,10,10,260,440,88,11
3430,57.166666666666664,402,402,0,1,1,328,120,10,10,266,440,88,11
3431,57.18333333333333,402,402,0,1,1,330,116,10,10,266,440,88,11
3432,57.2,402,402,0,1,1,332,112,10,10,266,440,88,11
3433,57.21666666666667,402,402,0,1,1,334,108,10,10,272,440,88,11
3434,57.233333333333334,402,402,0,1,1,336,104,10,10,272,440,88,11
3435,57.25,402,402,0,1,1,338,100,10,10,272,440,88,11
3436,57.266666666666666,402,402,0,1,1,340,96,10,10,278,440,88,11
3437,57.28333333333333,402,402,0,1,1,340,96,10,10,278,440,88,11
3438,57.3,402,402,0,1,1,342,92,10,10,278,440,88,11
3439,57.31666666666667,402,402,0,1,1,346,84,10,10,284,440,88,11
3440,57.333333333333336,402,402,0,1,1,348,80,10,10,290,440,88,11
3441,57.35,402,402,0,1,1,350,76,10,10,296,440,88,11
3442,57.36666666666667,402,402,0,1,1,352,72,10,10,302,440,88,11
3443,57.38333333333333,402,402,0,1,1,354,68,10,10,308,440,88,11
3444,57.4,402,402,0,1,1,356,64,10,10,314,440,88,11
3445,57.416666666666664,402,402,0,1,1,358,60,10,10,320,440,88,11
3446,57.43333333333333,402,402,0,1,1,360,56,10,10,320,440,88,11
3447,57.45,402,402,0,1,1,362,52,10,10,320,440,88,11
3448,57.46666666666667,402,402,0,1,1,364,49,10,10,326,440,88,11
3449,57.483333333333334,402,402,0,1,1,366,53,10,10,326,440,88,11
3450,57.5,402,402,0,1,1,368,57,10,10,326,440,88,11
3451,57.516666666666666,402,402,0,1,1,370,61,10,10,332,440,88,11
3452,57.53333333333333,402,402,0,1,1,372,65,10,10,332,440,88,11
3453,57.55,402,402,0,1,1,374,69,10,10,332,440,88,11
3454,57.56666666666667,402,402,0,1,1,376,73,10,10,338,440,88,11
3455,57.583333333333336,402,402,0,1,1,378,77,10,10,338,440,88,11
3456,57.6,402,402,0,1,1,380,81,10,10,338,440,88,11
3457,57.61666666666667,402,402,0,1,1,382,85,10,10,344,440,88,11
3458,57.63333333333333,402,402,0,1,1,384,89,10,10,344,440,88,11
3459,57.65,402,402,0,1,1,384,89,10,10,344,440,88,11
3460,57.666666666666664,402,402,0,1,1,382,93,10,10,344,440,88,11
3461,57.68333333333333,402,402,0,1,1,382,93,10,10,344,440,88,11
3462,57.7,402,402,0,1,1,378,101,10,10,338,440,88,11
3463,57.71666666666667,402,402,0,1,1,374,109,10,10,338,440,88,11
3464,57.733333333333334,402,402,0,1,1,372,113,10,10,332,440,88,11
3465,57.75,402,402,0,1,1,370,117,10,10,332,440,88,11
3466,57.766666666666666,402,402,0,1,1,368,121,10,10,332,440,88,11
3467,57.78333333333333,402,402,0,1,1,366,125,10,10,326,440,88,11
3468,57.8,402,402,0,1,1,364,129,10,10,326,440,88,11
3469,57.81666666666667,402,402,0,1,1,362,133,10,10,326,440,88,11
3470,57.833333333333336,402,402,0,1,1,360,137,10,10,320,440,88,11
3471,57.85,402,402,0,1,1,358,141,10,10,320,440,88,11
3472,57.86666666666667,402,402,0,1,1,356,145,10,10,320,440,88,11
3473,57.88333333333333,402,402,0,1,1,354,149,10,10,314,440,88,11
3474,57.9,402,402,0,1,1,352,153,10,10,314,440,88,11
3475,57.916666666666664,402,402,0,1,1,350,157,10,10,314,440,88,11
3476,57.93333333333333,402,402,0,1,1,348,161,10,10,308,440,88,11
3477,57.95,402,402,0,1,1,346,165,10,10,308,440,88,11
3478,57.96666666666667,402,402,0,1,1,344,169,10,10,308,440,88,11
3479,57.983333333333334,402,402,0,1,1,344,169,10,10,308,440,88,11
3480,58.0,402,402,0,1,1,342,170,10,10,302,440,88,11
3481,58.016666666666666,402,402,0,1,1,342,170,10,10,302,440,88,11
3482,58.03333333333333,402,402,0,1,1,338,162,10,10,302,440,88,11
3483,58.05,402,402,0,1,1,334,154,10,10,296,440,88,11
3484,58.06666666666667,402,402,0,1,1,332,150,10,10,296,440,88,11
3485,58.083333333333336,402,402,0,1,1,330,146,10,10,290,440,88,11
3486,58.1,402,402,0,1,1,328,142,10,10,290,440,88,11
3487,58.11666666666667,402,402,0,1,1,324,134,10,10,284,440,88,11
3488,58.13333333333333,402,402,0,1,1,324,134,10,10,284,440,88,11
3489,58.15,402,402,0,1,1,322,130,10,10,284,440,88,11
3490,58.166666666666664,402,402,0,1,1,320,126,10,10,284,440,88,11
3491,58.18333333333333,402,402,0,1,1,318,122,10,10,278,440,88,11
3492,58.2,402,402,0,1,1,316,118,10,10,278,440,88,11
3493,58.21666666666667,402,402,0,1,1,316,118,10,10,278,440,88,11
3494,58.233333333333334,402,402,0,1,1,317,114,10,10,278,440,88,11
3495,58.25,402,402,0,1,1,317,114,10,10,278,440,88,11
3496,58.266666666666666,402,402,0,1,1,321,106,10,10,278,440,88,11
3497,58.28333333333333,402,402,0,1,1,327,94,10,10,284,440,88,11
3498,58.3,402,402,0,1,1,327,94,10,10,284,440,88,11
3499,58.31666666666667,402,402,0,1,1,329,90,10,10,290,440,88,11
3500,58.333333333333336,402,402,0,1,1,333,82,10,10,290,440,88,11
3501,58.35,402,402,0,1,1,335,78,10,10,296,440,88,11
3502,58.36666666666667,402,402,0,1,1,337,74,10,10,296,440,88,11
3503,58.38333333333333,402,402,0,1,1,339,70,10,10,296,440,88,11
3504,58.4,402,402,0,1,1,341,66,10,10,302,440,88,11
3505,58.416666666666664,402,402,0,1,1,343,62,10,10,302,440,88,11
3506,58.43333333333333,402,402,0,1,1,345,58,10,10,302,440,88,11
3507,58.45,402,402,0,1,1,347,54,10,10,308,440,88,11
3508,58.46666666666667,402,402,0,1,1,349,50,10,10,308,440,88,11
3509,58.483333333333334,402,402,0,1,1,351,52,10,9,308,440,88,11
3510,58.5,402,402,0,1,1,353,56,10,9,314,440,88,11
3511,58.516666666666666,402,402,0,1,1,355,60,10,9,314,440,88,11
3512,58.53333333333333,402,402,0,1,1,357,64,10,9,314,440,88,11
3513,58.55,402,402,0,1,1,359,68,10,9,320,440,88,11
3514,58.56666666666667,402,402,0,1,1,361,72,10,9,320,440,88,11
3515,58.583333333333336,402,402,0,1,1,363,76,10,9,320,440,88,11
3516,58.6,402,402,0,1,1,365,80,10,9,326,440,88,11
3517,58.61666666666667,402,402,0,1,1,367,84,10,9,326,440,88,11
3518,58.63333333333333,402,402,0,1,1,369,88,10,9,326,440,88,11
3519,58.65,402,402,0,1,1,371,92,10,9,332,440,88,11
3520,58.666666666666664,402,402,0,1,1,373,96,10,9,332,440,88,11
3521,58.68333333333333,402,402,0,1,1,375,100,10,9,332,440,88,11
3522,58.7,402,402,0,1,1,377,104,10,9,338,440,88,11
3523,58.71666666666667,402,402,0,1,1,379,108,10,9,338,440,88,11
3524,58.733333333333334,402,402,0,1,1,381,112,10,9,338,440,88,11
3525,58.75,402,402,0,1,1,383,116,10,9,344,440,88,11
3526,58.766666666666666,402,402,0,1,1,385,120,10,9,344,440,88,11
3527,58.78333333333333,402,402,0,1,1,387,124,10,9,344,440,88,11
3528,58.8,402,402,0,1,1,389,128,10,9,350,440,88,11
3529,58.81666666666667,402,402,0,1,1,391,132,10,9,350,440,88,11
3530,58.833333333333336,402,402,0,1,1,393,136,10,9,350,440,88,11
3531,58.85,402,402,0,1,1,395,140,10,9,356,440,88,11
3532,58.86666666666667,402,402,0,1,1,397,144,10,9,356,440,88,11
3533,58.88333333333333,402,402,0,1,1,399,148,10,9,356,440,88,11
3534,58.9,402,402,0,1,1,401,152,10,9,362,440,88,11
3535,58.916666666666664,402,402,0,1,1,403,156,10,9,362,440,88,11
3536,58.93333333333333,402,402,0,1,1,405,160,10,9,362,440,88,11
3537,58.95,402,402,0,1,1,407,164,10,9,368,440,88,11
3538,58.96666666666667,402,402,0,1,1,409,168,10,9,368,440,88,11
3539,58.983333333333334,402,402,0,1,1,411,172,10,9,368,440,88,11
3540,59.0,402,402,0,1,1,413,176,10,9,374,440,88,11
3541,59.016666666666666,402,402,0,1,1,415,180,10,9,374,440,88,11
3542,59.03333333333333,402,402,0,1,1,417,184,10,9,374,440,88,11
3543,59.05,402,402,0,1,1,419,188,10,9,380,440,88,11
3544,59.06666666666667,402,402,0,1,1,421,192,10,9,380,440,88,11
3545,59.083333333333336,402,402,0,1,1,423,196,10,9,380,440,88,11
3546,59.1,402,402,0,1,1,425,200,10,9,386,440,88,11
3547,59.11666666666667,402,402,0,1,1,427,204,10,9,386,440,88,11
3548,59.13333333333333,402,402,0,1,1,429,208,10,9,386,440,88,11
3549,59.15,402,402,0,1,1,431,212,10,9,392,440,88,11
3550,59.166666666666664,402,402,0,1,1,433,216,10,9,392,440,88,11
3551,59.18333333333333,402,402,0,1,1,435,220,10,9,392,440,88,11
3552,59.2,402,402,0,1,1,437,224,10,9,398,440,88,11
3553,59.21666666666667,402,402,0,1,1,439,228,10,9,398,440,88,11
3554,59.233333333333334,402,402,0,1,1,441,232,10,9,398,440,88,11
3555,59.25,402,402,0,1,1,443,236,10,9,404,440,88,11
3556,59.266666666666666,402,402,0,1,1,445,240,10,9,404,440,88,11
3557,59.28333333333333,402,402,0,1,1,447,244,10,9,404,440,88,11
3558,59.3,402,402,0,1,1,449,248,10,9,410,440,88,11
3559,59.31666666666667,402,402,0,1,1,449,248,10,9,410,440,88,11
3560,59.333333333333336,402,402,0,1,1,451,252,10,9,410,440,88,11
3561,59.35,402,402,0,1,1,455,260,10,9,416,440,88,11
3562,59.36666666666667,402,402,0,1,1,457,264,10,9,416,440,88,11
3563,59.38333333333333,402,402,0,1,1,459,268,10,9,416,440,88,11
3564,59.4,402,402,0,1,1,461,272,10,9,422,440,88,11
3565,59.416666666666664,402,402,0,1,1,463,276,10,9,422,440,88,11
3566,59.43333333333333,402,402,0,1,1,465,280,10,9,422,440,88,11
3567,59.45,402,402,0,1,1,467,284,10,9,428,440,88,11
3568,59.46666666666667,402,402,0,1,1,469,288,10,9,428,440,88,11
3569,59.483333333333334,402,402,0,1,1,471,292,10,9,428,440,88,11
3570,59.5,402,402,0,1,1,473,296,10,9,434,440,88,11
3571,59.516666666666666,402,402,0,1,1,475,300,10,9,434,440,88,11
3572,59.53333333333333,402,402,0,1,1,477,304,10,9,434,440,88,11
3573,59.55,402,402,0,1,1,479,308,10,9,440,440,88,11
3574,59.56666666666667,402,402,0,1,1,481,312,10,9,440,440,88,11
3575,59.583333333333336,402,402,0,1,1,483,316,10,9,440,440,88,11
3576,59.6,402,402,0,1,1,485,320,10,9,446,440,88,11
3577,59.61666666666667,402,402,0,1,1,487,324,10,9,446,440,88,11
3578,59.63333333333333,402,402,0,1,1,489,328,10,9,446,440,88,11
3579,59.65,402,402,0,1,1,491,332,10,9,452,440,88,11
3580,59.666666666666664,402,402,0,1,1,493,336,10,9,452,440,88,11
3581,59.68333333333333,402,402,0,1,1,495,340,10,9,452,440,88,11
3582,59.7,402,402,0,1,1,497,344,10,9,458,440,88,11
3583,59.71666666666667,402,402,0,1,1,499,348,10,9,458,440,88,11
3584,59.733333333333334,402,402,0,1,1,501,352,10,9,458,440,88,11
3585,59.75,402,402,0,1,1,503,356,10,9,464,440,88,11
3586,59.766666666666666,402,402,0,1,1,505,360,10,9,464,440,88,11
3587,59.78333333333333,402,402,0,1,1,507,364,10,9,464,440,88,11
3588,59.8,402,402,0,1,1,509,368,10,9,470,440,88,11
3589,59.81666666666667,402,402,0,1,1,511,372,10,9,470,440,88,11
3590,59.833333333333336,402,402,0,1,1,513,376,10,9,470,440,88,11
3591,59.85,402,402,0,1,1,515,380,10,9,476,440,88,11
3592,59.86666666666667,402,402,0,1,1,517,384,10,9,476,440,88,11
3593,59.88333333333333,402,402,0,1,1,519,388,10,9,476,440,88,11
3594,59.9,402,402,0,1,1,521,392,10,9,482,440,88,11
3595,59.916666666666664,402,402,0,1,1,523,396,10,9,482,440,88,11
3596,59.93333333333333,402,402,0,1,1,525,400,10,9,482,440,88,11
3597,59.95,402,402,0,1,1,527,404,10,9,488,440,88,11
3598,59.96666666666667,402,402,0,1,1,529,408,10,9,488,440,88,11
3599,59.983333333333334,402,402,0,1,1,531,412,10,9,488,440,88,11
3600,60.0,402,402,0,1,1,533,416,10,9,494,440,88,11
3601,60.016666666666666,402,402,0,1,1,535,420,10,9,494,440,88,11
3602,60.03333333333333,402,402,0,1,1,537,424,10,9,494,440,88,11
3603,60.05,402,402,0,1,1,539,428,10,9,500,440,88,11
3604,60.06666666666667,402,402,0,1,1,540,428,10,9,500,440,88,11
3605,60.083333333333336,402,402,0,1,1,541,424,10,9,500,440,88,11
3606,60.1,402,402,0,1,1,542,420,10,9,506,440,88,11
3607,60.11666666666667,402,402,0,1,1,543,416,10,9,500,440,88,11
3608,60.13333333333333,402,402,0,1,1,544,412,10,9,506,440,88,11
3609,60.15,402,402,0,1,1,545,408,10,9,506,440,88,11
3610,60.166666666666664,402,402,0,1,1,546,404,10,9,506,440,88,11
3611,60.18333333333333,402,402,0,1,1,547,400,10,9,506,440,88,11
3612,60.2,402,402,0,1,1,548,396,10,9,512,440,88,11
3613,60.21666666666667,402,402,0,1,1,549,392,10,9,506,440,88,11
3614,60.233333333333334,402,402,0,1,1,550,388,10,9,512,440,88,11
3615,60.25,402,402,0,1,1,551,384,10,9,512,440,88,11
3616,60.266666666666666,402,402,0,1,1,552,380,10,9,512,440,88,11
3617,60.28333333333333,402,402,0,1,1,553,376,10,9,512,440,88,11
3618,60.3,402,402,0,1,1,554,372,10,9,518,440,88,11
3619,60.31666666666667,402,402,0,1,1,555,368,10,9,512,440,88,11
3620,60.333333333333336,402,402,0,1,1,556,364,10,9,518,440,88,11
3621,60.35,402,402,0,1,1,557,360,10,9,518,440,88,11
3622,60.36666666666667,402,402,0,1,1,558,356,10,9,518,440,88,11
3623,60.38333333333333,402,402,0,1,1,559,352,10,9,518,440,88,11
3624,60.4,402,402,0,1,1,560,348,10,9,524,440,88,11
3625,60.416666666666664,402,402,0,1,1,561,344,10,9,518,440,88,11
3626,60.43333333333333,402,402,0,1,1,562,340,10,9,524,440,88,11
3627,60.45,402,402,0,1,1,563,336,10,9,524,440,88,11
3628,60.46666666666667,402,402,0,1,1,564,332,10,9,524,440,88,11
3629,60.483333333333334,402,402,0,1,1,565,328,10,9,524,440,88,11
3630,60.5,402,402,0,1,1,566,324,10,9,530,440,88,11
3631,60.516666666666666,402,402,0,1,1,567,320,10,9,524,440,88,11
3632,60.53333333333333,402,402,0,1,1,568,316,10,9,530,440,88,11
3633,60.55,402,402,0,1,1,569,312,10,9,530,440,88,11
3634,60.56666666666667,402,402,0,1,1,570,308,10,9,530,440,88,11
3635,60.583333333333336,402,402,0,1,1,571,304,10,9,530,440,88,11
3636,60.6,402,402,0,1,1,572,300,10,9,536,440,88,11
3637,60.61666666666667,402,402,0,1,1,573,296,10,9,530,440,88,11
3638,60.63333333333333,402,402,0,1,1,574,292,10,9,536,440,88,11
3639,60.65,402,402,0,1,1,575,288,10,9,536,440,88,11
3640,60.666666666666664,402,402,0,1,1,576,284,10,9,536,440,88,11
3641,60.68333333333333,402,402,0,1,1,577,280,10,9,536,440,88,11
3642,60.7,402,402,0,1,1,578,276,10,9,536,440,88,11
3643,60.71666666666667,402,402,0,1,1,579,272,10,9,536,440,88,11
3644,60.733333333333334,402,402,0,1,1,580,268,10,9,536,440,88,11
3645,60.75,402,402,0,1,1,581,264,10,9,536,440,88,11
3646,60.766666666666666,402,402,0,1,1,582,260,10,9,536,440,88,11
3647,60.78333333333333,402,402,0,1,1,583,256,10,9,536,440,88,11
3648,60.8,402,402,0,1,1,584,252,10,9,536,440,88,11
3649,60.81666666666667,402,402,0,1,1,585,248,10,9,536,440,88,11
3650,60.833333333333336,402,402,0,1,1,586,244,10,9,536,440,88,11
3651,60.85,402,402,0,1,1,587,240,10,9,536,440,88,11
3652,60.86666666666667,402,402,0,1,1,588,236,10,9,536,440,88,11
3653,60.88333333333333,402,402,0,1,1,589,232,10,9,536,440,88,11
3654,60.9,402,402,0,1,1,590,228,10,9,536,440,88,11
3655,60.916666666666664,402,402,0,1,1,591,224,10,9,536,440,88,11
3656,60.93333333333333,402,402,0,1,1,592,220,10,9,536,440,88,11
3657,60.95,402,402,0,1,1,593,216,10,9,536,440,88,11
3658,60.96666666666667,402,402,0,1,1,594,212,10,9,536,440,88,11
3659,60.983333333333334,402,402,0,1,1,595,208,10,9,536,440,88,11
3660,61.0,402,402,0,1,1,596,204,10,9,536,440,88,11
3661,61.016666666666666,402,402,0,1,1,597,200,10,9,536,440,88,11
3662,61.03333333333333,402,402,0,1,1,598,196,10,9,536,440,88,11
3663,61.05,402,402,0,1,1,599,192,10,9,536,440,88,11
3664,61.06666666666667,402,402,0,1,1,600,188,10,9,536,440,88,11
3665,61.083333333333336,402,402,0,1,1,601,184,10,9,536,440,88,11
3666,61.1,402,402,0,1,1,602,180,10,9,536,440,88,11
3667,61.11666666666667,402,402,0,1,1,603,176,10,9,536,440,88,11
3668,61.13333333333333,402,402,0,1,1,604,172,10,9,536,440,88,11
3669,61.15,402,402,0,1,1,605,168,10,9,536,440,88,11
3670,61.166666666666664,402,402,0,1,1,606,164,10,9,536,440,88,11
3671,61.18333333333333,402,402,0,1,1,607,160,10,9,536,440,88,11
3672,61.2,402,402,0,1,1,608,156,10,9,536,440,88,11
3673,61.21666666666667,402,402,0,1,1,609,152,10,9,536,440,88,11
3674,61.233333333333334,402,402,0,1,1,610,148,10,9,536,440,88,11
3675,61.25,402,402,0,1,1,611,144,10,9,536,440,88,11
3676,61.266666666666666,402,402,0,1,1,612,140,10,9,536,440,88,11
3677,61.28333333333333,402,402,0,1,1,613,136,10,9,536,440,88,11
3678,61.3,402,402,0,1,1,613,132,10,9,536,440,88,11
3679,61.31666666666667,402,402,0,1,1,612,128,10,9,536,440,88,11
3680,61.333333333333336,402,402,0,1,1,611,124,10,9,536,440,88,11
3681,61.35,402,402,0,1,1,610,120,10,9,536,440,88,11
3682,61.36666666666667,402,402,0,1,1,609,116,10,9,536,440,88,11
3683,61.38333333333333,402,402,0,1,1,608,112,10,9,536,440,88,11
3684,61.4,402,402,0,1,1,607,108,10,9,536,440,88,11
3685,61.416666666666664,402,402,0,1,1,606,104,10,9,536,440,88,11
3686,61.43333333333333,402,402,0,1,1,605,100,10,9,536,440,88,11
3687,61.45,402,402,0,1,1,604,96,10,9,536,440,88,11
3688,61.46666666666667,402,402,0,1,1,603,92,10,9,536,440,88,11
3689,61.483333333333334,402,402,0,1,1,602,88,10,9,536,440,88,11
3690,61.5,402,402,0,1,1,601,84,10,9,536,440,88,11
3691,61.516666666666666,402,402,0,1,1,600,80,10,9,536,440,88,11
3692,61.53333333333333,402,402,0,1,1,599,76,10,9,536,440,88,11
3693,61.55,402,402,0,1,1,599,76,10,9,536,440,88,11
3694,61.56666666666667,402,402,0,1,1,598,72,10,9,536,440,88,11
3695,61.583333333333336,402,402,0,1,1,597,68,10,9,536,440,88,11
3696,61.6,402,402,0,1,1,596,64,10,9,536,440,88,11
3697,61.61666666666667,402,402,0,1,1,595,60,10,9,536,440,88,11
3698,61.63333333333333,402,402,0,1,1,594,56,10,9,536,440,88,11
3699,61.65,402,402,0,1,1,593,52,10,9,536,440,88,11
3700,61.666666666666664,402,402,0,1,1,592,50,10,10,536,440,88,11
3701,61.68333333333333,402,402,0,1,1,591,54,10,10,536,440,88,11
3702,61.7,402,402,0,1,1,590,58,10,10,536,440,88,11
3703,61.71666666666667,402,402,0,1,1,589,62,10,10,536,440,88,11
3704,61.733333333333334,402,402,0,1,1,588,66,10,10,536,440,88,11
3705,61.75,402,402,0,1,1,587,70,10,10,536,440,88,11
3706,61.766666666666666,402,402,0,1,1,586,74,10,10,536,440,88,11
3707,61.78333333333333,402,402,0,1,1,585,78,10,10,536,440,88,11
3708,61.8,402,402,0,1,1,584,82,10,10,536,440,88,11
3709,61.81666666666667,402,402,0,1,1,583,86,10,10,536,440,88,11
3710,61.833333333333336,402,402,0,1,1,582,90,10,10,536,440,88,11
3711,61.85,402,402,0,1,1,581,94,10,10,536,440,88,11
3712,61.86666666666667,402,402,0,1,1,580,98,10,10,536,440,88,11
3713,61.88333333333333,402,402,0,1,1,579,102,10,10,536,440,88,11
3714,61.9,402,402,0,1,1,578,106,10,10,536,440,88,11
3715,61.916666666666664,402,402,0,1,1,577,110,10,10,536,440,88,11
3716,61.93333333333333,402,402,0,1,1,576,114,10,10,536,440,88,11
3717,61.95,402,402,0,1,1,575,118,10,10,536,440,88,11
3718,61.96666666666667,402,402,0,1,1,574,122,10,10,536,440,88,11
3719,61.983333333333334,402,402,0,1,1,573,126,10,10,536,440,88,11
3720,62.0,402,402,0,1,1,572,130,10,10,536,440,88,11
3721,62.016666666666666,402,402,0,1,1,571,134,10,10,536,440,88,11
3722,62.03333333333333,402,402,0,1,1,570,138,10,10,536,440,88,11
3723,62.05,402,402,0,1,1,569,142,10,10,536,440,88,11
3724,62.06666666666667,402,402,0,1,1,568,146,10,10,536,440,88,11
3725,62.083333333333336,402,402,0,1,1,567,150,10,10,536,440,88,11
3726,62.1,402,402,0,1,1,566,154,10,10,536,440,88,11
3727,62.11666666666667,402,402,0,1,1,565,158,10,10,536,440,88,11
3728,62.13333333333333,402,402,0,1,1,564,162,10,10,536,440,88,11
3729,62.15,402,402,0,1,1,563,166,10,10,536,440,88,11
3730,62.166666666666664,402,402,0,1,1,562,170,10,10,536,440,88,11
3731,62.18333333333333,402,402,0,1,1,561,174,10,10,536,440,88,11
3732,62.2,402,402,0,1,1,560,178,10,10,536,440,88,11
3733,62.21666666666667,402,402,0,1,1,559,182,10,10,536,440,88,11
3734,62.233333333333334,402,402,0,1,1,558,186,10,10,536,440,88,11
3735,62.25,402,402,0,1,1,557,190,10,10,536,440,88,11
3736,62.266666666666666,402,402,0,1,1,556,194,10,10,536,440,88,11
3737,62.28333333333333,402,402,0,1,1,555,198,10,10,536,440,88,11
3738,62.3,402,402,0,1,1,554,202,10,10,536,440,88,11
3739,62.31666666666667,402,402,0,1,1,553,206,10,10,536,440,88,11
3740,62.333333333333336,402,402,0,1,1,552,210,10,10,536,440,88,11
3741,62.35,402,402,0,1,1,551,214,10,10,536,440,88,11
3742,62.36666666666667,402,402,0,1,1,550,218,10,10,536,440,88,11
3743,62.38333333333333,402,402,0,1,1,549,222,10,10,536,440,88,11
3744,62.4,402,402,0,1,1,549,222,10,10,536,440,88,11
3745,62.416666666666664,402,402,0,1,1,548,226,10,10,536,440,88,11
3746,62.43333333333333,402,402,0,1,1,546,234,10,10,536,440,88,11
3747,62.45,402,402,0,1,1,545,238,10,10,530,440,88,11
3748,62.46666666666667,402,402,0,1,1,544,242,10,10,530,440,88,11
3749,62.483333333333334,402,402,0,1,1,543,246,10,10,530,440,88,11
3750,62.5,402,402,0,1,1,542,250,10,10,530,440,88,11
3751,62.516666666666666,402,402,0,1,1,541,254,10,10,524,440,88,11
3752,62.53333333333333,402,402,0,1,1,540,258,10,10,530,440,88,11
3753,62.55,402,402,0,1,1,539,262,10,10,524,440,88,11
3754,62.56666666666667,402,402,0,1,1,538,266,10,10,524,440,88,11
3755,62.583333333333336,402,402,0,1,1,537,270,10,10,524,440,88,11
3756,62.6,402,402,0,1,1,536,274,10,10,524,440,88,11
3757,62.61666666666667,402,402,0,1,1,535,278,10,10,518,440,88,11
3758,62.63333333333333,402,402,0,1,1,534,282,10,10,524,440,88,11
3759,62.65,402,402,0,1,1,533,286,10,10,518,440,88,11
3760,62.666666666666664,402,402,0,1,1,532,290,10,10,518,440,88,11
3761,62.68333333333333,402,402,0,1,1,531,294,10,10,518,440,88,11
3762,62.7,402,402,0,1,1,530,298,10,10,518,440,88,11
3763,62.71666666666667,402,402,0,1,1,529,302,10,10,512,440,88,11
3764,62.733333333333334,402,402,0,1,1,528,306,10,10,518,440,88,11
3765,62.75,402,402,0,1,1,527,310,10,10,512,440,88,11
3766,62.766666666666666,402,402,0,1,1,526,314,10,10,512,440,88,11
3767,62.78333333333333,402,402,0,1,1,525,318,10,10,512,440,88,11
3768,62.8,402,402,0,1,1,524,322,10,10,512,440,88,11
3769,62.81666666666667,402,402,0,1,1,523,326,10,10,506,440,88,11
3770,62.833333333333336,402,402,0,1,1,522,330,10,10,512,440,88,11
3771,62.85,402,402,0,1,1,521,334,10,10,506,440,88,11
3772,62.86666666666667,402,402,0,1,1,520,338,10,10,506,440,88,11
3773,62.88333333333333,402,402,0,1,1,519,342,10,10,506,440,88,11
3774,62.9,402,402,0,1,1,518,346,10,10,506,440,88,11
3775,62.916666666666664,402,402,0,1,1,517,350,10,10,500,440,88,11
3776,62.93333333333333,402,402,0,1,1,516,354,10,10,506,440,88,11
3777,62.95,402,402,0,1,1,515,358,10,10,500,440,88,11
3778,62.96666666666667,402,402,0,1,1,514,362,10,10,500,440,88,11
3779,62.983333333333334,402,402,0,1,1,513,366,10,10,500,440,88,11
3780,63.0,402,402,0,1,1,512,370,10,10,500,440,88,11
3781,63.016666666666666,402,402,0,1,1,511,374,10,10,494,440,88,11
3782,63.03333333333333,402,402,0,1,1,510,378,10,10,500,440,88,11
3783,63.05,402,402,0,1,1,509,382,10,10,494,440,88,11
3784,63.06666666666667,402,402,0,1,1,508,386,10,10,494,440,88,11
3785,63.083333333333336,402,402,0,1,1,507,390,10,10,494,440,88,11
3786,63.1,402,402,0,1,1,506,394,10,10,494,440,88,11
3787,63.11666666666667,402,402,0,1,1,505,398,10,10,488,440,88,11
3788,63.13333333333333,402,402,0,1,1,504,402,10,10,494,440,88,11
3789,63.15,402,402,0,1,1,503,406,10,10,488,440,88,11
3790,63.166666666666664,402,402,0,1,1,502,410,10,10,488,440,88,11
3791,63.18333333333333,402,402,0,1,1,501,414,10,10,488,440,88,11
3792,63.2,402,402,0,1,1,500,418,10,10,488,440,88,11
3793,63.21666666666667,402,402,0,1,1,499,422,10,10,482,440,88,11
3794,63.233333333333334,402,402,0,1,1,498,426,10,10,488,440,88,11
3795,63.25,402,402,0,1,1,497,428,10,10,482,440,88,11
3796,63.266666666666666,402,402,0,1,1,495,424,10,10,482,440,88,11
3797,63.28333333333333,402,402,0,1,1,493,420,10,10,482,440,88,11
3798,63.3,402,402,0,1,1,491,416,10,10,476,440,88,11
3799,63.31666666666667,402,402,0,1,1,489,412,10,10,476,440,88,11
3800,63.333333333333336,402,402,0,1,1,487,408,10,10,476,440,88,11
3801,63.35,402,402,0,1,1,485,404,10,10,470,440,88,11
3802,63.36666666666667,402,402,0,1,1,483,400,10,10,470,440,88,11
3803,63.38333333333333,402,402,0,1,1,481,396,10,10,470,440,88,11
3804,63.4,402,402,0,1,1,479,392,10,10,464,440,88,11
3805,63.416666666666664,402,402,0,1,1,479,392,10,10,464,440,88,11
3806,63.43333333333333,402,402,0,1,1,477,388,10,10,464,440,88,11
3807,63.45,402,402,0,1,1,473,380,10,10,458,440,88,11
3808,63.46666666666667,402,402,0,1,1,471,376,10,10,458,440,88,11
3809,63.483333333333334,402,402,0,1,1,469,372,10,10,458,440,88,11
3810,63.5,402,402,0,1,1,467,368,10,10,452,440,88,11
3811,63.516666666666666,402,402,0,1,1,465,364,10,10,452,440,88,11
3812,63.53333333333333,402,402,0,1,1,463,360,10,10,452,440,88,11
3813,63.55,402,402,0,1,1,459,352,10,10,446,440,88,11
3814,63.56666666666667,402,402,0,1,1,457,348,10,10,446,440,88,11
3815,63.583333333333336,402,402,0,1,1,455,344,10,10,440,440,88,11
3816,63.6,402,402,0,1,1,453,340,10,10,440,440,88,11
3817,63.61666666666667,402,402,0,1,1,451,336,10,10,440,440,88,11
3818,63.63333333333333,402,402,0,1,1,449,332,10,10,434,440,88,11
3819,63.65,402,402,0,1,1,447,328,10,10,434,440,88,11
3820,63.666666666666664,402,402,0,1,1,445,324,10,10,434,440,88,11
3821,63.68333333333333,402,402,0,1,1,443,320,10,10,428,440,88,11
3822,63.7,402,402,0,1,1,441,316,10,10,428,440,88,11
3823,63.71666666666667,402,402,0,1,1,439,312,10,10,428,440,88,11
3824,63.733333333333334,402,402,0,1,1,437,308,10,10,422,440,88,11
3825,63.75,402,402,0,1,1,435,304,10,10,422,440,88,11
3826,63.766666666666666,402,402,0,1,1,433,300,10,10,422,440,88,11
3827,63.78333333333333,402,402,0,1,1,431,296,10,10,416,440,88,11
3828,63.8,402,402,0,1,1,429,292,10,10,416,440,88,11
3829,63.81666666666667,402,402,0,1,1,427,288,10,10,416,440,88,11
3830,63.833333333333336,402,402,0,1,1,425,284,10,10,410,440,88,11
3831,63.85,402,402,0,1,1,423,280,10,10,410,440,88,11
3832,63.86666666666667,402,402,0,1,1,421,276,10,10,410,440,88,11
3833,63.88333333333333,402,402,0,1,1,419,272,10,10,404,440,88,11
3834,63.9,402,402,0,1,1,417,268,10,10,404,440,88,11
3835,63.916666666666664,402,402,0,1,1,415,264,10,10,404,440,88,11
3836,63.93333333333333,402,402,0,1,1,413,260,10,10,398,440,88,11
3837,63.95,402,402,0,1,1,411,256,10,10,398,440,88,11
3838,63.96666666666667,402,402,0,1,1,409,252,10,10,398,440,88,11
3839,63.983333333333334,402,402,0,1,1,407,248,10,10,392,440,88,11
3840,64.0,402,402,0,1,1,405,244,10,10,392,440,88,11
3841,64.01666666666667,402,402,0,1,1,403,240,10,10,392,440,88,11
3842,64.03333333333333,402,402,0,1,1,401,236,10,10,386,440,88,11
3843,64.05,402,402,0,1,1,399,232,10,10,386,440,88,11
3844,64.06666666666666,402,402,0,1,1,397,228,10,10,386,440,88,11
3845,64.08333333333333,402,402,0,1,1,395,224,10,10,380,440,88,11
3846,64.1,402,402,0,1,1,393,220,10,10,380,440,88,11
3847,64.11666666666666,402,402,0,1,1,391,216,10,10,380,440,88,11
3848,64.13333333333334,402,402,0,1,1,389,212,10,10,374,440,88,11
3849,64.15,402,402,0,1,1,387,208,10,10,374,440,88,11
3850,64.16666666666667,402,402,0,1,1,385,204,10,10,374,440,88,11
3851,64.18333333333334,402,402,0,1,1,383,200,10,10,368,440,88,11
3852,64.2,402,402,0,1,1,381,196,10,10,368,440,88,11
3853,64.21666666666667,402,402,0,1,1,379,192,10,10,368,440,88,11
3854,64.23333333333333,402,402,0,1,1,377,188,10,10,362,440,88,11
3855,64.25,402,402,0,1,1,375,184,10,10,362,440,88,11
3856,64.26666666666667,402,402,0,1,1,373,180,10,10,362,440,88,11
3857,64.28333333333333,402,402,0,1,1,371,176,10,10,356,440,88,11
3858,64.3,402,402,0,1,1,369,172,10,10,356,440,88,11
3859,64.31666666666666,402,402,0,1,1,367,168,10,10,356,440,88,11
3860,64.33333333333333,402,402,0,1,1,365,164,10,10,350,440,88,11
3861,64.35,402,402,0,1,1,363,160,10,10,350,440,88,11
3862,64.36666666666666,402,402,0,1,1,361,156,10,10,350,440,88,11
3863,64.38333333333334,402,402,0,1,1,359,152,10,10,344,440,88,11
3864,64.4,402,402,0,1,1,357,148,10,10,344,440,88,11
3865,64.41666666666667,402,402,0,1,1,355,144,10,10,344,440,88,11
3866,64.43333333333334,402,402,0,1,1,353,140,10,10,338,440,88,11
3867,64.45,402,402,0,1,1,351,136,10,10,338,440,88,11
3868,64.46666666666667,402,402,0,1,1,349,132,10,10,338,440,88,11
3869,64.48333333333333,402,402,0,1,1,347,128,10,10,332,440,88,11
3870,64.5,402,402,0,1,1,345,124,10,10,332,440,88,11
3871,64.51666666666667,402,402,0,1,1,343,120,10,10,332,440,88,11
3872,64.53333333333333,402,402,0,1,1,341,116,10,10,326,440,88,11
3873,64.55,402,402,0,1,1,339,112,10,10,326,440,88,11
3874,64.56666666666666,402,402,0,1,1,337,108,10,10,326,440,88,11
3875,64.58333333333333,402,402,0,1,1,335,104,10,10,320,440,88,11
3876,64.6,402,402,0,1,1,333,100,10,10,320,440,88,11
3877,64.61666666666666,402,402,0,1,1,331,96,10,10,320,440,88,11
3878,64.63333333333334,402,402,0,1,1,329,92,10,10,314,440,88,11
3879,64.65,402,402,0,1,1,327,88,10,10,314,440,88,11
3880,64.66666666666667,402,402,0,1,1,325,84,10,10,314,440,88,11
3881,64.68333333333334,402,402,0,1,1,323,80,10,10,308,440,88,11
3882,64.7,402,402,0,1,1,321,76,10,10,308,440,88,11
3883,64.71666666666667,402,402,0,1,1,319,72,10,10,308,440,88,11
3884,64.73333333333333,402,402,0,1,1,317,68,10,10,302,440,88,11
3885,64.75,402,402,0,1,1,315,64,10,10,302,440,88,11
3886,64.76666666666667,402,402,0,1,1,313,60,10,10,302,440,88,11
3887,64.78333333333333,402,402,0,1,1,311,56,10,10,296,440,88,11
3888,64.8,402,402,0,1,1,309,52,10,10,296,440,88,11
3889,64.81666666666666,402,402,0,1,1,307,49,10,10,296,440,88,11
3890,64.83333333333333,402,402,0,1,1,305,53,10,10,290,440,88,11
3891,64.85,402,402,0,1,1,303,57,10,10,290,440,88,11
3892,64.86666666666666,402,402,0,1,1,301,61,10,10,290,440,88,11
3893,64.88333333333334,402,402,0,1,1,299,65,10,10,284,440,88,11
3894,64.9,402,402,0,1,1,299,65,10,10,284,440,88,11
3895,64.91666666666667,402,402,0,1,1,297,66,10,10,284,440,88,11
3896,64.93333333333334,402,402,0,1,1,297,66,10,10,284,440,88,11
3897,64.95,402,402,0,1,1,293,58,10,10,278,440,88,11
3898,64.96666666666667,402,402,0,1,1,289,50,10,10,278,440,88,11
3899,64.98333333333333,402,402,0,1,1,287,52,10,9,272,440,88,11
3900,65.0,402,402,0,1,1,285,56,10,9,272,440,88,11
3901,65.01666666666667,402,402,0,1,1,283,60,10,9,272,440,88,11
3902,65.03333333333333,402,402,0,1,1,281,64,10,9,266,440,88,11
3903,65.05,402,402,0,1,1,279,68,10,9,266,440,88,11
3904,65.06666666666666,402,402,0,1,1,277,72,10,9,266,440,88,11
3905,65.08333333333333,402,402,0,1,1,275,76,10,9,260,440,88,11
3906,65.1,402,402,0,1,1,273,80,10,9,260,440,88,11
3907,65.11666666666666,402,402,0,1,1,271,84,10,9,260,440,88,11
3908,65.13333333333334,402,402,0,1,1,269,88,10,9,254,440,88,11
3909,65.15,402,402,0,1,1,267,92,10,9,254,440,88,11
3910,65.16666666666667,402,402,0,1,1,265,96,10,9,254,440,88,11
3911,65.18333333333334,402,402,0,1,1,263,100,10,9,248,440,88,11
3912,65.2,402,402,0,1,1,261,104,10,9,248,440,88,11
3913,65.21666666666667,402,402,0,1,1,259,108,10,9,248,440,88,11
3914,65.23333333333333,402,402,0,1,1,257,112,10,9,242,440,88,11
3915,65.25,402,402,0,1,1,255,116,10,9,242,440,88,11
3916,65.26666666666667,402,402,0,1,1,253,120,10,9,242,440,88,11
3917,65.28333333333333,402,402,0,1,1,251,124,10,9,236,440,88,11
3918,65.3,402,402,0,1,1,249,128,10,9,236,440,88,11
3919,65.31666666666666,402,402,0,1,1,248,132,9,9,230,440,88,11
3920,65.33333333333333,402,402,0,1,1,248,132,9,9,230,440,88,11
3921,65.35,402,402,0,1,1,246,136,10,9,224,440,88,11
3922,65.36666666666666,402,402,0,1,1,246,136,10,9,224,440,88,11
3923,65.38333333333334,402,402,0,1,1,250,144,10,9,212,440,88,11
3924,65.4,402,402,0,1,1,254,152,10,9,200,440,88,11
3925,65.41666666666667,402,402,0,1,1,256,156,10,9,194,440,88,11
3926,65.43333333333334,402,402,0,1,1,258,160,10,9,194,440,88,11
3927,65.45,402,402,0,1,1,260,164,10,9,194,440,88,11
3928,65.46666666666667,402,402,0,1,1,260,164,10,9,194,440,88,11
3929,65.48333333333333,402,402,0,1,1,262,168,10,9,200,440,88,11
3930,65.5,402,402,0,1,1,266,176,10,9,200,440,88,11
3931,65.51666666666667,402,402,0,1,1,268,180,10,9,206,440,88,11
3932,65.53333333333333,402,402,0,1,1,270,184,10,9,206,440,88,11
3933,65.55,402,402,0,1,1,272,188,10,9,206,440,88,11
3934,65.56666666666666,402,402,0,1,1,274,192,10,9,212,440,88,11
3935,65.58333333333333,402,402,0,1,1,276,196,10,9,212,440,88,11
3936,65.6,402,402,0,1,1,278,200,10,9,212,440,88,11
3937,65.61666666666666,402,402,0,1,1,280,204,10,9,218,440,88,11
3938,65.63333333333334,402,402,0,1,1,282,208,10,9,218,440,88,11
3939,65.65,402,402,0,1,1,284,212,10,9,218,440,88,11
3940,65.66666666666667,402,402,0,1,1,286,216,10,9,224,440,88,11
3941,65.68333333333334,402,402,0,1,1,288,220,10,9,224,440,88,11
3942,65.7,402,402,0,1,1,290,224,10,9,224,440,88,11
3943,65.71666666666667,402,402,0,1,1,292,228,10,9,230,440,88,11
3944,65.73333333333333,402,402,0,1,1,294,232,10,9,230,440,88,11
3945,65.75,402,402,0,1,1,296,236,10,9,230,440,88,11
3946,65.76666666666667,402,402,0,1,1,298,240,10,9,236,440,88,11
3947,65.78333333333333,402,402,0,1,1,300,244,10,9,236,440,88,11
3948,65.8,402,402,0,1,1,302,248,10,9,236,440,88,11
3949,65.81666666666666,402,402,0,1,1,304,252,10,9,242,440,88,11
3950,65.83333333333333,402,402,0,1,1,306,256,10,9,242,440,88,11
3951,65.85,402,402,0,1,1,308,260,10,9,242,440,88,11
3952,65.86666666666666,402,402,0,1,1,310,264,10,9,248,440,88,11
3953,65.88333333333334,402,402,0,1,1,312,268,10,9,248,440,88,11
3954,65.9,402,402,0,1,1,314,272,10,9,248,440,88,11
3955,65.91666666666667,402,402,0,1,1,316,276,10,9,254,440,88,11
3956,65.93333333333334,402,402,0,1,1,318,280,10,9,254,440,88,11
3957,65.95,402,402,0,1,1,320,284,10,9,254,440,88,11
3958,65.96666666666667,402,402,0,1,1,322,288,10,9,260,440,88,11
3959,65.98333333333333,402,402,0,1,1,324,292,10,9,260,440,88,11
3960,66.0,402,402,0,1,1,326,296,10,9,260,440,88,11
3961,66.01666666666667,402,402,0,1,1,328,300,10,9,266,440,88,11
3962,66.03333333333333,402,402,0,1,1,330,304,10,9,266,440,88,11
3963,66.05,402,402,0,1,1,332,308,10,9,266,440,88,11
3964,66.06666666666666,402,402,0,1,1,334,312,10,9,272,440,88,11
3965,66.08333333333333,402,402,0,1,1,336,316,10,9,272,440,88,11
3966,66.1,402,402,0,1,1,338,320,10,9,272,440,88,11
3967,66.11666666666666,402,402,0,1,1,340,324,10,9,278,440,88,11
3968,66.13333333333334,402,402,0,1,1,342,328,10,9,278,440,88,11
3969,66.15,402,402,0,1,1,344,332,10,9,278,440,88,11
3970,66.16666666666667,402,402,0,1,1,344,332,10,9,278,440,88,11
3971,66.18333333333334,402,402,0,1,1,346,336,10,9,284,440,88,11
3972,66.2,402,402,0,1,1,348,340,10,9,284,440,88,11
3973,66.21666666666667,402,402,0,1,1,350,344,10,9,284,440,88,11
3974,66.23333333333333,402,402,0,1,1,352,348,10,9,290,440,88,11
3975,66.25,402,402,0,1,1,354,352,10,9,290,440,88,11
3976,66.26666666666667,402,402,0,1,1,356,356,10,9,290,440,88,11
3977,66.28333333333333,402,402,0,1,1,358,360,10,9,296,440,88,11
3978,66.3,402,402,0,1,1,360,364,10,9,296,440,88,11
3979,66.31666666666666,402,402,0,1,1,362,368,10,9,296,440,88,11
3980,66.33333333333333,402,402,0,1,1,364,372,10,9,302,440,88,11
3981,66.35,402,402,0,1,1,366,376,10,9,302,440,88,11
3982,66.36666666666666,402,402,0,1,1,368,380,10,9,302,440,88,11
3983,66.38333333333334,402,402,0,1,1,370,384,10,9,308,440,88,11
3984,66.4,402,402,0,1,1,372,388,10,9,308,440,88,11
3985,66.41666666666667,402,402,0,1,1,374,392,10,9,308,440,88,11
3986,66.43333333333334,402,402,0,1,1,376,396,10,9,314,440,88,11
3987,66.45,402,402,0,1,1,378,400,10,9,314,440,88,11
3988,66.46666666666667,402,402,0,1,1,380,404,10,9,314,440,88,11
3989,66.48333333333333,402,402,0,1,1,382,408,10,9,320,440,88,11
3990,66.5,402,402,0,1,1,382,408,10,9,320,440,88,11
3991,66.51666666666667,402,402,0,1,1,384,412,10,9,320,440,88,11
3992,66.53333333333333,402,402,0,1,1,388,420,10,9,326,440,88,11
3993,66.55,402,402,0,1,1,390,424,10,9,326,440,88,11
3994,66.56666666666666,402,402,0,1,1,392,428,10,9,326,440,88,11
3995,66.58333333333333,402,402,0,1,1,394,428,10,9,332,440,88,11
3996,66.6,402,402,0,1,1,396,424,10,9,332,440,88,11
3997,66.61666666666666,402,402,0,1,1,398,420,10,9,332,440,88,11
3998,66.63333333333334,402,402,0,1,1,400,416,10,9,338,440,88,11
3999,66.65,402,402,0,1,1,402,412,10,9,338,440,88,11
4000,66.66666666666667,402,402,0,1,1,404,408,10,9,338,440,88,11
4001,66.68333333333334,402,402,0,1,1,406,404,10,9,344,440,88,11
4002,66.7,402,402,0,1,1,408,400,10,9,344,440,88,11
4003,66.71666666666667,402,402,0,1,1,410,396,10,9,344,440,88,11
4004,66.73333333333333,402,402,0,1,1,412,392,10,9,350,440,88,11
4005,66.75,402,402,0,1,1,414,388,10,9,350,440,88,11
4006,66.76666666666667,402,402,0,1,1,416,384,10,9,350,440,88,11
4007,66.78333333333333,402,402,0,1,1,418,380,10,9,356,440,88,11
4008,66.8,402,402,0,1,1,420,376,10,9,356,440,88,11
4009,66.81666666666666,402,402,0,1,1,422,372,10,9,356,440,88,11
4010,66.83333333333333,402,402,0,1,1,424,368,10,9,362,440,88,11
4011,66.85,402,402,0,1,1,426,364,10,9,362,440,88,11
4012,66.86666666666666,402,402,0,1,1,428,360,10,9,362,440,88,11
4013,66.88333333333334,402,402,0,1,1,430,356,10,9,368,440,88,11
4014,66.9,402,402,0,1,1,432,352,10,9,368,440,88,11
4015,66.91666666666667,402,402,0,1,1,434,348,10,9,368,440,88,11
4016,66.93333333333334,402,402,0,1,1,436,344,10,9,374,440,88,11
4017,66.95,402,402,0,1,1,438,340,10,9,374,440,88,11
4018,66.96666666666667,402,402,0,1,1,440,336,10,9,374,440,88,11
4019,66.98333333333333,402,402,0,1,1,442,332,10,9,380,440,88,11
4020,67.0,402,402,0,1,1,444,328,10,9,380,440,88,11
4021,67.01666666666667,402,402,0,1,1,446,324,10,9,380,440,88,11
4022,67.03333333333333,402,402,0,1,1,448,320,10,9,386,440,88,11
4023,67.05,402,402,0,1,1,450,316,10,9,386,440,88,11
4024,67.06666666666666,402,402,0,1,1,452,312,10,9,386,440,88,11
4025,67.08333333333333,402,402,0,1,1,454,308,10,9,392,440,88,11
4026,67.1,402,402,0,1,1,456,304,10,9,392,440,88,11
4027,67.11666666666666,402,402,0,1,1,458,300,10,9,392,440,88,11
4028,67.13333333333334,402,402,0,1,1,460,296,10,9,398,440,88,11
4029,67.15,402,402,0,1,1,462,292,10,9,398,440,88,11
4030,67.16666666666667,402,402,0,1,1,464,288,10,9,398,440,88,11
4031,67.18333333333334,402,402,0,1,1,466,284,10,9,404,440,88,11
4032,67.2,402,402,0,1,1,468,280,10,9,404,440,88,11
4033,67.21666666666667,402,402,0,1,1,470,276,10,9,404,440,88,11
4034,67.23333333333333,402,402,0,1,1,472,272,10,9,410,440,88,11
4035,67.25,402,402,0,1,1,474,268,10,9,410,440,88,11
4036,67.26666666666667,402,402,0,1,1,476,264,10,9,410,440,88,11
4037,67.28333333333333,402,402,0,1,1,478,260,10,9,416,440,88,11
4038,67.3,402,402,0,1,1,480,256,10,9,416,440,88,11
4039,67.31666666666666,402,402,0,1,1,482,252,10,9,416,440,88,11
4040,67.33333333333333,402,402,0,1,1,484,248,10,9,422,440,88,11
4041,67.35,402,402,0,1,1,486,244,10,9,422,440,88,11
4042,67.36666666666666,402,402,0,1,1,488,240,10,9,422,440,88,11
4043,67.38333333333334,402,402,0,1,1,490,236,10,9,428,440,88,11
4044,67.4,402,402,0,1,1,492,232,10,9,428,440,88,11
4045,67.41666666666667,402,402,0,1,1,494,228,10,9,428,440,88,11
4046,67.43333333333334,402,402,0,1,1,496,224,10,9,434,440,88,11
4047,67.45,402,402,0,1,1,498,220,10,9,434,440,88,11
4048,67.46666666666667,402,402,0,1,1,500,216,10,9,434,440,88,11
4049,67.48333333333333,402,402,0,1,1,502,212,10,9,440,440,88,11
4050,67.5,402,402,0,1,1,504,208,10,9,440,440,88,11
4051,67.51666666666667,402,402,0,1,1,506,204,10,9,440,440,88,11
4052,67.53333333333333,402,402,0,1,1,508,200,10,9,446,440,88,11
4053,67.55,402,402,0,1,1,510,196,10,9,446,440,88,11
4054,67.56666666666666,402,402,0,1,1,512,192,10,9,446,440,88,11
4055,67.58333333333333,402,402,0,1,1,514,188,10,9,452,440,88,11
4056,67.6,402,402,0,1,1,516,184,10,9,452,440,88,11
4057,67.61666666666666,402,402,0,1,1,518,180,10,9,452,440,88,11
4058,67.63333333333334,402,402,0,1,1,520,176,10,9,458,440,88,11
4059,67.65,402,402,0,1,1,522,172,10,9,458,440,88,11
4060,67.66666666666667,402,402,0,1,1,524,168,10,9,458,440,88,11
4061,67.68333333333334,402,402,0,1,1,526,164,10,9,464,440,88,11
4062,67.7,402,402,0,1,1,528,160,10,9,464,440,88,11
4063,67.71666666666667,402,402,0,1,1,530,156,10,9,464,440,88,11
4064,67.73333333333333,402,402,0,1,1,532,152,10,9,470,440,88,11
4065,67.75,402,402,0,1,1,534,148,10,9,470,440,88,11
4066,67.76666666666667,402,402,0,1,1,536,144,10,9,470,440,88,11
4067,67.78333333333333,402,402,0,1,1,538,140,10,9,476,440,88,11
4068,67.8,402,402,0,1,1,540,136,10,9,476,440,88,11
4069,67.81666666666666,402,402,0,1,1,542,132,10,9,476,440,88,11
4070,67.83333333333333,402,402,0,1,1,544,128,10,9,482,440,88,11
4071,67.85,402,402,0,1,1,546,124,10,9,482,440,88,11
4072,67.86666666666666,402,402,0,1,1,548,120,10,9,482,440,88,11
4073,67.88333333333334,402,402,0,1,1,550,116,10,9,488,440,88,11
4074,67.9,402,402,0,1,1,552,112,10,9,488,440,88,11
4075,67.91666666666667,402,402,0,1,1,554,108,10,9,488,440,88,11
4076,67.93333333333334,402,402,0,1,1,556,104,10,9,494,440,88,11
4077,67.95,402,402,0,1,1,558,100,10,9,494,440,88,11
4078,67.96666666666667,402,402,0,1,1,560,96,10,9,494,440,88,11
4079,67.98333333333333,402,402,0,1,1,562,92,10,9,500,440,88,11
4080,68.0,402,402,0,1,1,564,88,10,9,500,440,88,11
4081,68.01666666666667,402,402,0,1,1,566,84,10,9,500,440,88,11
4082,68.03333333333333,402,402,0,1,1,568,80,10,9,506,440,88,11
4083,68.05,402,402,0,1,1,570,76,10,9,506,440,88,11
4084,68.06666666666666,402,402,0,1,1,572,72,10,9,506,440,88,11
4085,68.08333333333333,402,402,0,1,1,574,68,10,9,512,440,88,11
4086,68.1,402,402,0,1,1,576,64,10,9,512,440,88,11
4087,68.11666666666666,402,402,0,1,1,578,60,10,9,512,440,88,11
4088,68.13333333333334,402,402,0,1,1,580,56,10,9,518,440,88,11
4089,68.15,402,402,0,1,1,582,52,10,9,518,440,88,11
4090,68.16666666666667,402,402,0,1,1,584,50,10,10,518,440,88,11
4091,68.18333333333334,402,402,0,1,1,586,54,10,10,524,440,88,11
4092,68.2,402,402,0,1,1,588,58,10,10,524,440,88,11
4093,68.21666666666667,402,402,0,1,1,590,62,10,10,524,440,88,11
4094,68.23333333333333,402,402,0,1,1,592,66,10,10,530,440,88,11
4095,68.25,402,402,0,1,1,594,70,10,10,530,440,88,11
4096,68.26666666666667,402,402,0,1,1,596,74,10,10,530,440,88,11
4097,68.28333333333333,402,402,0,1,1,598,78,10,10,536,440,88,11
4098,68.3,402,402,0,1,1,600,82,10,10,536,440,88,11
4099,68.31666666666666,402,402,0,1,1,602,86,10,10,536,440,88,11
4100,68.33333333333333,402,402,0,1,1,604,90,10,10,536,440,88,11
4101,68.35,402,402,0,1,1,606,94,10,10,536,440,88,11
4102,68.36666666666666,402,402,0,1,1,608,98,10,10,536,440,88,11
4103,68.38333333333334,402,402,0,1,1,610,102,10,10,536,440,88,11
4104,68.4,402,402,0,1,1,612,106,10,10,536,440,88,11
4105,68.41666666666667,402,402,0,1,1,614,110,10,10,536,440,88,11
4106,68.43333333333334,402,402,0,1,1,612,114,10,10,536,440,88,11
4107,68.45,402,402,0,1,1,610,118,10,10,536,440,88,11
4108,68.46666666666667,402,402,0,1,1,608,122,10,10,536,440,88,11
4109,68.48333333333333,402,402,0,1,1,606,126,10,10,536,440,88,11
4110,68.5,402,402,0,1,1,604,130,10,10,536,440,88,11
4111,68.51666666666667,402,402,0,1,1,602,134,10,10,536,440,88,11
4112,68.53333333333333,402,402,0,1,1,600,138,10,10,536,440,88,11
4113,68.55,402,402,0,1,1,598,142,10,10,536,440,88,11
4114,68.56666666666666,402,402,0,1,1,596,146,10,10,536,440,88,11
4115,68.58333333333333,402,402,0,1,1,594,150,10,10,530,440,88,11
4116,68.6,402,402,0,1,1,592,154,10,10,530,440,88,11
4117,68.61666666666666,402,402,0,1,1,590,158,10,10,530,440,88,11
4118,68.63333333333334,402,402,0,1,1,588,162,10,10,524,440,88,11
4119,68.65,402,402,0,1,1,586,166,10,10,524,440,88,11
4120,68.66666666666667,402,402,0,1,1,584,170,10,10,524,440,88,11
4121,68.68333333333334,402,402,0,1,1,582,174,10,10,518,440,88,11
4122,68.7,402,402,0,1,1,580,178,10,10,518,440,88,11
4123,68.71666666666667,402,402,0,1,1,578,182,10,10,518,440,88,11
4124,68.73333333333333,402,402,0,1,1,576,186,10,10,512,440,88,11
4125,68.75,402,402,0,1,1,574,190,10,10,512,440,88,11
4126,68.76666666666667,402,402,0,1,1,572,194,10,10,512,440,88,11
4127,68.78333333333333,402,402,0,1,1,570,198,10,10,506,440,88,11
4128,68.8,402,402,0,1,1,568,202,10,10,506,440,88,11
4129,68.81666666666666,402,402,0,1,1,566,206,10,10,506,440,88,11
4130,68.83333333333333,402,402,0,1,1,564,210,10,10,500,440,88,11
4131,68.85,402,402,0,1,1,560,218,10,10,500,440,88,11
4132,68.86666666666666,402,402,0,1,1,558,222,10,10,494,440,88,11
4133,68.88333333333334,402,402,0,1,1,556,226,10,10,494,440,88,11
4134,68.9,402,402,0,1,1,554,230,10,10,494,440,88,11
4135,68.91666666666667,402,402,0,1,1,552,234,10,10,488,440,88,11
4136,68.93333333333334,402,402,0,1,1,550,238,10,10,488,440,88,11
4137,68.95,402,402,0,1,1,548,242,10,10,488,440,88,11
4138,68.96666666666667,402,402,0,1,1,546,246,10,10,482,440,88,11
4139,68.98333333333333,402,402,0,1,1,544,250,10,10,482,440,88,11
4140,69.0,402,402,0,1,1,542,254,10,10,482,440,88,11
4141,69.01666666666667,402,402,0,1,1,540,258,10,10,476,440,88,11
4142,69.03333333333333,402,402,0,1,1,538,262,10,10,476,440,88,11
4143,69.05,402,402,0,1,1,536,266,10,10,476,440,88,11
4144,69.06666666666666,402,402,0,1,1,534,270,10,10,470,440,88,11
4145,69.08333333333333,402,402,0,1,1,532,274,10,10,470,440,88,11
4146,69.1,402,402,0,1,1,530,278,10,10,470,440,88,11
4147,69.11666666666666,402,402,0,1,1,528,282,10,10,464,440,88,11
4148,69.13333333333334,402,402,0,1,1,526,286,10,10,464,440,88,11
4149,69.15,402,402,0,1,1,524,290,10,10,464,440,88,11
4150,69.16666666666667,402,402,0,1,1,522,294,10,10,458,440,88,11
4151,69.18333333333334,402,402,0,1,1,520,298,10,10,458,440,88,11
4152,69.2,402,402,0,1,1,518,302,10,10,458,440,88,11
4153,69.21666666666667,402,402,0,1,1,516,306,10,10,452,440,88,11
4154,69.23333333333333,402,402,0,1,1,514,310,10,10,452,440,88,11
4155,69.25,402,402,0,1,1,512,314,10,10,452,440,88,11
4156,69.26666666666667,402,402,0,1,1,510,318,10,10,446,440,88,11
4157,69.28333333333333,402,402,0,1,1,508,322,10,10,446,440,88,11
4158,69.3,402,402,0,1,1,506,326,10,10,446,440,88,11
4159,69.31666666666666,402,402,0,1,1,504,330,10,10,452,440,88,11
4160,69.33333333333333,402,402,0,1,1,502,334,10,10,458,440,88,11
4161,69.35,402,402,0,1,1,500,338,10,10,464,440,88,11
4162,69.36666666666666,402,402,0,1,1,498,342,10,10,458,440,88,11
4163,69.38333333333334,402,402,0,1,1,496,346,10,10,458,440,88,11
4164,69.4,402,402,0,1,1,494,350,10,10,458,440,88,11
4165,69.41666666666667,402,402,0,1,1,492,354,10,10,452,440,88,11
4166,69.43333333333334,402,402,0,1,1,490,358,10,10,452,440,88,11
4167,69.45,402,402,0,1,1,488,362,10,10,452,440,88,11
4168,69.46666666666667,402,402,0,1,1,486,366,10,10,446,440,88,11
4169,69.48333333333333,402,402,0,1,1,484,370,10,10,446,440,88,11
4170,69.5,402,402,0,1,1,482,374,10,10,446,440,88,11
4171,69.51666666666667,402,402,0,1,1,480,378,10,10,440,440,88,11
4172,69.53333333333333,402,402,0,1,1,478,382,10,10,440,440,88,11
4173,69.55,402,402,0,1,1,476,386,10,10,440,440,88,11
4174,69.56666666666666,402,402,0,1,1,476,386,10,10,440,440,88,11
4175,69.58333333333333,402,402,0,1,1,474,390,10,10,434,440,88,11
4176,69.6,402,402,0,1,1,470,398,10,10,434,440,88,11
4177,69.61666666666666,402,402,0,1,1,468,402,10,10,428,440,88,11
4178,69.63333333333334,402,402,0,1,1,466,406,10,10,428,440,88,11
4179,69.65,402,402,0,1,1,464,410,10,10,428,440,88,11
4180,69.66666666666667,402,402,0,1,1,462,414,10,10,422,440,88,11
4181,69.68333333333334,402,402,0,1,1,460,418,10,10,422,440,88,11
4182,69.7,402,402,0,1,1,458,422,10,10,422,440,88,11
4183,69.71666666666667,402,402,0,1,1,456,426,10,10,416,440,88,11
4184,69.73333333333333,402,402,0,1,1,454,428,10,10,416,440,88,11
4185,69.75,402,402,0,1,1,453,424,10,10,416,440,88,11
4186,69.76666666666667,402,402,0,1,1,452,420,10,10,416,440,88,11
4187,69.78333333333333,402,402,0,1,1,451,416,10,10,410,440,88,11
4188,69.8,402,402,0,1,1,450,412,10,10,416,440,88,11
4189,69.81666666666666,402,402,0,1,1,449,408,10,10,410,440,88,11
4190,69.83333333333333,402,402,0,1,1,448,404,10,10,410,440,88,11
4191,69.85,402,402,0,1,1,447,400,10,10,410,440,88,11
4192,69.86666666666666,402,402,0,1,1,446,396,10,10,410,440,88,11
4193,69.88333333333334,402,402,0,1,1,445,392,10,10,404,440,88,11
4194,69.9,402,402,0,1,1,444,388,10,10,410,440,88,11
4195,69.91666666666667,402,402,0,1,1,443,384,10,10,404,440,88,11
4196,69.93333333333334,402,402,0,1,1,442,380,10,10,404,440,88,11
4197,69.95,402,402,0,1,1,441,376,10,10,404,440,88,11
4198,69.96666666666667,402,402,0,1,1,440,372,10,10,404,440,88,11
4199,69.98333333333333,402,402,0,1,1,439,368,10,10,398,440,88,11
4200,70.0,402,402,0,1,1,438,364,10,10,404,440,88,11
4201,70.01666666666667,402,402,0,1,1,437,360,10,10,398,440,88,11
4202,70.03333333333333,402,402,0,1,1,436,356,10,10,398,440,88,11
4203,70.05,402,402,0,1,1,435,352,10,10,398,440,88,11
4204,70.06666666666666,402,402,0,1,1,434,348,10,10,398,440,88,11
4205,70.08333333333333,402,402,0,1,1,433,344,10,10,392,440,88,11
4206,70.1,402,402,0,1,1,432,340,10,10,398,440,88,11
4207,70.11666666666666,402,402,0,1,1,431,336,10,10,392,440,88,11
4208,70.13333333333334,402,402,0,1,1,430,332,10,10,392,440,88,11
4209,70.15,402,402,0,1,1,429,328,10,10,392,440,88,11
4210,70.16666666666667,402,402,0,1,1,428,324,10,10,392,440,88,11
4211,70.18333333333334,402,402,0,1,1,427,320,10,10,386,440,88,11
4212,70.2,402,402,0,1,1,426,316,10,10,392,440,88,11
4213,70.21666666666667,402,402,0,1,1,425,312,10,10,386,440,88,11
4214,70.23333333333333,402,402,0,1,1,424,308,10,10,386,440,88,11
4215,70.25,402,402,0,1,1,423,304,10,10,386,440,88,11
4216,70.26666666666667,402,402,0,1,1,422,300,10,10,386,440,88,11
4217,70.28333333333333,402,402,0,1,1,421,296,10,10,380,440,88,11
4218,70.3,402,402,0,1,1,420,292,10,10,386,440,88,11
4219,70.31666666666666,402,402,0,1,1,419,288,10,10,380,440,88,11
4220,70.33333333333333,402,402,0,1,1,418,284,10,10,380,440,88,11
4221,70.35,402,402,0,1,1,417,280,10,10,380,440,88,11
4222,70.36666666666666,402,402,0,1,1,416,276,10,10,380,440,88,11
4223,70.38333333333334,402,402,0,1,1,415,272,10,10,374,440,88,11
4224,70.4,402,402,0,1,1,414,268,10,10,380,440,88,11
4225,70.41666666666667,402,402,0,1,1,413,264,10,10,374,440,88,11
4226,70.43333333333334,402,402,0,1,1,412,260,10,10,374,440,88,11
4227,70.45,402,402,0,1,1,411,256,10,10,374,440,88,11
4228,70.46666666666667,402,402,0,1,1,410,252,10,10,374,440,88,11
4229,70.48333333333333,402,402,0,1,1,409,248,10,10,368,440,88,11
4230,70.5,402,402,0,1,1,408,244,10,10,374,440,88,11
4231,70.51666666666667,402,402,0,1,1,407,240,10,10,368,440,88,11
4232,70.53333333333333,402,402,0,1,1,406,236,10,10,368,440,88,11
4233,70.55,402,402,0,1,1,405,232,10,10,368,440,88,11
4234,70.56666666666666,402,402,0,1,1,404,228,10,10,368,440,88,11
4235,70.58333333333333,402,402,0,1,1,404,228,10,10,368,440,88,11
4236,70.6,402,402,0,1,1,403,224,10,10,362,440,88,11
4237,70.61666666666666,402,402,0,1,1,401,216,10,10,362,440,88,11
4238,70.63333333333334,402,402,0,1,1,400,212,10,10,362,440,88,11
4239,70.65,402,402,0,1,1,399,208,10,10,362,440,88,11
4240,70.66666666666667,402,402,0,1,1,398,204,10,10,362,440,88,11
4241,70.68333333333334,402,402,0,1,1,397,200,10,10,356,440,88,11
4242,70.7,402,402,0,1,1,396,196,10,10,362,440,88,11
4243,70.71666666666667,402,402,0,1,1,395,192,10,10,356,440,88,11
4244,70.73333333333333,402,402,0,1,1,394,188,10,10,356,440,88,11
4245,70.75,402,402,0,1,1,393,184,10,10,356,440,88,11
4246,70.76666666666667,402,402,0,1,1,392,180,10,10,356,440,88,11
4247,70.78333333333333,402,402,0,1,1,392,180,10,10,356,440,88,11
4248,70.8,402,402,0,1,1,391,176,10,10,350,440,88,11
4249,70.81666666666666,402,402,0,1,1,390,172,10,10,356,440,88,11
4250,70.83333333333333,402,402,0,1,1,389,168,10,10,350,440,88,11
4251,70.85,402,402,0,1,1,388,164,10,10,350,440,88,11
4252,70.86666666666666,402,402,0,1,1,387,160,10,10,350,440,88,11
4253,70.88333333333334,402,402,0,1,1,386,156,10,10,350,440,88,11
4254,70.9,402,402,0,1,1,385,152,10,10,344,440,88,11
4255,70.91666666666667,402,402,0,1,1,384,148,10,10,350,440,88,11
4256,70.93333333333334,402,402,0,1,1,383,144,10,10,344,440,88,11
4257,70.95,402,402,0,1,1,382,140,10,10,344,440,88,11
4258,70.96666666666667,402,402,0,1,1,381,136,10,10,344,440,88,11
4259,70.98333333333333,402,402,0,1,1,380,132,10,10,344,440,88,11
4260,71.0,402,402,0,1,1,379,128,10,10,338,440,88,11
4261,71.01666666666667,402,402,0,1,1,378,124,10,10,344,440,88,11
4262,71.03333333333333,402,402,0,1,1,377,120,10,10,338,440,88,11
4263,71.05,402,402,0,1,1,376,116,10,10,338,440,88,11
4264,71.06666666666666,402,402,0,1,1,375,112,10,10,338,440,88,11
4265,71.08333333333333,402,402,0,1,1,374,108,10,10,338,440,88,11
4266,71.1,402,402,0,1,1,373,104,10,10,332,440,88,11
4267,71.11666666666666,402,402,0,1,1,372,100,10,10,338,440,88,11
4268,71.13333333333334,402,402,0,1,1,371,96,10,10,332,440,88,11
4269,71.15,402,402,0,1,1,370,92,10,10,332,440,88,11
4270,71.16666666666667,402,402,0,1,1,369,88,10,10,332,440,88,11
4271,71.18333333333334,402,402,0,1,1,368,84,10,10,332,440,88,11
4272,71.2,402,402,0,1,1,367,80,10,10,326,440,88,11
4273,71.21666666666667,402,402,0,1,1,366,76,10,10,332,440,88,11
4274,71.23333333333333,402,402,0,1,1,365,72,10,10,326,440,88,11
4275,71.25,402,402,0,1,1,364,68,10,10,326,440,88,11
4276,71.26666666666667,402,402,0,1,1,363,64,10,10,326,440,88,11
4277,71.28333333333333,402,402,0,1,1,362,60,10,10,326,440,88,11
4278,71.3,402,402,0,1,1,361,56,10,10,320,440,88,11
4279,71.31666666666666,402,402,0,1,1,360,52,10,10,326,440,88,11
4280,71.33333333333333,402,402,0,1,1,359,49,10,10,320,440,88,11
4281,71.35,402,402,0,1,1,358,53,10,10,320,440,88,11
4282,71.36666666666666,402,402,0,1,1,357,57,10,10,320,440,88,11
4283,71.38333333333334,402,402,0,1,1,356,61,10,10,320,440,88,11
4284,71.4,402,402,0,1,1,355,65,10,10,314,440,88,11
4285,71.41666666666667,402,402,0,1,1,354,69,10,10,320,440,88,11
4286,71.43333333333334,402,402,0,1,1,353,73,10,10,314,440,88,11
4287,71.45,402,402,0,1,1,352,77,10,10,314,440,88,11
4288,71.46666666666667,402,402,0,1,1,351,81,10,10,314,440,88,11
4289,71.48333333333333,402,402,0,1,1,350,85,10,10,314,440,88,11
4290,71.5,402,402,0,1,1,349,89,10,10,308,440,88,11
4291,71.51666666666667,402,402,0,1,1,348,93,10,10,314,440,88,11
4292,71.53333333333333,402,402,0,1,1,347,97,10,10,308,440,88,11
4293,71.55,402,402,0,1,1,346,101,10,10,308,440,88,11
4294,71.56666666666666,402,402,0,1,1,345,105,10,10,308,440,88,11
4295,71.58333333333333,402,402,0,1,1,344,109,10,10,308,440,88,11
4296,71.6,402,402,0,1,1,343,113,10,10,302,440,88,11
4297,71.61666666666666,402,402,0,1,1,343,113,10,10,302,440,88,11
4298,71.63333333333334,402,402,0,1,1,342,117,10,10,308,440,88,11
4299,71.65,402,402,0,1,1,340,125,10,10,302,440,88,11
4300,71.66666666666667,402,402,0,1,1,339,129,10,10,302,440,88,11
4301,71.68333333333334,402,402,0,1,1,338,133,10,10,302,440,88,11
4302,71.7,402,402,0,1,1,337,137,10,10,296,440,88,11
4303,71.71666666666667,402,402,0,1,1,336,141,10,10,302,440,88,11
4304,71.73333333333333,402,402,0,1,1,335,145,10,10,296,440,88,11
4305,71.75,402,402,0,1,1,334,149,10,10,296,440,88,11
4306,71.76666666666667,402,402,0,1,1,333,153,10,10,296,440,88,11
4307,71.78333333333333,402,402,0,1,1,332,157,10,10,296,440,88,11
4308,71.8,402,402,0,1,1,331,161,10,10,290,440,88,11
4309,71.81666666666666,402,402,0,1,1,330,165,10,10,296,440,88,11
4310,71.83333333333333,402,402,0,1,1,329,169,10,10,290,440,88,11
4311,71.85,402,402,0,1,1,328,173,10,10,290,440,88,11
4312,71.86666666666666,402,402,0,1,1,327,177,10,10,290,440,88,11
4313,71.88333333333334,402,402,0,1,1,326,181,10,10,290,440,88,11
4314,71.9,402,402,0,1,1,325,185,10,10,284,440,88,11
4315,71.91666666666667,402,402,0,1,1,324,189,10,10,290,440,88,11
4316,71.93333333333334,402,402,0,1,1,323,193,10,10,284,440,88,11
4317,71.95,402,402,0,1,1,322,197,10,10,284,440,88,11
4318,71.96666666666667,402,402,0,1,1,321,201,10,10,284,440,88,11
4319,71.98333333333333,402,402,0,1,1,320,205,10,10,284,440,88,11
4320,72.0,402,402,0,1,1,319,209,10,10,278,440,88,11
4321,72.01666666666667,402,402,0,1,1,318,213,10,10,284,440,88,11
4322,72.03333333333333,402,402,0,1,1,317,217,10,10,278,440,88,11
4323,72.05,402,402,0,1,1,316,221,10,10,278,440,88,11
4324,72.06666666666666,402,402,0,1,1,315,225,10,10,278,440,88,11
4325,72.08333333333333,402,402,0,1,1,314,229,10,10,278,440,88,11
4326,72.1,402,402,0,1,1,313,233,10,10,272,440,88,11
4327,72.11666666666666,402,402,0,1,1,312,237,10,10,278,440,88,11
4328,72.13333333333334,402,402,0,1,1,311,241,10,10,272,440,88,11
4329,72.15,402,402,0,1,1,310,245,10,10,272,440,88,11
4330,72.16666666666667,402,402,0,1,1,309,249,10,10,272,440,88,11
4331,72.18333333333334,402,402,0,1,1,308,253,10,10,272,440,88,11
4332,72.2,402,402,0,1,1,307,257,10,10,266,440,88,11
4333,72.21666666666667,402,402,0,1,1,306,261,10,10,272,440,88,11
4334,72.23333333333333,402,402,0,1,1,305,265,10,10,266,440,88,11
4335,72.25,402,402,0,1,1,304,269,10,10,266,440,88,11
4336,72.26666666666667,402,402,0,1,1,303,273,10,10,266,440,88,11
4337,72.28333333333333,402,402,0,1,1,302,277,10,10,266,440,88,11
4338,72.3,402,402,0,1,1,301,281,10,10,260,440,88,11
4339,72.31666666666666,402,402,0,1,1,300,285,10,10,266,440,88,11
4340,72.33333333333333,402,402,0,1,1,299,289,10,10,260,440,88,11
4341,72.35,402,402,0,1,1,298,293,10,10,260,440,88,11
4342,72.36666666666666,402,402,0,1,1,297,297,10,10,260,440,88,11
4343,72.38333333333334,402,402,0,1,1,296,301,10,10,260,440,88,11
4344,72.4,402,402,0,1,1,295,305,10,10,254,440,88,11
4345,72.41666666666667,402,402,0,1,1,294,309,10,10,260,440,88,11
4346,72.43333333333334,402,402,0,1,1,293,313,10,10,254,440,88,11
4347,72.45,402,402,0,1,1,292,317,10,10,254,440,88,11
4348,72.46666666666667,402,402,0,1,1,291,321,10,10,254,440,88,11
4349,72.48333333333333,402,402,0,1,1,290,325,10,10,254,440,88,11
4350,72.5,402,402,0,1,1,289,329,10,10,248,440,88,11
4351,72.51666666666667,402,402,0,1,1,288,333,10,10,254,440,88,11
4352,72.53333333333333,402,402,0,1,1,287,337,10,10,248,440,88,11
4353,72.55,402,402,0,1,1,286,341,10,10,248,440,88,11
4354,72.56666666666666,402,402,0,1,1,285,345,10,10,248,440,88,11
4355,72.58333333333333,402,402,0,1,1,284,349,10,10,248,440,88,11
4356,72.6,402,402,0,1,1,283,353,10,10,242,440,88,11
4357,72.61666666666666,402,402,0,1,1,282,357,10,10,248,440,88,11
4358,72.63333333333334,402,402,0,1,1,281,361,10,10,242,440,88,11
4359,72.65,402,402,0,1,1,280,365,10,10,242,440,88,11
4360,72.66666666666667,402,402,0,1,1,279,369,10,10,242,440,88,11
4361,72.68333333333334,402,402,0,1,1,278,373,10,10,242,440,88,11
4362,72.7,402,402,0,1,1,277,377,10,10,236,440,88,11
4363,72.71666666666667,402,402,0,1,1,276,381,10,10,242,440,88,11
4364,72.73333333333333,402,402,0,1,1,275,385,10,10,236,440,88,11
4365,72.75,402,402,0,1,1,274,389,10,10,236,440,88,11
4366,72.76666666666667,402,402,0,1,1,273,393,10,10,236,440,88,11
4367,72.78333333333333,402,402,0,1,1,272,397,10,10,236,440,88,11
4368,72.8,402,402,0,1,1,271,401,10,10,230,440,88,11
4369,72.81666666666666,402,402,0,1,1,270,405,10,10,236,440,88,11
4370,72.83333333333333,402,402,0,1,1,269,409,10,10,230,440,88,11
4371,72.85,402,402,0,1,1,268,413,10,10,230,440,88,11
4372,72.86666666666666,402,402,0,1,1,267,417,10,10,230,440,88,11
4373,72.88333333333334,402,402,0,1,1,266,421,10,10,230,440,88,11
4374,72.9,402,402,0,1,1,265,425,10,10,224,440,88,11
4375,72.91666666666667,402,402,0,0,0,,,,,,,,
4376,72.93333333333334,402,402,0,1,1,263,425,10,10,224,440,88,11
4377,72.95,402,402,0,1,1,262,421,10,10,224,440,88,11
4378,72.96666666666667,402,402,0,1,1,261,417,10,10,224,440,88,11
4379,72.98333333333333,402,402,0,1,1,260,413,10,10,224,440,88,11
4380,73.0,402,402,0,1,1,259,409,10,10,218,440,88,11
4381,73.01666666666667,402,402,0,1,1,258,405,10,10,224,440,88,11
4382,73.03333333333333,402,402,0,1,1,257,401,10,10,218,440,88,11
4383,73.05,402,402,0,1,1,256,397,10,10,218,440,88,11
4384,73.06666666666666,402,402,0,1,1,255,393,10,10,218,440,88,11
4385,73.08333333333333,402,402,0,1,1,254,389,10,10,218,440,88,11
4386,73.1,402,402,0,1,1,253,385,10,10,212,440,88,11
4387,73.11666666666666,402,402,0,1,1,252,381,10,10,218,440,88,11
4388,73.13333333333334,402,402,0,1,1,251,377,10,10,212,440,88,11
4389,73.15,402,402,0,1,1,250,373,10,10,212,440,88,11
4390,73.16666666666667,402,402,0,1,1,249,369,10,10,212,440,88,11
4391,73.18333333333334,402,402,0,1,1,248,365,10,10,212,440,88,11
4392,73.2,402,402,0,1,1,247,361,10,10,206,440,88,11
4393,73.21666666666667,402,402,0,1,1,246,357,10,10,212,440,88,11
4394,73.23333333333333,402,402,0,1,1,245,353,10,10,206,440,88,11
4395,73.25,402,402,0,1,1,244,349,10,10,206,440,88,11
4396,73.26666666666667,402,402,0,1,1,243,345,10,10,206,440,88,11
4397,73.28333333333333,402,402,0,1,1,242,341,10,10,206,440,88,11
4398,73.3,402,402,0,1,1,241,337,10,10,200,440,88,11
4399,73.31666666666666,402,402,0,1,1,240,333,10,10,206,440,88,11
4400,73.33333333333333,402,402,0,1,1,239,329,10,10,212,440,88,11
4401,73.35,402,402,0,1,1,238,325,10,10,218,440,88,11
4402,73.36666666666666,402,402,0,1,1,237,321,10,10,224,440,88,11
4403,73.38333333333334,402,402,0,1,1,236,317,10,10,224,440,88,11
4404,73.4,402,402,0,1,1,235,313,10,10,218,440,88,11
4405,73.41666666666667,402,402,0,1,1,234,309,10,10,224,440,88,11
4406,73.43333333333334,402,402,0,1,1,233,305,10,10,218,440,88,11
4407,73.45,402,402,0,1,1,232,301,10,10,218,440,88,11
4408,73.46666666666667,402,402,0,1,1,231,297,10,10,218,440,88,11
4409,73.48333333333333,402,402,0,1,1,230,293,10,10,218,440,88,11
4410,73.5,402,402,0,1,1,229,289,10,10,212,440,88,11
4411,73.51666666666667,402,402,0,1,1,228,285,10,10,218,440,88,11
4412,73.53333333333333,402,402,0,1,1,227,281,10,10,212,440,88,11
4413,73.55,402,402,0,1,1,226,277,10,10,212,440,88,11
4414,73.56666666666666,402,402,0,1,1,225,273,10,10,212,440,88,11
4415,73.58333333333333,402,402,0,1,1,224,269,10,10,212,440,88,11
4416,73.6,402,402,0,1,1,223,265,10,10,206,440,88,11
4417,73.61666666666666,402,402,0,1,1,222,261,10,10,212,440,88,11
4418,73.63333333333334,402,402,0,1,1,221,257,10,10,206,440,88,11
4419,73.65,402,402,0,1,1,220,253,10,10,206,440,88,11
4420,73.66666666666667,402,402,0,1,1,218,245,10,10,206,440,88,11
4421,73.68333333333334,402,402,0,1,1,218,245,10,10,206,440,88,11
4422,73.7,402,402,0,1,1,217,241,10,10,200,440,88,11
4423,73.71666666666667,402,402,0,1,1,216,237,10,10,206,440,88,11
4424,73.73333333333333,402,402,0,1,1,215,233,10,10,200,440,88,11
4425,73.75,402,402,0,1,1,214,229,10,10,200,440,88,11
4426,73.76666666666667,402,402,0,1,1,213,225,10,10,200,440,88,11
4427,73.78333333333333,402,402,0,1,1,212,221,10,10,200,440,88,11
4428,73.8,402,402,0,1,1,211,217,10,10,194,440,88,11
4429,73.81666666666666,402,402,0,1,1,210,213,10,10,200,440,88,11
4430,73.83333333333333,402,402,0,1,1,209,209,10,10,194,440,88,11
4431,73.85,402,402,0,1,1,208,205,10,10,194,440,88,11
4432,73.86666666666666,402,402,0,1,1,207,201,10,10,194,440,88,11
4433,73.88333333333334,402,402,0,1,1,206,197,10,10,194,440,88,11
4434,73.9,402,402,0,1,1,205,193,10,10,188,440,88,11
4435,73.91666666666667,402,402,0,1,1,204,189,10,10,194,440,88,11
4436,73.93333333333334,402,402,0,1,1,203,185,10,10,188,440,88,11
4437,73.95,402,402,0,1,1,202,181,10,10,188,440,88,11
4438,73.96666666666667,402,402,0,1,1,201,177,10,10,188,440,88,11
4439,73.98333333333333,402,402,0,1,1,200,173,10,10,188,440,88,11
4440,74.0,402,402,0,1,1,199,169,10,10,182,440,88,11
4441,74.01666666666667,402,402,0,1,1,198,165,10,10,188,440,88,11
4442,74.03333333333333,402,402,0,1,1,197,161,10,10,182,440,88,11
4443,74.05,402,402,0,1,1,196,157,10,10,182,440,88,11
4444,74.06666666666666,402,402,0,1,1,195,153,10,10,182,440,88,11
4445,74.08333333333333,402,402,0,1,1,194,149,10,10,182,440,88,11
4446,74.1,402,402,0,1,1,193,145,10,10,176,440,88,11
4447,74.11666666666666,402,402,0,1,1,192,141,10,10,182,440,88,11
4448,74.13333333333334,402,402,0,1,1,191,137,10,10,176,440,88,11
4449,74.15,402,402,0,1,1,189,129,10,10,176,440,88,11
4450,74.16666666666667,402,402,0,1,1,188,125,10,10,176,440,88,11
4451,74.18333333333334,402,402,0,1,1,187,122,10,9,170,440,88,11
4452,74.2,402,402,0,1,1,187,122,10,9,170,440,88,11
4453,74.21666666666667,402,402,0,1,1,186,124,10,10,176,440,88,11
4454,74.23333333333333,402,402,0,1,1,186,124,10,10,176,440,88,11
4455,74.25,402,402,0,1,1,184,132,10,10,170,440,88,11
4456,74.26666666666667,402,402,0,1,1,182,140,10,10,170,440,88,11
4457,74.28333333333333,402,402,0,1,1,181,144,10,10,164,440,88,11
4458,74.3,402,402,0,1,1,180,148,10,10,170,440,88,11
4459,74.31666666666666,402,402,0,1,1,179,152,10,10,164,440,88,11
4460,74.33333333333333,402,402,0,1,1,178,156,10,10,164,440,88,11
4461,74.35,402,402,0,1,1,177,160,10,10,164,440,88,11
4462,74.36666666666666,402,402,0,1,1,176,164,10,10,164,440,88,11
4463,74.38333333333334,402,402,0,1,1,176,164,10,10,164,440,88,11
4464,74.4,402,402,0,1,1,176,168,10,10,158,440,88,11
4465,74.41666666666667,402,402,0,1,1,176,168,10,10,158,440,88,11
4466,74.43333333333334,402,402,0,1,1,178,176,10,10,164,440,88,11
4467,74.45,402,402,0,1,1,180,184,10,10,164,440,88,11
4468,74.46666666666667,402,402,0,1,1,181,188,10,10,164,440,88,11
4469,74.48333333333333,402,402,0,1,1,182,192,10,10,164,440,88,11
4470,74.5,402,402,0,1,1,183,196,10,10,170,440,88,11
4471,74.51666666666667,402,402,0,1,1,184,200,10,10,170,440,88,11
4472,74.53333333333333,402,402,0,1,1,185,204,10,10,170,440,88,11
4473,74.55,402,402,0,1,1,186,208,10,10,170,440,88,11
4474,74.56666666666666,402,402,0,1,1,187,212,10,10,170,440,88,11
4475,74.58333333333333,402,402,0,1,1,188,216,10,10,170,440,88,11
4476,74.6,402,402,0,1,1,189,220,10,10,176,440,88,11
4477,74.61666666666666,402,402,0,1,1,190,224,10,10,176,440,88,11
4478,74.63333333333334,402,402,0,1,1,191,228,10,10,176,440,88,11
4479,74.65,402,402,0,1,1,192,232,10,10,176,440,88,11
4480,74.66666666666667,402,402,0,1,1,193,236,10,10,176,440,88,11
4481,74.68333333333334,402,402,0,1,1,193,236,10,10,176,440,88,11
4482,74.7,402,402,0,1,1,194,240,10,10,176,440,88,11
4483,74.71666666666667,402,402,0,1,1,196,248,10,10,182,440,88,11
4484,74.73333333333333,402,402,0,1,1,197,252,10,10,182,440,88,11
4485,74.75,402,402,0,1,1,198,256,10,10,182,440,88,11
4486,74.76666666666667,402,402,0,1,1,199,260,10,10,182,440,88,11
4487,74.78333333333333,402,402,0,1,1,200,264,10,10,182,440,88,11
4488,74.8,402,402,0,1,1,201,268,10,10,188,440,88,11
4489,74.81666666666666,402,402,0,1,1,202,272,10,10,188,440,88,11
4490,74.83333333333333,402,402,0,1,1,203,276,10,10,188,440,88,11
4491,74.85,402,402,0,1,1,204,280,10,10,188,440,88,11
4492,74.86666666666666,402,402,0,1,1,205,284,10,10,188,440,88,11
4493,74.88333333333334,402,402,0,1,1,206,288,10,10,188,440,88,11
4494,74.9,402,402,0,1,1,207,292,10,10,194,440,88,11
4495,74.91666666666667,402,402,0,1,1,208,296,10,10,194,440,88,11
4496,74.93333333333334,402,402,0,1,1,209,300,10,10,194,440,88,11
4497,74.95,402,402,0,1,1,210,304,10,10,194,440,88,11
4498,74.96666666666667,402,402,0,1,1,211,308,10,10,194,440,88,11
4499,74.98333333333333,402,402,0,1,1,212,312,10,10,194,440,88,11
4500,75.0,402,402,0,1,1,213,316,10,10,200,440,88,11
4501,75.01666666666667,402,402,0,1,1,214,320,10,10,200,440,88,11
4502,75.03333333333333,402,402,0,1,1,215,324,10,10,200,440,88,11
4503,75.05,402,402,0,1,1,216,328,10,10,200,440,88,11
4504,75.06666666666666,402,402,0,1,1,217,332,10,10,200,440,88,11
4505,75.08333333333333,402,402,0,1,1,218,336,10,10,200,440,88,11
4506,75.1,402,402,0,1,1,219,340,10,10,206,440,88,11
4507,75.11666666666666,402,402,0,1,1,220,344,10,10,206,440,88,11
4508,75.13333333333334,402,402,0,1,1,221,348,10,10,206,440,88,11
4509,75.15,402,402,0,1,1,222,352,10,10,206,440,88,11
4510,75.16666666666667,402,402,0,1,1,223,356,10,10,206,440,88,11
4511,75.18333333333334,402,402,0,1,1,224,360,10,10,206,440,88,11
4512,75.2,402,402,0,1,1,225,364,10,10,212,440,88,11
4513,75.21666666666667,402,402,0,1,1,226,368,10,10,212,440,88,11
4514,75.23333333333333,402,402,0,1,1,227,372,10,10,212,440,88,11
4515,75.25,402,402,0,1,1,228,376,10,10,212,440,88,11
4516,75.26666666666667,402,402,0,1,1,229,380,10,10,212,440,88,11
4517,75.28333333333333,402,402,0,1,1,230,384,10,10,212,440,88,11
4518,75.3,402,402,0,1,1,231,388,10,10,218,440,88,11
4519,75.31666666666666,402,402,0,1,1,232,392,10,10,218,440,88,11
4520,75.33333333333333,402,402,0,1,1,233,396,10,10,218,440,88,11
4521,75.35,402,402,0,1,1,234,400,10,10,218,440,88,11
4522,75.36666666666666,402,402,0,1,1,235,404,10,10,218,440,88,11
4523,75.38333333333334,402,402,0,1,1,235,404,10,10,218,440,88,11
4524,75.4,402,402,0,1,1,236,408,10,10,218,440,88,11
4525,75.41666666666667,402,402,0,1,1,237,412,10,10,224,440,88,11
4526,75.43333333333334,402,402,0,1,1,238,416,10,10,224,440,88,11
4527,75.45,402,402,0,1,1,239,420,10,10,224,440,88,11
4528,75.46666666666667,402,402,0,1,1,240,424,10,10,224,440,88,11
4529,75.48333333333333,402,402,0,1,1,241,428,10,10,224,440,88,11
4530,75.5,402,402,0,1,1,240,426,10,10,224,440,88,11
4531,75.51666666666667,402,402,0,1,1,239,422,10,10,224,440,88,11
4532,75.53333333333333,402,402,0,1,1,238,418,10,10,224,440,88,11
4533,75.55,402,402,0,1,1,237,414,10,10,224,440,88,11
4534,75.56666666666666,402,402,0,1,1,236,410,10,10,224,440,88,11
4535,75.58333333333333,402,402,0,1,1,235,406,10,10,218,440,88,11
4536,75.6,402,402,0,1,1,234,402,10,10,224,440,88,11
4537,75.61666666666666,402,402,0,1,1,233,398,10,10,218,440,88,11
4538,75.63333333333334,402,402,0,1,1,232,394,10,10,218,440,88,11
4539,75.65,402,402,0,1,1,231,390,10,10,218,440,88,11
4540,75.66666666666667,402,402,0,1,1,230,386,10,10,218,440,88,11
4541,75.68333333333334,402,402,0,1,1,229,382,10,10,212,440,88,11
4542,75.7,402,402,0,1,1,228,378,10,10,218,440,88,11
4543,75.71666666666667,402,402,0,1,1,227,374,10,10,212,440,88,11
4544,75.73333333333333,402,402,0,1,1,226,370,10,10,212,440,88,11
4545,75.75,402,402,0,1,1,225,366,10,10,212,440,88,11
4546,75.76666666666667,402,402,0,1,1,224,362,10,10,212,440,88,11
4547,75.78333333333333,402,402,0,1,1,223,358,10,10,206,440,88,11
4548,75.8,402,402,0,1,1,222,354,10,10,212,440,88,11
4549,75.81666666666666,402,402,0,1,1,221,350,10,10,206,440,88,11
4550,75.83333333333333,402,402,0,1,1,220,346,10,10,206,440,88,11
4551,75.85,402,402,0,1,1,219,342,10,10,206,440,88,11
4552,75.86666666666666,402,402,0,1,1,218,338,10,10,206,440,88,11
4553,75.88333333333334,402,402,0,1,1,217,334,10,10,200,440,88,11
4554,75.9,402,402,0,1,1,216,330,10,10,206,440,88,11
4555,75.91666666666667,402,402,0,1,1,215,326,10,10,200,440,88,11
4556,75.93333333333334,402,402,0,1,1,214,322,10,10,200,440,88,11
4557,75.95,402,402,0,1,1,213,318,10,10,200,440,88,11
4558,75.96666666666667,402,402,0,1,1,212,314,10,10,200,440,88,11
4559,75.98333333333333,402,402,0,1,1,211,310,10,10,194,440,88,11
4560,76.0,402,402,0,1,1,210,306,10,10,200,440,88,11
4561,76.01666666666667,402,402,0,1,1,209,302,10,10,194,440,88,11
4562,76.03333333333333,402,402,0,1,1,208,298,10,10,194,440,88,11
4563,76.05,402,402,0,1,1,207,294,10,10,194,440,88,11
4564,76.06666666666666,402,402,0,1,1,206,290,10,10,194,440,88,11
4565,76.08333333333333,402,402,0,1,1,205,286,10,10,188,440,88,11
4566,76.1,402,402,0,1,1,204,282,10,10,194,440,88,11
4567,76.11666666666666,402,402,0,1,1,203,278,10,10,188,440,88,11
4568,76.13333333333334,402,402,0,1,1,202,274,10,10,188,440,88,11
4569,76.15,402,402,0,1,1,201,270,10,10,188,440,88,11
4570,76.16666666666667,402,402,0,1,1,200,266,10,10,188,440,88,11
4571,76.18333333333334,402,402,0,1,1,199,262,10,10,182,440,88,11
4572,76.2,402,402,0,1,1,198,258,10,10,188,440,88,11
4573,76.21666666666667,402,402,0,1,1,197,254,10,10,182,440,88,11
4574,76.23333333333333,402,402,0,1,1,196,250,10,10,182,440,88,11
4575,76.25,402,402,0,1,1,195,246,10,10,182,440,88,11
4576,76.26666666666667,402,402,0,1,1,194,242,10,10,182,440,88,11
4577,76.28333333333333,402,402,0,1,1,193,238,10,10,176,440,88,11
4578,76.3,402,402,0,1,1,192,234,10,10,182,440,88,11
4579,76.31666666666666,402,402,0,1,1,191,230,10,10,176,440,88,11
4580,76.33333333333333,402,402,0,1,1,190,226,10,10,176,440,88,11
4581,76.35,402,402,0,1,1,189,222,10,10,176,440,88,11
4582,76.36666666666666,402,402,0,1,1,188,218,10,10,176,440,88,11
4583,76.38333333333334,402,402,0,1,1,187,214,10,10,170,440,88,11
4584,76.4,402,402,0,1,1,186,210,10,10,176,440,88,11
4585,76.41666666666667,402,402,0,1,1,185,206,10,10,170,440,88,11
4586,76.43333333333334,402,402,0,1,1,184,202,10,10,170,440,88,11
4587,76.45,402,402,0,1,1,183,198,10,10,170,440,88,11
4588,76.46666666666667,402,402,0,1,1,182,194,10,10,170,440,88,11
4589,76.48333333333333,402,402,0,1,1,181,190,10,10,164,440,88,11
4590,76.5,402,402,0,1,1,180,186,10,10,170,440,88,11
4591,76.51666666666667,402,402,0,1,1,179,182,10,10,164,440,88,11
4592,76.53333333333333,402,402,0,1,1,178,178,10,10,164,440,88,11
4593,76.55,402,402,0,1,1,177,174,10,10,164,440,88,11
4594,76.56666666666666,402,402,0,1,1,176,170,10,10,164,440,88,11
4595,76.58333333333333,402,402,0,1,1,175,166,10,10,158,440,88,11
4596,76.6,402,402,0,1,1,174,162,10,10,164,440,88,11
4597,76.61666666666666,402,402,0,1,1,173,158,10,10,158,440,88,11
4598,76.63333333333334,402,402,0,1,1,172,154,10,10,158,440,88,11
4599,76.65,402,402,0,1,1,171,150,10,10,158,440,88,11
4600,76.66666666666667,402,402,0,1,1,171,150,10,10,158,440,88,11
4601,76.68333333333334,402,402,0,1,1,170,148,10,9,158,440,88,11
4602,76.7,402,402,0,1,1,170,148,10,9,158,440,88,11
4603,76.71666666666667,402,402,0,1,1,168,156,10,9,158,440,88,11
4604,76.73333333333333,402,402,0,1,1,166,164,10,9,152,440,88,11
4605,76.75,402,402,0,1,1,165,168,10,9,152,440,88,11
4606,76.76666666666667,402,402,0,1,1,164,172,10,9,152,440,88,11
4607,76.78333333333333,402,402,0,1,1,164,172,10,9,152,440,88,11
4608,76.8,402,402,0,1,1,163,168,10,10,146,440,88,11
4609,76.81666666666666,402,402,0,1,1,163,168,10,10,146,440,88,11
4610,76.83333333333333,402,402,0,1,1,161,160,10,10,146,440,88,11
4611,76.85,402,402,0,1,1,159,152,10,10,146,440,88,11
4612,76.86666666666666,402,402,0,1,1,158,148,10,10,146,440,88,11
4613,76.88333333333334,402,402,0,1,1,157,144,10,10,140,440,88,11
4614,76.9,402,402,0,1,1,156,140,10,10,146,440,88,11
4615,76.91666666666667,402,402,0,1,1,155,136,10,10,140,440,88,11
4616,76.93333333333334,402,402,0,1,1,154,132,10,10,140,440,88,11
4617,76.95,402,402,0,1,1,153,128,10,10,140,440,88,11
4618,76.96666666666667,402,402,0,1,1,152,124,10,10,140,440,88,11
4619,76.98333333333333,402,402,0,1,1,151,120,10,10,134,440,88,11
4620,77.0,402,402,0,1,1,150,116,10,10,140,440,88,11
4621,77.01666666666667,402,402,0,1,1,149,112,10,10,134,440,88,11
4622,77.03333333333333,402,402,0,1,1,148,108,10,10,134,440,88,11
4623,77.05,402,402,0,1,1,147,104,10,10,134,440,88,11
4624,77.06666666666666,402,402,0,1,1,146,100,10,10,134,440,88,11
4625,77.08333333333333,402,402,0,1,1,145,96,10,10,128,440,88,11
4626,77.1,402,402,0,1,1,145,96,10,10,128,440,88,11
4627,77.11666666666666,402,402,0,1,1,144,97,10,10,134,440,88,11
4628,77.13333333333334,402,402,0,1,1,144,97,10,10,134,440,88,11
4629,77.15,402,402,0,1,1,142,105,10,10,128,440,88,11
4630,77.16666666666667,402,402,0,1,1,140,113,10,10,128,440,88,11
4631,77.18333333333334,402,402,0,1,1,139,117,10,10,122,440,88,11
4632,77.2,402,402,0,1,1,138,121,10,10,128,440,88,11
4633,77.21666666666667,402,402,0,1,1,137,125,10,10,122,440,88,11
4634,77.23333333333333,402,402,0,1,1,136,129,10,10,122,440,88,11
4635,77.25,402,402,0,1,1,135,133,10,10,122,440,88,11
4636,77.26666666666667,402,402,0,1,1,134,137,10,10,122,440,88,11
4637,77.28333333333333,402,402,0,1,1,133,141,10,10,116,440,88,11
4638,77.3,402,402,0,1,1,132,145,10,10,122,440,88,11
4639,77.31666666666666,402,402,0,1,1,131,149,10,10,116,440,88,11
4640,77.33333333333333,402,402,0,1,1,130,153,10,10,110,440,88,11
4641,77.35,402,402,0,1,1,129,157,10,10,104,440,88,11
4642,77.36666666666666,402,402,0,1,1,128,161,10,10,98,440,88,11
4643,77.38333333333334,402,402,0,1,1,127,165,10,10,92,440,88,11
4644,77.4,402,402,0,1,1,126,169,10,10,86,440,88,11
4645,77.41666666666667,402,402,0,1,1,125,173,10,10,80,440,88,11
4646,77.43333333333334,402,402,0,1,1,124,177,10,10,74,440,88,11
4647,77.45,402,402,0,1,1,123,181,10,10,68,440,88,11
4648,77.46666666666667,402,402,0,1,1,122,185,10,10,62,440,88,11
4649,77.48333333333333,402,402,0,1,1,121,189,10,10,56,440,88,11
4650,77.5,402,402,0,1,1,120,193,10,10,62,440,88,11
4651,77.51666666666667,402,402,0,1,1,119,197,10,10,56,440,88,11
4652,77.53333333333333,402,402,0,1,1,118,201,10,10,56,440,88,11
4653,77.55,402,402,0,1,1,117,205,10,10,56,440,88,11
4654,77.56666666666666,402,402,0,1,1,116,209,10,10,56,440,88,11
4655,77.58333333333333,402,402,0,1,1,115,213,10,10,50,440,88,11
4656,77.6,402,402,0,1,1,114,217,10,10,56,440,88,11
4657,77.61666666666666,402,402,0,1,1,113,221,10,10,50,440,88,11
4658,77.63333333333334,402,402,0,1,1,112,225,10,10,50,440,88,11
4659,77.65,402,402,0,1,1,111,229,10,10,50,440,88,11
4660,77.66666666666667,402,402,0,1,1,110,233,10,10,50,440,88,11
4661,77.68333333333334,402,402,0,1,1,109,237,10,10,44,440,88,11
4662,77.7,402,402,0,1,1,108,241,10,10,50,440,88,11
4663,77.71666666666667,402,402,0,1,1,107,245,10,10,44,440,88,11
4664,77.73333333333333,402,402,0,1,1,106,249,10,10,44,440,88,11
4665,77.75,402,402,0,1,1,105,253,10,10,44,440,88,11
4666,77.76666666666667,402,402,0,1,1,104,257,10,10,44,440,88,11
4667,77.78333333333333,402,402,0,1,1,103,261,10,10,38,440,88,11
4668,77.8,402,402,0,1,1,102,265,10,10,44,440,88,11
4669,77.81666666666666,402,402,0,1,1,101,269,10,10,38,440,88,11
4670,77.83333333333333,402,402,0,1,1,100,273,10,10,38,440,88,11
4671,77.85,402,402,0,1,1,99,277,10,10,38,440,88,11
4672,77.86666666666666,402,402,0,1,1,98,281,10,10,38,440,88,11
4673,77.88333333333334,402,402,0,1,1,97,285,10,10,32,440,88,11
4674,77.9,402,402,0,1,1,96,289,10,10,38,440,88,11
4675,77.91666666666667,402,402,0,1,1,95,293,10,10,32,440,88,11
4676,77.93333333333334,402,402,0,1,1,94,297,10,10,32,440,88,11
4677,77.95,402,402,0,1,1,93,301,10,10,32,440,88,11
4678,77.96666666666667,402,402,0,1,1,92,305,10,10,32,440,88,11
4679,77.98333333333333,402,402,0,1,1,91,309,10,10,26,440,88,11
4680,78.0,402,402,0,1,1,90,313,10,10,32,440,88,11
4681,78.01666666666667,402,402,0,1,1,89,317,10,10,26,440,88,11
4682,78.03333333333333,402,402,0,1,1,88,321,10,10,26,440,88,11
4683,78.05,402,402,0,1,1,87,325,10,10,26,440,88,11
4684,78.06666666666666,402,402,0,1,1,86,329,10,10,26,440,88,11
4685,78.08333333333333,402,402,0,1,1,85,333,10,10,20,440,88,11
4686,78.1,402,402,0,1,1,84,337,10,10,26,440,88,11
4687,78.11666666666666,402,402,0,1,1,83,341,10,10,20,440,88,11
4688,78.13333333333334,402,402,0,1,1,82,345,10,10,20,440,88,11
4689,78.15,402,402,0,1,1,81,349,10,10,20,440,88,11
4690,78.16666666666667,402,402,0,1,1,80,353,10,10,20,440,88,11
4691,78.18333333333334,402,402,0,1,1,79,357,10,10,16,440,88,11
4692,78.2,402,402,0,1,1,78,361,10,10,16,440,88,11
4693,78.21666666666667,402,402,0,1,1,77,365,10,10,16,440,88,11
4694,78.23333333333333,402,402,0,1,1,76,369,10,10,16,440,88,11
4695,78.25,402,402,0,1,1,75,373,10,10,16,440,88,11
4696,78.26666666666667,402,402,0,1,1,74,377,10,10,16,440,88,11
4697,78.28333333333333,402,402,0,1,1,73,381,10,10,16,440,88,11
4698,78.3,402,402,0,1,1,72,385,10,10,16,440,88,11
4699,78.31666666666666,402,402,0,1,1,71,389,10,10,16,440,88,11
4700,78.33333333333333,402,402,0,1,1,70,393,10,10,16,440,88,11
4701,78.35,402,402,0,1,1,69,397,10,10,16,440,88,11
4702,78.36666666666666,402,402,0,1,1,68,401,10,10,16,440,88,11
4703,78.38333333333334,402,402,0,1,1,67,405,10,10,16,440,88,11
4704,78.4,402,402,0,1,1,66,409,10,10,16,440,88,11
4705,78.41666666666667,402,402,0,1,1,65,413,10,10,16,440,88,11
4706,78.43333333333334,402,402,0,1,1,64,417,10,10,16,440,88,11
4707,78.45,402,402,0,1,1,63,421,10,10,16,440,88,11
4708,78.46666666666667,402,402,0,1,1,62,425,10,10,16,440,88,11
4709,78.48333333333333,402,402,0,0,0,,,,,,,,
4710,78.5,402,402,0,1,1,60,425,10,10,16,440,88,11
4711,78.51666666666667,402,402,0,1,1,59,421,10,10,16,440,88,11
4712,78.53333333333333,402,402,0,1,1,58,417,10,10,16,440,88,11
4713,78.55,402,402,0,1,1,57,413,10,10,16,440,88,11
4714,78.56666666666666,402,402,0,1,1,56,409,10,10,16,440,88,11
4715,78.58333333333333,402,402,0,1,1,55,405,10,10,16,440,88,11
4716,78.6,402,402,0,1,1,54,401,10,10,16,440,88,11
4717,78.61666666666666,402,402,0,1,1,53,397,10,10,16,440,88,11
4718,78.63333333333334,402,402,0,1,1,52,393,10,10,16,440,88,11
4719,78.65,402,402,0,1,1,51,389,10,10,16,440,88,11
4720,78.66666666666667,402,402,0,1,1,50,385,10,10,16,440,88,11
4721,78.68333333333334,402,402,0,1,1,49,381,10,10,16,440,88,11
4722,78.7,402,402,0,1,1,48,377,10,10,16,440,88,11
4723,78.71666666666667,402,402,0,1,1,47,373,10,10,16,440,88,11
4724,78.73333333333333,402,402,0,1,1,46,369,10,10,16,440,88,11
4725,78.75,402,402,0,1,1,45,365,10,10,16,440,88,11
4726,78.76666666666667,402,402,0,1,1,44,361,10,10,16,440,88,11
4727,78.78333333333333,402,402,0,1,1,44,361,10,10,16,440,88,11
4728,78.8,402,402,0,1,1,43,357,10,10,16,440,88,11
4729,78.81666666666666,402,402,0,1,1,41,349,10,10,16,440,88,11
4730,78.83333333333333,402,402,0,1,1,40,345,10,10,16,440,88,11
4731,78.85,402,402,0,1,1,39,341,10,10,16,440,88,11
4732,78.86666666666666,402,402,0,1,1,38,337,10,10,16,440,88,11
4733,78.88333333333334,402,402,0,1,1,37,333,10,10,16,440,88,11
4734,78.9,402,402,0,1,1,36,329,10,10,16,440,88,11
4735,78.91666666666667,402,402,0,1,1,35,325,10,10,16,440,88,11
4736,78.93333333333334,402,402,0,1,1,34,321,10,10,16,440,88,11
4737,78.95,402,402,0,1,1,33,317,10,10,16,440,88,11
4738,78.96666666666667,402,402,0,1,1,32,313,10,10,16,440,88,11
4739,78.98333333333333,402,402,0,1,1,31,309,10,10,16,440,88,11
4740,79.0,402,402,0,1,1,30,305,10,10,16,440,88,11
4741,79.01666666666667,402,402,0,1,1,29,301,10,10,16,440,88,11
4742,79.03333333333333,402,402,0,1,1,28,297,10,10,16,440,88,11
4743,79.05,402,402,0,1,1,27,293,10,10,16,440,88,11
4744,79.06666666666666,402,402,0,1,1,26,289,10,10,16,440,88,11
4745,79.08333333333333,402,402,0,1,1,25,285,10,10,16,440,88,11
4746,79.1,402,402,0,1,1,24,281,10,10,16,440,88,11
4747,79.11666666666666,402,402,0,1,1,23,277,10,10,16,440,88,11
4748,79.13333333333334,402,402,0,1,1,22,273,10,10,16,440,88,11
4749,79.15,402,402,0,1,1,21,269,10,10,16,440,88,11
4750,79.16666666666667,402,402,0,1,1,20,265,10,10,16,440,88,11
4751,79.18333333333334,402,402,0,1,1,19,261,10,10,16,440,88,11
4752,79.2,402,402,0,1,1,18,257,10,10,16,440,88,11
4753,79.21666666666667,402,402,0,1,1,17,253,10,10,16,440,88,11
4754,79.23333333333333,402,402,0,1,1,16,249,10,10,16,440,88,11
4755,79.25,402,402,0,1,1,16,245,10,10,16,440,88,11
4756,79.26666666666667,402,402,0,1,1,17,241,10,10,16,440,88,11
4757,79.28333333333333,402,402,0,1,1,18,237,10,10,16,440,88,11
4758,79.3,402,402,0,1,1,19,233,10,10,16,440,88,11
4759,79.31666666666666,402,402,0,1,1,20,229,10,10,16,440,88,11
4760,79.33333333333333,402,402,0,1,1,21,225,10,10,16,440,88,11
4761,79.35,402,402,0,1,1,22,221,10,10,16,440,88,11
4762,79.36666666666666,402,402,0,1,1,23,217,10,10,16,440,88,11
4763,79.38333333333334,402,402,0,1,1,24,213,10,10,16,440,88,11
4764,79.4,402,402,0,1,1,25,209,10,10,16,440,88,11
4765,79.41666666666667,402,402,0,1,1,26,205,10,10,16,440,88,11
4766,79.43333333333334,402,402,0,1,1,27,201,10,10,16,440,88,11
4767,79.45,402,402,0,1,1,29,193,10,10,16,440,88,11
4768,79.46666666666667,402,402,0,1,1,30,189,10,10,16,440,88,11
4769,79.48333333333333,402,402,0,1,1,31,185,10,10,16,440,88,11
4770,79.5,402,402,0,1,1,32,181,10,10,16,440,88,11
4771,79.51666666666667,402,402,0,1,1,33,177,10,10,16,440,88,11
4772,79.53333333333333,402,402,0,1,1,34,173,10,10,16,440,88,11
4773,79.55,402,402,0,1,1,35,169,10,10,16,440,88,11
4774,79.56666666666666,402,402,0,1,1,36,165,10,10,16,440,88,11
4775,79.58333333333333,402,402,0,1,1,37,161,10,10,16,440,88,11
4776,79.6,402,402,0,1,1,38,157,10,10,16,440,88,11
4777,79.61666666666666,402,402,0,1,1,39,153,10,10,16,440,88,11
4778,79.63333333333334,402,402,0,1,1,40,149,10,10,16,440,88,11
4779,79.65,402,402,0,1,1,41,145,10,10,16,440,88,11
4780,79.66666666666667,402,402,0,1,1,42,141,10,10,16,440,88,11
4781,79.68333333333334,402,402,0,1,1,43,137,10,10,16,440,88,11
4782,79.7,402,402,0,1,1,44,133,10,10,16,440,88,11
4783,79.71666666666667,402,402,0,1,1,45,129,10,10,16,440,88,11
4784,79.73333333333333,402,402,0,1,1,46,125,10,10,16,440,88,11
4785,79.75,402,402,0,1,1,47,121,10,10,16,440,88,11
4786,79.76666666666667,402,402,0,1,1,48,117,10,10,16,440,88,11
4787,79.78333333333333,402,402,0,1,1,49,113,10,10,16,440,88,11
4788,79.8,402,402,0,1,1,50,109,10,10,16,440,88,11
4789,79.81666666666666,402,402,0,1,1,51,105,10,10,16,440,88,11
4790,79.83333333333333,402,402,0,1,1,52,101,10,10,16,440,88,11
4791,79.85,402,402,0,1,1,53,97,10,10,16,440,88,11
4792,79.86666666666666,402,402,0,1,1,54,93,10,10,16,440,88,11
4793,79.88333333333334,402,402,0,1,1,55,89,10,10,16,440,88,11
4794,79.9,402,402,0,1,1,56,85,10,10,16,440,88,11
4795,79.91666666666667,402,402,0,1,1,57,81,10,10,16,440,88,11
4796,79.93333333333334,402,402,0,1,1,58,77,10,10,16,440,88,11
4797,79.95,402,402,0,1,1,59,73,10,10,16,440,88,11
4798,79.96666666666667,402,402,0,1,1,60,69,10,10,16,440,88,11
4799,79.98333333333333,402,402,0,1,1,61,65,10,10,16,440,88,11
4800,80.0,402,402,0,1,1,61,65,10,10,16,440,88,11
4801,80.01666666666667,402,402,0,1,1,62,61,10,10,16,440,88,11
4802,80.03333333333333,402,402,0,1,1,63,57,10,10,16,440,88,11
4803,80.05,402,402,0,1,1,64,53,10,10,16,440,88,11
4804,80.06666666666666,402,402,0,1,1,65,49,10,10,16,440,88,11
4805,80.08333333333333,402,402,0,1,1,66,52,10,10,16,440,88,11
4806,80.1,402,402,0,1,1,67,56,10,10,16,440,88,11
4807,80.11666666666666,402,402,0,1,1,68,60,10,10,16,440,88,11
4808,80.13333333333334,402,402,0,1,1,69,64,10,10,16,440,88,11
4809,80.15,402,402,0,1,1,70,68,10,10,16,440,88,11
4810,80.16666666666667,402,402,0,1,1,71,72,10,10,16,440,88,11
4811,80.18333333333334,402,402,0,1,1,72,76,10,10,16,440,88,11
4812,80.2,402,402,0,1,1,73,80,10,10,16,440,88,11
4813,80.21666666666667,402,402,0,1,1,74,84,10,10,16,440,88,11
4814,80.23333333333333,402,402,0,1,1,75,88,10,10,16,440,88,11
4815,80.25,402,402,0,1,1,76,92,10,10,16,440,88,11
4816,80.26666666666667,402,402,0,1,1,77,96,10,10,16,440,88,11
4817,80.28333333333333,402,402,0,1,1,78,100,10,10,16,440,88,11
4818,80.3,402,402,0,1,1,79,104,10,10,16,440,88,11
4819,80.31666666666666,402,402,0,1,1,80,108,10,10,16,440,88,11
4820,80.33333333333333,402,402,0,1,1,81,112,10,10,16,440,88,11
4821,80.35,402,402,0,1,1,82,116,10,10,22,440,88,11
4822,80.36666666666666,402,402,0,1,1,83,120,10,10,16,440,88,11
4823,80.38333333333334,402,402,0,1,1,84,124,10,10,22,440,88,11
4824,80.4,402,402,0,1,1,85,128,10,10,22,440,88,11
4825,80.41666666666667,402,402,0,1,1,86,132,10,10,22,440,88,11
4826,80.43333333333334,402,402,0,1,1,87,136,10,10,22,440,88,11
4827,80.45,402,402,0,1,1,88,140,10,10,28,440,88,11
4828,80.46666666666667,402,402,0,1,1,89,144,10,10,22,440,88,11
4829,80.48333333333333,402,402,0,1,1,90,148,10,10,28,440,88,11
4830,80.5,402,402,0,1,1,91,152,10,10,28,440,88,11
4831,80.51666666666667,402,402,0,1,1,92,156,10,10,28,440,88,11
4832,80.53333333333333,402,402,0,1,1,93,160,10,10,28,440,88,11
4833,80.55,402,402,0,1,1,94,164,10,10,34,440,88,11
4834,80.56666666666666,402,402,0,1,1,95,168,10,10,28,440,88,11
4835,80.58333333333333,402,402,0,1,1,96,172,10,10,34,440,88,11
4836,80.6,402,402,0,1,1,97,176,10,10,34,440,88,11
4837,80.61666666666666,402,402,0,1,1,98,180,10,10,34,440,88,11
4838,80.63333333333334,402,402,0,1,1,99,184,10,10,34,440,88,11
4839,80.65,402,402,0,1,1,100,188,10,10,40,440,88,11
4840,80.66666666666667,402,402,0,1,1,101,192,10,10,34,440,88,11
4841,80.68333333333334,402,402,0,1,1,102,196,10,10,40,440,88,11
4842,80.7,402,402,0,1,1,103,200,10,10,40,440,88,11
4843,80.71666666666667,402,402,0,1,1,104,204,10,10,40,440,88,11
4844,80.73333333333333,402,402,0,1,1,105,208,10,10,40,440,88,11
4845,80.75,402,402,0,1,1,106,212,10,10,46,440,88,11
4846,80.76666666666667,402,402,0,1,1,107,216,10,10,40,440,88,11
4847,80.78333333333333,402,402,0,1,1,108,220,10,10,46,440,88,11
4848,80.8,402,402,0,1,1,109,224,10,10,46,440,88,11
4849,80.81666666666666,402,402,0,1,1,110,228,10,10,46,440,88,11
4850,80.83333333333333,402,402,0,1,1,111,232,10,10,46,440,88,11
4851,80.85,402,402,0,1,1,112,236,10,10,52,440,88,11
4852,80.86666666666666,402,402,0,1,1,113,240,10,10,46,440,88,11
4853,80.88333333333334,402,402,0,1,1,114,244,10,10,52,440,88,11
4854,80.9,402,402,0,1,1,115,248,10,10,52,440,88,11
4855,80.91666666666667,402,402,0,1,1,116,252,10,10,52,440,88,11
4856,80.93333333333334,402,402,0,1,1,117,256,10,10,52,440,88,11
4857,80.95,402,402,0,1,1,118,260,10,10,58,440,88,11
4858,80.96666666666667,402,402,0,1,1,119,264,10,10,52,440,88,11
4859,80.98333333333333,402,402,0,1,1,120,268,10,10,58,440,88,11
4860,81.0,402,402,0,1,1,121,272,10,10,58,440,88,11
4861,81.01666666666667,402,402,0,1,1,122,276,10,10,58,440,88,11
4862,81.03333333333333,402,402,0,1,1,123,280,10,10,58,440,88,11
4863,81.05,402,402,0,1,1,124,284,10,10,64,440,88,11
4864,81.06666666666666,402,402,0,1,1,125,288,10,10,58,440,88,11
4865,81.08333333333333,402,402,0,1,1,127,296,10,10,64,440,88,11
4866,81.1,402,402,0,1,1,128,300,10,10,64,440,88,11
4867,81.11666666666666,402,402,0,1,1,129,304,10,10,64,440,88,11
4868,81.13333333333334,402,402,0,1,1,130,308,10,10,70,440,88,11
4869,81.15,402,402,0,1,1,131,312,10,10,64,440,88,11
4870,81.16666666666667,402,402,0,1,1,131,312,10,10,64,440,88,11
4871,81.18333333333334,402,402,0,1,1,132,316,10,10,70,440,88,11
4872,81.2,402,402,0,1,1,134,324,10,10,70,440,88,11
4873,81.21666666666667,402,402,0,1,1,135,328,10,10,70,440,88,11
4874,81.23333333333333,402,402,0,1,1,136,332,10,10,76,440,88,11
4875,81.25,402,402,0,1,1,137,336,10,10,70,440,88,11
4876,81.26666666666667,402,402,0,1,1,138,340,10,10,76,440,88,11
4877,81.28333333333333,402,402,0,1,1,139,344,10,10,76,440,88,11
4878,81.3,402,402,0,1,1,140,348,10,10,76,440,88,11
4879,81.31666666666666,402,402,0,1,1,141,352,10,10,82,440,88,11
4880,81.33333333333333,402,402,0,1,1,142,356,10,10,88,440,88,11
4881,81.35,402,402,0,1,1,143,360,10,10,94,440,88,11
4882,81.36666666666666,402,402,0,1,1,144,364,10,10,100,440,88,11
4883,81.38333333333334,402,402,0,1,1,145,368,10,10,106,440,88,11
4884,81.4,402,402,0,1,1,146,372,10,10,106,440,88,11
4885,81.41666666666667,402,402,0,1,1,147,376,10,10,106,440,88,11
4886,81.43333333333334,402,402,0,1,1,148,380,10,10,112,440,88,11
4887,81.45,402,402,0,1,1,149,384,10,10,106,440,88,11
4888,81.46666666666667,402,402,0,1,1,150,388,10,10,112,440,88,11
4889,81.48333333333333,402,402,0,1,1,151,392,10,10,112,440,88,11
4890,81.5,402,402,0,1,1,152,396,10,10,112,440,88,11
4891,81.51666666666667,402,402,0,1,1,153,400,10,10,112,440,88,11
4892,81.53333333333333,402,402,0,1,1,154,404,10,10,118,440,88,11
4893,81.55,402,402,0,1,1,155,408,10,10,112,440,88,11
4894,81.56666666666666,402,402,0,1,1,156,412,10,10,118,440,88,11
4895,81.58333333333333,402,402,0,1,1,157,416,10,10,118,440,88,11
4896,81.6,402,402,0,1,1,158,420,10,10,118,440,88,11
4897,81.61666666666666,402,402,0,1,1,159,424,10,10,118,440,88,11
4898,81.63333333333334,402,402,0,1,1,160,428,10,10,124,440,88,11
4899,81.65,402,402,0,1,1,161,426,10,10,118,440,88,11
4900,81.66666666666667,402,402,0,1,1,162,422,10,10,124,440,88,11
4901,81.68333333333334,402,402,0,1,1,163,418,10,10,124,440,88,11
4902,81.7,402,402,0,1,1,164,414,10,10,124,440,88,11
4903,81.71666666666667,402,402,0,1,1,165,410,10,10,124,440,88,11
4904,81.73333333333333,402,402,0,1,1,166,406,10,10,130,440,88,11
4905,81.75,402,402,0,1,1,167,402,10,10,124,440,88,11
4906,81.76666666666667,402,402,0,1,1,168,398,10,10,130,440,88,11
4907,81.78333333333333,402,402,0,1,1,169,394,10,10,130,440,88,11
4908,81.8,402,402,0,1,1,170,390,10,10,130,440,88,11
4909,81.81666666666666,402,402,0,1,1,171,386,10,10,130,440,88,11
4910,81.83333333333333,402,402,0,1,1,172,382,10,10,136,440,88,11
4911,81.85,402,402,0,1,1,172,382,10,10,136,440,88,11
4912,81.86666666666666,402,402,0,1,1,173,378,10,10,130,440,88,11
4913,81.88333333333334,402,402,0,1,1,175,370,10,10,136,440,88,11
4914,81.9,402,402,0,1,1,176,366,10,10,136,440,88,11
4915,81.91666666666667,402,402,0,1,1,177,362,10,10,136,440,88,11
4916,81.93333333333334,402,402,0,1,1,178,358,10,10,142,440,88,11
4917,81.95,402,402,0,1,1,179,354,10,10,136,440,88,11
4918,81.96666666666667,402,402,0,1,1,180,350,10,10,142,440,88,11
4919,81.98333333333333,402,402,0,1,1,181,346,10,10,142,440,88,11
4920,82.0,402,402,0,1,1,182,342,10,10,142,440,88,11
4921,82.01666666666667,402,402,0,1,1,183,338,10,10,142,440,88,11
4922,82.03333333333333,402,402,0,1,1,184,334,10,10,148,440,88,11
4923,82.05,402,402,0,1,1,185,330,10,10,142,440,88,11
4924,82.06666666666666,402,402,0,1,1,186,326,10,10,148,440,88,11
4925,82.08333333333333,402,402,0,1,1,187,322,10,10,148,440,88,11
4926,82.1,402,402,0,1,1,188,318,10,10,148,440,88,11
4927,82.11666666666666,402,402,0,1,1,189,314,10,10,148,440,88,11
4928,82.13333333333334,402,402,0,1,1,190,310,10,10,154,440,88,11
4929,82.15,402,402,0,1,1,191,306,10,10,148,440,88,11
4930,82.16666666666667,402,402,0,1,1,192,302,10,10,154,440,88,11
4931,82.18333333333334,402,402,0,1,1,193,298,10,10,154,440,88,11
4932,82.2,402,402,0,1,1,194,294,10,10,154,440,88,11
4933,82.21666666666667,402,402,0,1,1,195,290,10,10,154,440,88,11
4934,82.23333333333333,402,402,0,1,1,196,286,10,10,160,440,88,11
4935,82.25,402,402,0,1,1,197,282,10,10,154,440,88,11
4936,82.26666666666667,402,402,0,1,1,198,278,10,10,160,440,88,11
4937,82.28333333333333,402,402,0,1,1,199,274,10,10,160,440,88,11
4938,82.3,402,402,0,1,1,200,270,10,10,160,440,88,11
4939,82.31666666666666,402,402,0,1,1,201,266,10,10,160,440,88,11
4940,82.33333333333333,402,402,0,1,1,202,262,10,10,166,440,88,11
4941,82.35,402,402,0,1,1,203,258,10,10,160,440,88,11
4942,82.36666666666666,402,402,0,1,1,204,254,10,10,166,440,88,11
4943,82.38333333333334,402,402,0,1,1,205,250,10,10,166,440,88,11
4944,82.4,402,402,0,1,1,206,246,10,10,166,440,88,11
4945,82.41666666666667,402,402,0,1,1,207,242,10,10,166,440,88,11
4946,82.43333333333334,402,402,0,1,1,208,238,10,10,172,440,88,11
4947,82.45,402,402,0,1,1,209,234,10,10,166,440,88,11
4948,82.46666666666667,402,402,0,1,1,210,230,10,10,172,440,88,11
4949,82.48333333333333,402,402,0,1,1,211,226,10,10,172,440,88,11
4950,82.5,402,402,0,1,1,212,222,10,10,172,440,88,11
4951,82.51666666666667,402,402,0,1,1,213,218,10,10,172,440,88,11
4952,82.53333333333333,402,402,0,1,1,214,214,10,10,178,440,88,11
4953,82.55,402,402,0,1,1,215,210,10,10,172,440,88,11
4954,82.56666666666666,402,402,0,1,1,216,206,10,10,178,440,88,11
4955,82.58333333333333,402,402,0,1,1,217,202,10,10,178,440,88,11
4956,82.6,402,402,0,1,1,218,198,10,10,178,440,88,11
4957,82.61666666666666,402,402,0,1,1,219,194,10,10,178,440,88,11
4958,82.63333333333334,402,402,0,1,1,220,190,10,10,184,440,88,11
4959,82.65,402,402,0,1,1,221,186,10,10,178,440,88,11
4960,82.66666666666667,402,402,0,1,1,222,182,10,10,184,440,88,11
4961,82.68333333333334,402,402,0,1,1,223,178,10,10,184,440,88,11
4962,82.7,402,402,0,1,1,224,174,10,10,184,440,88,11
4963,82.71666666666667,402,402,0,1,1,225,170,10,10,184,440,88,11
4964,82.73333333333333,402,402,0,1,1,226,166,10,10,190,440,88,11
4965,82.75,402,402,0,1,1,227,162,10,10,184,440,88,11
4966,82.76666666666667,402,402,0,1,1,228,158,10,10,190,440,88,11
4967,82.78333333333333,402,402,0,1,1,229,154,10,10,190,440,88,11
4968,82.8,402,402,0,1,1,230,150,10,10,190,440,88,11
4969,82.81666666666666,402,402,0,1,1,231,146,10,10,190,440,88,11
4970,82.83333333333333,402,402,0,1,1,232,142,10,10,196,440,88,11
4971,82.85,402,402,0,1,1,233,138,10,10,190,440,88,11
4972,82.86666666666666,402,402,0,1,1,233,138,10,10,190,440,88,11
4973,82.88333333333334,402,402,0,1,1,234,134,10,10,196,440,88,11
4974,82.9,402,402,0,1,1,236,126,10,10,196,440,88,11
4975,82.91666666666667,402,402,0,1,1,237,122,10,10,196,440,88,11
4976,82.93333333333334,402,402,0,1,1,238,118,10,10,202,440,88,11
4977,82.95,402,402,0,1,1,239,114,10,10,196,440,88,11
4978,82.96666666666667,402,402,0,1,1,240,110,10,10,202,440,88,11
4979,82.98333333333333,402,402,0,1,1,241,106,10,10,202,440,88,11
4980,83.0,402,402,0,1,1,242,102,10,10,202,440,88,11
4981,83.01666666666667,402,402,0,1,1,243,98,10,10,202,440,88,11
4982,83.03333333333333,402,402,0,1,1,243,98,10,10,202,440,88,11
4983,83.05,402,402,0,1,1,244,96,10,9,208,440,88,11
4984,83.06666666666666,402,402,0,1,1,244,96,10,9,208,440,88,11
4985,83.08333333333333,402,402,0,1,1,244,96,10,9,208,440,88,11
4986,83.1,402,402,0,1,1,244,96,10,9,208,440,88,11
4987,83.11666666666666,402,402,0,1,1,244,96,10,9,208,440,88,11
4988,83.13333333333334,402,402,0,1,1,244,96,10,9,208,440,88,11
4989,83.15,402,402,0,1,1,244,96,10,9,208,440,88,11
4990,83.16666666666667,402,402,0,1,1,244,96,10,9,208,440,88,11
4991,83.18333333333334,402,402,0,1,1,244,96,10,9,208,440,88,11
4992,83.2,402,402,0,1,1,244,96,10,9,208,440,88,11
4993,83.21666666666667,402,402,0,1,1,244,96,10,9,208,440,88,11
4994,83.23333333333333,402,402,0,1,1,244,96,10,9,208,440,88,11
4995,83.25,402,402,0,1,1,244,96,10,9,208,440,88,11
4996,83.26666666666667,402,402,0,1,1,244,96,10,9,208,440,88,11
4997,83.28333333333333,402,402,0,1,1,244,96,10,9,208,440,88,11
4998,83.3,402,402,0,1,1,244,96,10,9,208,440,88,11
4999,83.31666666666666,402,402,0,1,1,244,96,10,9,208,440,88,11
5000,83.33333333333333,402,402,0,1,1,244,96,10,9,208,440,88,11
5001,83.35,402,402,0,1,1,244,96,10,9,208,440,88,11
5002,83.36666666666666,402,402,0,1,1,244,96,10,9,208,440,88,11
5003,83.38333333333334,402,402,0,1,1,244,96,10,9,208,440,88,11
5004,83.4,402,402,0,1,1,244,96,10,9,208,440,88,11
5005,83.41666666666667,402,402,0,1,1,244,96,10,9,208,440,88,11
5006,83.43333333333334,402,402,0,1,1,244,96,10,9,208,440,88,11
5007,83.45,402,402,0,1,1,244,96,10,9,208,440,88,11
5008,83.46666666666667,402,402,0,1,1,244,96,10,9,208,440,88,11
5009,83.48333333333333,402,402,0,1,1,244,96,10,9,208,440,88,11
5010,83.5,402,402,0,1,1,244,96,10,9,208,440,88,11
5011,83.51666666666667,402,402,0,1,1,244,96,10,9,208,440,88,11
5012,83.53333333333333,402,402,0,1,1,244,96,10,9,208,440,88,11
5013,83.55,402,402,0,1,1,244,96,10,9,208,440,88,11
5014,83.56666666666666,402,402,0,1,1,244,96,10,9,208,440,88,11
5015,83.58333333333333,402,402,0,1,1,244,96,10,9,208,440,88,11
5016,83.6,402,402,0,1,1,244,96,10,9,208,440,88,11
5017,83.61666666666666,402,402,0,1,1,244,96,10,9,208,440,88,11
5018,83.63333333333334,402,402,0,1,1,244,96,10,9,208,440,88,11
5019,83.65,402,402,0,1,1,244,96,10,9,208,440,88,11
5020,83.66666666666667,402,402,0,1,1,244,96,10,9,208,440,88,11
5021,83.68333333333334,402,402,0,1,1,244,96,10,9,208,440,88,11
5022,83.7,402,402,0,1,1,244,96,10,9,208,440,88,11
5023,83.71666666666667,402,402,0,1,1,244,96,10,9,208,440,88,11
5024,83.73333333333333,402,402,0,1,1,244,96,10,9,208,440,88,11
5025,83.75,402,402,0,1,1,244,96,10,9,208,440,88,11
5026,83.76666666666667,402,402,0,1,1,244,96,10,9,208,440,88,11
5027,83.78333333333333,402,402,0,1,1,244,96,10,9,208,440,88,11
5028,83.8,402,402,0,1,1,244,96,10,9,208,440,88,11
5029,83.81666666666666,402,402,0,1,1,244,96,10,9,208,440,88,11
5030,83.83333333333333,402,402,0,1,1,244,96,10,9,208,440,88,11
5031,83.85,402,402,0,1,1,244,96,10,9,208,440,88,11
5032,83.86666666666666,402,402,0,1,1,244,96,10,9,208,440,88,11
5033,83.88333333333334,402,402,0,1,1,244,96,10,9,208,440,88,11
5034,83.9,402,402,0,1,1,244,96,10,9,208,440,88,11
5035,83.91666666666667,402,402,0,1,1,244,96,10,9,208,440,88,11
5036,83.93333333333334,402,402,0,1,1,244,96,10,9,208,440,88,11
5037,83.95,402,402,0,1,1,244,96,10,9,208,440,88,11
5038,83.96666666666667,402,402,0,1,1,244,96,10,9,208,440,88,11
5039,83.98333333333333,402,402,0,1,1,244,96,10,9,208,440,88,11
5040,84.0,402,402,0,1,1,244,96,10,9,208,440,88,11
5041,84.01666666666667,402,402,0,1,1,244,96,10,9,208,440,88,11
5042,84.03333333333333,402,402,0,1,1,244,96,10,9,208,440,88,11
5043,84.05,402,402,0,1,1,244,96,10,9,208,440,88,11
5044,84.06666666666666,402,402,0,1,1,244,96,10,9,208,440,88,11
5045,84.08333333333333,402,402,0,1,1,244,96,10,9,208,440,88,11
5046,84.1,402,402,0,1,1,244,96,10,9,208,440,88,11
5047,84.11666666666666,402,402,0,1,1,244,96,10,9,208,440,88,11
5048,84.13333333333334,402,402,0,1,1,244,96,10,9,208,440,88,11
5049,84.15,402,402,0,1,1,244,96,10,9,208,440,88,11
5050,84.16666666666667,402,402,0,1,1,244,96,10,9,208,440,88,11
5051,84.18333333333334,402,402,0,1,1,244,96,10,9,208,440,88,11
5052,84.2,402,402,0,1,1,244,96,10,9,208,440,88,11
5053,84.21666666666667,402,402,0,1,1,244,96,10,9,208,440,88,11
5054,84.23333333333333,402,402,0,1,1,244,96,10,9,208,440,88,11
5055,84.25,402,402,0,1,1,244,96,10,9,208,440,88,11
5056,84.26666666666667,402,402,0,1,1,244,96,10,9,208,440,88,11
5057,84.28333333333333,402,402,0,1,1,244,96,10,9,208,440,88,11
5058,84.3,402,402,0,1,1,244,96,10,9,208,440,88,11
5059,84.31666666666666,402,402,0,1,1,244,96,10,9,208,440,88,11
5060,84.33333333333333,402,402,0,1,1,244,96,10,9,208,440,88,11
5061,84.35,402,402,0,1,1,244,96,10,9,208,440,88,11
5062,84.36666666666666,402,402,0,1,1,244,96,10,9,208,440,88,11
5063,84.38333333333334,402,402,0,1,1,244,96,10,9,208,440,88,11
5064,84.4,402,402,0,1,1,244,96,10,9,208,440,88,11
5065,84.41666666666667,402,402,0,1,1,244,96,10,9,208,440,88,11
5066,84.43333333333334,402,402,0,1,1,244,96,10,9,208,440,88,11
5067,84.45,402,402,0,1,1,244,96,10,9,208,440,88,11
5068,84.46666666666667,402,402,0,1,1,244,96,10,9,208,440,88,11
5069,84.48333333333333,402,402,0,1,1,244,96,10,9,208,440,88,11
5070,84.5,402,402,0,1,1,244,96,10,9,208,440,88,11
5071,84.51666666666667,402,402,0,1,1,244,96,10,9,208,440,88,11
5072,84.53333333333333,402,402,0,1,1,244,96,10,9,208,440,88,11
5073,84.55,402,402,0,1,1,244,96,10,9,208,440,88,11
5074,84.56666666666666,402,402,0,1,1,244,96,10,9,208,440,88,11
5075,84.58333333333333,402,402,0,1,1,244,96,10,9,208,440,88,11
5076,84.6,402,402,0,1,1,244,96,10,9,208,440,88,11
5077,84.61666666666666,402,402,0,1,1,244,96,10,9,208,440,88,11
5078,84.63333333333334,402,402,0,1,1,244,96,10,9,208,440,88,11
5079,84.65,402,402,0,1,1,244,96,10,9,208,440,88,11
5080,84.66666666666667,402,402,0,1,1,244,96,10,9,208,440,88,11
5081,84.68333333333334,402,402,0,1,1,244,96,10,9,208,440,88,11
5082,84.7,402,402,0,1,1,244,96,10,9,208,440,88,11
5083,84.71666666666667,402,402,0,1,1,244,96,10,9,208,440,88,11
5084,84.73333333333333,402,402,0,1,1,244,96,10,9,208,440,88,11
5085,84.75,402,402,0,1,1,244,96,10,9,208,440,88,11
5086,84.76666666666667,402,402,0,1,1,244,96,10,9,208,440,88,11
5087,84.78333333333333,402,402,0,1,1,244,96,10,9,208,440,88,11
5088,84.8,402,402,0,1,1,244,96,10,9,208,440,88,11
5089,84.81666666666666,402,402,0,1,1,244,96,10,9,208,440,88,11
5090,84.83333333333333,402,402,0,1,1,244,96,10,9,208,440,88,11
5091,84.85,402,402,0,1,1,244,96,10,9,208,440,88,11
5092,84.86666666666666,402,402,0,1,1,244,96,10,9,208,440,88,11
5093,84.88333333333334,402,402,0,1,1,244,96,10,9,208,440,88,11
5094,84.9,402,402,0,1,1,244,96,10,9,208,440,88,11
5095,84.91666666666667,402,402,0,1,1,244,96,10,9,208,440,88,11
5096,84.93333333333334,402,402,0,1,1,244,96,10,9,208,440,88,11
5097,84.95,402,402,0,1,1,244,96,10,9,208,440,88,11
5098,84.96666666666667,402,402,0,1,1,244,96,10,9,208,440,88,11
5099,84.98333333333333,402,402,0,1,1,244,96,10,9,208,440,88,11
5100,85.0,402,402,0,1,1,244,96,10,9,208,440,88,11
5101,85.01666666666667,402,402,0,1,1,244,96,10,9,208,440,88,11
5102,85.03333333333333,402,402,0,1,1,244,96,10,9,208,440,88,11
5103,85.05,402,402,0,1,1,244,96,10,9,208,440,88,11
5104,85.06666666666666,402,402,0,1,1,244,96,10,9,208,440,88,11
5105,85.08333333333333,402,402,0,1,1,244,96,10,9,208,440,88,11
5106,85.1,402,402,0,1,1,244,96,10,9,208,440,88,11
5107,85.11666666666666,402,402,0,1,1,244,96,10,9,208,440,88,11
5108,85.13333333333334,402,402,0,1,1,244,96,10,9,208,440,88,11
5109,85.15,402,402,0,1,1,244,96,10,9,208,440,88,11
5110,85.16666666666667,402,402,0,1,1,244,96,10,9,208,440,88,11
5111,85.18333333333334,402,402,0,1,1,244,96,10,9,208,440,88,11
5112,85.2,402,402,0,1,1,244,96,10,9,208,440,88,11
5113,85.21666666666667,402,402,0,1,1,244,96,10,9,208,440,88,11
5114,85.23333333333333,402,402,0,1,1,244,96,10,9,208,440,88,11
5115,85.25,402,402,0,1,1,244,96,10,9,208,440,88,11
5116,85.26666666666667,402,402,0,1,1,244,96,10,9,208,440,88,11
5117,85.28333333333333,402,402,0,1,1,244,96,10,9,208,440,88,11
5118,85.3,402,402,0,1,1,244,96,10,9,208,440,88,11
5119,85.31666666666666,402,402,0,1,1,244,96,10,9,208,440,88,11
5120,85.33333333333333,402,402,0,1,1,244,96,10,9,208,440,88,11
5121,85.35,402,402,0,1,1,244,96,10,9,208,440,88,11
5122,85.36666666666666,402,402,0,1,1,244,96,10,9,208,440,88,11
5123,85.38333333333334,402,402,0,1,1,244,96,10,9,208,440,88,11
5124,85.4,402,402,0,1,1,244,96,10,9,208,440,88,11
5125,85.41666666666667,402,402,0,1,1,244,96,10,9,208,440,88,11
5126,85.43333333333334,402,402,0,1,1,244,96,10,9,208,440,88,11
5127,85.45,402,402,0,1,1,244,96,10,9,208,440,88,11
5128,85.46666666666667,402,402,0,1,1,244,96,10,9,208,440,88,11
5129,85.48333333333333,402,402,0,1,1,244,96,10,9,208,440,88,11
5130,85.5,402,402,0,1,1,244,96,10,9,208,440,88,11
5131,85.51666666666667,402,402,0,1,1,244,96,10,9,208,440,88,11
5132,85.53333333333333,402,402,0,1,1,244,96,10,9,208,440,88,11
5133,85.55,402,402,0,1,1,244,96,10,9,208,440,88,11
5134,85.56666666666666,402,402,0,1,1,244,96,10,9,208,440,88,11
5135,85.58333333333333,402,402,0,1,1,244,96,10,9,208,440,88,11
5136,85.6,402,402,0,1,1,244,96,10,9,208,440,88,11
5137,85.61666666666666,402,402,0,1,1,244,96,10,9,208,440,88,11
5138,85.63333333333334,402,402,0,1,1,244,96,10,9,208,440,88,11
5139,85.65,402,402,0,1,1,244,96,10,9,208,440,88,11
5140,85.66666666666667,402,402,0,1,1,244,96,10,9,208,440,88,11
5141,85.68333333333334,402,402,0,1,1,244,96,10,9,208,440,88,11
5142,85.7,402,402,0,1,1,244,96,10,9,208,440,88,11
5143,85.71666666666667,402,402,0,1,1,244,96,10,9,208,440,88,11
5144,85.73333333333333,402,402,0,1,1,244,96,10,9,208,440,88,11
5145,85.75,402,402,0,1,1,244,96,10,9,208,440,88,11
5146,85.76666666666667,402,402,0,1,1,244,96,10,9,208,440,88,11
5147,85.78333333333333,402,402,0,1,1,244,96,10,9,208,440,88,11
5148,85.8,402,402,0,1,1,244,96,10,9,208,440,88,11
5149,85.81666666666666,402,402,0,1,1,244,96,10,9,208,440,88,11
5150,85.83333333333333,402,402,0,1,1,244,96,10,9,208,440,88,11
5151,85.85,402,402,0,1,1,244,96,10,9,208,440,88,11
5152,85.86666666666666,402,402,0,1,1,244,96,10,9,208,440,88,11
5153,85.88333333333334,402,402,0,1,1,244,96,10,9,208,440,88,11
5154,85.9,402,402,0,1,1,244,96,10,9,208,440,88,11
5155,85.91666666666667,402,402,0,1,1,244,96,10,9,208,440,88,11
5156,85.93333333333334,402,402,0,1,1,244,96,10,9,208,440,88,11
5157,85.95,402,402,0,1,1,244,96,10,9,208,440,88,11
5158,85.96666666666667,402,402,0,1,1,244,96,10,9,208,440,88,11
5159,85.98333333333333,402,402,0,1,1,244,96,10,9,208,440,88,11
5160,86.0,402,402,0,1,1,244,96,10,9,208,440,88,11
5161,86.01666666666667,402,402,0,1,1,244,96,10,9,208,440,88,11
5162,86.03333333333333,402,402,0,1,1,244,96,10,9,208,440,88,11
5163,86.05,402,402,0,1,1,244,96,10,9,208,440,88,11
5164,86.06666666666666,402,402,0,1,1,244,96,10,9,208,440,88,11
5165,86.08333333333333,402,402,0,1,1,244,96,10,9,208,440,88,11
5166,86.1,402,402,0,1,1,244,96,10,9,208,440,88,11
5167,86.11666666666666,402,402,0,1,1,244,96,10,9,208,440,88,11
5168,86.13333333333334,402,402,0,1,1,244,96,10,9,208,440,88,11
5169,86.15,402,402,0,1,1,244,96,10,9,208,440,88,11
5170,86.16666666666667,402,402,0,1,1,244,96,10,9,208,440,88,11
5171,86.18333333333334,402,402,0,1,1,244,96,10,9,208,440,88,11
5172,86.2,402,402,0,1,1,244,96,10,9,208,440,88,11
5173,86.21666666666667,402,402,0,1,1,244,96,10,9,208,440,88,11
5174,86.23333333333333,402,402,0,1,1,244,96,10,9,208,440,88,11
5175,86.25,402,402,0,1,1,244,96,10,9,208,440,88,11
5176,86.26666666666667,402,402,0,1,1,244,96,10,9,208,440,88,11
5177,86.28333333333333,402,402,0,1,1,244,96,10,9,208,440,88,11
5178,86.3,402,402,0,1,1,244,96,10,9,208,440,88,11
5179,86.31666666666666,402,402,0,1,1,244,96,10,9,208,440,88,11
5180,86.33333333333333,402,402,0,1,1,244,96,10,9,208,440,88,11
5181,86.35,402,402,0,1,1,244,96,10,9,208,440,88,11
5182,86.36666666666666,402,402,0,1,1,244,96,10,9,208,440,88,11
5183,86.38333333333334,402,402,0,1,1,244,96,10,9,208,440,88,11
5184,86.4,402,402,0,1,1,244,96,10,9,208,440,88,11
5185,86.41666666666667,402,402,0,1,1,244,96,10,9,208,440,88,11
5186,86.43333333333334,402,402,0,1,1,244,96,10,9,208,440,88,11
5187,86.45,402,402,0,1,1,244,96,10,9,208,440,88,11
5188,86.46666666666667,402,402,0,1,1,244,96,10,9,208,440,88,11
5189,86.48333333333333,402,402,0,1,1,244,96,10,9,208,440,88,11
5190,86.5,402,402,0,1,1,244,96,10,9,208,440,88,11
5191,86.51666666666667,402,402,0,1,1,244,96,10,9,208,440,88,11
5192,86.53333333333333,402,402,0,1,1,244,96,10,9,208,440,88,11
5193,86.55,402,402,0,1,1,244,96,10,9,208,440,88,11
5194,86.56666666666666,402,402,0,1,1,244,96,10,9,208,440,88,11
5195,86.58333333333333,402,402,0,1,1,244,96,10,9,208,440,88,11
5196,86.6,402,402,0,1,1,244,96,10,9,208,440,88,11
5197,86.61666666666666,402,402,0,1,1,244,96,10,9,208,440,88,11
5198,86.63333333333334,402,402,0,1,1,244,96,10,9,208,440,88,11
5199,86.65,402,402,0,1,1,244,96,10,9,208,440,88,11
5200,86.66666666666667,402,402,0,1,1,244,96,10,9,208,440,88,11
5201,86.68333333333334,402,402,0,1,1,244,96,10,9,208,440,88,11
5202,86.7,402,402,0,1,1,244,96,10,9,208,440,88,11
5203,86.71666666666667,402,402,0,1,1,244,96,10,9,208,440,88,11
5204,86.73333333333333,402,402,0,1,1,244,96,10,9,208,440,88,11
5205,86.75,402,402,0,1,1,244,96,10,9,208,440,88,11
5206,86.76666666666667,402,402,0,1,1,244,96,10,9,208,440,88,11
5207,86.78333333333333,402,402,0,1,1,244,96,10,9,208,440,88,11
5208,86.8,402,402,0,1,1,244,96,10,9,208,440,88,11
5209,86.81666666666666,402,402,0,1,1,244,96,10,9,208,440,88,11
5210,86.83333333333333,402,402,0,1,1,244,96,10,9,208,440,88,11
5211,86.85,402,402,0,1,1,244,96,10,9,208,440,88,11
5212,86.86666666666666,402,402,0,1,1,244,96,10,9,208,440,88,11
5213,86.88333333333334,402,402,0,1,1,244,96,10,9,208,440,88,11
5214,86.9,402,402,0,1,1,244,96,10,9,208,440,88,11
5215,86.91666666666667,402,402,0,1,1,244,96,10,9,208,440,88,11
5216,86.93333333333334,402,402,0,1,1,244,96,10,9,208,440,88,11
5217,86.95,402,402,0,1,1,244,96,10,9,208,440,88,11
5218,86.96666666666667,402,402,0,1,1,244,96,10,9,208,440,88,11
5219,86.98333333333333,402,402,0,1,1,244,96,10,9,208,440,88,11
5220,87.0,402,402,0,1,1,244,96,10,9,208,440,88,11
5221,87.01666666666667,402,402,0,1,1,244,96,10,9,208,440,88,11
5222,87.03333333333333,402,402,0,1,1,244,96,10,9,208,440,88,11
5223,87.05,402,402,0,1,1,244,96,10,9,208,440,88,11
5224,87.06666666666666,402,402,0,1,1,244,96,10,9,208,440,88,11
5225,87.08333333333333,402,402,0,1,1,244,96,10,9,208,440,88,11
5226,87.1,402,402,0,1,1,244,96,10,9,208,440,88,11
5227,87.11666666666666,402,402,0,1,1,244,96,10,9,208,440,88,11
5228,87.13333333333334,402,402,0,1,1,244,96,10,9,208,440,88,11
5229,87.15,402,402,0,1,1,244,96,10,9,208,440,88,11
5230,87.16666666666667,402,402,0,1,1,244,96,10,9,208,440,88,11
5231,87.18333333333334,402,402,0,1,1,244,96,10,9,208,440,88,11
5232,87.2,402,402,0,1,1,244,96,10,9,208,440,88,11
5233,87.21666666666667,402,402,0,1,1,244,96,10,9,208,440,88,11
5234,87.23333333333333,402,402,0,1,1,244,96,10,9,208,440,88,11
5235,87.25,402,402,0,1,1,244,96,10,9,208,440,88,11
5236,87.26666666666667,402,402,0,1,1,244,96,10,9,208,440,88,11
5237,87.28333333333333,402,402,0,1,1,244,96,10,9,208,440,88,11
5238,87.3,402,402,0,1,1,244,96,10,9,208,440,88,11
5239,87.31666666666666,402,402,0,1,1,244,96,10,9,208,440,88,11
5240,87.33333333333333,402,402,0,1,1,244,96,10,9,208,440,88,11
5241,87.35,402,402,0,1,1,244,96,10,9,208,440,88,11
5242,87.36666666666666,402,402,0,1,1,244,96,10,9,208,440,88,11
5243,87.38333333333334,402,402,0,1,1,244,96,10,9,208,440,88,11
5244,87.4,402,402,0,1,1,244,96,10,9,208,440,88,11
5245,87.41666666666667,402,402,0,1,1,244,96,10,9,208,440,88,11
5246,87.43333333333334,402,402,0,1,1,244,96,10,9,208,440,88,11
5247,87.45,402,402,0,1,1,244,96,10,9,208,440,88,11
5248,87.46666666666667,402,402,0,1,1,244,96,10,9,208,440,88,11
5249,87.48333333333333,402,402,0,1,1,244,96,10,9,208,440,88,11
5250,87.5,402,402,0,1,1,244,96,10,9,208,440,88,11
5251,87.51666666666667,402,402,0,1,1,244,96,10,9,208,440,88,11
5252,87.53333333333333,402,402,0,1,1,244,96,10,9,208,440,88,11
5253,87.55,402,402,0,1,1,244,96,10,9,208,440,88,11
5254,87.56666666666666,402,402,0,1,1,244,96,10,9,208,440,88,11
5255,87.58333333333333,402,402,0,1,1,244,96,10,9,208,440,88,11
5256,87.6,402,402,0,1,1,244,96,10,9,208,440,88,11
5257,87.61666666666666,402,402,0,1,1,244,96,10,9,208,440,88,11
5258,87.63333333333334,402,402,0,1,1,244,96,10,9,208,440,88,11
5259,87.65,402,402,0,1,1,244,96,10,9,208,440,88,11
5260,87.66666666666667,402,402,0,1,1,244,96,10,9,208,440,88,11
5261,87.68333333333334,402,402,0,1,1,244,96,10,9,208,440,88,11
5262,87.7,402,402,0,1,1,244,96,10,9,208,440,88,11
5263,87.71666666666667,402,402,0,1,1,244,96,10,9,208,440,88,11
5264,87.73333333333333,402,402,0,1,1,244,96,10,9,208,440,88,11
5265,87.75,402,402,0,1,1,244,96,10,9,208,440,88,11
5266,87.76666666666667,402,402,0,1,1,244,96,10,9,208,440,88,11
5267,87.78333333333333,402,402,0,1,1,244,96,10,9,208,440,88,11
5268,87.8,402,402,0,1,1,244,96,10,9,208,440,88,11
5269,87.81666666666666,402,402,0,1,1,244,96,10,9,208,440,88,11
5270,87.83333333333333,402,402,0,1,1,244,96,10,9,208,440,88,11
5271,87.85,402,402,0,1,1,244,96,10,9,208,440,88,11
5272,87.86666666666666,402,402,0,1,1,244,96,10,9,208,440,88,11
5273,87.88333333333334,402,402,0,1,1,244,96,10,9,208,440,88,11
5274,87.9,402,402,0,1,1,244,96,10,9,208,440,88,11
5275,87.91666666666667,402,402,0,1,1,244,96,10,9,208,440,88,11
5276,87.93333333333334,402,402,0,1,1,244,96,10,9,208,440,88,11
5277,87.95,402,402,0,1,1,244,96,10,9,208,440,88,11
5278,87.96666666666667,402,402,0,1,1,244,96,10,9,208,440,88,11
5279,87.98333333333333,402,402,0,1,1,244,96,10,9,208,440,88,11
5280,88.0,402,402,0,1,1,244,96,10,9,208,440,88,11
5281,88.01666666666667,402,402,0,1,1,244,96,10,9,208,440,88,11
5282,88.03333333333333,402,402,0,1,1,244,96,10,9,208,440,88,11
5283,88.05,402,402,0,1,1,244,96,10,9,208,440,88,11
5284,88.06666666666666,402,402,0,1,1,244,96,10,9,208,440,88,11
5285,88.08333333333333,402,402,0,1,1,244,96,10,9,208,440,88,11
5286,88.1,402,402,0,1,1,244,96,10,9,208,440,88,11
5287,88.11666666666666,402,402,0,1,1,244,96,10,9,208,440,88,11
5288,88.13333333333334,402,402,0,1,1,244,96,10,9,208,440,88,11
5289,88.15,402,402,0,1,1,244,96,10,9,208,440,88,11
5290,88.16666666666667,402,402,0,1,1,244,96,10,9,208,440,88,11
5291,88.18333333333334,402,402,0,1,1,244,96,10,9,208,440,88,11
5292,88.2,402,402,0,1,1,244,96,10,9,208,440,88,11
5293,88.21666666666667,402,402,0,1,1,244,96,10,9,208,440,88,11
5294,88.23333333333333,402,402,0,1,1,244,96,10,9,208,440,88,11
5295,88.25,402,402,0,1,1,244,96,10,9,208,440,88,11
5296,88.26666666666667,402,402,0,1,1,244,96,10,9,208,440,88,11
5297,88.28333333333333,402,402,0,1,1,244,96,10,9,208,440,88,11
5298,88.3,402,402,0,1,1,244,96,10,9,208,440,88,11
5299,88.31666666666666,402,402,0,1,1,244,96,10,9,208,440,88,11
5300,88.33333333333333,402,402,0,1,1,244,96,10,9,208,440,88,11
5301,88.35,402,402,0,1,1,244,96,10,9,208,440,88,11
5302,88.36666666666666,402,402,0,1,1,244,96,10,9,208,440,88,11
5303,88.38333333333334,402,402,0,1,1,244,96,10,9,208,440,88,11
5304,88.4,402,402,0,1,1,244,96,10,9,208,440,88,11
5305,88.41666666666667,402,402,0,1,1,244,96,10,9,208,440,88,11
5306,88.43333333333334,402,402,0,1,1,244,96,10,9,208,440,88,11
5307,88.45,402,402,0,1,1,244,96,10,9,208,440,88,11
5308,88.46666666666667,402,402,0,1,1,244,96,10,9,208,440,88,11
5309,88.48333333333333,402,402,0,1,1,244,96,10,9,208,440,88,11
5310,88.5,402,402,0,1,1,244,96,10,9,208,440,88,11
5311,88.51666666666667,402,402,0,1,1,244,96,10,9,208,440,88,11
5312,88.53333333333333,402,402,0,1,1,244,96,10,9,208,440,88,11
5313,88.55,402,402,0,1,1,244,96,10,9,208,440,88,11
5314,88.56666666666666,402,402,0,1,1,244,96,10,9,208,440,88,11
5315,88.58333333333333,402,402,0,1,1,244,96,10,9,208,440,88,11
5316,88.6,402,402,0,1,1,244,96,10,9,208,440,88,11
5317,88.61666666666666,402,402,0,1,1,244,96,10,9,208,440,88,11
5318,88.63333333333334,402,402,0,1,1,244,96,10,9,208,440,88,11
5319,88.65,402,402,0,1,1,244,96,10,9,208,440,88,11
5320,88.66666666666667,402,402,0,1,1,244,96,10,9,208,440,88,11
5321,88.68333333333334,402,402,0,1,1,244,96,10,9,208,440,88,11
5322,88.7,402,402,0,1,1,244,96,10,9,208,440,88,11
5323,88.71666666666667,402,402,0,1,1,244,96,10,9,208,440,88,11
5324,88.73333333333333,402,402,0,1,1,244,96,10,9,208,440,88,11
5325,88.75,402,402,0,1,1,244,96,10,9,208,440,88,11
5326,88.76666666666667,402,402,0,1,1,244,96,10,9,208,440,88,11
5327,88.78333333333333,402,402,0,1,1,244,96,10,9,208,440,88,11
5328,88.8,402,402,0,1,1,244,96,10,9,208,440,88,11
5329,88.81666666666666,402,402,0,1,1,244,96,10,9,208,440,88,11
5330,88.83333333333333,402,402,0,1,1,244,96,10,9,208,440,88,11
5331,88.85,402,402,0,1,1,244,96,10,9,208,440,88,11
5332,88.86666666666666,402,402,0,1,1,244,96,10,9,208,440,88,11
5333,88.88333333333334,402,402,0,1,1,244,96,10,9,208,440,88,11
5334,88.9,402,402,0,1,1,244,96,10,9,208,440,88,11
5335,88.91666666666667,402,402,0,1,1,244,96,10,9,208,440,88,11
5336,88.93333333333334,402,402,0,1,1,244,96,10,9,208,440,88,11
5337,88.95,402,402,0,1,1,244,96,10,9,208,440,88,11
5338,88.96666666666667,402,402,0,1,1,244,96,10,9,208,440,88,11
5339,88.98333333333333,402,402,0,1,1,244,96,10,9,208,440,88,11
5340,89.0,402,402,0,1,1,244,96,10,9,208,440,88,11
5341,89.01666666666667,402,402,0,1,1,244,96,10,9,208,440,88,11
5342,89.03333333333333,402,402,0,1,1,244,96,10,9,208,440,88,11
5343,89.05,402,402,0,1,1,244,96,10,9,208,440,88,11
5344,89.06666666666666,402,402,0,1,1,244,96,10,9,208,440,88,11
5345,89.08333333333333,402,402,0,1,1,244,96,10,9,208,440,88,11
5346,89.1,402,402,0,1,1,244,96,10,9,208,440,88,11
5347,89.11666666666666,402,402,0,1,1,244,96,10,9,208,440,88,11
5348,89.13333333333334,402,402,0,1,1,244,96,10,9,208,440,88,11
5349,89.15,402,402,0,1,1,244,96,10,9,208,440,88,11
5350,89.16666666666667,402,402,0,1,1,244,96,10,9,208,440,88,11
5351,89.18333333333334,402,402,0,1,1,244,96,10,9,208,440,88,11
5352,89.2,402,402,0,1,1,244,96,10,9,208,440,88,11
5353,89.21666666666667,402,402,0,1,1,244,96,10,9,208,440,88,11
5354,89.23333333333333,402,402,0,1,1,244,96,10,9,208,440,88,11
5355,89.25,402,402,0,1,1,244,96,10,9,208,440,88,11
5356,89.26666666666667,402,402,0,1,1,244,96,10,9,208,440,88,11
5357,89.28333333333333,402,402,0,1,1,244,96,10,9,208,440,88,11
5358,89.3,402,402,0,1,1,244,96,10,9,208,440,88,11
5359,89.31666666666666,402,402,0,1,1,244,96,10,9,208,440,88,11
5360,89.33333333333333,402,402,0,1,1,244,96,10,9,208,440,88,11
5361,89.35,402,402,0,1,1,244,96,10,9,208,440,88,11
5362,89.36666666666666,402,402,0,1,1,244,96,10,9,208,440,88,11
5363,89.38333333333334,402,402,0,1,1,244,96,10,9,208,440,88,11
5364,89.4,402,402,0,1,1,244,96,10,9,208,440,88,11
5365,89.41666666666667,402,402,0,1,1,244,96,10,9,208,440,88,11
5366,89.43333333333334,402,402,0,1,1,244,96,10,9,208,440,88,11
5367,89.45,402,402,0,1,1,244,96,10,9,208,440,88,11
5368,89.46666666666667,402,402,0,1,1,244,96,10,9,208,440,88,11
5369,89.48333333333333,402,402,0,1,1,244,96,10,9,208,440,88,11
5370,89.5,402,402,0,1,1,244,96,10,9,208,440,88,11
5371,89.51666666666667,402,402,0,1,1,244,96,10,9,208,440,88,11
5372,89.53333333333333,402,402,0,1,1,244,96,10,9,208,440,88,11
5373,89.55,402,402,0,1,1,244,96,10,9,208,440,88,11
5374,89.56666666666666,402,402,0,1,1,244,96,10,9,208,440,88,11
5375,89.58333333333333,402,402,0,1,1,244,96,10,9,208,440,88,11
5376,89.6,402,402,0,1,1,244,96,10,9,208,440,88,11
5377,89.61666666666666,402,402,0,1,1,244,96,10,9,208,440,88,11
5378,89.63333333333334,402,402,0,1,1,244,96,10,9,208,440,88,11
5379,89.65,402,402,0,1,1,244,96,10,9,208,440,88,11
5380,89.66666666666667,402,402,0,1,1,244,96,10,9,208,440,88,11
5381,89.68333333333334,402,402,0,1,1,244,96,10,9,208,440,88,11
5382,89.7,402,402,0,1,1,244,96,10,9,208,440,88,11
5383,89.71666666666667,402,402,0,1,1,244,96,10,9,208,440,88,11
5384,89.73333333333333,402,402,0,1,1,244,96,10,9,208,440,88,11
5385,89.75,402,402,0,1,1,244,96,10,9,208,440,88,11
5386,89.76666666666667,402,402,0,1,1,244,96,10,9,208,440,88,11
5387,89.78333333333333,402,402,0,1,1,244,96,10,9,208,440,88,11
5388,89.8,402,402,0,1,1,244,96,10,9,208,440,88,11
5389,89.81666666666666,402,402,0,1,1,244,96,10,9,208,440,88,11
5390,89.83333333333333,402,402,0,1,1,244,96,10,9,208,440,88,11
5391,89.85,402,402,0,1,1,244,96,10,9,208,440,88,11
5392,89.86666666666666,402,402,0,1,1,244,96,10,9,208,440,88,11
5393,89.88333333333334,402,402,0,1,1,244,96,10,9,208,440,88,11
5394,89.9,402,402,0,1,1,244,96,10,9,208,440,88,11
5395,89.91666666666667,402,402,0,1,1,244,96,10,9,208,440,88,11
5396,89.93333333333334,402,402,0,1,1,244,96,10,9,208,440,88,11
5397,89.95,402,402,0,1,1,244,96,10,9,208,440,88,11
5398,89.96666666666667,402,402,0,1,1,244,96,10,9,208,440,88,11
5399,89.98333333333333,402,402,0,1,1,244,96,10,9,208,440,88,11
5400,90.0,402,402,0,1,1,244,96,10,9,208,440,88,11
5401,90.01666666666667,402,402,0,1,1,244,96,10,9,208,440,88,11
5402,90.03333333333333,402,402,0,1,1,244,96,10,9,208,440,88,11
5403,90.05,402,402,0,1,1,244,96,10,9,208,440,88,11
5404,90.06666666666666,402,402,0,1,1,244,96,10,9,208,440,88,11
5405,90.08333333333333,402,402,0,1,1,244,96,10,9,208,440,88,11
5406,90.1,402,402,0,1,1,244,96,10,9,208,440,88,11
5407,90.11666666666666,402,402,0,1,1,244,96,10,9,208,440,88,11
5408,90.13333333333334,402,402,0,1,1,244,96,10,9,208,440,88,11
5409,90.15,402,402,0,1,1,244,96,10,9,208,440,88,11
5410,90.16666666666667,402,402,0,1,1,244,96,10,9,208,440,88,11
5411,90.18333333333334,402,402,0,1,1,244,96,10,9,208,440,88,11
5412,90.2,402,402,0,1,1,244,96,10,9,208,440,88,11
5413,90.21666666666667,402,402,0,1,1,244,96,10,9,208,440,88,11
5414,90.23333333333333,402,402,0,1,1,244,96,10,9,208,440,88,11
5415,90.25,402,402,0,1,1,244,96,10,9,208,440,88,11
5416,90.26666666666667,402,402,0,1,1,244,96,10,9,208,440,88,11
5417,90.28333333333333,402,402,0,1,1,244,96,10,9,208,440,88,11
5418,90.3,402,402,0,1,1,244,96,10,9,208,440,88,11
5419,90.31666666666666,402,402,0,1,1,244,96,10,9,208,440,88,11
5420,90.33333333333333,402,402,0,1,1,244,96,10,9,208,440,88,11
5421,90.35,402,402,0,1,1,244,96,10,9,208,440,88,11
5422,90.36666666666666,402,402,0,1,1,244,96,10,9,208,440,88,11
5423,90.38333333333334,402,402,0,1,1,244,96,10,9,208,440,88,11
5424,90.4,402,402,0,1,1,244,96,10,9,208,440,88,11
5425,90.41666666666667,402,402,0,1,1,244,96,10,9,208,440,88,11
5426,90.43333333333334,402,402,0,1,1,244,96,10,9,208,440,88,11
5427,90.45,402,402,0,1,1,244,96,10,9,208,440,88,11
5428,90.46666666666667,402,402,0,1,1,244,96,10,9,208,440,88,11
5429,90.48333333333333,402,402,0,1,1,244,96,10,9,208,440,88,11
5430,90.5,402,402,0,1,1,244,96,10,9,208,440,88,11
5431,90.51666666666667,402,402,0,1,1,244,96,10,9,208,440,88,11
5432,90.53333333333333,402,402,0,1,1,244,96,10,9,208,440,88,11
5433,90.55,402,402,0,1,1,244,96,10,9,208,440,88,11
5434,90.56666666666666,402,402,0,1,1,244,96,10,9,208,440,88,11
5435,90.58333333333333,402,402,0,1,1,244,96,10,9,208,440,88,11
5436,90.6,402,402,0,1,1,244,96,10,9,208,440,88,11
5437,90.61666666666666,402,402,0,1,1,244,96,10,9,208,440,88,11
5438,90.63333333333334,402,402,0,1,1,244,96,10,9,208,440,88,11
5439,90.65,402,402,0,1,1,244,96,10,9,208,440,88,11
5440,90.66666666666667,402,402,0,1,1,244,96,10,9,208,440,88,11
5441,90.68333333333334,402,402,0,1,1,244,96,10,9,208,440,88,11
5442,90.7,402,402,0,1,1,244,96,10,9,208,440,88,11
5443,90.71666666666667,402,402,0,1,1,244,96,10,9,208,440,88,11
5444,90.73333333333333,402,402,0,1,1,244,96,10,9,208,440,88,11
5445,90.75,402,402,0,1,1,244,96,10,9,208,440,88,11
5446,90.76666666666667,402,402,0,1,1,244,96,10,9,208,440,88,11
5447,90.78333333333333,402,402,0,1,1,244,96,10,9,208,440,88,11
5448,90.8,402,402,0,1,1,244,96,10,9,208,440,88,11
5449,90.81666666666666,402,402,0,1,1,244,96,10,9,208,440,88,11
5450,90.83333333333333,402,402,0,1,1,244,96,10,9,208,440,88,11
5451,90.85,402,402,0,1,1,244,96,10,9,208,440,88,11
5452,90.86666666666666,402,402,0,1,1,244,96,10,9,208,440,88,11
5453,90.88333333333334,402,402,0,1,1,244,96,10,9,208,440,88,11
5454,90.9,402,402,0,1,1,244,96,10,9,208,440,88,11
5455,90.91666666666667,402,402,0,1,1,244,96,10,9,208,440,88,11
5456,90.93333333333334,402,402,0,1,1,244,96,10,9,208,440,88,11
5457,90.95,402,402,0,1,1,244,96,10,9,208,440,88,11
5458,90.96666666666667,402,402,0,1,1,244,96,10,9,208,440,88,11
5459,90.98333333333333,402,402,0,1,1,244,96,10,9,208,440,88,11
5460,91.0,402,402,0,1,1,244,96,10,9,208,440,88,11
5461,91.01666666666667,402,402,0,1,1,244,96,10,9,208,440,88,11
5462,91.03333333333333,402,402,0,1,1,244,96,10,9,208,440,88,11
5463,91.05,402,402,0,1,1,244,96,10,9,208,440,88,11
5464,91.06666666666666,402,402,0,1,1,244,96,10,9,208,440,88,11
5465,91.08333333333333,402,402,0,1,1,244,96,10,9,208,440,88,11
5466,91.1,402,402,0,1,1,244,96,10,9,208,440,88,11
5467,91.11666666666666,402,402,0,1,1,244,96,10,9,208,440,88,11
5468,91.13333333333334,402,402,0,1,1,244,96,10,9,208,440,88,11
5469,91.15,402,402,0,1,1,244,96,10,9,208,440,88,11
5470,91.16666666666667,402,402,0,1,1,244,96,10,9,208,440,88,11
5471,91.18333333333334,402,402,0,1,1,244,96,10,9,208,440,88,11
5472,91.2,402,402,0,1,1,244,96,10,9,208,440,88,11
5473,91.21666666666667,402,402,0,1,1,244,96,10,9,208,440,88,11
5474,91.23333333333333,402,402,0,1,1,244,96,10,9,208,440,88,11
5475,91.25,402,402,0,1,1,244,96,10,9,208,440,88,11
5476,91.26666666666667,402,402,0,1,1,244,96,10,9,208,440,88,11
5477,91.28333333333333,402,402,0,1,1,244,96,10,9,208,440,88,11
5478,91.3,402,402,0,1,1,244,96,10,9,208,440,88,11
5479,91.31666666666666,402,402,0,1,1,244,96,10,9,208,440,88,11
5480,91.33333333333333,402,402,0,1,1,244,96,10,9,208,440,88,11
5481,91.35,402,402,0,1,1,244,96,10,9,208,440,88,11
5482,91.36666666666666,402,402,0,1,1,244,96,10,9,208,440,88,11
5483,91.38333333333334,402,402,0,1,1,244,96,10,9,208,440,88,11
5484,91.4,402,402,0,1,1,244,96,10,9,208,440,88,11
5485,91.41666666666667,402,402,0,1,1,244,96,10,9,208,440,88,11
5486,91.43333333333334,402,402,0,1,1,244,96,10,9,208,440,88,11
5487,91.45,402,402,0,1,1,244,96,10,9,208,440,88,11
5488,91.46666666666667,402,402,0,1,1,244,96,10,9,208,440,88,11
5489,91.48333333333333,402,402,0,1,1,244,96,10,9,208,440,88,11
5490,91.5,402,402,0,1,1,244,96,10,9,208,440,88,11
5491,91.51666666666667,402,402,0,1,1,244,96,10,9,208,440,88,11
5492,91.53333333333333,402,402,0,1,1,244,96,10,9,208,440,88,11
5493,91.55,402,402,0,1,1,244,96,10,9,208,440,88,11
5494,91.56666666666666,402,402,0,1,1,244,96,10,9,208,440,88,11
5495,91.58333333333333,402,402,0,1,1,244,96,10,9,208,440,88,11
5496,91.6,402,402,0,1,1,244,96,10,9,208,440,88,11
5497,91.61666666666666,402,402,0,1,1,244,96,10,9,208,440,88,11
5498,91.63333333333334,402,402,0,1,1,244,96,10,9,208,440,88,11
5499,91.65,402,402,0,1,1,244,96,10,9,208,440,88,11
5500,91.66666666666667,402,402,0,1,1,244,96,10,9,208,440,88,11
5501,91.68333333333334,402,402,0,1,1,244,96,10,9,208,440,88,11
5502,91.7,402,402,0,1,1,244,96,10,9,208,440,88,11
5503,91.71666666666667,402,402,0,1,1,244,96,10,9,208,440,88,11
5504,91.73333333333333,402,402,0,1,1,244,96,10,9,208,440,88,11
5505,91.75,402,402,0,1,1,244,96,10,9,208,440,88,11
5506,91.76666666666667,402,402,0,1,1,244,96,10,9,208,440,88,11
5507,91.78333333333333,402,402,0,1,1,244,96,10,9,208,440,88,11
5508,91.8,402,402,0,1,1,244,96,10,9,208,440,88,11
5509,91.81666666666666,402,402,0,1,1,244,96,10,9,208,440,88,11
5510,91.83333333333333,402,402,0,1,1,244,96,10,9,208,440,88,11
5511,91.85,402,402,0,1,1,244,96,10,9,208,440,88,11
5512,91.86666666666666,402,402,0,1,1,244,96,10,9,208,440,88,11
5513,91.88333333333334,402,402,0,1,1,244,96,10,9,208,440,88,11
5514,91.9,402,402,0,1,1,244,96,10,9,208,440,88,11
5515,91.91666666666667,402,402,0,1,1,244,96,10,9,208,440,88,11
5516,91.93333333333334,402,402,0,1,1,244,96,10,9,208,440,88,11
5517,91.95,402,402,0,1,1,244,96,10,9,208,440,88,11
5518,91.96666666666667,402,402,0,1,1,244,96,10,9,208,440,88,11
5519,91.98333333333333,402,402,0,1,1,244,96,10,9,208,440,88,11
5520,92.0,402,402,0,1,1,244,96,10,9,208,440,88,11
5521,92.01666666666667,402,402,0,1,1,244,96,10,9,208,440,88,11
5522,92.03333333333333,402,402,0,1,1,244,96,10,9,208,440,88,11
5523,92.05,402,402,0,1,1,244,96,10,9,208,440,88,11
5524,92.06666666666666,402,402,0,1,1,244,96,10,9,208,440,88,11
5525,92.08333333333333,402,402,0,1,1,244,96,10,9,208,440,88,11
5526,92.1,402,402,0,1,1,244,96,10,9,208,440,88,11
5527,92.11666666666666,402,402,0,1,1,244,96,10,9,208,440,88,11
5528,92.13333333333334,402,402,0,1,1,244,96,10,9,208,440,88,11
5529,92.15,402,402,0,1,1,244,96,10,9,208,440,88,11
5530,92.16666666666667,402,402,0,1,1,244,96,10,9,208,440,88,11
5531,92.18333333333334,402,402,0,1,1,244,96,10,9,208,440,88,11
5532,92.2,402,402,0,1,1,244,96,10,9,208,440,88,11
5533,92.21666666666667,402,402,0,1,1,244,96,10,9,208,440,88,11
5534,92.23333333333333,402,402,0,1,1,244,96,10,9,208,440,88,11
5535,92.25,402,402,0,1,1,244,96,10,9,208,440,88,11
5536,92.26666666666667,402,402,0,1,1,244,96,10,9,208,440,88,11
5537,92.28333333333333,402,402,0,1,1,244,96,10,9,208,440,88,11
5538,92.3,402,402,0,1,1,244,96,10,9,208,440,88,11
5539,92.31666666666666,402,402,0,1,1,244,96,10,9,208,440,88,11
5540,92.33333333333333,402,402,0,1,1,244,96,10,9,208,440,88,11
5541,92.35,402,402,0,1,1,244,96,10,9,208,440,88,11
5542,92.36666666666666,402,402,0,1,1,244,96,10,9,208,440,88,11
5543,92.38333333333334,402,402,0,1,1,244,96,10,9,208,440,88,11
5544,92.4,402,402,0,1,1,244,96,10,9,208,440,88,11
5545,92.41666666666667,402,402,0,1,1,244,96,10,9,208,440,88,11
5546,92.43333333333334,402,402,0,1,1,244,96,10,9,208,440,88,11
5547,92.45,402,402,0,1,1,244,96,10,9,208,440,88,11
5548,92.46666666666667,402,402,0,1,1,244,96,10,9,208,440,88,11
5549,92.48333333333333,402,402,0,1,1,244,96,10,9,208,440,88,11
5550,92.5,402,402,0,1,1,244,96,10,9,208,440,88,11
5551,92.51666666666667,402,402,0,1,1,244,96,10,9,208,440,88,11
5552,92.53333333333333,402,402,0,1,1,244,96,10,9,208,440,88,11
5553,92.55,402,402,0,1,1,244,96,10,9,208,440,88,11
5554,92.56666666666666,402,402,0,1,1,244,96,10,9,208,440,88,11
5555,92.58333333333333,402,402,0,1,1,244,96,10,9,208,440,88,11
5556,92.6,402,402,0,1,1,244,96,10,9,208,440,88,11
5557,92.61666666666666,402,402,0,1,1,244,96,10,9,208,440,88,11
5558,92.63333333333334,402,402,0,1,1,244,96,10,9,208,440,88,11
5559,92.65,402,402,0,1,1,244,96,10,9,208,440,88,11
5560,92.66666666666667,402,402,0,1,1,244,96,10,9,208,440,88,11
5561,92.68333333333334,402,402,0,1,1,244,96,10,9,208,440,88,11
5562,92.7,402,402,0,1,1,244,96,10,9,208,440,88,11
5563,92.71666666666667,402,402,0,1,1,244,96,10,9,208,440,88,11
5564,92.73333333333333,402,402,0,1,1,244,96,10,9,208,440,88,11
5565,92.75,402,402,0,1,1,244,96,10,9,208,440,88,11
5566,92.76666666666667,402,402,0,1,1,244,96,10,9,208,440,88,11
5567,92.78333333333333,402,402,0,1,1,244,96,10,9,208,440,88,11
5568,92.8,402,402,0,1,1,244,96,10,9,208,440,88,11
5569,92.81666666666666,402,402,0,1,1,244,96,10,9,208,440,88,11
5570,92.83333333333333,402,402,0,1,1,244,96,10,9,208,440,88,11
5571,92.85,402,402,0,1,1,244,96,10,9,208,440,88,11
5572,92.86666666666666,402,402,0,1,1,244,96,10,9,208,440,88,11
5573,92.88333333333334,402,402,0,1,1,244,96,10,9,208,440,88,11
5574,92.9,402,402,0,1,1,244,96,10,9,208,440,88,11
5575,92.91666666666667,402,402,0,1,1,244,96,10,9,208,440,88,11
5576,92.93333333333334,402,402,0,1,1,244,96,10,9,208,440,88,11
5577,92.95,402,402,0,1,1,244,96,10,9,208,440,88,11
5578,92.96666666666667,402,402,0,1,1,244,96,10,9,208,440,88,11
5579,92.98333333333333,402,402,0,1,1,244,96,10,9,208,440,88,11
5580,93.0,402,402,0,1,1,244,96,10,9,208,440,88,11
5581,93.01666666666667,402,402,0,1,1,244,96,10,9,208,440,88,11
5582,93.03333333333333,402,402,0,1,1,244,96,10,9,208,440,88,11
5583,93.05,402,402,0,1,1,244,96,10,9,208,440,88,11
5584,93.06666666666666,402,402,0,1,1,244,96,10,9,208,440,88,11
5585,93.08333333333333,402,402,0,1,1,244,96,10,9,208,440,88,11
5586,93.1,402,402,0,1,1,244,96,10,9,208,440,88,11
5587,93.11666666666666,402,402,0,1,1,244,96,10,9,208,440,88,11
5588,93.13333333333334,402,402,0,1,1,244,96,10,9,208,440,88,11
5589,93.15,402,402,0,1,1,244,96,10,9,208,440,88,11
5590,93.16666666666667,402,402,0,1,1,244,96,10,9,208,440,88,11
5591,93.18333333333334,402,402,0,1,1,244,96,10,9,208,440,88,11
5592,93.2,402,402,0,1,1,244,96,10,9,208,440,88,11
5593,93.21666666666667,402,402,0,1,1,244,96,10,9,208,440,88,11
5594,93.23333333333333,402,402,0,1,1,244,96,10,9,208,440,88,11
5595,93.25,402,402,0,1,1,244,96,10,9,208,440,88,11
5596,93.26666666666667,402,402,0,1,1,244,96,10,9,208,440,88,11
5597,93.28333333333333,402,402,0,1,1,244,96,10,9,208,440,88,11
5598,93.3,402,402,0,1,1,244,96,10,9,208,440,88,11
5599,93.31666666666666,402,402,0,1,1,244,96,10,9,208,440,88,11
5600,93.33333333333333,402,402,0,1,1,244,96,10,9,208,440,88,11
5601,93.35,402,402,0,1,1,244,96,10,9,208,440,88,11
5602,93.36666666666666,402,402,0,1,1,244,96,10,9,208,440,88,11
5603,93.38333333333334,402,402,0,1,1,244,96,10,9,208,440,88,11
5604,93.4,402,402,0,1,1,244,96,10,9,208,440,88,11
5605,93.41666666666667,402,402,0,1,1,244,96,10,9,208,440,88,11
5606,93.43333333333334,402,402,0,1,1,244,96,10,9,208,440,88,11
5607,93.45,402,402,0,1,1,244,96,10,9,208,440,88,11
5608,93.46666666666667,402,402,0,1,1,244,96,10,9,208,440,88,11
5609,93.48333333333333,402,402,0,1,1,244,96,10,9,208,440,88,11
5610,93.5,402,402,0,1,1,244,96,10,9,208,440,88,11
5611,93.51666666666667,402,402,0,1,1,244,96,10,9,208,440,88,11
5612,93.53333333333333,402,402,0,1,1,244,96,10,9,208,440,88,11
5613,93.55,402,402,0,1,1,244,96,10,9,208,440,88,11
5614,93.56666666666666,402,402,0,1,1,244,96,10,9,208,440,88,11
5615,93.58333333333333,402,402,0,1,1,244,96,10,9,208,440,88,11
5616,93.6,402,402,0,1,1,244,96,10,9,208,440,88,11
5617,93.61666666666666,402,402,0,1,1,244,96,10,9,208,440,88,11
5618,93.63333333333334,402,402,0,1,1,244,96,10,9,208,440,88,11
5619,93.65,402,402,0,1,1,244,96,10,9,208,440,88,11
5620,93.66666666666667,402,402,0,1,1,244,96,10,9,208,440,88,11
5621,93.68333333333334,402,402,0,1,1,244,96,10,9,208,440,88,11
5622,93.7,402,402,0,1,1,244,96,10,9,208,440,88,11
5623,93.71666666666667,402,402,0,1,1,244,96,10,9,208,440,88,11
5624,93.73333333333333,402,402,0,1,1,244,96,10,9,208,440,88,11
5625,93.75,402,402,0,1,1,244,96,10,9,208,440,88,11
5626,93.76666666666667,402,402,0,1,1,244,96,10,9,208,440,88,11
5627,93.78333333333333,402,402,0,1,1,244,96,10,9,208,440,88,11
5628,93.8,402,402,0,1,1,244,96,10,9,208,440,88,11
5629,93.81666666666666,402,402,0,1,1,244,96,10,9,208,440,88,11
5630,93.83333333333333,402,402,0,1,1,244,96,10,9,208,440,88,11
5631,93.85,402,402,0,1,1,244,96,10,9,208,440,88,11
5632,93.86666666666666,402,402,0,1,1,244,96,10,9,208,440,88,11
5633,93.88333333333334,402,402,0,1,1,244,96,10,9,208,440,88,11
5634,93.9,402,402,0,1,1,244,96,10,9,208,440,88,11
5635,93.91666666666667,402,402,0,1,1,244,96,10,9,208,440,88,11
5636,93.93333333333334,402,402,0,1,1,244,96,10,9,208,440,88,11
5637,93.95,402,402,0,1,1,244,96,10,9,208,440,88,11
5638,93.96666666666667,402,402,0,1,1,244,96,10,9,208,440,88,11
5639,93.98333333333333,402,402,0,1,1,244,96,10,9,208,440,88,11
5640,94.0,402,402,0,1,1,244,96,10,9,208,440,88,11
5641,94.01666666666667,402,402,0,1,1,244,96,10,9,208,440,88,11
5642,94.03333333333333,402,402,0,1,1,244,96,10,9,208,440,88,11
5643,94.05,402,402,0,1,1,244,96,10,9,208,440,88,11
5644,94.06666666666666,402,402,0,1,1,244,96,10,9,208,440,88,11
5645,94.08333333333333,402,402,0,1,1,244,96,10,9,208,440,88,11
5646,94.1,402,402,0,1,1,244,96,10,9,208,440,88,11
5647,94.11666666666666,402,402,0,1,1,244,96,10,9,208,440,88,11
5648,94.13333333333334,402,402,0,1,1,244,96,10,9,208,440,88,11
5649,94.15,402,402,0,1,1,244,96,10,9,208,440,88,11
5650,94.16666666666667,402,402,0,1,1,244,96,10,9,208,440,88,11
5651,94.18333333333334,402,402,0,1,1,244,96,10,9,208,440,88,11
5652,94.2,402,402,0,1,1,244,96,10,9,208,440,88,11
5653,94.21666666666667,402,402,0,1,1,244,96,10,9,208,440,88,11
5654,94.23333333333333,402,402,0,1,1,244,96,10,9,208,440,88,11
5655,94.25,402,402,0,1,1,244,96,10,9,208,440,88,11
5656,94.26666666666667,402,402,0,1,1,244,96,10,9,208,440,88,11
5657,94.28333333333333,402,402,0,1,1,244,96,10,9,208,440,88,11
5658,94.3,402,402,0,1,1,244,96,10,9,208,440,88,11
5659,94.31666666666666,402,402,0,1,1,244,96,10,9,208,440,88,11
5660,94.33333333333333,402,402,0,1,1,244,96,10,9,208,440,88,11
5661,94.35,402,402,0,1,1,244,96,10,9,208,440,88,11
5662,94.36666666666666,402,402,0,1,1,244,96,10,9,208,440,88,11
5663,94.38333333333334,402,402,0,1,1,244,96,10,9,208,440,88,11
5664,94.4,402,402,0,1,1,244,96,10,9,208,440,88,11
5665,94.41666666666667,402,402,0,1,1,244,96,10,9,208,440,88,11
5666,94.43333333333334,402,402,0,1,1,244,96,10,9,208,440,88,11
5667,94.45,402,402,0,1,1,244,96,10,9,208,440,88,11
5668,94.46666666666667,402,402,0,1,1,244,96,10,9,208,440,88,11
5669,94.48333333333333,402,402,0,1,1,244,96,10,9,208,440,88,11
5670,94.5,402,402,0,1,1,244,96,10,9,208,440,88,11
5671,94.51666666666667,402,402,0,1,1,244,96,10,9,208,440,88,11
5672,94.53333333333333,402,402,0,1,1,244,96,10,9,208,440,88,11
5673,94.55,402,402,0,1,1,244,96,10,9,208,440,88,11
5674,94.56666666666666,402,402,0,1,1,244,96,10,9,208,440,88,11
5675,94.58333333333333,402,402,0,1,1,244,96,10,9,208,440,88,11
5676,94.6,402,402,0,1,1,244,96,10,9,208,440,88,11
5677,94.61666666666666,402,402,0,1,1,244,96,10,9,208,440,88,11
5678,94.63333333333334,402,402,0,1,1,244,96,10,9,208,440,88,11
5679,94.65,402,402,0,1,1,244,96,10,9,208,440,88,11
5680,94.66666666666667,402,402,0,1,1,244,96,10,9,208,440,88,11
5681,94.68333333333334,402,402,0,1,1,244,96,10,9,208,440,88,11
5682,94.7,402,402,0,1,1,244,96,10,9,208,440,88,11
5683,94.71666666666667,402,402,0,1,1,244,96,10,9,208,440,88,11
5684,94.73333333333333,402,402,0,1,1,244,96,10,9,208,440,88,11
5685,94.75,402,402,0,1,1,244,96,10,9,208,440,88,11
5686,94.76666666666667,402,402,0,1,1,244,96,10,9,208,440,88,11
5687,94.78333333333333,402,402,0,1,1,244,96,10,9,208,440,88,11
5688,94.8,402,402,0,1,1,244,96,10,9,208,440,88,11
5689,94.81666666666666,402,402,0,1,1,244,96,10,9,208,440,88,11
5690,94.83333333333333,402,402,0,1,1,244,96,10,9,208,440,88,11
5691,94.85,402,402,0,1,1,244,96,10,9,208,440,88,11
5692,94.86666666666666,402,402,0,1,1,244,96,10,9,208,440,88,11
5693,94.88333333333334,402,402,0,1,1,244,96,10,9,208,440,88,11
5694,94.9,402,402,0,1,1,244,96,10,9,208,440,88,11
5695,94.91666666666667,402,402,0,1,1,244,96,10,9,208,440,88,11
5696,94.93333333333334,402,402,0,1,1,244,96,10,9,208,440,88,11
