Copyright 1986-2022 Xilinx, Inc. All Rights Reserved. Copyright 2022-2025 Advanced Micro Devices, Inc. All Rights Reserved.
----------------------------------------------------------------------------------------------------------------------------------------------------------------
| Tool Version : Vivado v.2025.2 (lin64) Build 6299465 Fri Nov 14 12:34:56 MST 2025
| Date         : Mon Sep 14 22:25:45 2026
| Host         : RESEARCH-HOST running 64-bit Ubuntu 24.04.4 LTS
| Command      : report_utilization -hierarchical -hierarchical_depth 7 -file /mnt/c/Users/researcher/.codex/tmp/bram-sizing-20260914/utilization-hierarchical.rpt
| Design       : fpgaTop
| Device       : xc7a200tsbg484-1
| Speed File   : -1
| Design State : Physopt postRoute
----------------------------------------------------------------------------------------------------------------------------------------------------------------

Utilization Design Information

Table of Contents
-----------------
1. Utilization by Hierarchy

1. Utilization by Hierarchy
---------------------------

+--------------------------------------------------------------------+---------------------------------------------------------------+------------+------------+---------+------+-------+--------+--------+------------+
|                              Instance                              |                             Module                            | Total LUTs | Logic LUTs | LUTRAMs | SRLs |  FFs  | RAMB36 | RAMB18 | DSP Blocks |
+--------------------------------------------------------------------+---------------------------------------------------------------+------------+------------+---------+------+-------+--------+--------+------------+
| fpgaTop                                                            |                                                         (top) |      64835 |      62694 |    1444 |  697 | 47916 |    176 |     68 |         61 |
|   (fpgaTop)                                                        |                                                         (top) |        105 |        105 |       0 |    0 |    20 |      0 |      0 |          0 |
|   ahbaxibridge                                                     |                                                  ahbaxibridge |        205 |        205 |       0 |    0 |   307 |      0 |      0 |          0 |
|     U0                                                             |                               ahbaxibridge_ahblite_axi_bridge |        205 |        205 |       0 |    0 |   307 |      0 |      0 |          0 |
|       AHB_IF                                                       |                                           ahbaxibridge_ahb_if |         53 |         53 |       0 |    0 |   129 |      0 |      0 |          0 |
|       AXI_WCHANNEL                                                 |                                     ahbaxibridge_axi_wchannel |        108 |        108 |       0 |    0 |   155 |      0 |      0 |          0 |
|         (AXI_WCHANNEL)                                             |                                     ahbaxibridge_axi_wchannel |         82 |         82 |       0 |    0 |   150 |      0 |      0 |          0 |
|   clkconverter                                                     |                                                  clkconverter |        369 |        195 |     174 |    0 |   962 |      0 |      0 |          0 |
|     inst                                                           |  clkconverter_axi_clock_converter_v2_1_35_axi_clock_converter |        369 |        195 |     174 |    0 |   962 |      0 |      0 |          0 |
|       gen_clock_conv.gen_async_conv.asyncfifo_axi                  |                          clkconverter_fifo_generator_v13_2_14 |        368 |        194 |     174 |    0 |   962 |      0 |      0 |          0 |
|         inst_fifo_gen                                              |                    clkconverter_fifo_generator_v13_2_14_synth |        368 |        194 |     174 |    0 |   962 |      0 |      0 |          0 |
|           gaxi_full_lite.gread_ch.grach2.axi_rach                  |                               clkconverter_fifo_generator_top |         75 |         39 |      36 |    0 |   194 |      0 |      0 |          0 |
|             grf.rf                                                 |                        clkconverter_fifo_generator_ramfifo_28 |         75 |         39 |      36 |    0 |   194 |      0 |      0 |          0 |
|               gntv_or_sync_fifo.mem                                |                                        clkconverter_memory_32 |         36 |          0 |      36 |    0 |    96 |      0 |      0 |          0 |
|           gaxi_full_lite.gread_ch.grdch2.axi_rdch                  |               clkconverter_fifo_generator_top__parameterized2 |         86 |         38 |      48 |    0 |   230 |      0 |      0 |          0 |
|             grf.rf                                                 |           clkconverter_fifo_generator_ramfifo__parameterized2 |         86 |         38 |      48 |    0 |   230 |      0 |      0 |          0 |
|               gntv_or_sync_fifo.mem                                |                           clkconverter_memory__parameterized2 |         48 |          0 |      48 |    0 |   132 |      0 |      0 |          0 |
|           gaxi_full_lite.gwrite_ch.gwach2.axi_wach                 |                             clkconverter_fifo_generator_top_0 |         75 |         39 |      36 |    0 |   194 |      0 |      0 |          0 |
|             grf.rf                                                 |                           clkconverter_fifo_generator_ramfifo |         75 |         39 |      36 |    0 |   194 |      0 |      0 |          0 |
|               gntv_or_sync_fifo.mem                                |                                           clkconverter_memory |         36 |          0 |      36 |    0 |    96 |      0 |      0 |          0 |
|           gaxi_full_lite.gwrite_ch.gwdch2.axi_wdch                 |               clkconverter_fifo_generator_top__parameterized0 |         89 |         39 |      50 |    0 |   244 |      0 |      0 |          0 |
|             grf.rf                                                 |           clkconverter_fifo_generator_ramfifo__parameterized0 |         89 |         39 |      50 |    0 |   244 |      0 |      0 |          0 |
|               gntv_or_sync_fifo.mem                                |                           clkconverter_memory__parameterized0 |         50 |          0 |      50 |    0 |   146 |      0 |      0 |          0 |
|           gaxi_full_lite.gwrite_ch.gwrch2.axi_wrch                 |               clkconverter_fifo_generator_top__parameterized1 |         43 |         39 |       4 |    0 |   100 |      0 |      0 |          0 |
|             grf.rf                                                 |           clkconverter_fifo_generator_ramfifo__parameterized1 |         43 |         39 |       4 |    0 |   100 |      0 |      0 |          0 |
|   ddr3                                                             |                                                          ddr3 |       6178 |       5523 |     450 |  205 |  5495 |      0 |      0 |          0 |
|     (ddr3)                                                         |                                                          ddr3 |        216 |          0 |     216 |    0 |     0 |      0 |      0 |          0 |
|     u_ddr3_mig                                                     |                                                      ddr3_mig |       5962 |       5523 |     234 |  205 |  5495 |      0 |      0 |          0 |
|       temp_mon_enabled.u_tempmon                                   |                                 ddr3_mig_7series_v4_2_tempmon |         38 |         38 |       0 |    0 |   122 |      0 |      0 |          0 |
|       u_memc_ui_top_axi                                            |                         ddr3_mig_7series_v4_2_memc_ui_top_axi |       5917 |       5478 |     234 |  205 |  5325 |      0 |      0 |          0 |
|         u_ui_top                                                   |                                  ddr3_mig_7series_v4_2_ui_top |        453 |        257 |     196 |    0 |   552 |      0 |      0 |          0 |
|           ui_cmd0                                                  |                                  ddr3_mig_7series_v4_2_ui_cmd |         47 |         47 |       0 |    0 |    56 |      0 |      0 |          0 |
|           ui_rd_data0                                              |                              ddr3_mig_7series_v4_2_ui_rd_data |        119 |         27 |      92 |    0 |   163 |      0 |      0 |          0 |
|           ui_wr_data0                                              |                              ddr3_mig_7series_v4_2_ui_wr_data |        287 |        183 |     104 |    0 |   333 |      0 |      0 |          0 |
|         mem_intfc0                                                 |                               ddr3_mig_7series_v4_2_mem_intfc |       4084 |       4029 |      38 |   17 |  3309 |      0 |      0 |          0 |
|           ddr_phy_top0                                             |                             ddr3_mig_7series_v4_2_ddr_phy_top |       3478 |       3432 |      30 |   16 |  2775 |      0 |      0 |          0 |
|             u_ddr_mc_phy_wrapper                                   |                      ddr3_mig_7series_v4_2_ddr_mc_phy_wrapper |        565 |        533 |      30 |    2 |   323 |      0 |      0 |          0 |
|               u_ddr_mc_phy                                         |                              ddr3_mig_7series_v4_2_ddr_mc_phy |        565 |        533 |      30 |    2 |   299 |      0 |      0 |          0 |
|             u_ddr_calib_top                                        |                           ddr3_mig_7series_v4_2_ddr_calib_top |       2910 |       2896 |       0 |   14 |  2452 |      0 |      0 |          0 |
|               (u_ddr_calib_top)                                    |                           ddr3_mig_7series_v4_2_ddr_calib_top |         50 |         49 |       0 |    1 |    29 |      0 |      0 |          0 |
|               ddr_phy_prbs_rdlvl_gen.u_ddr_phy_prbs_rdlvl          |                      ddr3_mig_7series_v4_2_ddr_phy_prbs_rdlvl |        152 |        152 |       0 |    0 |   363 |      0 |      0 |          0 |
|               ddr_phy_rdlvl_gen.u_ddr_phy_rdlvl                    |                           ddr3_mig_7series_v4_2_ddr_phy_rdlvl |        540 |        540 |       0 |    0 |   872 |      0 |      0 |          0 |
|               ddr_phy_tempmon_0                                    |                         ddr3_mig_7series_v4_2_ddr_phy_tempmon |        248 |        248 |       0 |    0 |   229 |      0 |      0 |          0 |
|               dqsfind_calib_left.u_ddr_phy_dqs_found_cal_hr        |                ddr3_mig_7series_v4_2_ddr_phy_dqs_found_cal_hr |        153 |        152 |       0 |    1 |    91 |      0 |      0 |          0 |
|               mb_wrlvl_inst.u_ddr_phy_wrlvl                        |                           ddr3_mig_7series_v4_2_ddr_phy_wrlvl |        261 |        260 |       0 |    1 |   160 |      0 |      0 |          0 |
|               u_ddr_phy_init                                       |                            ddr3_mig_7series_v4_2_ddr_phy_init |       1198 |       1194 |       0 |    4 |   355 |      0 |      0 |          0 |
|               u_ddr_phy_wrcal                                      |                           ddr3_mig_7series_v4_2_ddr_phy_wrcal |        169 |        163 |       0 |    6 |   304 |      0 |      0 |          0 |
|               u_ddr_prbs_gen                                       |                            ddr3_mig_7series_v4_2_ddr_prbs_gen |        129 |        129 |       0 |    0 |    33 |      0 |      0 |          0 |
|           mc0                                                      |                                      ddr3_mig_7series_v4_2_mc |        609 |        600 |       8 |    1 |   534 |      0 |      0 |          0 |
|             (mc0)                                                  |                                      ddr3_mig_7series_v4_2_mc |          5 |          5 |       0 |    0 |    74 |      0 |      0 |          0 |
|             bank_mach0                                             |                               ddr3_mig_7series_v4_2_bank_mach |        490 |        490 |       0 |    0 |   366 |      0 |      0 |          0 |
|               arb_mux0                                             |                                 ddr3_mig_7series_v4_2_arb_mux |        188 |        188 |       0 |    0 |    45 |      0 |      0 |          0 |
|               bank_cntrl[0].bank0                                  |                              ddr3_mig_7series_v4_2_bank_cntrl |         71 |         71 |       0 |    0 |    74 |      0 |      0 |          0 |
|               bank_cntrl[1].bank0                                  |              ddr3_mig_7series_v4_2_bank_cntrl__parameterized0 |         67 |         67 |       0 |    0 |    74 |      0 |      0 |          0 |
|               bank_cntrl[2].bank0                                  |              ddr3_mig_7series_v4_2_bank_cntrl__parameterized1 |         64 |         64 |       0 |    0 |    77 |      0 |      0 |          0 |
|               bank_cntrl[3].bank0                                  |              ddr3_mig_7series_v4_2_bank_cntrl__parameterized2 |         72 |         72 |       0 |    0 |    74 |      0 |      0 |          0 |
|             rank_mach0                                             |                               ddr3_mig_7series_v4_2_rank_mach |         88 |         87 |       0 |    1 |    68 |      0 |      0 |          0 |
|               rank_common0                                         |                             ddr3_mig_7series_v4_2_rank_common |         76 |         76 |       0 |    0 |    53 |      0 |      0 |          0 |
|         u_axi_mc                                                   |                                  ddr3_mig_7series_v4_2_axi_mc |       1374 |       1186 |       0 |  188 |  1462 |      0 |      0 |          0 |
|           axi_mc_w_channel_0                                       |                        ddr3_mig_7series_v4_2_axi_mc_w_channel |        147 |        147 |       0 |    0 |   292 |      0 |      0 |          0 |
|           USE_UPSIZER.upsizer_d2                                   |                         ddr3_mig_7series_v4_2_ddr_axi_upsizer |        851 |        792 |       0 |   59 |   978 |      0 |      0 |          0 |
|             USE_READ.read_addr_inst                                |           ddr3_mig_7series_v4_2_ddr_a_upsizer__parameterized0 |        105 |         76 |       0 |   29 |    82 |      0 |      0 |          0 |
|               USE_BURSTS.cmd_queue                                 |                     ddr3_mig_7series_v4_2_ddr_command_fifo_60 |         91 |         62 |       0 |   29 |    41 |      0 |      0 |          0 |
|             USE_READ.read_data_inst                                |                           ddr3_mig_7series_v4_2_ddr_r_upsizer |         88 |         88 |       0 |    0 |   149 |      0 |      0 |          0 |
|               (USE_READ.read_data_inst)                            |                           ddr3_mig_7series_v4_2_ddr_r_upsizer |         77 |         77 |       0 |    0 |   148 |      0 |      0 |          0 |
|             USE_WRITE.write_addr_inst                              |                           ddr3_mig_7series_v4_2_ddr_a_upsizer |        136 |        106 |       0 |   30 |    83 |      0 |      0 |          0 |
|               USE_BURSTS.cmd_queue                                 |                        ddr3_mig_7series_v4_2_ddr_command_fifo |        123 |         93 |       0 |   30 |    42 |      0 |      0 |          0 |
|             USE_WRITE.write_data_inst                              |                           ddr3_mig_7series_v4_2_ddr_w_upsizer |        314 |        314 |       0 |    0 |   309 |      0 |      0 |          0 |
|               (USE_WRITE.write_data_inst)                          |                           ddr3_mig_7series_v4_2_ddr_w_upsizer |        170 |        170 |       0 |    0 |   308 |      0 |      0 |          0 |
|               USE_FPGA_WORD_COMPLETED.word_complete_rest_last_inst |                        ddr3_mig_7series_v4_2_ddr_carry_and_12 |        129 |        129 |       0 |    0 |     0 |      0 |      0 |          0 |
|             mi_register_slice_inst                                 |  ddr3_mig_7series_v4_2_ddr_axi_register_slice__parameterized0 |        139 |        139 |       0 |    0 |   268 |      0 |      0 |          0 |
|               r_pipe                                               | ddr3_mig_7series_v4_2_ddr_axic_register_slice__parameterized5 |        139 |        139 |       0 |    0 |   267 |      0 |      0 |          0 |
|             si_register_slice_inst                                 |                  ddr3_mig_7series_v4_2_ddr_axi_register_slice |         73 |         73 |       0 |    0 |    87 |      0 |      0 |          0 |
|           axi_mc_ar_channel_0                                      |                       ddr3_mig_7series_v4_2_axi_mc_ar_channel |        108 |        108 |       0 |    0 |    81 |      0 |      0 |          0 |
|             ar_cmd_fsm_0                                           |                          ddr3_mig_7series_v4_2_axi_mc_cmd_fsm |         63 |         63 |       0 |    0 |     1 |      0 |      0 |          0 |
|           axi_mc_aw_channel_0                                      |                       ddr3_mig_7series_v4_2_axi_mc_aw_channel |        109 |        109 |       0 |    0 |    79 |      0 |      0 |          0 |
|             axi_mc_cmd_translator_0                                |                   ddr3_mig_7series_v4_2_axi_mc_cmd_translator |         51 |         51 |       0 |    0 |    42 |      0 |      0 |          0 |
|             aw_cmd_fsm_0                                           |                       ddr3_mig_7series_v4_2_axi_mc_wr_cmd_fsm |         59 |         59 |       0 |    0 |     1 |      0 |      0 |          0 |
|           axi_mc_r_channel_0                                       |                        ddr3_mig_7series_v4_2_axi_mc_r_channel |        153 |         24 |       0 |  129 |    17 |      0 |      0 |          0 |
|             rd_data_fifo_0                                         |             ddr3_mig_7series_v4_2_axi_mc_fifo__parameterized0 |        137 |          9 |       0 |  128 |     6 |      0 |      0 |          0 |
|   rasterixgen.rasterix                                             |                                                      rasterix |      16519 |      15234 |     796 |  489 | 16492 |    109 |     34 |         36 |
|     responsefifo                                                   |                                                  axiscdc_HD18 |         96 |         96 |       0 |    0 |   165 |      0 |      1 |          0 |
|       inst                                                         |                       axiscdc_axis_data_fifo_v2_0_17_top_HD19 |         96 |         96 |       0 |    0 |   165 |      0 |      1 |          0 |
|         gen_fifo.xpm_fifo_axis_inst                                |                                    axiscdc_xpm_fifo_axis_HD20 |         96 |         96 |       0 |    0 |   165 |      0 |      1 |          0 |
|           xpm_fifo_base_inst                                       |                                    axiscdc_xpm_fifo_base_HD22 |         94 |         94 |       0 |    0 |   162 |      0 |      1 |          0 |
|     apb                                                            |                                                  rasterix_apb |         15 |         15 |       0 |    0 |    64 |      0 |      0 |          0 |
|     commandfifo                                                    |                                                       axiscdc |         96 |         96 |       0 |    0 |   165 |      0 |      1 |          0 |
|       inst                                                         |                            axiscdc_axis_data_fifo_v2_0_17_top |         96 |         96 |       0 |    0 |   165 |      0 |      1 |          0 |
|         gen_fifo.xpm_fifo_axis_inst                                |                                         axiscdc_xpm_fifo_axis |         96 |         96 |       0 |    0 |   165 |      0 |      1 |          0 |
|           xpm_fifo_base_inst                                       |                                         axiscdc_xpm_fifo_base |         94 |         94 |       0 |    0 |   162 |      0 |      1 |          0 |
|     display                                                        |                                               rasterixdisplay |        398 |        398 |       0 |    0 |   419 |      2 |      0 |          0 |
|       (display)                                                    |                                               rasterixdisplay |         27 |         27 |       0 |    0 |   129 |      0 |      0 |          0 |
|       display                                                      |                                               dvi_framebuffer |        372 |        372 |       0 |    0 |   290 |      2 |      0 |          0 |
|         (display)                                                  |                                               dvi_framebuffer |        141 |        141 |       0 |    0 |   119 |      0 |      0 |          0 |
|         u_dvi                                                      |                                                           dvi |         49 |         49 |       0 |    0 |   115 |      0 |      0 |          0 |
|           (u_dvi)                                                  |                                                           dvi |         18 |         18 |       0 |    0 |    72 |      0 |      0 |          0 |
|         u_fifo                                                     |                                          dvi_framebuffer_fifo |        184 |        184 |       0 |    0 |    56 |      2 |      0 |          0 |
|           (u_fifo)                                                 |                                          dvi_framebuffer_fifo |         31 |         31 |       0 |    0 |    56 |      0 |      0 |          0 |
|           u_ram                                                    |                                        dvi_framebuffer_dp_ram |        153 |        153 |       0 |    0 |     0 |      2 |      0 |          0 |
|     gpu                                                            |                                                   RasterIX_IF |      11070 |      10591 |      44 |  435 |  9496 |    105 |     31 |         36 |
|       axisToAxiCrossbar                                            |                                             AxisToAxiCrossbar |        321 |        321 |       0 |    0 |   313 |      0 |      0 |          0 |
|         (axisToAxiCrossbar)                                        |                                             AxisToAxiCrossbar |          3 |          3 |       0 |    0 |    59 |      0 |      0 |          0 |
|         axisToAxiAdapter                                           |                                              AxisToAxiAdapter |        318 |        318 |       0 |    0 |   254 |      0 |      0 |          0 |
|           (axisToAxiAdapter)                                       |                                              AxisToAxiAdapter |        244 |        244 |       0 |    0 |   188 |      0 |      0 |          0 |
|           addressGenerator                                         |                        LinearAddressGenerator__parameterized0 |         74 |         74 |       0 |    0 |    66 |      0 |      0 |          0 |
|       commonAxiAdapter                                             |                                                   axi_adapter |        322 |        322 |       0 |    0 |   452 |      0 |      0 |          0 |
|         axi_adapter_rd_inst                                        |                                                axi_adapter_rd |        113 |        113 |       0 |    0 |   180 |      0 |      0 |          0 |
|         axi_adapter_wr_inst                                        |                                                axi_adapter_wr |        209 |        209 |       0 |    0 |   272 |      0 |      0 |          0 |
|       dma                                                          |                                            FrameStreamingCore |        289 |        289 |       0 |    0 |   277 |      0 |      0 |          0 |
|         (dma)                                                      |                                            FrameStreamingCore |        119 |        119 |       0 |    0 |   179 |      0 |      0 |          0 |
|         intBusTerminate                                            |                                FrameStreamingCoreBusTerminate |         81 |         81 |       0 |    0 |    32 |      0 |      0 |          0 |
|         readAddressGenerator                                       |                                        LinearAddressGenerator |         90 |         90 |       0 |    0 |    66 |      0 |      0 |          0 |
|       mainXBar                                                     |                                                  axi_crossbar |        287 |        287 |       0 |    0 |   632 |      0 |      0 |          0 |
|         axi_crossbar_rd_inst                                       |                                               axi_crossbar_rd |        152 |        152 |       0 |    0 |   407 |      0 |      0 |          0 |
|           s_ifaces[3].reg_inst                                     |                                           axi_register_rd_984 |          3 |          3 |       0 |    0 |   131 |      0 |      0 |          0 |
|           m_ifaces[0].a_arb_inst                                   |                                   arbiter__parameterized0_976 |         51 |         51 |       0 |    0 |     8 |      0 |      0 |          0 |
|           s_ifaces[0].reg_inst                                     |                                               axi_register_rd |         69 |         69 |       0 |    0 |   133 |      0 |      0 |          0 |
|           s_ifaces[1].reg_inst                                     |                                           axi_register_rd_980 |          3 |          3 |       0 |    0 |    67 |      0 |      0 |          0 |
|         axi_crossbar_wr_inst                                       |                                               axi_crossbar_wr |        135 |        135 |       0 |    0 |   225 |      0 |      0 |          0 |
|           m_ifaces[0].reg_inst                                     |                               axi_register_wr__parameterized0 |         89 |         89 |       0 |    0 |   184 |      0 |      0 |          0 |
|       rixif                                                        |                                                RasterIXCoreIF |       9854 |       9375 |      44 |  435 |  7822 |    105 |     31 |         36 |
|         colorBuffer                                                |                           InternalFramebuffer__parameterized1 |        220 |        220 |       0 |    0 |   376 |     24 |     12 |          0 |
|           commandHandler                                           |             InternalFramebufferCommandHandler__parameterized1 |        204 |        204 |       0 |    0 |   359 |      0 |      0 |          0 |
|             (commandHandler)                                       |             InternalFramebufferCommandHandler__parameterized1 |        127 |        127 |       0 |    0 |   353 |      0 |      0 |          0 |
|             scissorInst                                            |                    InternalFramebufferScissor__parameterized1 |         50 |         50 |       0 |    0 |     0 |      0 |      0 |          0 |
|         depthBuffer                                                |                                           InternalFramebuffer |        224 |        224 |       0 |    0 |   383 |     32 |      0 |          0 |
|           commandHandler                                           |                             InternalFramebufferCommandHandler |        207 |        207 |       0 |    0 |   363 |      0 |      0 |          0 |
|             (commandHandler)                                       |                             InternalFramebufferCommandHandler |        131 |        131 |       0 |    0 |   357 |      0 |      0 |          0 |
|         graphicCore                                                |                                            RasterIXRenderCore |       9201 |       8722 |      44 |  435 |  6835 |     49 |      3 |         36 |
|           attributeInterpolator                                    |                                        AttributeInterpolatorX |       1534 |       1338 |       0 |  196 |  1615 |      0 |      0 |         34 |
|             cmd                                                    |                                       AttributeInterpolationX |        296 |        296 |       0 |    0 |   574 |      0 |      0 |          0 |
|             interpolation                                          |                               AttributePerspectiveCorrectionX |       1238 |       1042 |       0 |  196 |  1041 |      0 |      0 |         34 |
|               step2_tdepth_w_i2f                                   |                                                    IntToFloat |        165 |        165 |       0 |    0 |   115 |      0 |      0 |          0 |
|               step1_delay                                          |                                    ValueDelay__parameterized7 |        128 |         36 |       0 |   92 |   232 |      0 |      0 |          0 |
|               step1_tex0_mipmap_q_recip                            |                                                        XRecip |        437 |        420 |       0 |   17 |   266 |      0 |      0 |         13 |
|               step1_tex0_q_recip                                   |                                                    XRecip_960 |        436 |        419 |       0 |   17 |   266 |      0 |      0 |         13 |
|               step2_delay2                                         |                                    ValueDelay__parameterized9 |         68 |          0 |       0 |   68 |   128 |      0 |      0 |          0 |
|           commandParser                                            |                                                 CommandParser |        148 |        148 |       0 |    0 |   126 |      0 |      0 |          0 |
|           concatSem                                                |                                               StreamSemaphore |         37 |         37 |       0 |    0 |   105 |      0 |      0 |          0 |
|             skb                                                    |                                                    skidbuffer |         28 |         28 |       0 |    0 |    96 |      0 |      0 |          0 |
|           fragmentBroadcast                                        |                                axis_broadcast__parameterized1 |         98 |         98 |       0 |    0 |    77 |      0 |      0 |          0 |
|           pagedMemoryReaderTmu0                                    |                                             PagedMemoryReader |         31 |         31 |       0 |    0 |   176 |      0 |      0 |          0 |
|           perFragmentPipeline                                      |                                           PerFragmentPipeline |        559 |        515 |       0 |   44 |   349 |      0 |      0 |          0 |
|             (perFragmentPipeline)                                  |                                           PerFragmentPipeline |         38 |         38 |       0 |    0 |    76 |      0 |      0 |          0 |
|             colorBlender                                           |                                                  ColorBlender |        465 |        465 |       0 |    0 |   237 |      0 |      0 |          0 |
|               (colorBlender)                                       |                                                  ColorBlender |          0 |          0 |       0 |    0 |    93 |      0 |      0 |          0 |
|               colorMixer                                           |                                                ColorMixer_959 |        396 |        396 |       0 |    0 |   111 |      0 |      0 |          0 |
|               step_sourceColorDelay                                |                                   ValueDelay__parameterized18 |         69 |         69 |       0 |    0 |    33 |      0 |      0 |          0 |
|           pixelPipeline                                            |                                                 PixelPipeline |       4261 |       4036 |      32 |  193 |  1954 |      0 |      0 |          1 |
|             (pixelPipeline)                                        |                                                 PixelPipeline |       1600 |       1600 |       0 |    0 |     0 |      0 |      0 |          0 |
|             fog                                                    |                                                           Fog |        394 |        245 |      32 |  117 |   300 |      0 |      0 |          1 |
|               step1_validDelay                                     |                               ValueDelay__parameterized10_956 |         62 |          1 |       0 |   61 |   113 |      0 |      0 |          0 |
|               fogInterpolator                                      |                                         ColorInterpolator_955 |         57 |         57 |       0 |    0 |   120 |      0 |      0 |          0 |
|               step0_calculateFogIntensity                          |                                          FunctionInterpolator |        203 |        171 |      32 |    0 |    19 |      0 |      0 |          1 |
|               step0_validDelay                                     |                                   ValueDelay__parameterized10 |         59 |          3 |       0 |   56 |    48 |      0 |      0 |          0 |
|             tmu0                                                   |                                            TextureMappingUnit |       2430 |       2354 |       0 |   76 |  1654 |      0 |      0 |          0 |
|               lodCalculator                                        |                                                 LodCalculator |         72 |         72 |       0 |    0 |    68 |      0 |      0 |          0 |
|               texEnv                                               |                                                        TexEnv |        823 |        787 |       0 |   36 |   411 |      0 |      0 |          0 |
|               texFilter                                            |                                                 TextureFilter |        524 |        492 |       0 |   32 |   556 |      0 |      0 |          0 |
|               textureSampler                                       |                                                TextureSampler |       1019 |       1011 |       0 |    8 |   619 |      0 |      0 |          0 |
|           rasterizer                                               |                                                    Rasterizer |        348 |        348 |       0 |    0 |   286 |      0 |      0 |          1 |
|           rasterizerBroadcast                                      |                                                axis_broadcast |         40 |         40 |       0 |    0 |    98 |      0 |      0 |          0 |
|           renderConfigsRegBank                                     |                                  RegisterBank__parameterized0 |        703 |        703 |       0 |    0 |   378 |      0 |      0 |          0 |
|           streamConcatFifo                                         |                                              StreamConcatFifo |        374 |        362 |      12 |    0 |   234 |      1 |      3 |          0 |
|             (streamConcatFifo)                                     |                                              StreamConcatFifo |         56 |         56 |       0 |    0 |     0 |      0 |      0 |          0 |
|             stream0_fifo                                           |                                                         sfifo |        133 |        133 |       0 |    0 |   114 |      1 |      1 |          0 |
|             stream2_fifo                                           |                                         sfifo__parameterized1 |         75 |         75 |       0 |    0 |    43 |      0 |      1 |          0 |
|             stream3_fifo                                           |                                         sfifo__parameterized2 |         63 |         51 |      12 |    0 |    35 |      0 |      0 |          0 |
|           textureBufferTMU0                                        |                                                 TextureBuffer |        130 |        130 |       0 |    0 |    27 |     48 |      0 |          0 |
|             texCacheOddS                                           |                                        MipmapOptimizedRam_948 |         65 |         65 |       0 |    0 |     2 |     24 |      0 |          0 |
|               (ram1)                                               |                                               TrueDualPortRam |         65 |         65 |       0 |    0 |     0 |      0 |      0 |          0 |
|             texCacheEvenS                                          |                                            MipmapOptimizedRam |         64 |         64 |       0 |    0 |     2 |     24 |      0 |          0 |
|               (ram1)                                               |                                           TrueDualPortRam_950 |         64 |         64 |       0 |    0 |     0 |      0 |      0 |          0 |
|           triangleParameters                                       |                                                  RegisterBank |        764 |        764 |       0 |    0 |  1200 |      0 |      0 |          0 |
|           triangleStreamF2XConverter                               |                                    TriangleStreamF2XConverter |        246 |        244 |       0 |    2 |   173 |      0 |      0 |          0 |
|             delayStream                                            |                                    ValueDelay__parameterized2 |          3 |          1 |       0 |    2 |    66 |      0 |      0 |          0 |
|             convertStream                                          |                                                    FloatToInt |        222 |        222 |       0 |    0 |    67 |      0 |      0 |          0 |
|         stencilBuffer                                              |                           InternalFramebuffer__parameterized0 |        212 |        212 |       0 |    0 |   228 |      0 |     16 |          0 |
|           commandHandler                                           |             InternalFramebufferCommandHandler__parameterized0 |        207 |        207 |       0 |    0 |   222 |      0 |      0 |          0 |
|             (commandHandler)                                       |             InternalFramebufferCommandHandler__parameterized0 |        141 |        141 |       0 |    0 |   219 |      0 |      0 |          0 |
|             scissorInst                                            |                    InternalFramebufferScissor__parameterized0 |         52 |         52 |       0 |    0 |     0 |      0 |      0 |          0 |
|     memory                                                         |                                           rasterixmem_wrapper |       4847 |       4041 |     752 |   54 |  6177 |      2 |      1 |          0 |
|       rasterixmem_i                                                |                                                   rasterixmem |       4835 |       4029 |     752 |   54 |  6177 |      2 |      1 |          0 |
|         gpubuffer                                                  |                                       rasterixmem_gpubuffer_0 |        283 |        221 |      60 |    2 |   644 |      2 |      1 |          0 |
|           inst                                                     |                           axi_data_fifo_v2_1_36_axi_data_fifo |        283 |        221 |      60 |    2 |   644 |      2 |      1 |          0 |
|             gen_fifo.fifo_gen_inst                                 |                                       fifo_generator_v13_2_14 |        283 |        221 |      60 |    2 |   644 |      2 |      1 |          0 |
|               inst_fifo_gen                                        |                                 fifo_generator_v13_2_14_synth |        283 |        221 |      60 |    2 |   644 |      2 |      1 |          0 |
|         interconnect                                               |                                    rasterixmem_interconnect_0 |       4552 |       3808 |     692 |   52 |  5533 |      0 |      0 |          0 |
|           inst                                                     |                                                       bd_1a35 |       4552 |       3808 |     692 |   52 |  5533 |      0 |      0 |          0 |
|             clk_map                                                |                                           clk_map_imp_11ZKTRU |         41 |         38 |       0 |    3 |    90 |      0 |      0 |          0 |
|             m00_exit_pipeline                                      |                                  m00_exit_pipeline_imp_V5HQHT |        213 |        202 |       0 |   11 |   489 |      0 |      0 |          0 |
|               m00_exit                                             |                                                bd_1a35_m00e_0 |        213 |        202 |       0 |   11 |   489 |      0 |      0 |          0 |
|             m00_nodes                                              |                                          m00_nodes_imp_905MBX |        632 |        430 |     200 |    2 |   588 |      0 |      0 |          0 |
|               m00_ar_node                                          |                                              bd_1a35_m00arn_0 |        125 |         81 |      44 |    0 |   119 |      0 |      0 |          0 |
|               m00_aw_node                                          |                                              bd_1a35_m00awn_0 |        135 |         95 |      38 |    2 |   121 |      0 |      0 |          0 |
|               m00_b_node                                           |                                               bd_1a35_m00bn_0 |         86 |         80 |       6 |    0 |    65 |      0 |      0 |          0 |
|               m00_r_node                                           |                                               bd_1a35_m00rn_0 |        141 |         85 |      56 |    0 |   137 |      0 |      0 |          0 |
|               m00_w_node                                           |                                               bd_1a35_m00wn_0 |        147 |         91 |      56 |    0 |   146 |      0 |      0 |          0 |
|             s00_entry_pipeline                                     |                                s00_entry_pipeline_imp_1VJLLYA |       1034 |       1014 |       0 |   20 |  1269 |      0 |      0 |          0 |
|               s00_mmu                                              |                                              bd_1a35_s00mmu_0 |        376 |        376 |       0 |    0 |   770 |      0 |      0 |          0 |
|               s00_si_converter                                     |                                              bd_1a35_s00sic_0 |        611 |        599 |       0 |   12 |   471 |      0 |      0 |          0 |
|             s00_nodes                                              |                                         s00_nodes_imp_1S1RA0O |        569 |        359 |     210 |    0 |   553 |      0 |      0 |          0 |
|               s00_ar_node                                          |                                                bd_1a35_sarn_0 |        140 |         74 |      66 |    0 |   145 |      0 |      0 |          0 |
|               s00_aw_node                                          |                                                bd_1a35_sawn_0 |        116 |         74 |      42 |    0 |   108 |      0 |      0 |          0 |
|               s00_b_node                                           |                                                 bd_1a35_sbn_0 |         69 |         67 |       2 |    0 |    52 |      0 |      0 |          0 |
|               s00_r_node                                           |                                                 bd_1a35_srn_0 |        113 |         67 |      46 |    0 |   117 |      0 |      0 |          0 |
|               s00_w_node                                           |                                                 bd_1a35_swn_0 |        131 |         77 |      54 |    0 |   131 |      0 |      0 |          0 |
|             s01_entry_pipeline                                     |                                 s01_entry_pipeline_imp_SVY1ME |        962 |        946 |       0 |   16 |  1163 |      0 |      0 |          0 |
|               s01_mmu                                              |                                              bd_1a35_s01mmu_0 |        352 |        352 |       0 |    0 |   698 |      0 |      0 |          0 |
|               s01_si_converter                                     |                                              bd_1a35_s01sic_0 |        570 |        558 |       0 |   12 |   441 |      0 |      0 |          0 |
|             s01_nodes                                              |                                          s01_nodes_imp_YD464U |        547 |        359 |     188 |    0 |   523 |      0 |      0 |          0 |
|               s01_ar_node                                          |                                                bd_1a35_sarn_1 |        121 |         75 |      46 |    0 |   118 |      0 |      0 |          0 |
|               s01_aw_node                                          |                                                bd_1a35_sawn_1 |        116 |         74 |      42 |    0 |   108 |      0 |      0 |          0 |
|               s01_b_node                                           |                                                 bd_1a35_sbn_1 |         66 |         66 |       0 |    0 |    49 |      0 |      0 |          0 |
|               s01_r_node                                           |                                                 bd_1a35_srn_1 |        113 |         67 |      46 |    0 |   117 |      0 |      0 |          0 |
|               s01_w_node                                           |                                                 bd_1a35_swn_1 |        131 |         77 |      54 |    0 |   131 |      0 |      0 |          0 |
|             s02_entry_pipeline                                     |                                 s02_entry_pipeline_imp_8LEDU3 |        156 |        156 |       0 |    0 |   243 |      0 |      0 |          0 |
|               s02_mmu                                              |                                              bd_1a35_s02mmu_0 |         85 |         85 |       0 |    0 |   156 |      0 |      0 |          0 |
|               s02_si_converter                                     |                                              bd_1a35_s02sic_0 |         53 |         53 |       0 |    0 |    75 |      0 |      0 |          0 |
|             s02_nodes                                              |                                          s02_nodes_imp_254PUD |        275 |        181 |      94 |    0 |   347 |      0 |      0 |          0 |
|               s02_ar_node                                          |                                                bd_1a35_sarn_2 |        130 |         84 |      46 |    0 |   188 |      0 |      0 |          0 |
|               s02_r_node                                           |                                                 bd_1a35_srn_2 |        145 |         97 |      48 |    0 |   159 |      0 |      0 |          0 |
|             switchboards                                           |                                      switchboards_imp_135PT9O |        134 |        134 |       0 |    0 |   268 |      0 |      0 |          0 |
|               ar_switchboard                                       |                                                bd_1a35_arsw_0 |         65 |         65 |       0 |    0 |    65 |      0 |      0 |          0 |
|               aw_switchboard                                       |                                                bd_1a35_awsw_0 |         31 |         31 |       0 |    0 |    55 |      0 |      0 |          0 |
|               r_switchboard                                        |                                                 bd_1a35_rsw_0 |          0 |          0 |       0 |    0 |    70 |      0 |      0 |          0 |
|               w_switchboard                                        |                                                 bd_1a35_wsw_0 |         38 |         38 |       0 |    0 |    76 |      0 |      0 |          0 |
|   wallypipelinedsoc                                                |                                             wallypipelinedsoc |      41431 |      41407 |      24 |    0 | 24555 |     67 |     34 |         25 |
|     core                                                           |                                            wallypipelinedcore |      37579 |      37579 |       0 |    0 | 22616 |     64 |     34 |         25 |
|       (core)                                                       |                                            wallypipelinedcore |         81 |         81 |       0 |    0 |     0 |      0 |      0 |          0 |
|       ebu.ebu                                                      |                                                           ebu |        133 |        133 |       0 |    0 |    68 |      0 |      0 |          0 |
|         IFUInput                                                   |                                               controllerinput |          1 |          1 |       0 |    0 |    61 |      0 |      0 |          0 |
|           SaveReg                                                  |                                       flopenr__parameterized2 |          1 |          1 |       0 |    0 |    61 |      0 |      0 |          0 |
|         ebufsmarb                                                  |                                                     ebufsmarb |        132 |        132 |       0 |    0 |     7 |      0 |      0 |          0 |
|           busreg                                                   |                                       flopenl__parameterized0 |        118 |        118 |       0 |    0 |     1 |      0 |      0 |          0 |
|       fpu.fpu                                                      |                                                           fpu |      10847 |      10847 |       0 |    0 |  3498 |      0 |      0 |          9 |
|         DEReg1                                                     |                                   flopenrc__parameterized0_21 |          0 |          0 |       0 |    0 |    64 |      0 |      0 |          0 |
|         DEReg2                                                     |                                   flopenrc__parameterized0_22 |          0 |          0 |       0 |    0 |    64 |      0 |      0 |          0 |
|         DEReg3                                                     |                                   flopenrc__parameterized0_23 |          1 |          1 |       0 |    0 |    64 |      0 |      0 |          0 |
|         EMFpReg2                                                   |                                      flopenrc__parameterized9 |          0 |          0 |       0 |    0 |    53 |      0 |      0 |          0 |
|         EMFpReg6                                                   |                                   flopenrc__parameterized0_24 |          0 |          0 |       0 |    0 |    64 |      0 |      0 |          0 |
|         EMFpReg7                                                   |                                   flopenrc__parameterized0_25 |          0 |          0 |       0 |    0 |    64 |      0 |      0 |          0 |
|         EMRegCvt                                                   |                                     flopenrc__parameterized12 |         90 |         90 |       0 |    0 |    85 |      0 |      0 |          0 |
|         EMRegFma2                                                  |                                     flopenrc__parameterized10 |         73 |         73 |       0 |    0 |   162 |      0 |      0 |          0 |
|         FPUResMux                                                  |                                          mux2__parameterized1 |         59 |         59 |       0 |    0 |     0 |      0 |      0 |          0 |
|         FResMux                                                    |                                                          mux4 |        120 |        120 |       0 |    0 |     0 |      0 |      0 |          0 |
|         FWriteDataMReg                                             |                                   flopenrc__parameterized0_27 |          0 |          0 |       0 |    0 |    64 |      0 |      0 |          0 |
|         MWRegFp                                                    |                                   flopenrc__parameterized0_28 |          1 |          1 |       0 |    0 |    64 |      0 |      0 |          0 |
|         MWRegIntCvtRes                                             |                                   flopenrc__parameterized0_29 |          0 |          0 |       0 |    0 |    64 |      0 |      0 |          0 |
|         MWRegIntDivRes                                             |                                   flopenrc__parameterized0_30 |          1 |          1 |       0 |    0 |    64 |      0 |      0 |          0 |
|         fctrl                                                      |                                                         fctrl |       4965 |       4965 |       0 |    0 |    76 |      0 |      0 |          0 |
|           DEAdrReg                                                 |                                      flopenrc__parameterized6 |        269 |        269 |       0 |    0 |    15 |      0 |      0 |          0 |
|           DECtrlReg3                                               |                                      flopenrc__parameterized5 |       3075 |       3075 |       0 |    0 |    33 |      0 |      0 |          0 |
|           DEEnReg                                                  |                                      flopenrc__parameterized7 |         50 |         50 |       0 |    0 |     3 |      0 |      0 |          0 |
|           EMCtrlReg                                                |                                      flopenrc__parameterized8 |       1565 |       1565 |       0 |    0 |    21 |      0 |      0 |          0 |
|         fdivsqrt                                                   |                                                      fdivsqrt |       2964 |       2964 |       0 |    0 |   456 |      0 |      0 |          0 |
|           fdivsqrtiter                                             |                                                  fdivsqrtiter |       2579 |       2579 |       0 |    0 |   295 |      0 |      0 |          0 |
|             UMReg                                                  |                                        flopen__parameterized6 |        122 |        122 |       0 |    0 |    71 |      0 |      0 |          0 |
|             UReg                                                   |                                     flopen__parameterized6_44 |        107 |        107 |       0 |    0 |    71 |      0 |      0 |          0 |
|             creg                                                   |                                        flopen__parameterized7 |         48 |         48 |       0 |    0 |     9 |      0 |      0 |          0 |
|             wcreg                                                  |                                     flopen__parameterized4_48 |       1997 |       1997 |       0 |    0 |    70 |      0 |      0 |          0 |
|             wsmux                                                  |                                          mux2__parameterized6 |         64 |         64 |       0 |    0 |     0 |      0 |      0 |          0 |
|             wsreg                                                  |                                     flopen__parameterized4_49 |        242 |        242 |       0 |    0 |    74 |      0 |      0 |          0 |
|           fdivsqrtpreproc                                          |                                               fdivsqrtpreproc |        352 |        352 |       0 |    0 |   153 |      0 |      0 |          0 |
|             dreg                                                   |                                        flopen__parameterized4 |        150 |        150 |       0 |    0 |    64 |      0 |      0 |          0 |
|             intpipelineregs.bzeroreg                               |                                     flopen__parameterized1_41 |         64 |         64 |       0 |    0 |     1 |      0 |      0 |          0 |
|             intpipelineregs.nsreg                                  |                                        flopen__parameterized2 |         81 |         81 |       0 |    0 |     7 |      0 |      0 |          0 |
|             intpipelineregs.srcareg                                |                                        flopen__parameterized3 |          8 |          8 |       0 |    0 |    64 |      0 |      0 |          0 |
|         fma                                                        |                                                           fma |        370 |        370 |       0 |    0 |     0 |      0 |      0 |          9 |
|           add                                                      |                                                        fmaadd |        158 |        158 |       0 |    0 |     0 |      0 |      0 |          0 |
|           mult                                                     |                                                       fmamult |        212 |        212 |       0 |    0 |     0 |      0 |      0 |          9 |
|         fregfile                                                   |                                                      fregfile |       1728 |       1728 |       0 |    0 |  2048 |      0 |      0 |          0 |
|         fxemux                                                     |                                                       mux3_34 |         64 |         64 |       0 |    0 |     0 |      0 |      0 |          0 |
|         fyaddmux                                                   |                                       mux2__parameterized1_35 |         55 |         55 |       0 |    0 |     0 |      0 |      0 |          0 |
|         fyemux                                                     |                                                       mux3_36 |         64 |         64 |       0 |    0 |     0 |      0 |      0 |          0 |
|         fzemux                                                     |                                                       mux3_37 |         71 |         71 |       0 |    0 |     0 |      0 |      0 |          0 |
|         postprocess                                                |                                                   postprocess |         54 |         54 |       0 |    0 |     0 |      0 |      0 |          0 |
|       ieu                                                          |                                                           ieu |       6518 |       6518 |       0 |    0 |  2519 |      0 |      0 |          0 |
|         (ieu)                                                      |                                                           ieu |         58 |         58 |       0 |    0 |     0 |      0 |      0 |          0 |
|         c                                                          |                                                    controller |       4961 |       4961 |       0 |    0 |   119 |      0 |      0 |          0 |
|           Rs1EReg                                                  |                                   flopenrc__parameterized2_81 |       1976 |       1976 |       0 |    0 |     5 |      0 |      0 |          0 |
|           Rs2EReg                                                  |                                   flopenrc__parameterized2_82 |        377 |        377 |       0 |    0 |     5 |      0 |      0 |          0 |
|           bitmanipi.bmuctrl                                        |                                                       bmuctrl |        139 |        139 |       0 |    0 |    24 |      0 |      0 |          0 |
|             controlregBMU                                          |                                     flopenrc__parameterized13 |        139 |        139 |       0 |    0 |    24 |      0 |      0 |          0 |
|           controlregE                                              |                                     flopenrc__parameterized14 |       2204 |       2204 |       0 |    0 |    41 |      0 |      0 |          0 |
|           controlregW                                              |                                   flopenrc__parameterized2_83 |        195 |        195 |       0 |    0 |     5 |      0 |      0 |          0 |
|         dp                                                         |                                                      datapath |       1500 |       1500 |       0 |    0 |  2400 |      0 |      0 |          0 |
|           IEUResultMReg                                            |                                   flopenrc__parameterized0_55 |          0 |          0 |       0 |    0 |    64 |      0 |      0 |          0 |
|           IFResultWReg                                             |                                   flopenrc__parameterized0_56 |          1 |          1 |       0 |    0 |    64 |      0 |      0 |          0 |
|           RD1EReg                                                  |                                   flopenrc__parameterized0_58 |          4 |          4 |       0 |    0 |    64 |      0 |      0 |          0 |
|           RD2EReg                                                  |                                   flopenrc__parameterized0_59 |          5 |          5 |       0 |    0 |    64 |      0 |      0 |          0 |
|           SrcAMReg                                                 |                                   flopenrc__parameterized0_60 |          1 |          1 |       0 |    0 |    64 |      0 |      0 |          0 |
|           WriteDataMReg                                            |                                   flopenrc__parameterized0_61 |          0 |          0 |       0 |    0 |    64 |      0 |      0 |          0 |
|           alu                                                      |                                                           alu |        305 |        305 |       0 |    0 |     0 |      0 |      0 |          0 |
|             bitmanipalu.balu                                       |                                                   bitmanipalu |        305 |        305 |       0 |    0 |     0 |      0 |      0 |          0 |
|               (bitmanipalu.balu)                                   |                                                   bitmanipalu |        168 |        168 |       0 |    0 |     0 |      0 |      0 |          0 |
|               zbkb.ZBKB                                            |                                                          zbkb |        124 |        124 |       0 |    0 |     0 |      0 |      0 |          0 |
|               zknde.ZKN64                                          |                                                       zknde64 |          0 |          0 |       0 |    0 |     0 |      0 |      0 |          0 |
|           regf                                                     |                                                       regfile |       1152 |       1152 |       0 |    0 |  1984 |      0 |      0 |          0 |
|       ifu                                                          |                                                           ifu |       7699 |       7699 |       0 |    0 |  6746 |     32 |     26 |          0 |
|         pcreg                                                      |                                    flopen__parameterized3_378 |        315 |        315 |       0 |    0 |    63 |      0 |      0 |          0 |
|         AlignedInstrRawDFlop                                       |                                       flopenl__parameterized2 |        220 |        220 |       0 |    0 |    32 |      0 |      0 |          0 |
|         PCDReg                                                     |                                  flopenrc__parameterized0_371 |          3 |          3 |       0 |    0 |    63 |      0 |      0 |          0 |
|         PCEReg                                                     |                                   flopenr__parameterized5_372 |        155 |        155 |       0 |    0 |    63 |      0 |      0 |          0 |
|         PCMReg                                                     |                                   flopenr__parameterized5_373 |         14 |         14 |       0 |    0 |    63 |      0 |      0 |          0 |
|         Spill.spill                                                |                                                         spill |        971 |        971 |       0 |    0 |    80 |      0 |      0 |          0 |
|           pcplus2reg                                               |                                         flopr__parameterized1 |        953 |        953 |       0 |    0 |    63 |      0 |      0 |          0 |
|         bpred.bpred                                                |                                                         bpred |        618 |        618 |       0 |    0 |  1400 |      0 |     18 |          0 |
|           pcmux1                                                   |                                      mux2__parameterized1_617 |         70 |         70 |       0 |    0 |     0 |      0 |      0 |          0 |
|           Predictor.DirPredictor                                   |                                                        gshare |         76 |         76 |       0 |    0 |    33 |      0 |      1 |          0 |
|             GHRReg                                                 |                                  flopenr__parameterized11_629 |         62 |         62 |       0 |    0 |    12 |      0 |      0 |          0 |
|           RASPredictor                                             |                                                  RASPredictor |        275 |        275 |       0 |    0 |  1017 |      0 |      0 |          0 |
|             (RASPredictor)                                         |                                                  RASPredictor |          0 |          0 |       0 |    0 |  1008 |      0 |      0 |          0 |
|             PTR                                                    |                                   flopenr__parameterized3_628 |        275 |        275 |       0 |    0 |     9 |      0 |      0 |          0 |
|           RASTargetDReg                                            |                                  flopenrc__parameterized0_613 |          0 |          0 |       0 |    0 |    63 |      0 |      0 |          0 |
|           RASTargetEReg                                            |                                  flopenrc__parameterized0_614 |         22 |         22 |       0 |    0 |    63 |      0 |      0 |          0 |
|           TargetPredictor                                          |                                                           btb |         28 |         28 |       0 |    0 |   204 |      0 |     17 |          0 |
|             IEUAdrWReg                                             |                                   flopenr__parameterized5_626 |          0 |          0 |       0 |    0 |    64 |      0 |      0 |          0 |
|             BTBD                                                   |                                  flopenrc__parameterized0_624 |          1 |          1 |       0 |    0 |    64 |      0 |      0 |          0 |
|             BTBTargetEReg                                          |                                  flopenrc__parameterized0_625 |         24 |         24 |       0 |    0 |    64 |      0 |      0 |          0 |
|           pcmux0                                                   |                                      mux2__parameterized1_616 |         60 |         60 |       0 |    0 |     0 |      0 |      0 |          0 |
|         bus.icache.ahbcacheinterface                               |                                             ahbcacheinterface |         70 |         70 |       0 |    0 |   521 |      0 |      0 |          0 |
|           fetchbuffer[7].fb                                        |                                    flopen__parameterized3_609 |          0 |          0 |       0 |    0 |    64 |      0 |      0 |          0 |
|           fetchbuffer[0].fb                                        |                                    flopen__parameterized3_602 |         32 |         32 |       0 |    0 |    64 |      0 |      0 |          0 |
|           fetchbuffer[1].fb                                        |                                    flopen__parameterized3_603 |          0 |          0 |       0 |    0 |    64 |      0 |      0 |          0 |
|           fetchbuffer[2].fb                                        |                                    flopen__parameterized3_604 |          0 |          0 |       0 |    0 |    64 |      0 |      0 |          0 |
|           fetchbuffer[3].fb                                        |                                    flopen__parameterized3_605 |          0 |          0 |       0 |    0 |    64 |      0 |      0 |          0 |
|           fetchbuffer[4].fb                                        |                                    flopen__parameterized3_606 |          0 |          0 |       0 |    0 |    64 |      0 |      0 |          0 |
|           fetchbuffer[5].fb                                        |                                    flopen__parameterized3_607 |          0 |          0 |       0 |    0 |    64 |      0 |      0 |          0 |
|           fetchbuffer[6].fb                                        |                                    flopen__parameterized3_608 |          0 |          0 |       0 |    0 |    64 |      0 |      0 |          0 |
|         bus.icache.icache                                          |                                                         cache |       2619 |       2619 |       0 |    0 |   473 |     32 |      8 |          0 |
|           CacheWays[0]                                             |                                                      cacheway |         83 |         83 |       0 |    0 |    66 |      8 |      2 |          0 |
|             (CacheWays[0])                                         |                                                      cacheway |         18 |         18 |       0 |    0 |    65 |      0 |      0 |          0 |
|             CacheTagMem                                            |                                 ram1p1rwe__parameterized0_597 |         65 |         65 |       0 |    0 |     0 |      0 |      2 |          0 |
|           CacheWays[1]                                             |                                                  cacheway_577 |        144 |        144 |       0 |    0 |    66 |      8 |      2 |          0 |
|             (CacheWays[1])                                         |                                                  cacheway_577 |         83 |         83 |       0 |    0 |    65 |      0 |      0 |          0 |
|             CacheTagMem                                            |                                 ram1p1rwe__parameterized0_592 |         61 |         61 |       0 |    0 |     0 |      0 |      2 |          0 |
|           CacheWays[2]                                             |                                                  cacheway_578 |        102 |        102 |       0 |    0 |    66 |      8 |      2 |          0 |
|             (CacheWays[2])                                         |                                                  cacheway_578 |         81 |         81 |       0 |    0 |    65 |      0 |      0 |          0 |
|           CacheWays[3]                                             |                                                  cacheway_579 |        141 |        141 |       0 |    0 |    66 |      8 |      2 |          0 |
|             (CacheWays[3])                                         |                                                  cacheway_579 |         81 |         81 |       0 |    0 |    65 |      0 |      0 |          0 |
|             CacheTagMem                                            |                                 ram1p1rwe__parameterized0_583 |         60 |         60 |       0 |    0 |     0 |      0 |      2 |          0 |
|           ReadDataAOMux                                            |                                       or_rows__parameterized1 |       1024 |       1024 |       0 |    0 |     0 |      0 |      0 |          0 |
|           TagAOMux                                                 |                                       or_rows__parameterized2 |         88 |         88 |       0 |    0 |     0 |      0 |      0 |          0 |
|           cachefsm                                                 |                                                      cachefsm |        602 |        602 |       0 |    0 |    14 |      0 |      0 |          0 |
|             (cachefsm)                                             |                                                      cachefsm |        600 |        600 |       0 |    0 |    13 |      0 |      0 |          0 |
|           subcachelineread                                         |                                              subcachelineread |        272 |        272 |       0 |    0 |     0 |      0 |      0 |          0 |
|           vict.cacheLRU                                            |                                                  cacheLRU_580 |        163 |        163 |       0 |    0 |   195 |      0 |      0 |          0 |
|             (vict.cacheLRU)                                        |                                                  cacheLRU_580 |          1 |          1 |       0 |    0 |   192 |      0 |      0 |          0 |
|             CurrLRUReg                                             |                                      flop__parameterized1_581 |        162 |        162 |       0 |    0 |     3 |      0 |      0 |          0 |
|         immu.immu                                                  |                                                           mmu |       2649 |       2649 |       0 |    0 |  3872 |      0 |      0 |          0 |
|           pmp.pmpchecker                                           |                                                pmpchecker_379 |         43 |         43 |       0 |    0 |     0 |      0 |      0 |          0 |
|           tlb.tlb                                                  |                                                           tlb |       2606 |       2606 |       0 |    0 |  3872 |      0 |      0 |          0 |
|             lru                                                    |                                                    tlblru_380 |        109 |        109 |       0 |    0 |    32 |      0 |      0 |          0 |
|               lrustate                                             |                                   flopenr__parameterized6_576 |        109 |        109 |       0 |    0 |    32 |      0 |      0 |          0 |
|             tlbcam                                                 |                                                    tlbcam_381 |       1217 |       1217 |       0 |    0 |  2080 |      0 |      0 |          0 |
|               PageTypeOr                                           |                                                   or_rows_447 |         55 |         55 |       0 |    0 |     0 |      0 |      0 |          0 |
|               camlines[0]                                          |                                                tlbcamline_448 |         10 |         10 |       0 |    0 |    65 |      0 |      0 |          0 |
|               camlines[10]                                         |                                                tlbcamline_449 |         13 |         13 |       0 |    0 |    65 |      0 |      0 |          0 |
|               camlines[11]                                         |                                                tlbcamline_450 |         13 |         13 |       0 |    0 |    65 |      0 |      0 |          0 |
|               camlines[12]                                         |                                                tlbcamline_451 |         15 |         15 |       0 |    0 |    65 |      0 |      0 |          0 |
|               camlines[13]                                         |                                                tlbcamline_452 |         13 |         13 |       0 |    0 |    65 |      0 |      0 |          0 |
|               camlines[14]                                         |                                                tlbcamline_453 |         13 |         13 |       0 |    0 |    65 |      0 |      0 |          0 |
|               camlines[15]                                         |                                                tlbcamline_454 |         13 |         13 |       0 |    0 |    65 |      0 |      0 |          0 |
|               camlines[16]                                         |                                                tlbcamline_455 |         13 |         13 |       0 |    0 |    65 |      0 |      0 |          0 |
|               camlines[17]                                         |                                                tlbcamline_456 |         15 |         15 |       0 |    0 |    65 |      0 |      0 |          0 |
|               camlines[18]                                         |                                                tlbcamline_457 |         14 |         14 |       0 |    0 |    65 |      0 |      0 |          0 |
|               camlines[19]                                         |                                                tlbcamline_458 |         14 |         14 |       0 |    0 |    65 |      0 |      0 |          0 |
|               camlines[1]                                          |                                                tlbcamline_459 |         14 |         14 |       0 |    0 |    65 |      0 |      0 |          0 |
|               camlines[20]                                         |                                                tlbcamline_460 |        741 |        741 |       0 |    0 |    65 |      0 |      0 |          0 |
|               camlines[21]                                         |                                                tlbcamline_461 |         14 |         14 |       0 |    0 |    65 |      0 |      0 |          0 |
|               camlines[22]                                         |                                                tlbcamline_462 |         15 |         15 |       0 |    0 |    65 |      0 |      0 |          0 |
|               camlines[23]                                         |                                                tlbcamline_463 |         14 |         14 |       0 |    0 |    65 |      0 |      0 |          0 |
|               camlines[24]                                         |                                                tlbcamline_464 |         13 |         13 |       0 |    0 |    65 |      0 |      0 |          0 |
|               camlines[25]                                         |                                                tlbcamline_465 |         13 |         13 |       0 |    0 |    65 |      0 |      0 |          0 |
|               camlines[26]                                         |                                                tlbcamline_466 |         13 |         13 |       0 |    0 |    65 |      0 |      0 |          0 |
|               camlines[27]                                         |                                                tlbcamline_467 |         16 |         16 |       0 |    0 |    65 |      0 |      0 |          0 |
|               camlines[28]                                         |                                                tlbcamline_468 |         13 |         13 |       0 |    0 |    65 |      0 |      0 |          0 |
|               camlines[29]                                         |                                                tlbcamline_469 |         13 |         13 |       0 |    0 |    65 |      0 |      0 |          0 |
|               camlines[2]                                          |                                                tlbcamline_470 |         19 |         19 |       0 |    0 |    65 |      0 |      0 |          0 |
|               camlines[30]                                         |                                                tlbcamline_471 |         13 |         13 |       0 |    0 |    65 |      0 |      0 |          0 |
|               camlines[31]                                         |                                                tlbcamline_472 |         10 |         10 |       0 |    0 |    65 |      0 |      0 |          0 |
|               camlines[3]                                          |                                                tlbcamline_473 |         14 |         14 |       0 |    0 |    65 |      0 |      0 |          0 |
|               camlines[4]                                          |                                                tlbcamline_474 |         13 |         13 |       0 |    0 |    65 |      0 |      0 |          0 |
|               camlines[5]                                          |                                                tlbcamline_475 |         14 |         14 |       0 |    0 |    65 |      0 |      0 |          0 |
|               camlines[6]                                          |                                                tlbcamline_476 |         14 |         14 |       0 |    0 |    65 |      0 |      0 |          0 |
|               camlines[7]                                          |                                                tlbcamline_477 |         15 |         15 |       0 |    0 |    65 |      0 |      0 |          0 |
|               camlines[8]                                          |                                                tlbcamline_478 |         13 |         13 |       0 |    0 |    65 |      0 |      0 |          0 |
|               camlines[9]                                          |                                                tlbcamline_479 |         13 |         13 |       0 |    0 |    65 |      0 |      0 |          0 |
|             tlbram                                                 |                                                    tlbram_382 |       1280 |       1280 |       0 |    0 |  1760 |      0 |      0 |          0 |
|               tlbramline[0]                                        |                                                tlbramline_383 |         12 |         12 |       0 |    0 |    55 |      0 |      0 |          0 |
|               tlbramline[10]                                       |                                                tlbramline_384 |         55 |         55 |       0 |    0 |    55 |      0 |      0 |          0 |
|               tlbramline[11]                                       |                                                tlbramline_385 |        206 |        206 |       0 |    0 |    55 |      0 |      0 |          0 |
|               tlbramline[12]                                       |                                                tlbramline_386 |         38 |         38 |       0 |    0 |    55 |      0 |      0 |          0 |
|               tlbramline[13]                                       |                                                tlbramline_387 |          1 |          1 |       0 |    0 |    55 |      0 |      0 |          0 |
|               tlbramline[14]                                       |                                                tlbramline_388 |        113 |        113 |       0 |    0 |    55 |      0 |      0 |          0 |
|               tlbramline[15]                                       |                                                tlbramline_389 |         15 |         15 |       0 |    0 |    55 |      0 |      0 |          0 |
|               tlbramline[16]                                       |                                                tlbramline_390 |         37 |         37 |       0 |    0 |    55 |      0 |      0 |          0 |
|               tlbramline[17]                                       |                                                tlbramline_391 |          1 |          1 |       0 |    0 |    55 |      0 |      0 |          0 |
|               tlbramline[18]                                       |                                                tlbramline_392 |         55 |         55 |       0 |    0 |    55 |      0 |      0 |          0 |
|               tlbramline[19]                                       |                                                tlbramline_393 |         49 |         49 |       0 |    0 |    55 |      0 |      0 |          0 |
|               tlbramline[1]                                        |                                                tlbramline_394 |          1 |          1 |       0 |    0 |    55 |      0 |      0 |          0 |
|               tlbramline[20]                                       |                                                tlbramline_395 |         15 |         15 |       0 |    0 |    55 |      0 |      0 |          0 |
|               tlbramline[21]                                       |                                                tlbramline_396 |          1 |          1 |       0 |    0 |    55 |      0 |      0 |          0 |
|               tlbramline[22]                                       |                                                tlbramline_397 |        104 |        104 |       0 |    0 |    55 |      0 |      0 |          0 |
|               tlbramline[23]                                       |                                                tlbramline_398 |         88 |         88 |       0 |    0 |    55 |      0 |      0 |          0 |
|               tlbramline[24]                                       |                                                tlbramline_399 |         15 |         15 |       0 |    0 |    55 |      0 |      0 |          0 |
|               tlbramline[25]                                       |                                                tlbramline_400 |          1 |          1 |       0 |    0 |    55 |      0 |      0 |          0 |
|               tlbramline[26]                                       |                                                tlbramline_401 |         55 |         55 |       0 |    0 |    55 |      0 |      0 |          0 |
|               tlbramline[27]                                       |                                                tlbramline_402 |         63 |         63 |       0 |    0 |    55 |      0 |      0 |          0 |
|               tlbramline[28]                                       |                                                tlbramline_403 |         11 |         11 |       0 |    0 |    55 |      0 |      0 |          0 |
|               tlbramline[29]                                       |                                                tlbramline_404 |          1 |          1 |       0 |    0 |    55 |      0 |      0 |          0 |
|               tlbramline[2]                                        |                                                tlbramline_405 |         55 |         55 |       0 |    0 |    55 |      0 |      0 |          0 |
|               tlbramline[30]                                       |                                                tlbramline_406 |         73 |         73 |       0 |    0 |    55 |      0 |      0 |          0 |
|               tlbramline[31]                                       |                                                tlbramline_407 |         46 |         46 |       0 |    0 |    55 |      0 |      0 |          0 |
|               tlbramline[3]                                        |                                                tlbramline_408 |         18 |         18 |       0 |    0 |    55 |      0 |      0 |          0 |
|               tlbramline[4]                                        |                                                tlbramline_409 |         42 |         42 |       0 |    0 |    55 |      0 |      0 |          0 |
|               tlbramline[5]                                        |                                                tlbramline_410 |          1 |          1 |       0 |    0 |    55 |      0 |      0 |          0 |
|               tlbramline[6]                                        |                                                tlbramline_411 |        105 |        105 |       0 |    0 |    55 |      0 |      0 |          0 |
|               tlbramline[7]                                        |                                                tlbramline_412 |          9 |          9 |       0 |    0 |    55 |      0 |      0 |          0 |
|               tlbramline[8]                                        |                                                tlbramline_413 |         42 |         42 |       0 |    0 |    55 |      0 |      0 |          0 |
|               tlbramline[9]                                        |                                                tlbramline_414 |          1 |          1 |       0 |    0 |    55 |      0 |      0 |          0 |
|       lsu                                                          |                                                           lsu |       8995 |       8995 |       0 |    0 |  5620 |     32 |      8 |          0 |
|         ziccslm_align.align                                        |                                                         align |        344 |        344 |       0 |    0 |    65 |      0 |      0 |          0 |
|           (ziccslm_align.align)                                    |                                                         align |        181 |        181 |       0 |    0 |     1 |      0 |      0 |          0 |
|           SpillDataReg                                             |                                   flopenr__parameterized5_366 |        163 |        163 |       0 |    0 |    64 |      0 |      0 |          0 |
|         AddressMReg                                                |                                  flopenrc__parameterized0__16 |          1 |          1 |       0 |    0 |    64 |      0 |      0 |          0 |
|         ReadDataMWReg                                              |                                    flopen__parameterized3_137 |          0 |          0 |       0 |    0 |    64 |      0 |      0 |          0 |
|         atomic.atomic                                              |                                                        atomic |          7 |          7 |       0 |    0 |    55 |      0 |      0 |          0 |
|           lrsc                                                     |                                                          lrsc |          6 |          6 |       0 |    0 |    55 |      0 |      0 |          0 |
|             resadrreg                                              |                                      flopenr__parameterized16 |          3 |          3 |       0 |    0 |    53 |      0 |      0 |          0 |
|         bus.dcache.ahbcacheinterface                               |                             ahbcacheinterface__parameterized0 |       1219 |       1219 |       0 |    0 |   597 |      0 |      0 |          0 |
|           wdreg                                                    |                                    flopen__parameterized3_357 |          5 |          5 |       0 |    0 |    64 |      0 |      0 |          0 |
|           AHBBuscachefsm                                           |                                   buscachefsm__parameterized0 |        311 |        311 |       0 |    0 |    13 |      0 |      0 |          0 |
|             BeatCountReg                                           |                                   flopenr__parameterized7_359 |        270 |        270 |       0 |    0 |     3 |      0 |      0 |          0 |
|           fetchbuffer[0].fb                                        |                                    flopen__parameterized3_349 |        672 |        672 |       0 |    0 |    64 |      0 |      0 |          0 |
|           fetchbuffer[1].fb                                        |                                    flopen__parameterized3_350 |         36 |         36 |       0 |    0 |    64 |      0 |      0 |          0 |
|           fetchbuffer[2].fb                                        |                                    flopen__parameterized3_351 |         37 |         37 |       0 |    0 |    64 |      0 |      0 |          0 |
|           fetchbuffer[3].fb                                        |                                    flopen__parameterized3_352 |         32 |         32 |       0 |    0 |    64 |      0 |      0 |          0 |
|           fetchbuffer[4].fb                                        |                                    flopen__parameterized3_353 |         32 |         32 |       0 |    0 |    64 |      0 |      0 |          0 |
|           fetchbuffer[5].fb                                        |                                    flopen__parameterized3_354 |         31 |         31 |       0 |    0 |    64 |      0 |      0 |          0 |
|           fetchbuffer[6].fb                                        |                                    flopen__parameterized3_355 |         35 |         35 |       0 |    0 |    64 |      0 |      0 |          0 |
|           fetchbuffer[7].fb                                        |                                    flopen__parameterized3_356 |         33 |         33 |       0 |    0 |    64 |      0 |      0 |          0 |
|         bus.dcache.dcache                                          |                                         cache__parameterized0 |       3565 |       3565 |       0 |    0 |   739 |     32 |      8 |          0 |
|           CacheWays[0]                                             |                                      cacheway__parameterized0 |        595 |        595 |       0 |    0 |   130 |      8 |      2 |          0 |
|             (CacheWays[0])                                         |                                      cacheway__parameterized0 |         44 |         44 |       0 |    0 |   130 |      0 |      0 |          0 |
|             CacheTagMem                                            |                                 ram1p1rwe__parameterized0_344 |        362 |        362 |       0 |    0 |     0 |      0 |      2 |          0 |
|             word[0].wordram.CacheDataMem                           |                                ram1p1rwbe__parameterized0_345 |        189 |        189 |       0 |    0 |     0 |      2 |      0 |          0 |
|           CacheWays[1]                                             |                                  cacheway__parameterized0_327 |        600 |        600 |       0 |    0 |   130 |      8 |      2 |          0 |
|             (CacheWays[1])                                         |                                  cacheway__parameterized0_327 |        114 |        114 |       0 |    0 |   130 |      0 |      0 |          0 |
|             CacheTagMem                                            |                                 ram1p1rwe__parameterized0_339 |        486 |        486 |       0 |    0 |     0 |      0 |      2 |          0 |
|           CacheWays[2]                                             |                                  cacheway__parameterized0_328 |        465 |        465 |       0 |    0 |   130 |      8 |      2 |          0 |
|             (CacheWays[2])                                         |                                  cacheway__parameterized0_328 |         46 |         46 |       0 |    0 |   130 |      0 |      0 |          0 |
|             CacheTagMem                                            |                                 ram1p1rwe__parameterized0_334 |        419 |        419 |       0 |    0 |     0 |      0 |      2 |          0 |
|           CacheWays[3]                                             |                                  cacheway__parameterized0_329 |        395 |        395 |       0 |    0 |   136 |      8 |      2 |          0 |
|             (CacheWays[3])                                         |                                  cacheway__parameterized0_329 |         48 |         48 |       0 |    0 |   136 |      0 |      0 |          0 |
|             CacheTagMem                                            |                                     ram1p1rwe__parameterized0 |        347 |        347 |       0 |    0 |     0 |      0 |      2 |          0 |
|           EarlyReturnMux                                           |                                         mux2__parameterized15 |        512 |        512 |       0 |    0 |     0 |      0 |      0 |          0 |
|           cachefsm                                                 |                                      cachefsm__parameterized0 |        332 |        332 |       0 |    0 |     8 |      0 |      0 |          0 |
|             (cachefsm)                                             |                                      cachefsm__parameterized0 |        325 |        325 |       0 |    0 |     7 |      0 |      0 |          0 |
|           flushlogic.FlushAdrReg                                   |                                      flopenr__parameterized15 |        388 |        388 |       0 |    0 |     6 |      0 |      0 |          0 |
|           subcachelineread                                         |                              subcachelineread__parameterized0 |        240 |        240 |       0 |    0 |     0 |      0 |      0 |          0 |
|           vict.cacheLRU                                            |                                                      cacheLRU |         64 |         64 |       0 |    0 |   195 |      0 |      0 |          0 |
|             (vict.cacheLRU)                                        |                                                      cacheLRU |          8 |          8 |       0 |    0 |   192 |      0 |      0 |          0 |
|             CurrLRUReg                                             |                                          flop__parameterized1 |         56 |         56 |       0 |    0 |     3 |      0 |      0 |          0 |
|         dmmu.dmmu                                                  |                                           mmu__parameterized0 |       3421 |       3421 |       0 |    0 |  3904 |      0 |      0 |          0 |
|           tlb.tlb                                                  |                                           tlb__parameterized0 |       3382 |       3382 |       0 |    0 |  3904 |      0 |      0 |          0 |
|             lru                                                    |                                                        tlblru |        109 |        109 |       0 |    0 |    32 |      0 |      0 |          0 |
|               lrustate                                             |                                   flopenr__parameterized6_326 |        109 |        109 |       0 |    0 |    32 |      0 |      0 |          0 |
|             tlbcam                                                 |                                                        tlbcam |       1954 |       1954 |       0 |    0 |  2080 |      0 |      0 |          0 |
|               PageTypeOr                                           |                                                       or_rows |         55 |         55 |       0 |    0 |     0 |      0 |      0 |          0 |
|               camlines[0]                                          |                                                    tlbcamline |         75 |         75 |       0 |    0 |    65 |      0 |      0 |          0 |
|               camlines[10]                                         |                                                tlbcamline_200 |         34 |         34 |       0 |    0 |    65 |      0 |      0 |          0 |
|               camlines[11]                                         |                                                tlbcamline_201 |         33 |         33 |       0 |    0 |    65 |      0 |      0 |          0 |
|               camlines[12]                                         |                                                tlbcamline_202 |         35 |         35 |       0 |    0 |    65 |      0 |      0 |          0 |
|               camlines[13]                                         |                                                tlbcamline_203 |         34 |         34 |       0 |    0 |    65 |      0 |      0 |          0 |
|               camlines[14]                                         |                                                tlbcamline_204 |         34 |         34 |       0 |    0 |    65 |      0 |      0 |          0 |
|               camlines[15]                                         |                                                tlbcamline_205 |         33 |         33 |       0 |    0 |    65 |      0 |      0 |          0 |
|               camlines[16]                                         |                                                tlbcamline_206 |         34 |         34 |       0 |    0 |    65 |      0 |      0 |          0 |
|               camlines[17]                                         |                                                tlbcamline_207 |         35 |         35 |       0 |    0 |    65 |      0 |      0 |          0 |
|               camlines[18]                                         |                                                tlbcamline_208 |         34 |         34 |       0 |    0 |    65 |      0 |      0 |          0 |
|               camlines[19]                                         |                                                tlbcamline_209 |         33 |         33 |       0 |    0 |    65 |      0 |      0 |          0 |
|               camlines[1]                                          |                                                tlbcamline_210 |         38 |         38 |       0 |    0 |    65 |      0 |      0 |          0 |
|               camlines[20]                                         |                                                tlbcamline_211 |        790 |        790 |       0 |    0 |    65 |      0 |      0 |          0 |
|               camlines[21]                                         |                                                tlbcamline_212 |         34 |         34 |       0 |    0 |    65 |      0 |      0 |          0 |
|               camlines[22]                                         |                                                tlbcamline_213 |         35 |         35 |       0 |    0 |    65 |      0 |      0 |          0 |
|               camlines[23]                                         |                                                tlbcamline_214 |         34 |         34 |       0 |    0 |    65 |      0 |      0 |          0 |
|               camlines[24]                                         |                                                tlbcamline_215 |         34 |         34 |       0 |    0 |    65 |      0 |      0 |          0 |
|               camlines[25]                                         |                                                tlbcamline_216 |         34 |         34 |       0 |    0 |    65 |      0 |      0 |          0 |
|               camlines[26]                                         |                                                tlbcamline_217 |         33 |         33 |       0 |    0 |    65 |      0 |      0 |          0 |
|               camlines[27]                                         |                                                tlbcamline_218 |         36 |         36 |       0 |    0 |    65 |      0 |      0 |          0 |
|               camlines[28]                                         |                                                tlbcamline_219 |         33 |         33 |       0 |    0 |    65 |      0 |      0 |          0 |
|               camlines[29]                                         |                                                tlbcamline_220 |         33 |         33 |       0 |    0 |    65 |      0 |      0 |          0 |
|               camlines[2]                                          |                                                tlbcamline_221 |         51 |         51 |       0 |    0 |    65 |      0 |      0 |          0 |
|               camlines[30]                                         |                                                tlbcamline_222 |         33 |         33 |       0 |    0 |    65 |      0 |      0 |          0 |
|               camlines[31]                                         |                                                tlbcamline_223 |         27 |         27 |       0 |    0 |    65 |      0 |      0 |          0 |
|               camlines[3]                                          |                                                tlbcamline_224 |         42 |         42 |       0 |    0 |    65 |      0 |      0 |          0 |
|               camlines[4]                                          |                                                tlbcamline_225 |         33 |         33 |       0 |    0 |    65 |      0 |      0 |          0 |
|               camlines[5]                                          |                                                tlbcamline_226 |         38 |         38 |       0 |    0 |    65 |      0 |      0 |          0 |
|               camlines[6]                                          |                                                tlbcamline_227 |         38 |         38 |       0 |    0 |    65 |      0 |      0 |          0 |
|               camlines[7]                                          |                                                tlbcamline_228 |         43 |         43 |       0 |    0 |    65 |      0 |      0 |          0 |
|               camlines[8]                                          |                                                tlbcamline_229 |         34 |         34 |       0 |    0 |    65 |      0 |      0 |          0 |
|               camlines[9]                                          |                                                tlbcamline_230 |         34 |         34 |       0 |    0 |    65 |      0 |      0 |          0 |
|             tlbram                                                 |                                                        tlbram |       1310 |       1310 |       0 |    0 |  1792 |      0 |      0 |          0 |
|               tlbramline[0]                                        |                                                    tlbramline |         11 |         11 |       0 |    0 |    56 |      0 |      0 |          0 |
|               tlbramline[10]                                       |                                                tlbramline_138 |         56 |         56 |       0 |    0 |    56 |      0 |      0 |          0 |
|               tlbramline[11]                                       |                                                tlbramline_139 |        203 |        203 |       0 |    0 |    56 |      0 |      0 |          0 |
|               tlbramline[12]                                       |                                                tlbramline_140 |         61 |         61 |       0 |    0 |    56 |      0 |      0 |          0 |
|               tlbramline[13]                                       |                                                tlbramline_141 |          1 |          1 |       0 |    0 |    56 |      0 |      0 |          0 |
|               tlbramline[14]                                       |                                                tlbramline_142 |        112 |        112 |       0 |    0 |    56 |      0 |      0 |          0 |
|               tlbramline[15]                                       |                                                tlbramline_143 |          9 |          9 |       0 |    0 |    56 |      0 |      0 |          0 |
|               tlbramline[16]                                       |                                                tlbramline_144 |         41 |         41 |       0 |    0 |    56 |      0 |      0 |          0 |
|               tlbramline[17]                                       |                                                tlbramline_145 |          1 |          1 |       0 |    0 |    56 |      0 |      0 |          0 |
|               tlbramline[18]                                       |                                                tlbramline_146 |         56 |         56 |       0 |    0 |    56 |      0 |      0 |          0 |
|               tlbramline[19]                                       |                                                tlbramline_147 |         56 |         56 |       0 |    0 |    56 |      0 |      0 |          0 |
|               tlbramline[1]                                        |                                                tlbramline_148 |          1 |          1 |       0 |    0 |    56 |      0 |      0 |          0 |
|               tlbramline[20]                                       |                                                tlbramline_149 |          9 |          9 |       0 |    0 |    56 |      0 |      0 |          0 |
|               tlbramline[21]                                       |                                                tlbramline_150 |          1 |          1 |       0 |    0 |    56 |      0 |      0 |          0 |
|               tlbramline[22]                                       |                                                tlbramline_151 |         95 |         95 |       0 |    0 |    56 |      0 |      0 |          0 |
|               tlbramline[23]                                       |                                                tlbramline_152 |        105 |        105 |       0 |    0 |    56 |      0 |      0 |          0 |
|               tlbramline[24]                                       |                                                tlbramline_153 |          9 |          9 |       0 |    0 |    56 |      0 |      0 |          0 |
|               tlbramline[25]                                       |                                                tlbramline_154 |          1 |          1 |       0 |    0 |    56 |      0 |      0 |          0 |
|               tlbramline[26]                                       |                                                tlbramline_155 |         56 |         56 |       0 |    0 |    56 |      0 |      0 |          0 |
|               tlbramline[27]                                       |                                                tlbramline_156 |         64 |         64 |       0 |    0 |    56 |      0 |      0 |          0 |
|               tlbramline[28]                                       |                                                tlbramline_157 |          9 |          9 |       0 |    0 |    56 |      0 |      0 |          0 |
|               tlbramline[29]                                       |                                                tlbramline_158 |          1 |          1 |       0 |    0 |    56 |      0 |      0 |          0 |
|               tlbramline[2]                                        |                                                tlbramline_159 |         56 |         56 |       0 |    0 |    56 |      0 |      0 |          0 |
|               tlbramline[30]                                       |                                                tlbramline_160 |         75 |         75 |       0 |    0 |    56 |      0 |      0 |          0 |
|               tlbramline[31]                                       |                                                tlbramline_161 |         45 |         45 |       0 |    0 |    56 |      0 |      0 |          0 |
|               tlbramline[3]                                        |                                                tlbramline_162 |         20 |         20 |       0 |    0 |    56 |      0 |      0 |          0 |
|               tlbramline[4]                                        |                                                tlbramline_163 |         41 |         41 |       0 |    0 |    56 |      0 |      0 |          0 |
|               tlbramline[5]                                        |                                                tlbramline_164 |          1 |          1 |       0 |    0 |    56 |      0 |      0 |          0 |
|               tlbramline[6]                                        |                                                tlbramline_165 |        107 |        107 |       0 |    0 |    56 |      0 |      0 |          0 |
|               tlbramline[7]                                        |                                                tlbramline_166 |          9 |          9 |       0 |    0 |    56 |      0 |      0 |          0 |
|               tlbramline[8]                                        |                                                tlbramline_167 |         41 |         41 |       0 |    0 |    56 |      0 |      0 |          0 |
|               tlbramline[9]                                        |                                                tlbramline_168 |          1 |          1 |       0 |    0 |    56 |      0 |      0 |          0 |
|         hptw.hptw                                                  |                                                          hptw |        380 |        380 |       0 |    0 |   132 |      0 |      0 |          0 |
|           PTEReg                                                   |                                   flopenr__parameterized5_363 |        129 |        129 |       0 |    0 |    64 |      0 |      0 |          0 |
|           WalkerStateReg                                           |                                       flopenl__parameterized3 |        218 |        218 |       0 |    0 |     4 |      0 |      0 |          0 |
|           hptwwrites.HPTWAdrWriteReg                               |                                   flopenr__parameterized0_365 |          1 |          1 |       0 |    0 |    53 |      0 |      0 |          0 |
|       mdu.mdu                                                      |                                                           mdu |        469 |        469 |       0 |    0 |   297 |      0 |      0 |         16 |
|         MDUResultWReg                                              |                                      flopenrc__parameterized0 |          2 |          2 |       0 |    0 |    64 |      0 |      0 |          0 |
|         mul                                                        |                                                           mul |        467 |        467 |       0 |    0 |   232 |      0 |      0 |         16 |
|           (mul)                                                    |                                                           mul |        127 |        127 |       0 |    0 |     0 |      0 |      0 |         12 |
|           PP1Reg                                                   |                                      flopenrc__parameterized3 |        209 |        209 |       0 |    0 |   102 |      0 |      0 |          4 |
|           PP2Reg                                                   |                                   flopenrc__parameterized3_18 |          2 |          2 |       0 |    0 |    63 |      0 |      0 |          0 |
|           PP3Reg                                                   |                                   flopenrc__parameterized3_19 |        128 |        128 |       0 |    0 |    63 |      0 |      0 |          0 |
|       priv.priv                                                    |                                                    privileged |       2841 |       2841 |       0 |    0 |  3868 |      0 |      0 |          0 |
|         csr                                                        |                                                           csr |       2723 |       2723 |       0 |    0 |  3834 |      0 |      0 |          0 |
|           CSRValWReg                                               |                                   flopenrc__parameterized0_87 |          3 |          3 |       0 |    0 |    64 |      0 |      0 |          0 |
|           counters.counters                                        |                                                          csrc |        668 |        668 |       0 |    0 |  2052 |      0 |      0 |          0 |
|             (counters.counters)                                    |                                                          csrc |        664 |        664 |       0 |    0 |  2048 |      0 |      0 |          0 |
|           csri                                                     |                                                          csri |        158 |        158 |       0 |    0 |     9 |      0 |      0 |          0 |
|           csrm                                                     |                                                          csrm |        839 |        839 |       0 |    0 |  1258 |      0 |      0 |          0 |
|             MEPCreg                                                |                                   flopenr__parameterized5_101 |         11 |         11 |       0 |    0 |    63 |      0 |      0 |          0 |
|             MSCRATCHreg                                            |                                   flopenr__parameterized5_102 |        115 |        115 |       0 |    0 |    64 |      0 |      0 |          0 |
|             MTVALreg                                               |                                   flopenr__parameterized5_103 |         74 |         74 |       0 |    0 |    64 |      0 |      0 |          0 |
|             MTVECreg                                               |                                   flopenr__parameterized5_104 |        101 |        101 |       0 |    0 |    63 |      0 |      0 |          0 |
|             mcounteren.MCOUNTERENreg                               |                                   flopenr__parameterized6_105 |        109 |        109 |       0 |    0 |    32 |      0 |      0 |          0 |
|             pmp.pmp[0].PMPADDRreg                                  |                                       flopenr__parameterized9 |          1 |          1 |       0 |    0 |    51 |      0 |      0 |          0 |
|             pmp.pmp[10].PMPADDRreg                                 |                                   flopenr__parameterized9_107 |          0 |          0 |       0 |    0 |    51 |      0 |      0 |          0 |
|             pmp.pmp[11].PMPADDRreg                                 |                                   flopenr__parameterized9_109 |         51 |         51 |       0 |    0 |    51 |      0 |      0 |          0 |
|             pmp.pmp[12].PMPADDRreg                                 |                                   flopenr__parameterized9_111 |          0 |          0 |       0 |    0 |    51 |      0 |      0 |          0 |
|             pmp.pmp[13].PMPADDRreg                                 |                                   flopenr__parameterized9_113 |          2 |          2 |       0 |    0 |    51 |      0 |      0 |          0 |
|             pmp.pmp[14].PMPADDRreg                                 |                                   flopenr__parameterized9_115 |          1 |          1 |       0 |    0 |    51 |      0 |      0 |          0 |
|             pmp.pmp[15].PMPADDRreg                                 |                                   flopenr__parameterized9_117 |         51 |         51 |       0 |    0 |    51 |      0 |      0 |          0 |
|             pmp.pmp[1].PMPADDRreg                                  |                                   flopenr__parameterized9_119 |          3 |          3 |       0 |    0 |    51 |      0 |      0 |          0 |
|             pmp.pmp[2].PMPADDRreg                                  |                                   flopenr__parameterized9_121 |          0 |          0 |       0 |    0 |    51 |      0 |      0 |          0 |
|             pmp.pmp[3].PMPADDRreg                                  |                                   flopenr__parameterized9_123 |         96 |         96 |       0 |    0 |    51 |      0 |      0 |          0 |
|             pmp.pmp[4].PMPADDRreg                                  |                                   flopenr__parameterized9_125 |          0 |          0 |       0 |    0 |    51 |      0 |      0 |          0 |
|             pmp.pmp[5].PMPADDRreg                                  |                                   flopenr__parameterized9_127 |          1 |          1 |       0 |    0 |    51 |      0 |      0 |          0 |
|             pmp.pmp[6].PMPADDRreg                                  |                                   flopenr__parameterized9_129 |          2 |          2 |       0 |    0 |    51 |      0 |      0 |          0 |
|             pmp.pmp[7].PMPADDRreg                                  |                                   flopenr__parameterized9_131 |         52 |         52 |       0 |    0 |    51 |      0 |      0 |          0 |
|             pmp.pmp[8].PMPADDRreg                                  |                                   flopenr__parameterized9_133 |          1 |          1 |       0 |    0 |    51 |      0 |      0 |          0 |
|             pmp.pmp[9].PMPADDRreg                                  |                                   flopenr__parameterized9_135 |          2 |          2 |       0 |    0 |    51 |      0 |      0 |          0 |
|           csrs.csrs                                                |                                                          csrs |        878 |        878 |       0 |    0 |   425 |      0 |      0 |          0 |
|             SATPreg                                                |                                       flopenr__parameterized5 |         28 |         28 |       0 |    0 |    64 |      0 |      0 |          0 |
|             SEPCreg                                                |                                    flopenr__parameterized5_93 |         25 |         25 |       0 |    0 |    63 |      0 |      0 |          0 |
|             SSCRATCHreg                                            |                                    flopenr__parameterized5_94 |         19 |         19 |       0 |    0 |    64 |      0 |      0 |          0 |
|             STVALreg                                               |                                    flopenr__parameterized5_95 |        452 |        452 |       0 |    0 |    64 |      0 |      0 |          0 |
|             STVECreg                                               |                                    flopenr__parameterized5_96 |        298 |        298 |       0 |    0 |    63 |      0 |      0 |          0 |
|             sstc.sstc64.STIMECMPreg                                |                                    flopenr__parameterized5_97 |         39 |         39 |       0 |    0 |    64 |      0 |      0 |          0 |
|           csrsr                                                    |                                                         csrsr |         79 |         79 |       0 |    0 |    18 |      0 |      0 |          0 |
|         privmode                                                   |                                                      privmode |         71 |         71 |       0 |    0 |     2 |      0 |      0 |          0 |
|           privmode.privmodereg                                     |                                       flopenl__parameterized1 |         71 |         71 |       0 |    0 |     2 |      0 |      0 |          0 |
|     uncoregen.uncore                                               |                                                        uncore |       3851 |       3827 |      24 |    0 |  1937 |      3 |      0 |          0 |
|       uartgen.uart                                                 |                                                      uart_apb |        490 |        484 |       6 |    0 |   358 |      0 |      0 |          0 |
|         uartPC                                                     |                                                  uartPC16550D |        490 |        484 |       6 |    0 |   358 |      0 |      0 |          0 |
|           (uartPC)                                                 |                                                  uartPC16550D |        481 |        475 |       6 |    0 |   356 |      0 |      0 |          0 |
|       ahbapbbridge                                                 |                                                  ahbapbbridge |        854 |        854 |       0 |    0 |    37 |      0 |      0 |          0 |
|         writereg                                                   |                                                    flopenr_17 |         86 |         86 |       0 |    0 |     1 |      0 |      0 |          0 |
|         addrreg                                                    |                                        flopen__parameterized0 |        564 |        564 |       0 |    0 |    26 |      0 |      0 |          0 |
|         selreg                                                     |                                       flopenr__parameterized1 |        201 |        201 |       0 |    0 |     8 |      0 |      0 |          0 |
|       clint.clint                                                  |                                                     clint_apb |         33 |         33 |       0 |    0 |   193 |      0 |      0 |          0 |
|       gpio.gpio                                                    |                                                      gpio_apb |        247 |        247 |       0 |    0 |   438 |      0 |      0 |          0 |
|         (gpio.gpio)                                                |                                                      gpio_apb |        193 |        193 |       0 |    0 |   411 |      0 |      0 |          0 |
|       hseldelayreg                                                 |                                                       flopenl |         89 |         89 |       0 |    0 |     4 |      0 |      0 |          0 |
|       plic.plic                                                    |                                                      plic_apb |       1641 |       1641 |       0 |    0 |   409 |      0 |      0 |          0 |
|         (plic.plic)                                                |                                                      plic_apb |       1641 |       1641 |       0 |    0 |   356 |      0 |      0 |          0 |
|         intPendingFlop                                             |                                         flopr__parameterized0 |          0 |          0 |       0 |    0 |    53 |      0 |      0 |          0 |
|       pwm.pwm                                                      |                                                       pwm_apb |        155 |        155 |       0 |    0 |   153 |      0 |      0 |          0 |
|         (pwm.pwm)                                                  |                                                       pwm_apb |         45 |         45 |       0 |    0 |   148 |      0 |      0 |          0 |
|         pwmcompareipreg3                                           |                                       flop__parameterized0_13 |         51 |         51 |       0 |    0 |     1 |      0 |      0 |          0 |
|       sdc.sdc                                                      |                                                       spi_apb |        170 |        158 |      12 |    0 |   174 |      0 |      0 |          0 |
|         (sdc.sdc)                                                  |                                                       spi_apb |         21 |         21 |       0 |    0 |   118 |      0 |      0 |          0 |
|         controller                                                 |                                              spi_controller_4 |         81 |         81 |       0 |    0 |    32 |      0 |      0 |          0 |
|       spi.spi                                                      |                                                     spi_apb_0 |        152 |        146 |       6 |    0 |   158 |      0 |      0 |          0 |
|         (spi.spi)                                                  |                                                     spi_apb_0 |         20 |         20 |       0 |    0 |   102 |      0 |      0 |          0 |
|         controller                                                 |                                                spi_controller |         79 |         79 |       0 |    0 |    32 |      0 |      0 |          0 |
+--------------------------------------------------------------------+---------------------------------------------------------------+------------+------------+---------+------+-------+--------+--------+------------+
* Note: The sum of lower-level cells may be larger than their parent cells total, due to cross-hierarchy LUT combining


